Product,Entity,Operation,Campaign ID,Ad Group ID,Portfolio ID,Ad ID,Keyword ID,Product Targeting ID,Campaign Name,Ad Group Name,Start Date,End Date,Targeting Type,State,Daily Budget,SKU,ASIN,Ad Group Default Bid,Bid,Keyword Text,Native Language Keyword,Match Type,Bidding Strategy,Placement,Percentage,Product Targeting Expression,Resolved Product Targeting Expression,Impressions,Clicks,Click-through Rate,Spend,Sales,Orders,Units,Conversion Rate,ACOS,CPC,ROAS
Sponsored Products,Campaign,Create,,,,,,,N.SP.Q22026.Notebooks.Intel.B0FDN1GDRY,,04/01/2026,04/30/2026,Manual,paused,266.01,,,,,,,,Dynamic bids - down only,,,,,,,,,,,,,,,
Sponsored Products,Ad Group,Create,N.SP.Q22026.Notebooks.Intel.B0FDN1GDRY,,,,,,N.SP.Q22026.Notebooks.Intel.B0FDN1GDRY,AG.B0FDN1GDRY.Broad,,,,enabled,,,,0.75,,,,,,,,,,,,,,,,,,,,
Sponsored Products,Product Ad,Create,N.SP.Q22026.Notebooks.Intel.B0FDN1GDRY,AG.B0FDN1GDRY.Broad,,,,,N.SP.Q22026.Notebooks.Intel.B0FDN1GDRY,AG.B0FDN1GDRY.Broad,,,,enabled,,,B0FDN1GDRY,,,,,,,,,,,,,,,,,,,,,
Sponsored Products,Keyword,Create,N.SP.Q22026.Notebooks.Intel.B0FDN1GDRY,AG.B0FDN1GDRY.Broad,,,,,N.SP.Q22026.Notebooks.Intel.B0FDN1GDRY,AG.B0FDN1GDRY.Broad,,,,enabled,,,,,0.75,acer nitro v 15 gaming laptop,,broad,,,,,,,,,,,,,,,,
Sponsored Products,Keyword,Create,N.SP.Q22026.Notebooks.Intel.B0FDN1GDRY,AG.B0FDN1GDRY.Broad,,,,,N.SP.Q22026.Notebooks.Intel.B0FDN1GDRY,AG.B0FDN1GDRY.Broad,,,,enabled,,,,,0.75,acer nitro v intel i9,,broad,,,,,,,,,,,,,,,,
Sponsored Products,Keyword,Create,N.SP.Q22026.Notebooks.Intel.B0FDN1GDRY,AG.B0FDN1GDRY.Broad,,,,,N.SP.Q22026.Notebooks.Intel.B0FDN1GDRY,AG.B0FDN1GDRY.Broad,,,,enabled,,,,,0.75,gaming laptop rtx 5060,,broad,,,,,,,,,,,,,,,,
Sponsored Products,Keyword,Create,N.SP.Q22026.Notebooks.Intel.B0FDN1GDRY,AG.B0FDN1GDRY.Broad,,,,,N.SP.Q22026.Notebooks.Intel.B0FDN1GDRY,AG.B0FDN1GDRY.Broad,,,,enabled,,,,,0.75,acer nitro v rtx 5060,,broad,,,,,,,,,,,,,,,,
Sponsored Products,Keyword,Create,N.SP.Q22026.Notebooks.Intel.B0FDN1GDRY,AG.B0FDN1GDRY.Broad,,,,,N.SP.Q22026.Notebooks.Intel.B0FDN1GDRY,AG.B0FDN1GDRY.Broad,,,,enabled,,,,,0.75,intel i9 gaming laptop 15 inch,,broad,,,,,,,,,,,,,,,,
Sponsored Products,Keyword,Create,N.SP.Q22026.Notebooks.Intel.B0FDN1GDRY,AG.B0FDN1GDRY.Broad,,,,,N.SP.Q22026.Notebooks.Intel.B0FDN1GDRY,AG.B0FDN1GDRY.Broad,,,,enabled,,,,,0.75,acer nitro anv15 52,,broad,,,,,,,,,,,,,,,,
Sponsored Products,Keyword,Create,N.SP.Q22026.Notebooks.Intel.B0FDN1GDRY,AG.B0FDN1GDRY.Broad,,,,,N.SP.Q22026.Notebooks.Intel.B0FDN1GDRY,AG.B0FDN1GDRY.Broad,,,,enabled,,,,,0.75,165hz gaming laptop,,broad,,,,,,,,,,,,,,,,
Sponsored Products,Keyword,Create,N.SP.Q22026.Notebooks.Intel.B0FDN1GDRY,AG.B0FDN1GDRY.Broad,,,,,N.SP.Q22026.Notebooks.Intel.B0FDN1GDRY,AG.B0FDN1GDRY.Broad,,,,enabled,,,,,0.75,acer gaming laptop 15 inch rtx 5060,,broad,,,,,,,,,,,,,,,,
Sponsored Products,Keyword,Create,N.SP.Q22026.Notebooks.Intel.B0FDN1GDRY,AG.B0FDN1GDRY.Broad,,,,,N.SP.Q22026.Notebooks.Intel.B0FDN1GDRY,AG.B0FDN1GDRY.Broad,,,,enabled,,,,,0.75,nitro v 15 i9 13900h,,broad,,,,,,,,,,,,,,,,
Sponsored Products,Keyword,Create,N.SP.Q22026.Notebooks.Intel.B0FDN1GDRY,AG.B0FDN1GDRY.Broad,,,,,N.SP.Q22026.Notebooks.Intel.B0FDN1GDRY,AG.B0FDN1GDRY.Broad,,,,enabled,,,,,0.75,acer laptop rtx 5060 165hz,,broad,,,,,,,,,,,,,,,,
Sponsored Products,Ad Group,Create,N.SP.Q22026.Notebooks.Intel.B0FDN1GDRY,,,,,,N.SP.Q22026.Notebooks.Intel.B0FDN1GDRY,AG.B0FDN1GDRY.Phrase,,,,enabled,,,,1.00,,,,,,,,,,,,,,,,,,,,
Sponsored Products,Product Ad,Create,N.SP.Q22026.Notebooks.Intel.B0FDN1GDRY,AG.B0FDN1GDRY.Phrase,,,,,N.SP.Q22026.Notebooks.Intel.B0FDN1GDRY,AG.B0FDN1GDRY.Phrase,,,,enabled,,,B0FDN1GDRY,,,,,,,,,,,,,,,,,,,,,
Sponsored Products,Keyword,Create,N.SP.Q22026.Notebooks.Intel.B0FDN1GDRY,AG.B0FDN1GDRY.Phrase,,,,,N.SP.Q22026.Notebooks.Intel.B0FDN1GDRY,AG.B0FDN1GDRY.Phrase,,,,enabled,,,,,1.00,acer nitro v 15 gaming laptop,,phrase,,,,,,,,,,,,,,,,
Sponsored Products,Keyword,Create,N.SP.Q22026.Notebooks.Intel.B0FDN1GDRY,AG.B0FDN1GDRY.Phrase,,,,,N.SP.Q22026.Notebooks.Intel.B0FDN1GDRY,AG.B0FDN1GDRY.Phrase,,,,enabled,,,,,1.00,acer nitro v intel i9,,phrase,,,,,,,,,,,,,,,,
Sponsored Products,Keyword,Create,N.SP.Q22026.Notebooks.Intel.B0FDN1GDRY,AG.B0FDN1GDRY.Phrase,,,,,N.SP.Q22026.Notebooks.Intel.B0FDN1GDRY,AG.B0FDN1GDRY.Phrase,,,,enabled,,,,,1.00,gaming laptop rtx 5060,,phrase,,,,,,,,,,,,,,,,
Sponsored Products,Keyword,Create,N.SP.Q22026.Notebooks.Intel.B0FDN1GDRY,AG.B0FDN1GDRY.Phrase,,,,,N.SP.Q22026.Notebooks.Intel.B0FDN1GDRY,AG.B0FDN1GDRY.Phrase,,,,enabled,,,,,1.00,acer nitro v rtx 5060,,phrase,,,,,,,,,,,,,,,,
Sponsored Products,Keyword,Create,N.SP.Q22026.Notebooks.Intel.B0FDN1GDRY,AG.B0FDN1GDRY.Phrase,,,,,N.SP.Q22026.Notebooks.Intel.B0FDN1GDRY,AG.B0FDN1GDRY.Phrase,,,,enabled,,,,,1.00,intel i9 gaming laptop 15 inch,,phrase,,,,,,,,,,,,,,,,
Sponsored Products,Keyword,Create,N.SP.Q22026.Notebooks.Intel.B0FDN1GDRY,AG.B0FDN1GDRY.Phrase,,,,,N.SP.Q22026.Notebooks.Intel.B0FDN1GDRY,AG.B0FDN1GDRY.Phrase,,,,enabled,,,,,1.00,acer nitro anv15 52,,phrase,,,,,,,,,,,,,,,,
Sponsored Products,Keyword,Create,N.SP.Q22026.Notebooks.Intel.B0FDN1GDRY,AG.B0FDN1GDRY.Phrase,,,,,N.SP.Q22026.Notebooks.Intel.B0FDN1GDRY,AG.B0FDN1GDRY.Phrase,,,,enabled,,,,,1.00,165hz gaming laptop,,phrase,,,,,,,,,,,,,,,,
Sponsored Products,Keyword,Create,N.SP.Q22026.Notebooks.Intel.B0FDN1GDRY,AG.B0FDN1GDRY.Phrase,,,,,N.SP.Q22026.Notebooks.Intel.B0FDN1GDRY,AG.B0FDN1GDRY.Phrase,,,,enabled,,,,,1.00,acer gaming laptop 15 inch rtx 5060,,phrase,,,,,,,,,,,,,,,,
Sponsored Products,Keyword,Create,N.SP.Q22026.Notebooks.Intel.B0FDN1GDRY,AG.B0FDN1GDRY.Phrase,,,,,N.SP.Q22026.Notebooks.Intel.B0FDN1GDRY,AG.B0FDN1GDRY.Phrase,,,,enabled,,,,,1.00,nitro v 15 i9 13900h,,phrase,,,,,,,,,,,,,,,,
Sponsored Products,Keyword,Create,N.SP.Q22026.Notebooks.Intel.B0FDN1GDRY,AG.B0FDN1GDRY.Phrase,,,,,N.SP.Q22026.Notebooks.Intel.B0FDN1GDRY,AG.B0FDN1GDRY.Phrase,,,,enabled,,,,,1.00,acer laptop rtx 5060 165hz,,phrase,,,,,,,,,,,,,,,,
Sponsored Products,Ad Group,Create,N.SP.Q22026.Notebooks.Intel.B0FDN1GDRY,,,,,,N.SP.Q22026.Notebooks.Intel.B0FDN1GDRY,AG.B0FDN1GDRY.Exact,,,,enabled,,,,1.50,,,,,,,,,,,,,,,,,,,,
Sponsored Products,Product Ad,Create,N.SP.Q22026.Notebooks.Intel.B0FDN1GDRY,AG.B0FDN1GDRY.Exact,,,,,N.SP.Q22026.Notebooks.Intel.B0FDN1GDRY,AG.B0FDN1GDRY.Exact,,,,enabled,,,B0FDN1GDRY,,,,,,,,,,,,,,,,,,,,,
Sponsored Products,Keyword,Create,N.SP.Q22026.Notebooks.Intel.B0FDN1GDRY,AG.B0FDN1GDRY.Exact,,,,,N.SP.Q22026.Notebooks.Intel.B0FDN1GDRY,AG.B0FDN1GDRY.Exact,,,,enabled,,,,,1.50,acer nitro v 15 gaming laptop,,exact,,,,,,,,,,,,,,,,
Sponsored Products,Keyword,Create,N.SP.Q22026.Notebooks.Intel.B0FDN1GDRY,AG.B0FDN1GDRY.Exact,,,,,N.SP.Q22026.Notebooks.Intel.B0FDN1GDRY,AG.B0FDN1GDRY.Exact,,,,enabled,,,,,1.50,acer nitro v intel i9,,exact,,,,,,,,,,,,,,,,
Sponsored Products,Keyword,Create,N.SP.Q22026.Notebooks.Intel.B0FDN1GDRY,AG.B0FDN1GDRY.Exact,,,,,N.SP.Q22026.Notebooks.Intel.B0FDN1GDRY,AG.B0FDN1GDRY.Exact,,,,enabled,,,,,1.50,gaming laptop rtx 5060,,exact,,,,,,,,,,,,,,,,
Sponsored Products,Keyword,Create,N.SP.Q22026.Notebooks.Intel.B0FDN1GDRY,AG.B0FDN1GDRY.Exact,,,,,N.SP.Q22026.Notebooks.Intel.B0FDN1GDRY,AG.B0FDN1GDRY.Exact,,,,enabled,,,,,1.50,acer nitro v rtx 5060,,exact,,,,,,,,,,,,,,,,
Sponsored Products,Keyword,Create,N.SP.Q22026.Notebooks.Intel.B0FDN1GDRY,AG.B0FDN1GDRY.Exact,,,,,N.SP.Q22026.Notebooks.Intel.B0FDN1GDRY,AG.B0FDN1GDRY.Exact,,,,enabled,,,,,1.50,intel i9 gaming laptop 15 inch,,exact,,,,,,,,,,,,,,,,
Sponsored Products,Keyword,Create,N.SP.Q22026.Notebooks.Intel.B0FDN1GDRY,AG.B0FDN1GDRY.Exact,,,,,N.SP.Q22026.Notebooks.Intel.B0FDN1GDRY,AG.B0FDN1GDRY.Exact,,,,enabled,,,,,1.50,acer nitro anv15 52,,exact,,,,,,,,,,,,,,,,
Sponsored Products,Keyword,Create,N.SP.Q22026.Notebooks.Intel.B0FDN1GDRY,AG.B0FDN1GDRY.Exact,,,,,N.SP.Q22026.Notebooks.Intel.B0FDN1GDRY,AG.B0FDN1GDRY.Exact,,,,enabled,,,,,1.50,165hz gaming laptop,,exact,,,,,,,,,,,,,,,,
Sponsored Products,Keyword,Create,N.SP.Q22026.Notebooks.Intel.B0FDN1GDRY,AG.B0FDN1GDRY.Exact,,,,,N.SP.Q22026.Notebooks.Intel.B0FDN1GDRY,AG.B0FDN1GDRY.Exact,,,,enabled,,,,,1.50,acer gaming laptop 15 inch rtx 5060,,exact,,,,,,,,,,,,,,,,
Sponsored Products,Keyword,Create,N.SP.Q22026.Notebooks.Intel.B0FDN1GDRY,AG.B0FDN1GDRY.Exact,,,,,N.SP.Q22026.Notebooks.Intel.B0FDN1GDRY,AG.B0FDN1GDRY.Exact,,,,enabled,,,,,1.50,nitro v 15 i9 13900h,,exact,,,,,,,,,,,,,,,,
Sponsored Products,Keyword,Create,N.SP.Q22026.Notebooks.Intel.B0FDN1GDRY,AG.B0FDN1GDRY.Exact,,,,,N.SP.Q22026.Notebooks.Intel.B0FDN1GDRY,AG.B0FDN1GDRY.Exact,,,,enabled,,,,,1.50,acer laptop rtx 5060 165hz,,exact,,,,,,,,,,,,,,,,
Sponsored Products,Campaign,Create,,,,,,,N.SP.Q22026.Notebooks.Intel.B0DWNLN3KP,,04/01/2026,06/30/2026,Manual,paused,438.48,,,,,,,,Dynamic bids - down only,,,,,,,,,,,,,,,
Sponsored Products,Ad Group,Create,N.SP.Q22026.Notebooks.Intel.B0DWNLN3KP,,,,,,N.SP.Q22026.Notebooks.Intel.B0DWNLN3KP,AG.B0DWNLN3KP.Broad,,,,enabled,,,,0.75,,,,,,,,,,,,,,,,,,,,
Sponsored Products,Product Ad,Create,N.SP.Q22026.Notebooks.Intel.B0DWNLN3KP,AG.B0DWNLN3KP.Broad,,,,,N.SP.Q22026.Notebooks.Intel.B0DWNLN3KP,AG.B0DWNLN3KP.Broad,,,,enabled,,,B0DWNLN3KP,,,,,,,,,,,,,,,,,,,,,
Sponsored Products,Keyword,Create,N.SP.Q22026.Notebooks.Intel.B0DWNLN3KP,AG.B0DWNLN3KP.Broad,,,,,N.SP.Q22026.Notebooks.Intel.B0DWNLN3KP,AG.B0DWNLN3KP.Broad,,,,enabled,,,,,0.75,acer aspire 14 ai copilot plus,,broad,,,,,,,,,,,,,,,,
Sponsored Products,Keyword,Create,N.SP.Q22026.Notebooks.Intel.B0DWNLN3KP,AG.B0DWNLN3KP.Broad,,,,,N.SP.Q22026.Notebooks.Intel.B0DWNLN3KP,AG.B0DWNLN3KP.Broad,,,,enabled,,,,,0.75,copilot plus pc laptop,,broad,,,,,,,,,,,,,,,,
Sponsored Products,Keyword,Create,N.SP.Q22026.Notebooks.Intel.B0DWNLN3KP,AG.B0DWNLN3KP.Broad,,,,,N.SP.Q22026.Notebooks.Intel.B0DWNLN3KP,AG.B0DWNLN3KP.Broad,,,,enabled,,,,,0.75,acer aspire 14 intel core ultra 5,,broad,,,,,,,,,,,,,,,,
Sponsored Products,Keyword,Create,N.SP.Q22026.Notebooks.Intel.B0DWNLN3KP,AG.B0DWNLN3KP.Broad,,,,,N.SP.Q22026.Notebooks.Intel.B0DWNLN3KP,AG.B0DWNLN3KP.Broad,,,,enabled,,,,,0.75,acer aspire ai laptop,,broad,,,,,,,,,,,,,,,,
Sponsored Products,Keyword,Create,N.SP.Q22026.Notebooks.Intel.B0DWNLN3KP,AG.B0DWNLN3KP.Broad,,,,,N.SP.Q22026.Notebooks.Intel.B0DWNLN3KP,AG.B0DWNLN3KP.Broad,,,,enabled,,,,,0.75,intel core ultra 5 226v laptop,,broad,,,,,,,,,,,,,,,,
Sponsored Products,Keyword,Create,N.SP.Q22026.Notebooks.Intel.B0DWNLN3KP,AG.B0DWNLN3KP.Broad,,,,,N.SP.Q22026.Notebooks.Intel.B0DWNLN3KP,AG.B0DWNLN3KP.Broad,,,,enabled,,,,,0.75,acer aspire 14 ai 2025,,broad,,,,,,,,,,,,,,,,
Sponsored Products,Keyword,Create,N.SP.Q22026.Notebooks.Intel.B0DWNLN3KP,AG.B0DWNLN3KP.Broad,,,,,N.SP.Q22026.Notebooks.Intel.B0DWNLN3KP,AG.B0DWNLN3KP.Broad,,,,enabled,,,,,0.75,copilot pc 14 inch laptop,,broad,,,,,,,,,,,,,,,,
Sponsored Products,Keyword,Create,N.SP.Q22026.Notebooks.Intel.B0DWNLN3KP,AG.B0DWNLN3KP.Broad,,,,,N.SP.Q22026.Notebooks.Intel.B0DWNLN3KP,AG.B0DWNLN3KP.Broad,,,,enabled,,,,,0.75,acer aspire thin light laptop,,broad,,,,,,,,,,,,,,,,
Sponsored Products,Keyword,Create,N.SP.Q22026.Notebooks.Intel.B0DWNLN3KP,AG.B0DWNLN3KP.Broad,,,,,N.SP.Q22026.Notebooks.Intel.B0DWNLN3KP,AG.B0DWNLN3KP.Broad,,,,enabled,,,,,0.75,acer a14 52m laptop,,broad,,,,,,,,,,,,,,,,
Sponsored Products,Keyword,Create,N.SP.Q22026.Notebooks.Intel.B0DWNLN3KP,AG.B0DWNLN3KP.Broad,,,,,N.SP.Q22026.Notebooks.Intel.B0DWNLN3KP,AG.B0DWNLN3KP.Broad,,,,enabled,,,,,0.75,best copilot plus laptop 2025,,broad,,,,,,,,,,,,,,,,
Sponsored Products,Ad Group,Create,N.SP.Q22026.Notebooks.Intel.B0DWNLN3KP,,,,,,N.SP.Q22026.Notebooks.Intel.B0DWNLN3KP,AG.B0DWNLN3KP.Phrase,,,,enabled,,,,1.00,,,,,,,,,,,,,,,,,,,,
Sponsored Products,Product Ad,Create,N.SP.Q22026.Notebooks.Intel.B0DWNLN3KP,AG.B0DWNLN3KP.Phrase,,,,,N.SP.Q22026.Notebooks.Intel.B0DWNLN3KP,AG.B0DWNLN3KP.Phrase,,,,enabled,,,B0DWNLN3KP,,,,,,,,,,,,,,,,,,,,,
Sponsored Products,Keyword,Create,N.SP.Q22026.Notebooks.Intel.B0DWNLN3KP,AG.B0DWNLN3KP.Phrase,,,,,N.SP.Q22026.Notebooks.Intel.B0DWNLN3KP,AG.B0DWNLN3KP.Phrase,,,,enabled,,,,,1.00,acer aspire 14 ai copilot plus,,phrase,,,,,,,,,,,,,,,,
Sponsored Products,Keyword,Create,N.SP.Q22026.Notebooks.Intel.B0DWNLN3KP,AG.B0DWNLN3KP.Phrase,,,,,N.SP.Q22026.Notebooks.Intel.B0DWNLN3KP,AG.B0DWNLN3KP.Phrase,,,,enabled,,,,,1.00,copilot plus pc laptop,,phrase,,,,,,,,,,,,,,,,
Sponsored Products,Keyword,Create,N.SP.Q22026.Notebooks.Intel.B0DWNLN3KP,AG.B0DWNLN3KP.Phrase,,,,,N.SP.Q22026.Notebooks.Intel.B0DWNLN3KP,AG.B0DWNLN3KP.Phrase,,,,enabled,,,,,1.00,acer aspire 14 intel core ultra 5,,phrase,,,,,,,,,,,,,,,,
Sponsored Products,Keyword,Create,N.SP.Q22026.Notebooks.Intel.B0DWNLN3KP,AG.B0DWNLN3KP.Phrase,,,,,N.SP.Q22026.Notebooks.Intel.B0DWNLN3KP,AG.B0DWNLN3KP.Phrase,,,,enabled,,,,,1.00,acer aspire ai laptop,,phrase,,,,,,,,,,,,,,,,
Sponsored Products,Keyword,Create,N.SP.Q22026.Notebooks.Intel.B0DWNLN3KP,AG.B0DWNLN3KP.Phrase,,,,,N.SP.Q22026.Notebooks.Intel.B0DWNLN3KP,AG.B0DWNLN3KP.Phrase,,,,enabled,,,,,1.00,intel core ultra 5 226v laptop,,phrase,,,,,,,,,,,,,,,,
Sponsored Products,Keyword,Create,N.SP.Q22026.Notebooks.Intel.B0DWNLN3KP,AG.B0DWNLN3KP.Phrase,,,,,N.SP.Q22026.Notebooks.Intel.B0DWNLN3KP,AG.B0DWNLN3KP.Phrase,,,,enabled,,,,,1.00,acer aspire 14 ai 2025,,phrase,,,,,,,,,,,,,,,,
Sponsored Products,Keyword,Create,N.SP.Q22026.Notebooks.Intel.B0DWNLN3KP,AG.B0DWNLN3KP.Phrase,,,,,N.SP.Q22026.Notebooks.Intel.B0DWNLN3KP,AG.B0DWNLN3KP.Phrase,,,,enabled,,,,,1.00,copilot pc 14 inch laptop,,phrase,,,,,,,,,,,,,,,,
Sponsored Products,Keyword,Create,N.SP.Q22026.Notebooks.Intel.B0DWNLN3KP,AG.B0DWNLN3KP.Phrase,,,,,N.SP.Q22026.Notebooks.Intel.B0DWNLN3KP,AG.B0DWNLN3KP.Phrase,,,,enabled,,,,,1.00,acer aspire thin light laptop,,phrase,,,,,,,,,,,,,,,,
Sponsored Products,Keyword,Create,N.SP.Q22026.Notebooks.Intel.B0DWNLN3KP,AG.B0DWNLN3KP.Phrase,,,,,N.SP.Q22026.Notebooks.Intel.B0DWNLN3KP,AG.B0DWNLN3KP.Phrase,,,,enabled,,,,,1.00,acer a14 52m laptop,,phrase,,,,,,,,,,,,,,,,
Sponsored Products,Keyword,Create,N.SP.Q22026.Notebooks.Intel.B0DWNLN3KP,AG.B0DWNLN3KP.Phrase,,,,,N.SP.Q22026.Notebooks.Intel.B0DWNLN3KP,AG.B0DWNLN3KP.Phrase,,,,enabled,,,,,1.00,best copilot plus laptop 2025,,phrase,,,,,,,,,,,,,,,,
Sponsored Products,Ad Group,Create,N.SP.Q22026.Notebooks.Intel.B0DWNLN3KP,,,,,,N.SP.Q22026.Notebooks.Intel.B0DWNLN3KP,AG.B0DWNLN3KP.Exact,,,,enabled,,,,1.50,,,,,,,,,,,,,,,,,,,,
Sponsored Products,Product Ad,Create,N.SP.Q22026.Notebooks.Intel.B0DWNLN3KP,AG.B0DWNLN3KP.Exact,,,,,N.SP.Q22026.Notebooks.Intel.B0DWNLN3KP,AG.B0DWNLN3KP.Exact,,,,enabled,,,B0DWNLN3KP,,,,,,,,,,,,,,,,,,,,,
Sponsored Products,Keyword,Create,N.SP.Q22026.Notebooks.Intel.B0DWNLN3KP,AG.B0DWNLN3KP.Exact,,,,,N.SP.Q22026.Notebooks.Intel.B0DWNLN3KP,AG.B0DWNLN3KP.Exact,,,,enabled,,,,,1.50,acer aspire 14 ai copilot plus,,exact,,,,,,,,,,,,,,,,
Sponsored Products,Keyword,Create,N.SP.Q22026.Notebooks.Intel.B0DWNLN3KP,AG.B0DWNLN3KP.Exact,,,,,N.SP.Q22026.Notebooks.Intel.B0DWNLN3KP,AG.B0DWNLN3KP.Exact,,,,enabled,,,,,1.50,copilot plus pc laptop,,exact,,,,,,,,,,,,,,,,
Sponsored Products,Keyword,Create,N.SP.Q22026.Notebooks.Intel.B0DWNLN3KP,AG.B0DWNLN3KP.Exact,,,,,N.SP.Q22026.Notebooks.Intel.B0DWNLN3KP,AG.B0DWNLN3KP.Exact,,,,enabled,,,,,1.50,acer aspire 14 intel core ultra 5,,exact,,,,,,,,,,,,,,,,
Sponsored Products,Keyword,Create,N.SP.Q22026.Notebooks.Intel.B0DWNLN3KP,AG.B0DWNLN3KP.Exact,,,,,N.SP.Q22026.Notebooks.Intel.B0DWNLN3KP,AG.B0DWNLN3KP.Exact,,,,enabled,,,,,1.50,acer aspire ai laptop,,exact,,,,,,,,,,,,,,,,
Sponsored Products,Keyword,Create,N.SP.Q22026.Notebooks.Intel.B0DWNLN3KP,AG.B0DWNLN3KP.Exact,,,,,N.SP.Q22026.Notebooks.Intel.B0DWNLN3KP,AG.B0DWNLN3KP.Exact,,,,enabled,,,,,1.50,intel core ultra 5 226v laptop,,exact,,,,,,,,,,,,,,,,
Sponsored Products,Keyword,Create,N.SP.Q22026.Notebooks.Intel.B0DWNLN3KP,AG.B0DWNLN3KP.Exact,,,,,N.SP.Q22026.Notebooks.Intel.B0DWNLN3KP,AG.B0DWNLN3KP.Exact,,,,enabled,,,,,1.50,acer aspire 14 ai 2025,,exact,,,,,,,,,,,,,,,,
Sponsored Products,Keyword,Create,N.SP.Q22026.Notebooks.Intel.B0DWNLN3KP,AG.B0DWNLN3KP.Exact,,,,,N.SP.Q22026.Notebooks.Intel.B0DWNLN3KP,AG.B0DWNLN3KP.Exact,,,,enabled,,,,,1.50,copilot pc 14 inch laptop,,exact,,,,,,,,,,,,,,,,
Sponsored Products,Keyword,Create,N.SP.Q22026.Notebooks.Intel.B0DWNLN3KP,AG.B0DWNLN3KP.Exact,,,,,N.SP.Q22026.Notebooks.Intel.B0DWNLN3KP,AG.B0DWNLN3KP.Exact,,,,enabled,,,,,1.50,acer aspire thin light laptop,,exact,,,,,,,,,,,,,,,,
Sponsored Products,Keyword,Create,N.SP.Q22026.Notebooks.Intel.B0DWNLN3KP,AG.B0DWNLN3KP.Exact,,,,,N.SP.Q22026.Notebooks.Intel.B0DWNLN3KP,AG.B0DWNLN3KP.Exact,,,,enabled,,,,,1.50,acer a14 52m laptop,,exact,,,,,,,,,,,,,,,,
Sponsored Products,Keyword,Create,N.SP.Q22026.Notebooks.Intel.B0DWNLN3KP,AG.B0DWNLN3KP.Exact,,,,,N.SP.Q22026.Notebooks.Intel.B0DWNLN3KP,AG.B0DWNLN3KP.Exact,,,,enabled,,,,,1.50,best copilot plus laptop 2025,,exact,,,,,,,,,,,,,,,,
Sponsored Products,Campaign,Create,,,,,,,N.SP.Q22026.Notebooks.Intel.B0DWNLQLL6,,04/01/2026,06/30/2026,Manual,paused,255.78,,,,,,,,Dynamic bids - down only,,,,,,,,,,,,,,,
Sponsored Products,Ad Group,Create,N.SP.Q22026.Notebooks.Intel.B0DWNLQLL6,,,,,,N.SP.Q22026.Notebooks.Intel.B0DWNLQLL6,AG.B0DWNLQLL6.Broad,,,,enabled,,,,0.75,,,,,,,,,,,,,,,,,,,,
Sponsored Products,Product Ad,Create,N.SP.Q22026.Notebooks.Intel.B0DWNLQLL6,AG.B0DWNLQLL6.Broad,,,,,N.SP.Q22026.Notebooks.Intel.B0DWNLQLL6,AG.B0DWNLQLL6.Broad,,,,enabled,,,B0DWNLQLL6,,,,,,,,,,,,,,,,,,,,,
Sponsored Products,Keyword,Create,N.SP.Q22026.Notebooks.Intel.B0DWNLQLL6,AG.B0DWNLQLL6.Broad,,,,,N.SP.Q22026.Notebooks.Intel.B0DWNLQLL6,AG.B0DWNLQLL6.Broad,,,,enabled,,,,,0.75,acer aspire 14 ai copilot plus ultra 7,,broad,,,,,,,,,,,,,,,,
Sponsored Products,Keyword,Create,N.SP.Q22026.Notebooks.Intel.B0DWNLQLL6,AG.B0DWNLQLL6.Broad,,,,,N.SP.Q22026.Notebooks.Intel.B0DWNLQLL6,AG.B0DWNLQLL6.Broad,,,,enabled,,,,,0.75,intel core ultra 7 256v laptop,,broad,,,,,,,,,,,,,,,,
Sponsored Products,Keyword,Create,N.SP.Q22026.Notebooks.Intel.B0DWNLQLL6,AG.B0DWNLQLL6.Broad,,,,,N.SP.Q22026.Notebooks.Intel.B0DWNLQLL6,AG.B0DWNLQLL6.Broad,,,,enabled,,,,,0.75,acer aspire 14 intel arc graphics,,broad,,,,,,,,,,,,,,,,
Sponsored Products,Keyword,Create,N.SP.Q22026.Notebooks.Intel.B0DWNLQLL6,AG.B0DWNLQLL6.Broad,,,,,N.SP.Q22026.Notebooks.Intel.B0DWNLQLL6,AG.B0DWNLQLL6.Broad,,,,enabled,,,,,0.75,acer aspire 14 ai 1tb ssd,,broad,,,,,,,,,,,,,,,,
Sponsored Products,Keyword,Create,N.SP.Q22026.Notebooks.Intel.B0DWNLQLL6,AG.B0DWNLQLL6.Broad,,,,,N.SP.Q22026.Notebooks.Intel.B0DWNLQLL6,AG.B0DWNLQLL6.Broad,,,,enabled,,,,,0.75,copilot plus pc intel arc 140v,,broad,,,,,,,,,,,,,,,,
Sponsored Products,Keyword,Create,N.SP.Q22026.Notebooks.Intel.B0DWNLQLL6,AG.B0DWNLQLL6.Broad,,,,,N.SP.Q22026.Notebooks.Intel.B0DWNLQLL6,AG.B0DWNLQLL6.Broad,,,,enabled,,,,,0.75,acer a14 52m ultra 7,,broad,,,,,,,,,,,,,,,,
Sponsored Products,Keyword,Create,N.SP.Q22026.Notebooks.Intel.B0DWNLQLL6,AG.B0DWNLQLL6.Broad,,,,,N.SP.Q22026.Notebooks.Intel.B0DWNLQLL6,AG.B0DWNLQLL6.Broad,,,,enabled,,,,,0.75,best intel arc laptop 2025,,broad,,,,,,,,,,,,,,,,
Sponsored Products,Keyword,Create,N.SP.Q22026.Notebooks.Intel.B0DWNLQLL6,AG.B0DWNLQLL6.Broad,,,,,N.SP.Q22026.Notebooks.Intel.B0DWNLQLL6,AG.B0DWNLQLL6.Broad,,,,enabled,,,,,0.75,acer aspire 14 ai premium,,broad,,,,,,,,,,,,,,,,
Sponsored Products,Keyword,Create,N.SP.Q22026.Notebooks.Intel.B0DWNLQLL6,AG.B0DWNLQLL6.Broad,,,,,N.SP.Q22026.Notebooks.Intel.B0DWNLQLL6,AG.B0DWNLQLL6.Broad,,,,enabled,,,,,0.75,intel arc 140v laptop,,broad,,,,,,,,,,,,,,,,
Sponsored Products,Keyword,Create,N.SP.Q22026.Notebooks.Intel.B0DWNLQLL6,AG.B0DWNLQLL6.Broad,,,,,N.SP.Q22026.Notebooks.Intel.B0DWNLQLL6,AG.B0DWNLQLL6.Broad,,,,enabled,,,,,0.75,acer copilot plus thin laptop,,broad,,,,,,,,,,,,,,,,
Sponsored Products,Ad Group,Create,N.SP.Q22026.Notebooks.Intel.B0DWNLQLL6,,,,,,N.SP.Q22026.Notebooks.Intel.B0DWNLQLL6,AG.B0DWNLQLL6.Phrase,,,,enabled,,,,1.00,,,,,,,,,,,,,,,,,,,,
Sponsored Products,Product Ad,Create,N.SP.Q22026.Notebooks.Intel.B0DWNLQLL6,AG.B0DWNLQLL6.Phrase,,,,,N.SP.Q22026.Notebooks.Intel.B0DWNLQLL6,AG.B0DWNLQLL6.Phrase,,,,enabled,,,B0DWNLQLL6,,,,,,,,,,,,,,,,,,,,,
Sponsored Products,Keyword,Create,N.SP.Q22026.Notebooks.Intel.B0DWNLQLL6,AG.B0DWNLQLL6.Phrase,,,,,N.SP.Q22026.Notebooks.Intel.B0DWNLQLL6,AG.B0DWNLQLL6.Phrase,,,,enabled,,,,,1.00,acer aspire 14 ai copilot plus ultra 7,,phrase,,,,,,,,,,,,,,,,
Sponsored Products,Keyword,Create,N.SP.Q22026.Notebooks.Intel.B0DWNLQLL6,AG.B0DWNLQLL6.Phrase,,,,,N.SP.Q22026.Notebooks.Intel.B0DWNLQLL6,AG.B0DWNLQLL6.Phrase,,,,enabled,,,,,1.00,intel core ultra 7 256v laptop,,phrase,,,,,,,,,,,,,,,,
Sponsored Products,Keyword,Create,N.SP.Q22026.Notebooks.Intel.B0DWNLQLL6,AG.B0DWNLQLL6.Phrase,,,,,N.SP.Q22026.Notebooks.Intel.B0DWNLQLL6,AG.B0DWNLQLL6.Phrase,,,,enabled,,,,,1.00,acer aspire 14 intel arc graphics,,phrase,,,,,,,,,,,,,,,,
Sponsored Products,Keyword,Create,N.SP.Q22026.Notebooks.Intel.B0DWNLQLL6,AG.B0DWNLQLL6.Phrase,,,,,N.SP.Q22026.Notebooks.Intel.B0DWNLQLL6,AG.B0DWNLQLL6.Phrase,,,,enabled,,,,,1.00,acer aspire 14 ai 1tb ssd,,phrase,,,,,,,,,,,,,,,,
Sponsored Products,Keyword,Create,N.SP.Q22026.Notebooks.Intel.B0DWNLQLL6,AG.B0DWNLQLL6.Phrase,,,,,N.SP.Q22026.Notebooks.Intel.B0DWNLQLL6,AG.B0DWNLQLL6.Phrase,,,,enabled,,,,,1.00,copilot plus pc intel arc 140v,,phrase,,,,,,,,,,,,,,,,
Sponsored Products,Keyword,Create,N.SP.Q22026.Notebooks.Intel.B0DWNLQLL6,AG.B0DWNLQLL6.Phrase,,,,,N.SP.Q22026.Notebooks.Intel.B0DWNLQLL6,AG.B0DWNLQLL6.Phrase,,,,enabled,,,,,1.00,acer a14 52m ultra 7,,phrase,,,,,,,,,,,,,,,,
Sponsored Products,Keyword,Create,N.SP.Q22026.Notebooks.Intel.B0DWNLQLL6,AG.B0DWNLQLL6.Phrase,,,,,N.SP.Q22026.Notebooks.Intel.B0DWNLQLL6,AG.B0DWNLQLL6.Phrase,,,,enabled,,,,,1.00,best intel arc laptop 2025,,phrase,,,,,,,,,,,,,,,,
Sponsored Products,Keyword,Create,N.SP.Q22026.Notebooks.Intel.B0DWNLQLL6,AG.B0DWNLQLL6.Phrase,,,,,N.SP.Q22026.Notebooks.Intel.B0DWNLQLL6,AG.B0DWNLQLL6.Phrase,,,,enabled,,,,,1.00,acer aspire 14 ai premium,,phrase,,,,,,,,,,,,,,,,
Sponsored Products,Keyword,Create,N.SP.Q22026.Notebooks.Intel.B0DWNLQLL6,AG.B0DWNLQLL6.Phrase,,,,,N.SP.Q22026.Notebooks.Intel.B0DWNLQLL6,AG.B0DWNLQLL6.Phrase,,,,enabled,,,,,1.00,intel arc 140v laptop,,phrase,,,,,,,,,,,,,,,,
Sponsored Products,Keyword,Create,N.SP.Q22026.Notebooks.Intel.B0DWNLQLL6,AG.B0DWNLQLL6.Phrase,,,,,N.SP.Q22026.Notebooks.Intel.B0DWNLQLL6,AG.B0DWNLQLL6.Phrase,,,,enabled,,,,,1.00,acer copilot plus thin laptop,,phrase,,,,,,,,,,,,,,,,
Sponsored Products,Ad Group,Create,N.SP.Q22026.Notebooks.Intel.B0DWNLQLL6,,,,,,N.SP.Q22026.Notebooks.Intel.B0DWNLQLL6,AG.B0DWNLQLL6.Exact,,,,enabled,,,,1.50,,,,,,,,,,,,,,,,,,,,
Sponsored Products,Product Ad,Create,N.SP.Q22026.Notebooks.Intel.B0DWNLQLL6,AG.B0DWNLQLL6.Exact,,,,,N.SP.Q22026.Notebooks.Intel.B0DWNLQLL6,AG.B0DWNLQLL6.Exact,,,,enabled,,,B0DWNLQLL6,,,,,,,,,,,,,,,,,,,,,
Sponsored Products,Keyword,Create,N.SP.Q22026.Notebooks.Intel.B0DWNLQLL6,AG.B0DWNLQLL6.Exact,,,,,N.SP.Q22026.Notebooks.Intel.B0DWNLQLL6,AG.B0DWNLQLL6.Exact,,,,enabled,,,,,1.50,acer aspire 14 ai copilot plus ultra 7,,exact,,,,,,,,,,,,,,,,
Sponsored Products,Keyword,Create,N.SP.Q22026.Notebooks.Intel.B0DWNLQLL6,AG.B0DWNLQLL6.Exact,,,,,N.SP.Q22026.Notebooks.Intel.B0DWNLQLL6,AG.B0DWNLQLL6.Exact,,,,enabled,,,,,1.50,intel core ultra 7 256v laptop,,exact,,,,,,,,,,,,,,,,
Sponsored Products,Keyword,Create,N.SP.Q22026.Notebooks.Intel.B0DWNLQLL6,AG.B0DWNLQLL6.Exact,,,,,N.SP.Q22026.Notebooks.Intel.B0DWNLQLL6,AG.B0DWNLQLL6.Exact,,,,enabled,,,,,1.50,acer aspire 14 intel arc graphics,,exact,,,,,,,,,,,,,,,,
Sponsored Products,Keyword,Create,N.SP.Q22026.Notebooks.Intel.B0DWNLQLL6,AG.B0DWNLQLL6.Exact,,,,,N.SP.Q22026.Notebooks.Intel.B0DWNLQLL6,AG.B0DWNLQLL6.Exact,,,,enabled,,,,,1.50,acer aspire 14 ai 1tb ssd,,exact,,,,,,,,,,,,,,,,
Sponsored Products,Keyword,Create,N.SP.Q22026.Notebooks.Intel.B0DWNLQLL6,AG.B0DWNLQLL6.Exact,,,,,N.SP.Q22026.Notebooks.Intel.B0DWNLQLL6,AG.B0DWNLQLL6.Exact,,,,enabled,,,,,1.50,copilot plus pc intel arc 140v,,exact,,,,,,,,,,,,,,,,
Sponsored Products,Keyword,Create,N.SP.Q22026.Notebooks.Intel.B0DWNLQLL6,AG.B0DWNLQLL6.Exact,,,,,N.SP.Q22026.Notebooks.Intel.B0DWNLQLL6,AG.B0DWNLQLL6.Exact,,,,enabled,,,,,1.50,acer a14 52m ultra 7,,exact,,,,,,,,,,,,,,,,
Sponsored Products,Keyword,Create,N.SP.Q22026.Notebooks.Intel.B0DWNLQLL6,AG.B0DWNLQLL6.Exact,,,,,N.SP.Q22026.Notebooks.Intel.B0DWNLQLL6,AG.B0DWNLQLL6.Exact,,,,enabled,,,,,1.50,best intel arc laptop 2025,,exact,,,,,,,,,,,,,,,,
Sponsored Products,Keyword,Create,N.SP.Q22026.Notebooks.Intel.B0DWNLQLL6,AG.B0DWNLQLL6.Exact,,,,,N.SP.Q22026.Notebooks.Intel.B0DWNLQLL6,AG.B0DWNLQLL6.Exact,,,,enabled,,,,,1.50,acer aspire 14 ai premium,,exact,,,,,,,,,,,,,,,,
Sponsored Products,Keyword,Create,N.SP.Q22026.Notebooks.Intel.B0DWNLQLL6,AG.B0DWNLQLL6.Exact,,,,,N.SP.Q22026.Notebooks.Intel.B0DWNLQLL6,AG.B0DWNLQLL6.Exact,,,,enabled,,,,,1.50,intel arc 140v laptop,,exact,,,,,,,,,,,,,,,,
Sponsored Products,Keyword,Create,N.SP.Q22026.Notebooks.Intel.B0DWNLQLL6,AG.B0DWNLQLL6.Exact,,,,,N.SP.Q22026.Notebooks.Intel.B0DWNLQLL6,AG.B0DWNLQLL6.Exact,,,,enabled,,,,,1.50,acer copilot plus thin laptop,,exact,,,,,,,,,,,,,,,,
Sponsored Products,Campaign,Create,,,,,,,N.SP.Q22026.Notebooks.Intel.B0DVCDZBWV,,04/01/2026,06/30/2026,Manual,paused,365.40,,,,,,,,Dynamic bids - down only,,,,,,,,,,,,,,,
Sponsored Products,Ad Group,Create,N.SP.Q22026.Notebooks.Intel.B0DVCDZBWV,,,,,,N.SP.Q22026.Notebooks.Intel.B0DVCDZBWV,AG.B0DVCDZBWV.Broad,,,,enabled,,,,0.75,,,,,,,,,,,,,,,,,,,,
Sponsored Products,Product Ad,Create,N.SP.Q22026.Notebooks.Intel.B0DVCDZBWV,AG.B0DVCDZBWV.Broad,,,,,N.SP.Q22026.Notebooks.Intel.B0DVCDZBWV,AG.B0DVCDZBWV.Broad,,,,enabled,,,B0DVCDZBWV,,,,,,,,,,,,,,,,,,,,,
Sponsored Products,Keyword,Create,N.SP.Q22026.Notebooks.Intel.B0DVCDZBWV,AG.B0DVCDZBWV.Broad,,,,,N.SP.Q22026.Notebooks.Intel.B0DVCDZBWV,AG.B0DVCDZBWV.Broad,,,,enabled,,,,,0.75,acer chromebook plus 515,,broad,,,,,,,,,,,,,,,,
Sponsored Products,Keyword,Create,N.SP.Q22026.Notebooks.Intel.B0DVCDZBWV,AG.B0DVCDZBWV.Broad,,,,,N.SP.Q22026.Notebooks.Intel.B0DVCDZBWV,AG.B0DVCDZBWV.Broad,,,,enabled,,,,,0.75,chromebook plus with google ai,,broad,,,,,,,,,,,,,,,,
Sponsored Products,Keyword,Create,N.SP.Q22026.Notebooks.Intel.B0DVCDZBWV,AG.B0DVCDZBWV.Broad,,,,,N.SP.Q22026.Notebooks.Intel.B0DVCDZBWV,AG.B0DVCDZBWV.Broad,,,,enabled,,,,,0.75,acer chromebook 15 inch touchscreen,,broad,,,,,,,,,,,,,,,,
Sponsored Products,Keyword,Create,N.SP.Q22026.Notebooks.Intel.B0DVCDZBWV,AG.B0DVCDZBWV.Broad,,,,,N.SP.Q22026.Notebooks.Intel.B0DVCDZBWV,AG.B0DVCDZBWV.Broad,,,,enabled,,,,,0.75,chromebook plus intel core i3,,broad,,,,,,,,,,,,,,,,
Sponsored Products,Keyword,Create,N.SP.Q22026.Notebooks.Intel.B0DVCDZBWV,AG.B0DVCDZBWV.Broad,,,,,N.SP.Q22026.Notebooks.Intel.B0DVCDZBWV,AG.B0DVCDZBWV.Broad,,,,enabled,,,,,0.75,acer chromebook 515 touchscreen,,broad,,,,,,,,,,,,,,,,
Sponsored Products,Keyword,Create,N.SP.Q22026.Notebooks.Intel.B0DVCDZBWV,AG.B0DVCDZBWV.Broad,,,,,N.SP.Q22026.Notebooks.Intel.B0DVCDZBWV,AG.B0DVCDZBWV.Broad,,,,enabled,,,,,0.75,chromebook plus laptop 2025,,broad,,,,,,,,,,,,,,,,
Sponsored Products,Keyword,Create,N.SP.Q22026.Notebooks.Intel.B0DVCDZBWV,AG.B0DVCDZBWV.Broad,,,,,N.SP.Q22026.Notebooks.Intel.B0DVCDZBWV,AG.B0DVCDZBWV.Broad,,,,enabled,,,,,0.75,acer chromebook plus 2025,,broad,,,,,,,,,,,,,,,,
Sponsored Products,Keyword,Create,N.SP.Q22026.Notebooks.Intel.B0DVCDZBWV,AG.B0DVCDZBWV.Broad,,,,,N.SP.Q22026.Notebooks.Intel.B0DVCDZBWV,AG.B0DVCDZBWV.Broad,,,,enabled,,,,,0.75,google ai chromebook,,broad,,,,,,,,,,,,,,,,
Sponsored Products,Keyword,Create,N.SP.Q22026.Notebooks.Intel.B0DVCDZBWV,AG.B0DVCDZBWV.Broad,,,,,N.SP.Q22026.Notebooks.Intel.B0DVCDZBWV,AG.B0DVCDZBWV.Broad,,,,enabled,,,,,0.75,acer chromebook cb515,,broad,,,,,,,,,,,,,,,,
Sponsored Products,Keyword,Create,N.SP.Q22026.Notebooks.Intel.B0DVCDZBWV,AG.B0DVCDZBWV.Broad,,,,,N.SP.Q22026.Notebooks.Intel.B0DVCDZBWV,AG.B0DVCDZBWV.Broad,,,,enabled,,,,,0.75,chromebook 15 inch intel 256gb,,broad,,,,,,,,,,,,,,,,
Sponsored Products,Ad Group,Create,N.SP.Q22026.Notebooks.Intel.B0DVCDZBWV,,,,,,N.SP.Q22026.Notebooks.Intel.B0DVCDZBWV,AG.B0DVCDZBWV.Phrase,,,,enabled,,,,1.00,,,,,,,,,,,,,,,,,,,,
Sponsored Products,Product Ad,Create,N.SP.Q22026.Notebooks.Intel.B0DVCDZBWV,AG.B0DVCDZBWV.Phrase,,,,,N.SP.Q22026.Notebooks.Intel.B0DVCDZBWV,AG.B0DVCDZBWV.Phrase,,,,enabled,,,B0DVCDZBWV,,,,,,,,,,,,,,,,,,,,,
Sponsored Products,Keyword,Create,N.SP.Q22026.Notebooks.Intel.B0DVCDZBWV,AG.B0DVCDZBWV.Phrase,,,,,N.SP.Q22026.Notebooks.Intel.B0DVCDZBWV,AG.B0DVCDZBWV.Phrase,,,,enabled,,,,,1.00,acer chromebook plus 515,,phrase,,,,,,,,,,,,,,,,
Sponsored Products,Keyword,Create,N.SP.Q22026.Notebooks.Intel.B0DVCDZBWV,AG.B0DVCDZBWV.Phrase,,,,,N.SP.Q22026.Notebooks.Intel.B0DVCDZBWV,AG.B0DVCDZBWV.Phrase,,,,enabled,,,,,1.00,chromebook plus with google ai,,phrase,,,,,,,,,,,,,,,,
Sponsored Products,Keyword,Create,N.SP.Q22026.Notebooks.Intel.B0DVCDZBWV,AG.B0DVCDZBWV.Phrase,,,,,N.SP.Q22026.Notebooks.Intel.B0DVCDZBWV,AG.B0DVCDZBWV.Phrase,,,,enabled,,,,,1.00,acer chromebook 15 inch touchscreen,,phrase,,,,,,,,,,,,,,,,
Sponsored Products,Keyword,Create,N.SP.Q22026.Notebooks.Intel.B0DVCDZBWV,AG.B0DVCDZBWV.Phrase,,,,,N.SP.Q22026.Notebooks.Intel.B0DVCDZBWV,AG.B0DVCDZBWV.Phrase,,,,enabled,,,,,1.00,chromebook plus intel core i3,,phrase,,,,,,,,,,,,,,,,
Sponsored Products,Keyword,Create,N.SP.Q22026.Notebooks.Intel.B0DVCDZBWV,AG.B0DVCDZBWV.Phrase,,,,,N.SP.Q22026.Notebooks.Intel.B0DVCDZBWV,AG.B0DVCDZBWV.Phrase,,,,enabled,,,,,1.00,acer chromebook 515 touchscreen,,phrase,,,,,,,,,,,,,,,,
Sponsored Products,Keyword,Create,N.SP.Q22026.Notebooks.Intel.B0DVCDZBWV,AG.B0DVCDZBWV.Phrase,,,,,N.SP.Q22026.Notebooks.Intel.B0DVCDZBWV,AG.B0DVCDZBWV.Phrase,,,,enabled,,,,,1.00,chromebook plus laptop 2025,,phrase,,,,,,,,,,,,,,,,
Sponsored Products,Keyword,Create,N.SP.Q22026.Notebooks.Intel.B0DVCDZBWV,AG.B0DVCDZBWV.Phrase,,,,,N.SP.Q22026.Notebooks.Intel.B0DVCDZBWV,AG.B0DVCDZBWV.Phrase,,,,enabled,,,,,1.00,acer chromebook plus 2025,,phrase,,,,,,,,,,,,,,,,
Sponsored Products,Keyword,Create,N.SP.Q22026.Notebooks.Intel.B0DVCDZBWV,AG.B0DVCDZBWV.Phrase,,,,,N.SP.Q22026.Notebooks.Intel.B0DVCDZBWV,AG.B0DVCDZBWV.Phrase,,,,enabled,,,,,1.00,google ai chromebook,,phrase,,,,,,,,,,,,,,,,
Sponsored Products,Keyword,Create,N.SP.Q22026.Notebooks.Intel.B0DVCDZBWV,AG.B0DVCDZBWV.Phrase,,,,,N.SP.Q22026.Notebooks.Intel.B0DVCDZBWV,AG.B0DVCDZBWV.Phrase,,,,enabled,,,,,1.00,acer chromebook cb515,,phrase,,,,,,,,,,,,,,,,
Sponsored Products,Keyword,Create,N.SP.Q22026.Notebooks.Intel.B0DVCDZBWV,AG.B0DVCDZBWV.Phrase,,,,,N.SP.Q22026.Notebooks.Intel.B0DVCDZBWV,AG.B0DVCDZBWV.Phrase,,,,enabled,,,,,1.00,chromebook 15 inch intel 256gb,,phrase,,,,,,,,,,,,,,,,
Sponsored Products,Ad Group,Create,N.SP.Q22026.Notebooks.Intel.B0DVCDZBWV,,,,,,N.SP.Q22026.Notebooks.Intel.B0DVCDZBWV,AG.B0DVCDZBWV.Exact,,,,enabled,,,,1.50,,,,,,,,,,,,,,,,,,,,
Sponsored Products,Product Ad,Create,N.SP.Q22026.Notebooks.Intel.B0DVCDZBWV,AG.B0DVCDZBWV.Exact,,,,,N.SP.Q22026.Notebooks.Intel.B0DVCDZBWV,AG.B0DVCDZBWV.Exact,,,,enabled,,,B0DVCDZBWV,,,,,,,,,,,,,,,,,,,,,
Sponsored Products,Keyword,Create,N.SP.Q22026.Notebooks.Intel.B0DVCDZBWV,AG.B0DVCDZBWV.Exact,,,,,N.SP.Q22026.Notebooks.Intel.B0DVCDZBWV,AG.B0DVCDZBWV.Exact,,,,enabled,,,,,1.50,acer chromebook plus 515,,exact,,,,,,,,,,,,,,,,
Sponsored Products,Keyword,Create,N.SP.Q22026.Notebooks.Intel.B0DVCDZBWV,AG.B0DVCDZBWV.Exact,,,,,N.SP.Q22026.Notebooks.Intel.B0DVCDZBWV,AG.B0DVCDZBWV.Exact,,,,enabled,,,,,1.50,chromebook plus with google ai,,exact,,,,,,,,,,,,,,,,
Sponsored Products,Keyword,Create,N.SP.Q22026.Notebooks.Intel.B0DVCDZBWV,AG.B0DVCDZBWV.Exact,,,,,N.SP.Q22026.Notebooks.Intel.B0DVCDZBWV,AG.B0DVCDZBWV.Exact,,,,enabled,,,,,1.50,acer chromebook 15 inch touchscreen,,exact,,,,,,,,,,,,,,,,
Sponsored Products,Keyword,Create,N.SP.Q22026.Notebooks.Intel.B0DVCDZBWV,AG.B0DVCDZBWV.Exact,,,,,N.SP.Q22026.Notebooks.Intel.B0DVCDZBWV,AG.B0DVCDZBWV.Exact,,,,enabled,,,,,1.50,chromebook plus intel core i3,,exact,,,,,,,,,,,,,,,,
Sponsored Products,Keyword,Create,N.SP.Q22026.Notebooks.Intel.B0DVCDZBWV,AG.B0DVCDZBWV.Exact,,,,,N.SP.Q22026.Notebooks.Intel.B0DVCDZBWV,AG.B0DVCDZBWV.Exact,,,,enabled,,,,,1.50,acer chromebook 515 touchscreen,,exact,,,,,,,,,,,,,,,,
Sponsored Products,Keyword,Create,N.SP.Q22026.Notebooks.Intel.B0DVCDZBWV,AG.B0DVCDZBWV.Exact,,,,,N.SP.Q22026.Notebooks.Intel.B0DVCDZBWV,AG.B0DVCDZBWV.Exact,,,,enabled,,,,,1.50,chromebook plus laptop 2025,,exact,,,,,,,,,,,,,,,,
Sponsored Products,Keyword,Create,N.SP.Q22026.Notebooks.Intel.B0DVCDZBWV,AG.B0DVCDZBWV.Exact,,,,,N.SP.Q22026.Notebooks.Intel.B0DVCDZBWV,AG.B0DVCDZBWV.Exact,,,,enabled,,,,,1.50,acer chromebook plus 2025,,exact,,,,,,,,,,,,,,,,
Sponsored Products,Keyword,Create,N.SP.Q22026.Notebooks.Intel.B0DVCDZBWV,AG.B0DVCDZBWV.Exact,,,,,N.SP.Q22026.Notebooks.Intel.B0DVCDZBWV,AG.B0DVCDZBWV.Exact,,,,enabled,,,,,1.50,google ai chromebook,,exact,,,,,,,,,,,,,,,,
Sponsored Products,Keyword,Create,N.SP.Q22026.Notebooks.Intel.B0DVCDZBWV,AG.B0DVCDZBWV.Exact,,,,,N.SP.Q22026.Notebooks.Intel.B0DVCDZBWV,AG.B0DVCDZBWV.Exact,,,,enabled,,,,,1.50,acer chromebook cb515,,exact,,,,,,,,,,,,,,,,
Sponsored Products,Keyword,Create,N.SP.Q22026.Notebooks.Intel.B0DVCDZBWV,AG.B0DVCDZBWV.Exact,,,,,N.SP.Q22026.Notebooks.Intel.B0DVCDZBWV,AG.B0DVCDZBWV.Exact,,,,enabled,,,,,1.50,chromebook 15 inch intel 256gb,,exact,,,,,,,,,,,,,,,,
Sponsored Products,Campaign,Create,,,,,,,N.SP.Q22026.Notebooks.Intel.B0F6PLQ93N,,04/01/2026,05/15/2026,Manual,paused,266.01,,,,,,,,Dynamic bids - down only,,,,,,,,,,,,,,,
Sponsored Products,Ad Group,Create,N.SP.Q22026.Notebooks.Intel.B0F6PLQ93N,,,,,,N.SP.Q22026.Notebooks.Intel.B0F6PLQ93N,AG.B0F6PLQ93N.Broad,,,,enabled,,,,0.75,,,,,,,,,,,,,,,,,,,,
Sponsored Products,Product Ad,Create,N.SP.Q22026.Notebooks.Intel.B0F6PLQ93N,AG.B0F6PLQ93N.Broad,,,,,N.SP.Q22026.Notebooks.Intel.B0F6PLQ93N,AG.B0F6PLQ93N.Broad,,,,enabled,,,B0F6PLQ93N,,,,,,,,,,,,,,,,,,,,,
Sponsored Products,Keyword,Create,N.SP.Q22026.Notebooks.Intel.B0F6PLQ93N,AG.B0F6PLQ93N.Broad,,,,,N.SP.Q22026.Notebooks.Intel.B0F6PLQ93N,AG.B0F6PLQ93N.Broad,,,,enabled,,,,,0.75,acer nitro v 15 intel i7 rtx 4050,,broad,,,,,,,,,,,,,,,,
Sponsored Products,Keyword,Create,N.SP.Q22026.Notebooks.Intel.B0F6PLQ93N,AG.B0F6PLQ93N.Broad,,,,,N.SP.Q22026.Notebooks.Intel.B0F6PLQ93N,AG.B0F6PLQ93N.Broad,,,,enabled,,,,,0.75,gaming laptop rtx 4050 165hz,,broad,,,,,,,,,,,,,,,,
Sponsored Products,Keyword,Create,N.SP.Q22026.Notebooks.Intel.B0F6PLQ93N,AG.B0F6PLQ93N.Broad,,,,,N.SP.Q22026.Notebooks.Intel.B0F6PLQ93N,AG.B0F6PLQ93N.Broad,,,,enabled,,,,,0.75,acer nitro v i7 13620h,,broad,,,,,,,,,,,,,,,,
Sponsored Products,Keyword,Create,N.SP.Q22026.Notebooks.Intel.B0F6PLQ93N,AG.B0F6PLQ93N.Broad,,,,,N.SP.Q22026.Notebooks.Intel.B0F6PLQ93N,AG.B0F6PLQ93N.Broad,,,,enabled,,,,,0.75,acer gaming laptop under 1000,,broad,,,,,,,,,,,,,,,,
Sponsored Products,Keyword,Create,N.SP.Q22026.Notebooks.Intel.B0F6PLQ93N,AG.B0F6PLQ93N.Broad,,,,,N.SP.Q22026.Notebooks.Intel.B0F6PLQ93N,AG.B0F6PLQ93N.Broad,,,,enabled,,,,,0.75,nitro v 15 rtx 4050 laptop,,broad,,,,,,,,,,,,,,,,
Sponsored Products,Keyword,Create,N.SP.Q22026.Notebooks.Intel.B0F6PLQ93N,AG.B0F6PLQ93N.Broad,,,,,N.SP.Q22026.Notebooks.Intel.B0F6PLQ93N,AG.B0F6PLQ93N.Broad,,,,enabled,,,,,0.75,acer nitro anv15 52 i7,,broad,,,,,,,,,,,,,,,,
Sponsored Products,Keyword,Create,N.SP.Q22026.Notebooks.Intel.B0F6PLQ93N,AG.B0F6PLQ93N.Broad,,,,,N.SP.Q22026.Notebooks.Intel.B0F6PLQ93N,AG.B0F6PLQ93N.Broad,,,,enabled,,,,,0.75,best gaming laptop rtx 4050,,broad,,,,,,,,,,,,,,,,
Sponsored Products,Keyword,Create,N.SP.Q22026.Notebooks.Intel.B0F6PLQ93N,AG.B0F6PLQ93N.Broad,,,,,N.SP.Q22026.Notebooks.Intel.B0F6PLQ93N,AG.B0F6PLQ93N.Broad,,,,enabled,,,,,0.75,acer nitro v 15 inch gaming,,broad,,,,,,,,,,,,,,,,
Sponsored Products,Keyword,Create,N.SP.Q22026.Notebooks.Intel.B0F6PLQ93N,AG.B0F6PLQ93N.Broad,,,,,N.SP.Q22026.Notebooks.Intel.B0F6PLQ93N,AG.B0F6PLQ93N.Broad,,,,enabled,,,,,0.75,intel i7 rtx 4050 laptop 15 inch,,broad,,,,,,,,,,,,,,,,
Sponsored Products,Keyword,Create,N.SP.Q22026.Notebooks.Intel.B0F6PLQ93N,AG.B0F6PLQ93N.Broad,,,,,N.SP.Q22026.Notebooks.Intel.B0F6PLQ93N,AG.B0F6PLQ93N.Broad,,,,enabled,,,,,0.75,acer nitro v 165hz fhd laptop,,broad,,,,,,,,,,,,,,,,
Sponsored Products,Ad Group,Create,N.SP.Q22026.Notebooks.Intel.B0F6PLQ93N,,,,,,N.SP.Q22026.Notebooks.Intel.B0F6PLQ93N,AG.B0F6PLQ93N.Phrase,,,,enabled,,,,1.00,,,,,,,,,,,,,,,,,,,,
Sponsored Products,Product Ad,Create,N.SP.Q22026.Notebooks.Intel.B0F6PLQ93N,AG.B0F6PLQ93N.Phrase,,,,,N.SP.Q22026.Notebooks.Intel.B0F6PLQ93N,AG.B0F6PLQ93N.Phrase,,,,enabled,,,B0F6PLQ93N,,,,,,,,,,,,,,,,,,,,,
Sponsored Products,Keyword,Create,N.SP.Q22026.Notebooks.Intel.B0F6PLQ93N,AG.B0F6PLQ93N.Phrase,,,,,N.SP.Q22026.Notebooks.Intel.B0F6PLQ93N,AG.B0F6PLQ93N.Phrase,,,,enabled,,,,,1.00,acer nitro v 15 intel i7 rtx 4050,,phrase,,,,,,,,,,,,,,,,
Sponsored Products,Keyword,Create,N.SP.Q22026.Notebooks.Intel.B0F6PLQ93N,AG.B0F6PLQ93N.Phrase,,,,,N.SP.Q22026.Notebooks.Intel.B0F6PLQ93N,AG.B0F6PLQ93N.Phrase,,,,enabled,,,,,1.00,gaming laptop rtx 4050 165hz,,phrase,,,,,,,,,,,,,,,,
Sponsored Products,Keyword,Create,N.SP.Q22026.Notebooks.Intel.B0F6PLQ93N,AG.B0F6PLQ93N.Phrase,,,,,N.SP.Q22026.Notebooks.Intel.B0F6PLQ93N,AG.B0F6PLQ93N.Phrase,,,,enabled,,,,,1.00,acer nitro v i7 13620h,,phrase,,,,,,,,,,,,,,,,
Sponsored Products,Keyword,Create,N.SP.Q22026.Notebooks.Intel.B0F6PLQ93N,AG.B0F6PLQ93N.Phrase,,,,,N.SP.Q22026.Notebooks.Intel.B0F6PLQ93N,AG.B0F6PLQ93N.Phrase,,,,enabled,,,,,1.00,acer gaming laptop under 1000,,phrase,,,,,,,,,,,,,,,,
Sponsored Products,Keyword,Create,N.SP.Q22026.Notebooks.Intel.B0F6PLQ93N,AG.B0F6PLQ93N.Phrase,,,,,N.SP.Q22026.Notebooks.Intel.B0F6PLQ93N,AG.B0F6PLQ93N.Phrase,,,,enabled,,,,,1.00,nitro v 15 rtx 4050 laptop,,phrase,,,,,,,,,,,,,,,,
Sponsored Products,Keyword,Create,N.SP.Q22026.Notebooks.Intel.B0F6PLQ93N,AG.B0F6PLQ93N.Phrase,,,,,N.SP.Q22026.Notebooks.Intel.B0F6PLQ93N,AG.B0F6PLQ93N.Phrase,,,,enabled,,,,,1.00,acer nitro anv15 52 i7,,phrase,,,,,,,,,,,,,,,,
Sponsored Products,Keyword,Create,N.SP.Q22026.Notebooks.Intel.B0F6PLQ93N,AG.B0F6PLQ93N.Phrase,,,,,N.SP.Q22026.Notebooks.Intel.B0F6PLQ93N,AG.B0F6PLQ93N.Phrase,,,,enabled,,,,,1.00,best gaming laptop rtx 4050,,phrase,,,,,,,,,,,,,,,,
Sponsored Products,Keyword,Create,N.SP.Q22026.Notebooks.Intel.B0F6PLQ93N,AG.B0F6PLQ93N.Phrase,,,,,N.SP.Q22026.Notebooks.Intel.B0F6PLQ93N,AG.B0F6PLQ93N.Phrase,,,,enabled,,,,,1.00,acer nitro v 15 inch gaming,,phrase,,,,,,,,,,,,,,,,
Sponsored Products,Keyword,Create,N.SP.Q22026.Notebooks.Intel.B0F6PLQ93N,AG.B0F6PLQ93N.Phrase,,,,,N.SP.Q22026.Notebooks.Intel.B0F6PLQ93N,AG.B0F6PLQ93N.Phrase,,,,enabled,,,,,1.00,intel i7 rtx 4050 laptop 15 inch,,phrase,,,,,,,,,,,,,,,,
Sponsored Products,Keyword,Create,N.SP.Q22026.Notebooks.Intel.B0F6PLQ93N,AG.B0F6PLQ93N.Phrase,,,,,N.SP.Q22026.Notebooks.Intel.B0F6PLQ93N,AG.B0F6PLQ93N.Phrase,,,,enabled,,,,,1.00,acer nitro v 165hz fhd laptop,,phrase,,,,,,,,,,,,,,,,
Sponsored Products,Ad Group,Create,N.SP.Q22026.Notebooks.Intel.B0F6PLQ93N,,,,,,N.SP.Q22026.Notebooks.Intel.B0F6PLQ93N,AG.B0F6PLQ93N.Exact,,,,enabled,,,,1.50,,,,,,,,,,,,,,,,,,,,
Sponsored Products,Product Ad,Create,N.SP.Q22026.Notebooks.Intel.B0F6PLQ93N,AG.B0F6PLQ93N.Exact,,,,,N.SP.Q22026.Notebooks.Intel.B0F6PLQ93N,AG.B0F6PLQ93N.Exact,,,,enabled,,,B0F6PLQ93N,,,,,,,,,,,,,,,,,,,,,
Sponsored Products,Keyword,Create,N.SP.Q22026.Notebooks.Intel.B0F6PLQ93N,AG.B0F6PLQ93N.Exact,,,,,N.SP.Q22026.Notebooks.Intel.B0F6PLQ93N,AG.B0F6PLQ93N.Exact,,,,enabled,,,,,1.50,acer nitro v 15 intel i7 rtx 4050,,exact,,,,,,,,,,,,,,,,
Sponsored Products,Keyword,Create,N.SP.Q22026.Notebooks.Intel.B0F6PLQ93N,AG.B0F6PLQ93N.Exact,,,,,N.SP.Q22026.Notebooks.Intel.B0F6PLQ93N,AG.B0F6PLQ93N.Exact,,,,enabled,,,,,1.50,gaming laptop rtx 4050 165hz,,exact,,,,,,,,,,,,,,,,
Sponsored Products,Keyword,Create,N.SP.Q22026.Notebooks.Intel.B0F6PLQ93N,AG.B0F6PLQ93N.Exact,,,,,N.SP.Q22026.Notebooks.Intel.B0F6PLQ93N,AG.B0F6PLQ93N.Exact,,,,enabled,,,,,1.50,acer nitro v i7 13620h,,exact,,,,,,,,,,,,,,,,
Sponsored Products,Keyword,Create,N.SP.Q22026.Notebooks.Intel.B0F6PLQ93N,AG.B0F6PLQ93N.Exact,,,,,N.SP.Q22026.Notebooks.Intel.B0F6PLQ93N,AG.B0F6PLQ93N.Exact,,,,enabled,,,,,1.50,acer gaming laptop under 1000,,exact,,,,,,,,,,,,,,,,
Sponsored Products,Keyword,Create,N.SP.Q22026.Notebooks.Intel.B0F6PLQ93N,AG.B0F6PLQ93N.Exact,,,,,N.SP.Q22026.Notebooks.Intel.B0F6PLQ93N,AG.B0F6PLQ93N.Exact,,,,enabled,,,,,1.50,nitro v 15 rtx 4050 laptop,,exact,,,,,,,,,,,,,,,,
Sponsored Products,Keyword,Create,N.SP.Q22026.Notebooks.Intel.B0F6PLQ93N,AG.B0F6PLQ93N.Exact,,,,,N.SP.Q22026.Notebooks.Intel.B0F6PLQ93N,AG.B0F6PLQ93N.Exact,,,,enabled,,,,,1.50,acer nitro anv15 52 i7,,exact,,,,,,,,,,,,,,,,
Sponsored Products,Keyword,Create,N.SP.Q22026.Notebooks.Intel.B0F6PLQ93N,AG.B0F6PLQ93N.Exact,,,,,N.SP.Q22026.Notebooks.Intel.B0F6PLQ93N,AG.B0F6PLQ93N.Exact,,,,enabled,,,,,1.50,best gaming laptop rtx 4050,,exact,,,,,,,,,,,,,,,,
Sponsored Products,Keyword,Create,N.SP.Q22026.Notebooks.Intel.B0F6PLQ93N,AG.B0F6PLQ93N.Exact,,,,,N.SP.Q22026.Notebooks.Intel.B0F6PLQ93N,AG.B0F6PLQ93N.Exact,,,,enabled,,,,,1.50,acer nitro v 15 inch gaming,,exact,,,,,,,,,,,,,,,,
Sponsored Products,Keyword,Create,N.SP.Q22026.Notebooks.Intel.B0F6PLQ93N,AG.B0F6PLQ93N.Exact,,,,,N.SP.Q22026.Notebooks.Intel.B0F6PLQ93N,AG.B0F6PLQ93N.Exact,,,,enabled,,,,,1.50,intel i7 rtx 4050 laptop 15 inch,,exact,,,,,,,,,,,,,,,,
Sponsored Products,Keyword,Create,N.SP.Q22026.Notebooks.Intel.B0F6PLQ93N,AG.B0F6PLQ93N.Exact,,,,,N.SP.Q22026.Notebooks.Intel.B0F6PLQ93N,AG.B0F6PLQ93N.Exact,,,,enabled,,,,,1.50,acer nitro v 165hz fhd laptop,,exact,,,,,,,,,,,,,,,,
Sponsored Products,Campaign,Create,,,,,,,N.SP.Q22026.Notebooks.Intel.B0GTFH1DNL,,04/01/2026,06/30/2026,Manual,paused,204.62,,,,,,,,Dynamic bids - down only,,,,,,,,,,,,,,,
Sponsored Products,Ad Group,Create,N.SP.Q22026.Notebooks.Intel.B0GTFH1DNL,,,,,,N.SP.Q22026.Notebooks.Intel.B0GTFH1DNL,AG.B0GTFH1DNL.Broad,,,,enabled,,,,0.75,,,,,,,,,,,,,,,,,,,,
Sponsored Products,Product Ad,Create,N.SP.Q22026.Notebooks.Intel.B0GTFH1DNL,AG.B0GTFH1DNL.Broad,,,,,N.SP.Q22026.Notebooks.Intel.B0GTFH1DNL,AG.B0GTFH1DNL.Broad,,,,enabled,,,B0GTFH1DNL,,,,,,,,,,,,,,,,,,,,,
Sponsored Products,Keyword,Create,N.SP.Q22026.Notebooks.Intel.B0GTFH1DNL,AG.B0GTFH1DNL.Broad,,,,,N.SP.Q22026.Notebooks.Intel.B0GTFH1DNL,AG.B0GTFH1DNL.Broad,,,,enabled,,,,,0.75,acer nitro v 16 gaming laptop,,broad,,,,,,,,,,,,,,,,
Sponsored Products,Keyword,Create,N.SP.Q22026.Notebooks.Intel.B0GTFH1DNL,AG.B0GTFH1DNL.Broad,,,,,N.SP.Q22026.Notebooks.Intel.B0GTFH1DNL,AG.B0GTFH1DNL.Broad,,,,enabled,,,,,0.75,acer nitro v 16 inch intel,,broad,,,,,,,,,,,,,,,,
Sponsored Products,Keyword,Create,N.SP.Q22026.Notebooks.Intel.B0GTFH1DNL,AG.B0GTFH1DNL.Broad,,,,,N.SP.Q22026.Notebooks.Intel.B0GTFH1DNL,AG.B0GTFH1DNL.Broad,,,,enabled,,,,,0.75,nitro v 16 gaming laptop 2025,,broad,,,,,,,,,,,,,,,,
Sponsored Products,Keyword,Create,N.SP.Q22026.Notebooks.Intel.B0GTFH1DNL,AG.B0GTFH1DNL.Broad,,,,,N.SP.Q22026.Notebooks.Intel.B0GTFH1DNL,AG.B0GTFH1DNL.Broad,,,,enabled,,,,,0.75,acer gaming laptop 16 inch,,broad,,,,,,,,,,,,,,,,
Sponsored Products,Keyword,Create,N.SP.Q22026.Notebooks.Intel.B0GTFH1DNL,AG.B0GTFH1DNL.Broad,,,,,N.SP.Q22026.Notebooks.Intel.B0GTFH1DNL,AG.B0GTFH1DNL.Broad,,,,enabled,,,,,0.75,acer nitro 16 intel rtx laptop,,broad,,,,,,,,,,,,,,,,
Sponsored Products,Keyword,Create,N.SP.Q22026.Notebooks.Intel.B0GTFH1DNL,AG.B0GTFH1DNL.Broad,,,,,N.SP.Q22026.Notebooks.Intel.B0GTFH1DNL,AG.B0GTFH1DNL.Broad,,,,enabled,,,,,0.75,acer nitro v 16 anv16,,broad,,,,,,,,,,,,,,,,
Sponsored Products,Keyword,Create,N.SP.Q22026.Notebooks.Intel.B0GTFH1DNL,AG.B0GTFH1DNL.Broad,,,,,N.SP.Q22026.Notebooks.Intel.B0GTFH1DNL,AG.B0GTFH1DNL.Broad,,,,enabled,,,,,0.75,16 inch gaming laptop acer,,broad,,,,,,,,,,,,,,,,
Sponsored Products,Keyword,Create,N.SP.Q22026.Notebooks.Intel.B0GTFH1DNL,AG.B0GTFH1DNL.Broad,,,,,N.SP.Q22026.Notebooks.Intel.B0GTFH1DNL,AG.B0GTFH1DNL.Broad,,,,enabled,,,,,0.75,acer nitro laptop 16 inch 2025,,broad,,,,,,,,,,,,,,,,
Sponsored Products,Keyword,Create,N.SP.Q22026.Notebooks.Intel.B0GTFH1DNL,AG.B0GTFH1DNL.Broad,,,,,N.SP.Q22026.Notebooks.Intel.B0GTFH1DNL,AG.B0GTFH1DNL.Broad,,,,enabled,,,,,0.75,best 16 inch gaming laptop acer,,broad,,,,,,,,,,,,,,,,
Sponsored Products,Keyword,Create,N.SP.Q22026.Notebooks.Intel.B0GTFH1DNL,AG.B0GTFH1DNL.Broad,,,,,N.SP.Q22026.Notebooks.Intel.B0GTFH1DNL,AG.B0GTFH1DNL.Broad,,,,enabled,,,,,0.75,acer nitro v 16 fhd laptop,,broad,,,,,,,,,,,,,,,,
Sponsored Products,Ad Group,Create,N.SP.Q22026.Notebooks.Intel.B0GTFH1DNL,,,,,,N.SP.Q22026.Notebooks.Intel.B0GTFH1DNL,AG.B0GTFH1DNL.Phrase,,,,enabled,,,,1.00,,,,,,,,,,,,,,,,,,,,
Sponsored Products,Product Ad,Create,N.SP.Q22026.Notebooks.Intel.B0GTFH1DNL,AG.B0GTFH1DNL.Phrase,,,,,N.SP.Q22026.Notebooks.Intel.B0GTFH1DNL,AG.B0GTFH1DNL.Phrase,,,,enabled,,,B0GTFH1DNL,,,,,,,,,,,,,,,,,,,,,
Sponsored Products,Keyword,Create,N.SP.Q22026.Notebooks.Intel.B0GTFH1DNL,AG.B0GTFH1DNL.Phrase,,,,,N.SP.Q22026.Notebooks.Intel.B0GTFH1DNL,AG.B0GTFH1DNL.Phrase,,,,enabled,,,,,1.00,acer nitro v 16 gaming laptop,,phrase,,,,,,,,,,,,,,,,
Sponsored Products,Keyword,Create,N.SP.Q22026.Notebooks.Intel.B0GTFH1DNL,AG.B0GTFH1DNL.Phrase,,,,,N.SP.Q22026.Notebooks.Intel.B0GTFH1DNL,AG.B0GTFH1DNL.Phrase,,,,enabled,,,,,1.00,acer nitro v 16 inch intel,,phrase,,,,,,,,,,,,,,,,
Sponsored Products,Keyword,Create,N.SP.Q22026.Notebooks.Intel.B0GTFH1DNL,AG.B0GTFH1DNL.Phrase,,,,,N.SP.Q22026.Notebooks.Intel.B0GTFH1DNL,AG.B0GTFH1DNL.Phrase,,,,enabled,,,,,1.00,nitro v 16 gaming laptop 2025,,phrase,,,,,,,,,,,,,,,,
Sponsored Products,Keyword,Create,N.SP.Q22026.Notebooks.Intel.B0GTFH1DNL,AG.B0GTFH1DNL.Phrase,,,,,N.SP.Q22026.Notebooks.Intel.B0GTFH1DNL,AG.B0GTFH1DNL.Phrase,,,,enabled,,,,,1.00,acer gaming laptop 16 inch,,phrase,,,,,,,,,,,,,,,,
Sponsored Products,Keyword,Create,N.SP.Q22026.Notebooks.Intel.B0GTFH1DNL,AG.B0GTFH1DNL.Phrase,,,,,N.SP.Q22026.Notebooks.Intel.B0GTFH1DNL,AG.B0GTFH1DNL.Phrase,,,,enabled,,,,,1.00,acer nitro 16 intel rtx laptop,,phrase,,,,,,,,,,,,,,,,
Sponsored Products,Keyword,Create,N.SP.Q22026.Notebooks.Intel.B0GTFH1DNL,AG.B0GTFH1DNL.Phrase,,,,,N.SP.Q22026.Notebooks.Intel.B0GTFH1DNL,AG.B0GTFH1DNL.Phrase,,,,enabled,,,,,1.00,acer nitro v 16 anv16,,phrase,,,,,,,,,,,,,,,,
Sponsored Products,Keyword,Create,N.SP.Q22026.Notebooks.Intel.B0GTFH1DNL,AG.B0GTFH1DNL.Phrase,,,,,N.SP.Q22026.Notebooks.Intel.B0GTFH1DNL,AG.B0GTFH1DNL.Phrase,,,,enabled,,,,,1.00,16 inch gaming laptop acer,,phrase,,,,,,,,,,,,,,,,
Sponsored Products,Keyword,Create,N.SP.Q22026.Notebooks.Intel.B0GTFH1DNL,AG.B0GTFH1DNL.Phrase,,,,,N.SP.Q22026.Notebooks.Intel.B0GTFH1DNL,AG.B0GTFH1DNL.Phrase,,,,enabled,,,,,1.00,acer nitro laptop 16 inch 2025,,phrase,,,,,,,,,,,,,,,,
Sponsored Products,Keyword,Create,N.SP.Q22026.Notebooks.Intel.B0GTFH1DNL,AG.B0GTFH1DNL.Phrase,,,,,N.SP.Q22026.Notebooks.Intel.B0GTFH1DNL,AG.B0GTFH1DNL.Phrase,,,,enabled,,,,,1.00,best 16 inch gaming laptop acer,,phrase,,,,,,,,,,,,,,,,
Sponsored Products,Keyword,Create,N.SP.Q22026.Notebooks.Intel.B0GTFH1DNL,AG.B0GTFH1DNL.Phrase,,,,,N.SP.Q22026.Notebooks.Intel.B0GTFH1DNL,AG.B0GTFH1DNL.Phrase,,,,enabled,,,,,1.00,acer nitro v 16 fhd laptop,,phrase,,,,,,,,,,,,,,,,
Sponsored Products,Ad Group,Create,N.SP.Q22026.Notebooks.Intel.B0GTFH1DNL,,,,,,N.SP.Q22026.Notebooks.Intel.B0GTFH1DNL,AG.B0GTFH1DNL.Exact,,,,enabled,,,,1.50,,,,,,,,,,,,,,,,,,,,
Sponsored Products,Product Ad,Create,N.SP.Q22026.Notebooks.Intel.B0GTFH1DNL,AG.B0GTFH1DNL.Exact,,,,,N.SP.Q22026.Notebooks.Intel.B0GTFH1DNL,AG.B0GTFH1DNL.Exact,,,,enabled,,,B0GTFH1DNL,,,,,,,,,,,,,,,,,,,,,
Sponsored Products,Keyword,Create,N.SP.Q22026.Notebooks.Intel.B0GTFH1DNL,AG.B0GTFH1DNL.Exact,,,,,N.SP.Q22026.Notebooks.Intel.B0GTFH1DNL,AG.B0GTFH1DNL.Exact,,,,enabled,,,,,1.50,acer nitro v 16 gaming laptop,,exact,,,,,,,,,,,,,,,,
Sponsored Products,Keyword,Create,N.SP.Q22026.Notebooks.Intel.B0GTFH1DNL,AG.B0GTFH1DNL.Exact,,,,,N.SP.Q22026.Notebooks.Intel.B0GTFH1DNL,AG.B0GTFH1DNL.Exact,,,,enabled,,,,,1.50,acer nitro v 16 inch intel,,exact,,,,,,,,,,,,,,,,
Sponsored Products,Keyword,Create,N.SP.Q22026.Notebooks.Intel.B0GTFH1DNL,AG.B0GTFH1DNL.Exact,,,,,N.SP.Q22026.Notebooks.Intel.B0GTFH1DNL,AG.B0GTFH1DNL.Exact,,,,enabled,,,,,1.50,nitro v 16 gaming laptop 2025,,exact,,,,,,,,,,,,,,,,
Sponsored Products,Keyword,Create,N.SP.Q22026.Notebooks.Intel.B0GTFH1DNL,AG.B0GTFH1DNL.Exact,,,,,N.SP.Q22026.Notebooks.Intel.B0GTFH1DNL,AG.B0GTFH1DNL.Exact,,,,enabled,,,,,1.50,acer gaming laptop 16 inch,,exact,,,,,,,,,,,,,,,,
Sponsored Products,Keyword,Create,N.SP.Q22026.Notebooks.Intel.B0GTFH1DNL,AG.B0GTFH1DNL.Exact,,,,,N.SP.Q22026.Notebooks.Intel.B0GTFH1DNL,AG.B0GTFH1DNL.Exact,,,,enabled,,,,,1.50,acer nitro 16 intel rtx laptop,,exact,,,,,,,,,,,,,,,,
Sponsored Products,Keyword,Create,N.SP.Q22026.Notebooks.Intel.B0GTFH1DNL,AG.B0GTFH1DNL.Exact,,,,,N.SP.Q22026.Notebooks.Intel.B0GTFH1DNL,AG.B0GTFH1DNL.Exact,,,,enabled,,,,,1.50,acer nitro v 16 anv16,,exact,,,,,,,,,,,,,,,,
Sponsored Products,Keyword,Create,N.SP.Q22026.Notebooks.Intel.B0GTFH1DNL,AG.B0GTFH1DNL.Exact,,,,,N.SP.Q22026.Notebooks.Intel.B0GTFH1DNL,AG.B0GTFH1DNL.Exact,,,,enabled,,,,,1.50,16 inch gaming laptop acer,,exact,,,,,,,,,,,,,,,,
Sponsored Products,Keyword,Create,N.SP.Q22026.Notebooks.Intel.B0GTFH1DNL,AG.B0GTFH1DNL.Exact,,,,,N.SP.Q22026.Notebooks.Intel.B0GTFH1DNL,AG.B0GTFH1DNL.Exact,,,,enabled,,,,,1.50,acer nitro laptop 16 inch 2025,,exact,,,,,,,,,,,,,,,,
Sponsored Products,Keyword,Create,N.SP.Q22026.Notebooks.Intel.B0GTFH1DNL,AG.B0GTFH1DNL.Exact,,,,,N.SP.Q22026.Notebooks.Intel.B0GTFH1DNL,AG.B0GTFH1DNL.Exact,,,,enabled,,,,,1.50,best 16 inch gaming laptop acer,,exact,,,,,,,,,,,,,,,,
Sponsored Products,Keyword,Create,N.SP.Q22026.Notebooks.Intel.B0GTFH1DNL,AG.B0GTFH1DNL.Exact,,,,,N.SP.Q22026.Notebooks.Intel.B0GTFH1DNL,AG.B0GTFH1DNL.Exact,,,,enabled,,,,,1.50,acer nitro v 16 fhd laptop,,exact,,,,,,,,,,,,,,,,
Sponsored Products,Campaign,Create,,,,,,,N.SP.Q22026.Notebooks.MSFTXBGP.B0FNXRP9G7,,04/01/2026,06/30/2026,Manual,paused,97.92,,,,,,,,Dynamic bids - down only,,,,,,,,,,,,,,,
Sponsored Products,Ad Group,Create,N.SP.Q22026.Notebooks.MSFTXBGP.B0FNXRP9G7,,,,,,N.SP.Q22026.Notebooks.MSFTXBGP.B0FNXRP9G7,AG.B0FNXRP9G7.Broad,,,,enabled,,,,0.75,,,,,,,,,,,,,,,,,,,,
Sponsored Products,Product Ad,Create,N.SP.Q22026.Notebooks.MSFTXBGP.B0FNXRP9G7,AG.B0FNXRP9G7.Broad,,,,,N.SP.Q22026.Notebooks.MSFTXBGP.B0FNXRP9G7,AG.B0FNXRP9G7.Broad,,,,enabled,,,B0FNXRP9G7,,,,,,,,,,,,,,,,,,,,,
Sponsored Products,Keyword,Create,N.SP.Q22026.Notebooks.MSFTXBGP.B0FNXRP9G7,AG.B0FNXRP9G7.Broad,,,,,N.SP.Q22026.Notebooks.MSFTXBGP.B0FNXRP9G7,AG.B0FNXRP9G7.Broad,,,,enabled,,,,,0.75,acer predator gaming laptop,,broad,,,,,,,,,,,,,,,,
Sponsored Products,Keyword,Create,N.SP.Q22026.Notebooks.MSFTXBGP.B0FNXRP9G7,AG.B0FNXRP9G7.Broad,,,,,N.SP.Q22026.Notebooks.MSFTXBGP.B0FNXRP9G7,AG.B0FNXRP9G7.Broad,,,,enabled,,,,,0.75,acer nitro v gaming laptop rtx 5070,,broad,,,,,,,,,,,,,,,,
Sponsored Products,Keyword,Create,N.SP.Q22026.Notebooks.MSFTXBGP.B0FNXRP9G7,AG.B0FNXRP9G7.Broad,,,,,N.SP.Q22026.Notebooks.MSFTXBGP.B0FNXRP9G7,AG.B0FNXRP9G7.Broad,,,,enabled,,,,,0.75,predator helios neo 16,,broad,,,,,,,,,,,,,,,,
Sponsored Products,Keyword,Create,N.SP.Q22026.Notebooks.MSFTXBGP.B0FNXRP9G7,AG.B0FNXRP9G7.Broad,,,,,N.SP.Q22026.Notebooks.MSFTXBGP.B0FNXRP9G7,AG.B0FNXRP9G7.Broad,,,,enabled,,,,,0.75,acer gaming laptop rtx 5070,,broad,,,,,,,,,,,,,,,,
Sponsored Products,Keyword,Create,N.SP.Q22026.Notebooks.MSFTXBGP.B0FNXRP9G7,AG.B0FNXRP9G7.Broad,,,,,N.SP.Q22026.Notebooks.MSFTXBGP.B0FNXRP9G7,AG.B0FNXRP9G7.Broad,,,,enabled,,,,,0.75,acer predator laptop 2025,,broad,,,,,,,,,,,,,,,,
Sponsored Products,Keyword,Create,N.SP.Q22026.Notebooks.MSFTXBGP.B0FNXRP9G7,AG.B0FNXRP9G7.Broad,,,,,N.SP.Q22026.Notebooks.MSFTXBGP.B0FNXRP9G7,AG.B0FNXRP9G7.Broad,,,,enabled,,,,,0.75,high performance gaming laptop acer,,broad,,,,,,,,,,,,,,,,
Sponsored Products,Keyword,Create,N.SP.Q22026.Notebooks.MSFTXBGP.B0FNXRP9G7,AG.B0FNXRP9G7.Broad,,,,,N.SP.Q22026.Notebooks.MSFTXBGP.B0FNXRP9G7,AG.B0FNXRP9G7.Broad,,,,enabled,,,,,0.75,acer nitro v rtx 5070 laptop,,broad,,,,,,,,,,,,,,,,
Sponsored Products,Keyword,Create,N.SP.Q22026.Notebooks.MSFTXBGP.B0FNXRP9G7,AG.B0FNXRP9G7.Broad,,,,,N.SP.Q22026.Notebooks.MSFTXBGP.B0FNXRP9G7,AG.B0FNXRP9G7.Broad,,,,enabled,,,,,0.75,predator helios acer gaming,,broad,,,,,,,,,,,,,,,,
Sponsored Products,Keyword,Create,N.SP.Q22026.Notebooks.MSFTXBGP.B0FNXRP9G7,AG.B0FNXRP9G7.Broad,,,,,N.SP.Q22026.Notebooks.MSFTXBGP.B0FNXRP9G7,AG.B0FNXRP9G7.Broad,,,,enabled,,,,,0.75,best acer gaming laptop 2025,,broad,,,,,,,,,,,,,,,,
Sponsored Products,Keyword,Create,N.SP.Q22026.Notebooks.MSFTXBGP.B0FNXRP9G7,AG.B0FNXRP9G7.Broad,,,,,N.SP.Q22026.Notebooks.MSFTXBGP.B0FNXRP9G7,AG.B0FNXRP9G7.Broad,,,,enabled,,,,,0.75,acer gaming laptop under 1500,,broad,,,,,,,,,,,,,,,,
Sponsored Products,Ad Group,Create,N.SP.Q22026.Notebooks.MSFTXBGP.B0FNXRP9G7,,,,,,N.SP.Q22026.Notebooks.MSFTXBGP.B0FNXRP9G7,AG.B0FNXRP9G7.Phrase,,,,enabled,,,,1.00,,,,,,,,,,,,,,,,,,,,
Sponsored Products,Product Ad,Create,N.SP.Q22026.Notebooks.MSFTXBGP.B0FNXRP9G7,AG.B0FNXRP9G7.Phrase,,,,,N.SP.Q22026.Notebooks.MSFTXBGP.B0FNXRP9G7,AG.B0FNXRP9G7.Phrase,,,,enabled,,,B0FNXRP9G7,,,,,,,,,,,,,,,,,,,,,
Sponsored Products,Keyword,Create,N.SP.Q22026.Notebooks.MSFTXBGP.B0FNXRP9G7,AG.B0FNXRP9G7.Phrase,,,,,N.SP.Q22026.Notebooks.MSFTXBGP.B0FNXRP9G7,AG.B0FNXRP9G7.Phrase,,,,enabled,,,,,1.00,acer predator gaming laptop,,phrase,,,,,,,,,,,,,,,,
Sponsored Products,Keyword,Create,N.SP.Q22026.Notebooks.MSFTXBGP.B0FNXRP9G7,AG.B0FNXRP9G7.Phrase,,,,,N.SP.Q22026.Notebooks.MSFTXBGP.B0FNXRP9G7,AG.B0FNXRP9G7.Phrase,,,,enabled,,,,,1.00,acer nitro v gaming laptop rtx 5070,,phrase,,,,,,,,,,,,,,,,
Sponsored Products,Keyword,Create,N.SP.Q22026.Notebooks.MSFTXBGP.B0FNXRP9G7,AG.B0FNXRP9G7.Phrase,,,,,N.SP.Q22026.Notebooks.MSFTXBGP.B0FNXRP9G7,AG.B0FNXRP9G7.Phrase,,,,enabled,,,,,1.00,predator helios neo 16,,phrase,,,,,,,,,,,,,,,,
Sponsored Products,Keyword,Create,N.SP.Q22026.Notebooks.MSFTXBGP.B0FNXRP9G7,AG.B0FNXRP9G7.Phrase,,,,,N.SP.Q22026.Notebooks.MSFTXBGP.B0FNXRP9G7,AG.B0FNXRP9G7.Phrase,,,,enabled,,,,,1.00,acer gaming laptop rtx 5070,,phrase,,,,,,,,,,,,,,,,
Sponsored Products,Keyword,Create,N.SP.Q22026.Notebooks.MSFTXBGP.B0FNXRP9G7,AG.B0FNXRP9G7.Phrase,,,,,N.SP.Q22026.Notebooks.MSFTXBGP.B0FNXRP9G7,AG.B0FNXRP9G7.Phrase,,,,enabled,,,,,1.00,acer predator laptop 2025,,phrase,,,,,,,,,,,,,,,,
Sponsored Products,Keyword,Create,N.SP.Q22026.Notebooks.MSFTXBGP.B0FNXRP9G7,AG.B0FNXRP9G7.Phrase,,,,,N.SP.Q22026.Notebooks.MSFTXBGP.B0FNXRP9G7,AG.B0FNXRP9G7.Phrase,,,,enabled,,,,,1.00,high performance gaming laptop acer,,phrase,,,,,,,,,,,,,,,,
Sponsored Products,Keyword,Create,N.SP.Q22026.Notebooks.MSFTXBGP.B0FNXRP9G7,AG.B0FNXRP9G7.Phrase,,,,,N.SP.Q22026.Notebooks.MSFTXBGP.B0FNXRP9G7,AG.B0FNXRP9G7.Phrase,,,,enabled,,,,,1.00,acer nitro v rtx 5070 laptop,,phrase,,,,,,,,,,,,,,,,
Sponsored Products,Keyword,Create,N.SP.Q22026.Notebooks.MSFTXBGP.B0FNXRP9G7,AG.B0FNXRP9G7.Phrase,,,,,N.SP.Q22026.Notebooks.MSFTXBGP.B0FNXRP9G7,AG.B0FNXRP9G7.Phrase,,,,enabled,,,,,1.00,predator helios acer gaming,,phrase,,,,,,,,,,,,,,,,
Sponsored Products,Keyword,Create,N.SP.Q22026.Notebooks.MSFTXBGP.B0FNXRP9G7,AG.B0FNXRP9G7.Phrase,,,,,N.SP.Q22026.Notebooks.MSFTXBGP.B0FNXRP9G7,AG.B0FNXRP9G7.Phrase,,,,enabled,,,,,1.00,best acer gaming laptop 2025,,phrase,,,,,,,,,,,,,,,,
Sponsored Products,Keyword,Create,N.SP.Q22026.Notebooks.MSFTXBGP.B0FNXRP9G7,AG.B0FNXRP9G7.Phrase,,,,,N.SP.Q22026.Notebooks.MSFTXBGP.B0FNXRP9G7,AG.B0FNXRP9G7.Phrase,,,,enabled,,,,,1.00,acer gaming laptop under 1500,,phrase,,,,,,,,,,,,,,,,
Sponsored Products,Ad Group,Create,N.SP.Q22026.Notebooks.MSFTXBGP.B0FNXRP9G7,,,,,,N.SP.Q22026.Notebooks.MSFTXBGP.B0FNXRP9G7,AG.B0FNXRP9G7.Exact,,,,enabled,,,,1.50,,,,,,,,,,,,,,,,,,,,
Sponsored Products,Product Ad,Create,N.SP.Q22026.Notebooks.MSFTXBGP.B0FNXRP9G7,AG.B0FNXRP9G7.Exact,,,,,N.SP.Q22026.Notebooks.MSFTXBGP.B0FNXRP9G7,AG.B0FNXRP9G7.Exact,,,,enabled,,,B0FNXRP9G7,,,,,,,,,,,,,,,,,,,,,
Sponsored Products,Keyword,Create,N.SP.Q22026.Notebooks.MSFTXBGP.B0FNXRP9G7,AG.B0FNXRP9G7.Exact,,,,,N.SP.Q22026.Notebooks.MSFTXBGP.B0FNXRP9G7,AG.B0FNXRP9G7.Exact,,,,enabled,,,,,1.50,acer predator gaming laptop,,exact,,,,,,,,,,,,,,,,
Sponsored Products,Keyword,Create,N.SP.Q22026.Notebooks.MSFTXBGP.B0FNXRP9G7,AG.B0FNXRP9G7.Exact,,,,,N.SP.Q22026.Notebooks.MSFTXBGP.B0FNXRP9G7,AG.B0FNXRP9G7.Exact,,,,enabled,,,,,1.50,acer nitro v gaming laptop rtx 5070,,exact,,,,,,,,,,,,,,,,
Sponsored Products,Keyword,Create,N.SP.Q22026.Notebooks.MSFTXBGP.B0FNXRP9G7,AG.B0FNXRP9G7.Exact,,,,,N.SP.Q22026.Notebooks.MSFTXBGP.B0FNXRP9G7,AG.B0FNXRP9G7.Exact,,,,enabled,,,,,1.50,predator helios neo 16,,exact,,,,,,,,,,,,,,,,
Sponsored Products,Keyword,Create,N.SP.Q22026.Notebooks.MSFTXBGP.B0FNXRP9G7,AG.B0FNXRP9G7.Exact,,,,,N.SP.Q22026.Notebooks.MSFTXBGP.B0FNXRP9G7,AG.B0FNXRP9G7.Exact,,,,enabled,,,,,1.50,acer gaming laptop rtx 5070,,exact,,,,,,,,,,,,,,,,
Sponsored Products,Keyword,Create,N.SP.Q22026.Notebooks.MSFTXBGP.B0FNXRP9G7,AG.B0FNXRP9G7.Exact,,,,,N.SP.Q22026.Notebooks.MSFTXBGP.B0FNXRP9G7,AG.B0FNXRP9G7.Exact,,,,enabled,,,,,1.50,acer predator laptop 2025,,exact,,,,,,,,,,,,,,,,
Sponsored Products,Keyword,Create,N.SP.Q22026.Notebooks.MSFTXBGP.B0FNXRP9G7,AG.B0FNXRP9G7.Exact,,,,,N.SP.Q22026.Notebooks.MSFTXBGP.B0FNXRP9G7,AG.B0FNXRP9G7.Exact,,,,enabled,,,,,1.50,high performance gaming laptop acer,,exact,,,,,,,,,,,,,,,,
Sponsored Products,Keyword,Create,N.SP.Q22026.Notebooks.MSFTXBGP.B0FNXRP9G7,AG.B0FNXRP9G7.Exact,,,,,N.SP.Q22026.Notebooks.MSFTXBGP.B0FNXRP9G7,AG.B0FNXRP9G7.Exact,,,,enabled,,,,,1.50,acer nitro v rtx 5070 laptop,,exact,,,,,,,,,,,,,,,,
Sponsored Products,Keyword,Create,N.SP.Q22026.Notebooks.MSFTXBGP.B0FNXRP9G7,AG.B0FNXRP9G7.Exact,,,,,N.SP.Q22026.Notebooks.MSFTXBGP.B0FNXRP9G7,AG.B0FNXRP9G7.Exact,,,,enabled,,,,,1.50,predator helios acer gaming,,exact,,,,,,,,,,,,,,,,
Sponsored Products,Keyword,Create,N.SP.Q22026.Notebooks.MSFTXBGP.B0FNXRP9G7,AG.B0FNXRP9G7.Exact,,,,,N.SP.Q22026.Notebooks.MSFTXBGP.B0FNXRP9G7,AG.B0FNXRP9G7.Exact,,,,enabled,,,,,1.50,best acer gaming laptop 2025,,exact,,,,,,,,,,,,,,,,
Sponsored Products,Keyword,Create,N.SP.Q22026.Notebooks.MSFTXBGP.B0FNXRP9G7,AG.B0FNXRP9G7.Exact,,,,,N.SP.Q22026.Notebooks.MSFTXBGP.B0FNXRP9G7,AG.B0FNXRP9G7.Exact,,,,enabled,,,,,1.50,acer gaming laptop under 1500,,exact,,,,,,,,,,,,,,,,
Sponsored Products,Campaign,Create,,,,,,,N.SP.Q22026.Notebooks.MSFTXBGP.B0FKPQNGC8,,04/01/2026,06/30/2026,Manual,paused,88.13,,,,,,,,Dynamic bids - down only,,,,,,,,,,,,,,,
Sponsored Products,Ad Group,Create,N.SP.Q22026.Notebooks.MSFTXBGP.B0FKPQNGC8,,,,,,N.SP.Q22026.Notebooks.MSFTXBGP.B0FKPQNGC8,AG.B0FKPQNGC8.Broad,,,,enabled,,,,0.75,,,,,,,,,,,,,,,,,,,,
Sponsored Products,Product Ad,Create,N.SP.Q22026.Notebooks.MSFTXBGP.B0FKPQNGC8,AG.B0FKPQNGC8.Broad,,,,,N.SP.Q22026.Notebooks.MSFTXBGP.B0FKPQNGC8,AG.B0FKPQNGC8.Broad,,,,enabled,,,B0FKPQNGC8,,,,,,,,,,,,,,,,,,,,,
Sponsored Products,Keyword,Create,N.SP.Q22026.Notebooks.MSFTXBGP.B0FKPQNGC8,AG.B0FKPQNGC8.Broad,,,,,N.SP.Q22026.Notebooks.MSFTXBGP.B0FKPQNGC8,AG.B0FKPQNGC8.Broad,,,,enabled,,,,,0.75,acer nitro v 16 rtx 5070,,broad,,,,,,,,,,,,,,,,
Sponsored Products,Keyword,Create,N.SP.Q22026.Notebooks.MSFTXBGP.B0FKPQNGC8,AG.B0FKPQNGC8.Broad,,,,,N.SP.Q22026.Notebooks.MSFTXBGP.B0FKPQNGC8,AG.B0FKPQNGC8.Broad,,,,enabled,,,,,0.75,intel core 9 270h gaming laptop,,broad,,,,,,,,,,,,,,,,
Sponsored Products,Keyword,Create,N.SP.Q22026.Notebooks.MSFTXBGP.B0FKPQNGC8,AG.B0FKPQNGC8.Broad,,,,,N.SP.Q22026.Notebooks.MSFTXBGP.B0FKPQNGC8,AG.B0FKPQNGC8.Broad,,,,enabled,,,,,0.75,acer nitro v 16 anv16 72,,broad,,,,,,,,,,,,,,,,
Sponsored Products,Keyword,Create,N.SP.Q22026.Notebooks.MSFTXBGP.B0FKPQNGC8,AG.B0FKPQNGC8.Broad,,,,,N.SP.Q22026.Notebooks.MSFTXBGP.B0FKPQNGC8,AG.B0FKPQNGC8.Broad,,,,enabled,,,,,0.75,gaming laptop rtx 5070 16 inch,,broad,,,,,,,,,,,,,,,,
Sponsored Products,Keyword,Create,N.SP.Q22026.Notebooks.MSFTXBGP.B0FKPQNGC8,AG.B0FKPQNGC8.Broad,,,,,N.SP.Q22026.Notebooks.MSFTXBGP.B0FKPQNGC8,AG.B0FKPQNGC8.Broad,,,,enabled,,,,,0.75,acer nitro v intel core 9,,broad,,,,,,,,,,,,,,,,
Sponsored Products,Keyword,Create,N.SP.Q22026.Notebooks.MSFTXBGP.B0FKPQNGC8,AG.B0FKPQNGC8.Broad,,,,,N.SP.Q22026.Notebooks.MSFTXBGP.B0FKPQNGC8,AG.B0FKPQNGC8.Broad,,,,enabled,,,,,0.75,nitro v 16 rtx 5070 laptop 2025,,broad,,,,,,,,,,,,,,,,
Sponsored Products,Keyword,Create,N.SP.Q22026.Notebooks.MSFTXBGP.B0FKPQNGC8,AG.B0FKPQNGC8.Broad,,,,,N.SP.Q22026.Notebooks.MSFTXBGP.B0FKPQNGC8,AG.B0FKPQNGC8.Broad,,,,enabled,,,,,0.75,acer gaming laptop rtx 5070 16 inch,,broad,,,,,,,,,,,,,,,,
Sponsored Products,Keyword,Create,N.SP.Q22026.Notebooks.MSFTXBGP.B0FKPQNGC8,AG.B0FKPQNGC8.Broad,,,,,N.SP.Q22026.Notebooks.MSFTXBGP.B0FKPQNGC8,AG.B0FKPQNGC8.Broad,,,,enabled,,,,,0.75,best rtx 5070 laptop acer,,broad,,,,,,,,,,,,,,,,
Sponsored Products,Keyword,Create,N.SP.Q22026.Notebooks.MSFTXBGP.B0FKPQNGC8,AG.B0FKPQNGC8.Broad,,,,,N.SP.Q22026.Notebooks.MSFTXBGP.B0FKPQNGC8,AG.B0FKPQNGC8.Broad,,,,enabled,,,,,0.75,acer nitro v 16 inch core 9 270h,,broad,,,,,,,,,,,,,,,,
Sponsored Products,Keyword,Create,N.SP.Q22026.Notebooks.MSFTXBGP.B0FKPQNGC8,AG.B0FKPQNGC8.Broad,,,,,N.SP.Q22026.Notebooks.MSFTXBGP.B0FKPQNGC8,AG.B0FKPQNGC8.Broad,,,,enabled,,,,,0.75,acer nitro 16 rtx 5070 gaming,,broad,,,,,,,,,,,,,,,,
Sponsored Products,Ad Group,Create,N.SP.Q22026.Notebooks.MSFTXBGP.B0FKPQNGC8,,,,,,N.SP.Q22026.Notebooks.MSFTXBGP.B0FKPQNGC8,AG.B0FKPQNGC8.Phrase,,,,enabled,,,,1.00,,,,,,,,,,,,,,,,,,,,
Sponsored Products,Product Ad,Create,N.SP.Q22026.Notebooks.MSFTXBGP.B0FKPQNGC8,AG.B0FKPQNGC8.Phrase,,,,,N.SP.Q22026.Notebooks.MSFTXBGP.B0FKPQNGC8,AG.B0FKPQNGC8.Phrase,,,,enabled,,,B0FKPQNGC8,,,,,,,,,,,,,,,,,,,,,
Sponsored Products,Keyword,Create,N.SP.Q22026.Notebooks.MSFTXBGP.B0FKPQNGC8,AG.B0FKPQNGC8.Phrase,,,,,N.SP.Q22026.Notebooks.MSFTXBGP.B0FKPQNGC8,AG.B0FKPQNGC8.Phrase,,,,enabled,,,,,1.00,acer nitro v 16 rtx 5070,,phrase,,,,,,,,,,,,,,,,
Sponsored Products,Keyword,Create,N.SP.Q22026.Notebooks.MSFTXBGP.B0FKPQNGC8,AG.B0FKPQNGC8.Phrase,,,,,N.SP.Q22026.Notebooks.MSFTXBGP.B0FKPQNGC8,AG.B0FKPQNGC8.Phrase,,,,enabled,,,,,1.00,intel core 9 270h gaming laptop,,phrase,,,,,,,,,,,,,,,,
Sponsored Products,Keyword,Create,N.SP.Q22026.Notebooks.MSFTXBGP.B0FKPQNGC8,AG.B0FKPQNGC8.Phrase,,,,,N.SP.Q22026.Notebooks.MSFTXBGP.B0FKPQNGC8,AG.B0FKPQNGC8.Phrase,,,,enabled,,,,,1.00,acer nitro v 16 anv16 72,,phrase,,,,,,,,,,,,,,,,
Sponsored Products,Keyword,Create,N.SP.Q22026.Notebooks.MSFTXBGP.B0FKPQNGC8,AG.B0FKPQNGC8.Phrase,,,,,N.SP.Q22026.Notebooks.MSFTXBGP.B0FKPQNGC8,AG.B0FKPQNGC8.Phrase,,,,enabled,,,,,1.00,gaming laptop rtx 5070 16 inch,,phrase,,,,,,,,,,,,,,,,
Sponsored Products,Keyword,Create,N.SP.Q22026.Notebooks.MSFTXBGP.B0FKPQNGC8,AG.B0FKPQNGC8.Phrase,,,,,N.SP.Q22026.Notebooks.MSFTXBGP.B0FKPQNGC8,AG.B0FKPQNGC8.Phrase,,,,enabled,,,,,1.00,acer nitro v intel core 9,,phrase,,,,,,,,,,,,,,,,
Sponsored Products,Keyword,Create,N.SP.Q22026.Notebooks.MSFTXBGP.B0FKPQNGC8,AG.B0FKPQNGC8.Phrase,,,,,N.SP.Q22026.Notebooks.MSFTXBGP.B0FKPQNGC8,AG.B0FKPQNGC8.Phrase,,,,enabled,,,,,1.00,nitro v 16 rtx 5070 laptop 2025,,phrase,,,,,,,,,,,,,,,,
Sponsored Products,Keyword,Create,N.SP.Q22026.Notebooks.MSFTXBGP.B0FKPQNGC8,AG.B0FKPQNGC8.Phrase,,,,,N.SP.Q22026.Notebooks.MSFTXBGP.B0FKPQNGC8,AG.B0FKPQNGC8.Phrase,,,,enabled,,,,,1.00,acer gaming laptop rtx 5070 16 inch,,phrase,,,,,,,,,,,,,,,,
Sponsored Products,Keyword,Create,N.SP.Q22026.Notebooks.MSFTXBGP.B0FKPQNGC8,AG.B0FKPQNGC8.Phrase,,,,,N.SP.Q22026.Notebooks.MSFTXBGP.B0FKPQNGC8,AG.B0FKPQNGC8.Phrase,,,,enabled,,,,,1.00,best rtx 5070 laptop acer,,phrase,,,,,,,,,,,,,,,,
Sponsored Products,Keyword,Create,N.SP.Q22026.Notebooks.MSFTXBGP.B0FKPQNGC8,AG.B0FKPQNGC8.Phrase,,,,,N.SP.Q22026.Notebooks.MSFTXBGP.B0FKPQNGC8,AG.B0FKPQNGC8.Phrase,,,,enabled,,,,,1.00,acer nitro v 16 inch core 9 270h,,phrase,,,,,,,,,,,,,,,,
Sponsored Products,Keyword,Create,N.SP.Q22026.Notebooks.MSFTXBGP.B0FKPQNGC8,AG.B0FKPQNGC8.Phrase,,,,,N.SP.Q22026.Notebooks.MSFTXBGP.B0FKPQNGC8,AG.B0FKPQNGC8.Phrase,,,,enabled,,,,,1.00,acer nitro 16 rtx 5070 gaming,,phrase,,,,,,,,,,,,,,,,
Sponsored Products,Ad Group,Create,N.SP.Q22026.Notebooks.MSFTXBGP.B0FKPQNGC8,,,,,,N.SP.Q22026.Notebooks.MSFTXBGP.B0FKPQNGC8,AG.B0FKPQNGC8.Exact,,,,enabled,,,,1.50,,,,,,,,,,,,,,,,,,,,
Sponsored Products,Product Ad,Create,N.SP.Q22026.Notebooks.MSFTXBGP.B0FKPQNGC8,AG.B0FKPQNGC8.Exact,,,,,N.SP.Q22026.Notebooks.MSFTXBGP.B0FKPQNGC8,AG.B0FKPQNGC8.Exact,,,,enabled,,,B0FKPQNGC8,,,,,,,,,,,,,,,,,,,,,
Sponsored Products,Keyword,Create,N.SP.Q22026.Notebooks.MSFTXBGP.B0FKPQNGC8,AG.B0FKPQNGC8.Exact,,,,,N.SP.Q22026.Notebooks.MSFTXBGP.B0FKPQNGC8,AG.B0FKPQNGC8.Exact,,,,enabled,,,,,1.50,acer nitro v 16 rtx 5070,,exact,,,,,,,,,,,,,,,,
Sponsored Products,Keyword,Create,N.SP.Q22026.Notebooks.MSFTXBGP.B0FKPQNGC8,AG.B0FKPQNGC8.Exact,,,,,N.SP.Q22026.Notebooks.MSFTXBGP.B0FKPQNGC8,AG.B0FKPQNGC8.Exact,,,,enabled,,,,,1.50,intel core 9 270h gaming laptop,,exact,,,,,,,,,,,,,,,,
Sponsored Products,Keyword,Create,N.SP.Q22026.Notebooks.MSFTXBGP.B0FKPQNGC8,AG.B0FKPQNGC8.Exact,,,,,N.SP.Q22026.Notebooks.MSFTXBGP.B0FKPQNGC8,AG.B0FKPQNGC8.Exact,,,,enabled,,,,,1.50,acer nitro v 16 anv16 72,,exact,,,,,,,,,,,,,,,,
Sponsored Products,Keyword,Create,N.SP.Q22026.Notebooks.MSFTXBGP.B0FKPQNGC8,AG.B0FKPQNGC8.Exact,,,,,N.SP.Q22026.Notebooks.MSFTXBGP.B0FKPQNGC8,AG.B0FKPQNGC8.Exact,,,,enabled,,,,,1.50,gaming laptop rtx 5070 16 inch,,exact,,,,,,,,,,,,,,,,
Sponsored Products,Keyword,Create,N.SP.Q22026.Notebooks.MSFTXBGP.B0FKPQNGC8,AG.B0FKPQNGC8.Exact,,,,,N.SP.Q22026.Notebooks.MSFTXBGP.B0FKPQNGC8,AG.B0FKPQNGC8.Exact,,,,enabled,,,,,1.50,acer nitro v intel core 9,,exact,,,,,,,,,,,,,,,,
Sponsored Products,Keyword,Create,N.SP.Q22026.Notebooks.MSFTXBGP.B0FKPQNGC8,AG.B0FKPQNGC8.Exact,,,,,N.SP.Q22026.Notebooks.MSFTXBGP.B0FKPQNGC8,AG.B0FKPQNGC8.Exact,,,,enabled,,,,,1.50,nitro v 16 rtx 5070 laptop 2025,,exact,,,,,,,,,,,,,,,,
Sponsored Products,Keyword,Create,N.SP.Q22026.Notebooks.MSFTXBGP.B0FKPQNGC8,AG.B0FKPQNGC8.Exact,,,,,N.SP.Q22026.Notebooks.MSFTXBGP.B0FKPQNGC8,AG.B0FKPQNGC8.Exact,,,,enabled,,,,,1.50,acer gaming laptop rtx 5070 16 inch,,exact,,,,,,,,,,,,,,,,
Sponsored Products,Keyword,Create,N.SP.Q22026.Notebooks.MSFTXBGP.B0FKPQNGC8,AG.B0FKPQNGC8.Exact,,,,,N.SP.Q22026.Notebooks.MSFTXBGP.B0FKPQNGC8,AG.B0FKPQNGC8.Exact,,,,enabled,,,,,1.50,best rtx 5070 laptop acer,,exact,,,,,,,,,,,,,,,,
Sponsored Products,Keyword,Create,N.SP.Q22026.Notebooks.MSFTXBGP.B0FKPQNGC8,AG.B0FKPQNGC8.Exact,,,,,N.SP.Q22026.Notebooks.MSFTXBGP.B0FKPQNGC8,AG.B0FKPQNGC8.Exact,,,,enabled,,,,,1.50,acer nitro v 16 inch core 9 270h,,exact,,,,,,,,,,,,,,,,
Sponsored Products,Keyword,Create,N.SP.Q22026.Notebooks.MSFTXBGP.B0FKPQNGC8,AG.B0FKPQNGC8.Exact,,,,,N.SP.Q22026.Notebooks.MSFTXBGP.B0FKPQNGC8,AG.B0FKPQNGC8.Exact,,,,enabled,,,,,1.50,acer nitro 16 rtx 5070 gaming,,exact,,,,,,,,,,,,,,,,
Sponsored Products,Campaign,Create,,,,,,,N.SP.Q22026.Notebooks.MSFTXBGP.B0FS87YX83,,04/01/2026,06/30/2026,Manual,paused,97.92,,,,,,,,Dynamic bids - down only,,,,,,,,,,,,,,,
Sponsored Products,Ad Group,Create,N.SP.Q22026.Notebooks.MSFTXBGP.B0FS87YX83,,,,,,N.SP.Q22026.Notebooks.MSFTXBGP.B0FS87YX83,AG.B0FS87YX83.Broad,,,,enabled,,,,0.75,,,,,,,,,,,,,,,,,,,,
Sponsored Products,Product Ad,Create,N.SP.Q22026.Notebooks.MSFTXBGP.B0FS87YX83,AG.B0FS87YX83.Broad,,,,,N.SP.Q22026.Notebooks.MSFTXBGP.B0FS87YX83,AG.B0FS87YX83.Broad,,,,enabled,,,B0FS87YX83,,,,,,,,,,,,,,,,,,,,,
Sponsored Products,Keyword,Create,N.SP.Q22026.Notebooks.MSFTXBGP.B0FS87YX83,AG.B0FS87YX83.Broad,,,,,N.SP.Q22026.Notebooks.MSFTXBGP.B0FS87YX83,AG.B0FS87YX83.Broad,,,,enabled,,,,,0.75,acer nitro v gaming laptop intel,,broad,,,,,,,,,,,,,,,,
Sponsored Products,Keyword,Create,N.SP.Q22026.Notebooks.MSFTXBGP.B0FS87YX83,AG.B0FS87YX83.Broad,,,,,N.SP.Q22026.Notebooks.MSFTXBGP.B0FS87YX83,AG.B0FS87YX83.Broad,,,,enabled,,,,,0.75,acer gaming laptop rtx 5070 2025,,broad,,,,,,,,,,,,,,,,
Sponsored Products,Keyword,Create,N.SP.Q22026.Notebooks.MSFTXBGP.B0FS87YX83,AG.B0FS87YX83.Broad,,,,,N.SP.Q22026.Notebooks.MSFTXBGP.B0FS87YX83,AG.B0FS87YX83.Broad,,,,enabled,,,,,0.75,nitro v gaming laptop 16 inch,,broad,,,,,,,,,,,,,,,,
Sponsored Products,Keyword,Create,N.SP.Q22026.Notebooks.MSFTXBGP.B0FS87YX83,AG.B0FS87YX83.Broad,,,,,N.SP.Q22026.Notebooks.MSFTXBGP.B0FS87YX83,AG.B0FS87YX83.Broad,,,,enabled,,,,,0.75,acer nitro high performance laptop,,broad,,,,,,,,,,,,,,,,
Sponsored Products,Keyword,Create,N.SP.Q22026.Notebooks.MSFTXBGP.B0FS87YX83,AG.B0FS87YX83.Broad,,,,,N.SP.Q22026.Notebooks.MSFTXBGP.B0FS87YX83,AG.B0FS87YX83.Broad,,,,enabled,,,,,0.75,gaming laptop 144hz rtx 5070,,broad,,,,,,,,,,,,,,,,
Sponsored Products,Keyword,Create,N.SP.Q22026.Notebooks.MSFTXBGP.B0FS87YX83,AG.B0FS87YX83.Broad,,,,,N.SP.Q22026.Notebooks.MSFTXBGP.B0FS87YX83,AG.B0FS87YX83.Broad,,,,enabled,,,,,0.75,acer nitro v anv16 laptop,,broad,,,,,,,,,,,,,,,,
Sponsored Products,Keyword,Create,N.SP.Q22026.Notebooks.MSFTXBGP.B0FS87YX83,AG.B0FS87YX83.Broad,,,,,N.SP.Q22026.Notebooks.MSFTXBGP.B0FS87YX83,AG.B0FS87YX83.Broad,,,,enabled,,,,,0.75,best gaming laptop under 1200,,broad,,,,,,,,,,,,,,,,
Sponsored Products,Keyword,Create,N.SP.Q22026.Notebooks.MSFTXBGP.B0FS87YX83,AG.B0FS87YX83.Broad,,,,,N.SP.Q22026.Notebooks.MSFTXBGP.B0FS87YX83,AG.B0FS87YX83.Broad,,,,enabled,,,,,0.75,acer nitro v 16 inch rtx laptop,,broad,,,,,,,,,,,,,,,,
Sponsored Products,Keyword,Create,N.SP.Q22026.Notebooks.MSFTXBGP.B0FS87YX83,AG.B0FS87YX83.Broad,,,,,N.SP.Q22026.Notebooks.MSFTXBGP.B0FS87YX83,AG.B0FS87YX83.Broad,,,,enabled,,,,,0.75,rtx 5070 gaming laptop acer nitro,,broad,,,,,,,,,,,,,,,,
Sponsored Products,Keyword,Create,N.SP.Q22026.Notebooks.MSFTXBGP.B0FS87YX83,AG.B0FS87YX83.Broad,,,,,N.SP.Q22026.Notebooks.MSFTXBGP.B0FS87YX83,AG.B0FS87YX83.Broad,,,,enabled,,,,,0.75,acer laptop intel rtx 2025,,broad,,,,,,,,,,,,,,,,
Sponsored Products,Ad Group,Create,N.SP.Q22026.Notebooks.MSFTXBGP.B0FS87YX83,,,,,,N.SP.Q22026.Notebooks.MSFTXBGP.B0FS87YX83,AG.B0FS87YX83.Phrase,,,,enabled,,,,1.00,,,,,,,,,,,,,,,,,,,,
Sponsored Products,Product Ad,Create,N.SP.Q22026.Notebooks.MSFTXBGP.B0FS87YX83,AG.B0FS87YX83.Phrase,,,,,N.SP.Q22026.Notebooks.MSFTXBGP.B0FS87YX83,AG.B0FS87YX83.Phrase,,,,enabled,,,B0FS87YX83,,,,,,,,,,,,,,,,,,,,,
Sponsored Products,Keyword,Create,N.SP.Q22026.Notebooks.MSFTXBGP.B0FS87YX83,AG.B0FS87YX83.Phrase,,,,,N.SP.Q22026.Notebooks.MSFTXBGP.B0FS87YX83,AG.B0FS87YX83.Phrase,,,,enabled,,,,,1.00,acer nitro v gaming laptop intel,,phrase,,,,,,,,,,,,,,,,
Sponsored Products,Keyword,Create,N.SP.Q22026.Notebooks.MSFTXBGP.B0FS87YX83,AG.B0FS87YX83.Phrase,,,,,N.SP.Q22026.Notebooks.MSFTXBGP.B0FS87YX83,AG.B0FS87YX83.Phrase,,,,enabled,,,,,1.00,acer gaming laptop rtx 5070 2025,,phrase,,,,,,,,,,,,,,,,
Sponsored Products,Keyword,Create,N.SP.Q22026.Notebooks.MSFTXBGP.B0FS87YX83,AG.B0FS87YX83.Phrase,,,,,N.SP.Q22026.Notebooks.MSFTXBGP.B0FS87YX83,AG.B0FS87YX83.Phrase,,,,enabled,,,,,1.00,nitro v gaming laptop 16 inch,,phrase,,,,,,,,,,,,,,,,
Sponsored Products,Keyword,Create,N.SP.Q22026.Notebooks.MSFTXBGP.B0FS87YX83,AG.B0FS87YX83.Phrase,,,,,N.SP.Q22026.Notebooks.MSFTXBGP.B0FS87YX83,AG.B0FS87YX83.Phrase,,,,enabled,,,,,1.00,acer nitro high performance laptop,,phrase,,,,,,,,,,,,,,,,
Sponsored Products,Keyword,Create,N.SP.Q22026.Notebooks.MSFTXBGP.B0FS87YX83,AG.B0FS87YX83.Phrase,,,,,N.SP.Q22026.Notebooks.MSFTXBGP.B0FS87YX83,AG.B0FS87YX83.Phrase,,,,enabled,,,,,1.00,gaming laptop 144hz rtx 5070,,phrase,,,,,,,,,,,,,,,,
Sponsored Products,Keyword,Create,N.SP.Q22026.Notebooks.MSFTXBGP.B0FS87YX83,AG.B0FS87YX83.Phrase,,,,,N.SP.Q22026.Notebooks.MSFTXBGP.B0FS87YX83,AG.B0FS87YX83.Phrase,,,,enabled,,,,,1.00,acer nitro v anv16 laptop,,phrase,,,,,,,,,,,,,,,,
Sponsored Products,Keyword,Create,N.SP.Q22026.Notebooks.MSFTXBGP.B0FS87YX83,AG.B0FS87YX83.Phrase,,,,,N.SP.Q22026.Notebooks.MSFTXBGP.B0FS87YX83,AG.B0FS87YX83.Phrase,,,,enabled,,,,,1.00,best gaming laptop under 1200,,phrase,,,,,,,,,,,,,,,,
Sponsored Products,Keyword,Create,N.SP.Q22026.Notebooks.MSFTXBGP.B0FS87YX83,AG.B0FS87YX83.Phrase,,,,,N.SP.Q22026.Notebooks.MSFTXBGP.B0FS87YX83,AG.B0FS87YX83.Phrase,,,,enabled,,,,,1.00,acer nitro v 16 inch rtx laptop,,phrase,,,,,,,,,,,,,,,,
Sponsored Products,Keyword,Create,N.SP.Q22026.Notebooks.MSFTXBGP.B0FS87YX83,AG.B0FS87YX83.Phrase,,,,,N.SP.Q22026.Notebooks.MSFTXBGP.B0FS87YX83,AG.B0FS87YX83.Phrase,,,,enabled,,,,,1.00,rtx 5070 gaming laptop acer nitro,,phrase,,,,,,,,,,,,,,,,
Sponsored Products,Keyword,Create,N.SP.Q22026.Notebooks.MSFTXBGP.B0FS87YX83,AG.B0FS87YX83.Phrase,,,,,N.SP.Q22026.Notebooks.MSFTXBGP.B0FS87YX83,AG.B0FS87YX83.Phrase,,,,enabled,,,,,1.00,acer laptop intel rtx 2025,,phrase,,,,,,,,,,,,,,,,
Sponsored Products,Ad Group,Create,N.SP.Q22026.Notebooks.MSFTXBGP.B0FS87YX83,,,,,,N.SP.Q22026.Notebooks.MSFTXBGP.B0FS87YX83,AG.B0FS87YX83.Exact,,,,enabled,,,,1.50,,,,,,,,,,,,,,,,,,,,
Sponsored Products,Product Ad,Create,N.SP.Q22026.Notebooks.MSFTXBGP.B0FS87YX83,AG.B0FS87YX83.Exact,,,,,N.SP.Q22026.Notebooks.MSFTXBGP.B0FS87YX83,AG.B0FS87YX83.Exact,,,,enabled,,,B0FS87YX83,,,,,,,,,,,,,,,,,,,,,
Sponsored Products,Keyword,Create,N.SP.Q22026.Notebooks.MSFTXBGP.B0FS87YX83,AG.B0FS87YX83.Exact,,,,,N.SP.Q22026.Notebooks.MSFTXBGP.B0FS87YX83,AG.B0FS87YX83.Exact,,,,enabled,,,,,1.50,acer nitro v gaming laptop intel,,exact,,,,,,,,,,,,,,,,
Sponsored Products,Keyword,Create,N.SP.Q22026.Notebooks.MSFTXBGP.B0FS87YX83,AG.B0FS87YX83.Exact,,,,,N.SP.Q22026.Notebooks.MSFTXBGP.B0FS87YX83,AG.B0FS87YX83.Exact,,,,enabled,,,,,1.50,acer gaming laptop rtx 5070 2025,,exact,,,,,,,,,,,,,,,,
Sponsored Products,Keyword,Create,N.SP.Q22026.Notebooks.MSFTXBGP.B0FS87YX83,AG.B0FS87YX83.Exact,,,,,N.SP.Q22026.Notebooks.MSFTXBGP.B0FS87YX83,AG.B0FS87YX83.Exact,,,,enabled,,,,,1.50,nitro v gaming laptop 16 inch,,exact,,,,,,,,,,,,,,,,
Sponsored Products,Keyword,Create,N.SP.Q22026.Notebooks.MSFTXBGP.B0FS87YX83,AG.B0FS87YX83.Exact,,,,,N.SP.Q22026.Notebooks.MSFTXBGP.B0FS87YX83,AG.B0FS87YX83.Exact,,,,enabled,,,,,1.50,acer nitro high performance laptop,,exact,,,,,,,,,,,,,,,,
Sponsored Products,Keyword,Create,N.SP.Q22026.Notebooks.MSFTXBGP.B0FS87YX83,AG.B0FS87YX83.Exact,,,,,N.SP.Q22026.Notebooks.MSFTXBGP.B0FS87YX83,AG.B0FS87YX83.Exact,,,,enabled,,,,,1.50,gaming laptop 144hz rtx 5070,,exact,,,,,,,,,,,,,,,,
Sponsored Products,Keyword,Create,N.SP.Q22026.Notebooks.MSFTXBGP.B0FS87YX83,AG.B0FS87YX83.Exact,,,,,N.SP.Q22026.Notebooks.MSFTXBGP.B0FS87YX83,AG.B0FS87YX83.Exact,,,,enabled,,,,,1.50,acer nitro v anv16 laptop,,exact,,,,,,,,,,,,,,,,
Sponsored Products,Keyword,Create,N.SP.Q22026.Notebooks.MSFTXBGP.B0FS87YX83,AG.B0FS87YX83.Exact,,,,,N.SP.Q22026.Notebooks.MSFTXBGP.B0FS87YX83,AG.B0FS87YX83.Exact,,,,enabled,,,,,1.50,best gaming laptop under 1200,,exact,,,,,,,,,,,,,,,,
Sponsored Products,Keyword,Create,N.SP.Q22026.Notebooks.MSFTXBGP.B0FS87YX83,AG.B0FS87YX83.Exact,,,,,N.SP.Q22026.Notebooks.MSFTXBGP.B0FS87YX83,AG.B0FS87YX83.Exact,,,,enabled,,,,,1.50,acer nitro v 16 inch rtx laptop,,exact,,,,,,,,,,,,,,,,
Sponsored Products,Keyword,Create,N.SP.Q22026.Notebooks.MSFTXBGP.B0FS87YX83,AG.B0FS87YX83.Exact,,,,,N.SP.Q22026.Notebooks.MSFTXBGP.B0FS87YX83,AG.B0FS87YX83.Exact,,,,enabled,,,,,1.50,rtx 5070 gaming laptop acer nitro,,exact,,,,,,,,,,,,,,,,
Sponsored Products,Keyword,Create,N.SP.Q22026.Notebooks.MSFTXBGP.B0FS87YX83,AG.B0FS87YX83.Exact,,,,,N.SP.Q22026.Notebooks.MSFTXBGP.B0FS87YX83,AG.B0FS87YX83.Exact,,,,enabled,,,,,1.50,acer laptop intel rtx 2025,,exact,,,,,,,,,,,,,,,,
Sponsored Products,Campaign,Create,,,,,,,N.SP.Q22026.Notebooks.MSFTXBGP.B0FN15LKGD,,04/01/2026,06/30/2026,Manual,paused,215.43,,,,,,,,Dynamic bids - down only,,,,,,,,,,,,,,,
Sponsored Products,Ad Group,Create,N.SP.Q22026.Notebooks.MSFTXBGP.B0FN15LKGD,,,,,,N.SP.Q22026.Notebooks.MSFTXBGP.B0FN15LKGD,AG.B0FN15LKGD.Broad,,,,enabled,,,,0.75,,,,,,,,,,,,,,,,,,,,
Sponsored Products,Product Ad,Create,N.SP.Q22026.Notebooks.MSFTXBGP.B0FN15LKGD,AG.B0FN15LKGD.Broad,,,,,N.SP.Q22026.Notebooks.MSFTXBGP.B0FN15LKGD,AG.B0FN15LKGD.Broad,,,,enabled,,,B0FN15LKGD,,,,,,,,,,,,,,,,,,,,,
Sponsored Products,Keyword,Create,N.SP.Q22026.Notebooks.MSFTXBGP.B0FN15LKGD,AG.B0FN15LKGD.Broad,,,,,N.SP.Q22026.Notebooks.MSFTXBGP.B0FN15LKGD,AG.B0FN15LKGD.Broad,,,,enabled,,,,,0.75,acer predator helios neo 16 ai,,broad,,,,,,,,,,,,,,,,
Sponsored Products,Keyword,Create,N.SP.Q22026.Notebooks.MSFTXBGP.B0FN15LKGD,AG.B0FN15LKGD.Broad,,,,,N.SP.Q22026.Notebooks.MSFTXBGP.B0FN15LKGD,AG.B0FN15LKGD.Broad,,,,enabled,,,,,0.75,predator helios neo rtx 5070 ti,,broad,,,,,,,,,,,,,,,,
Sponsored Products,Keyword,Create,N.SP.Q22026.Notebooks.MSFTXBGP.B0FN15LKGD,AG.B0FN15LKGD.Broad,,,,,N.SP.Q22026.Notebooks.MSFTXBGP.B0FN15LKGD,AG.B0FN15LKGD.Broad,,,,enabled,,,,,0.75,intel core ultra 9 275hx gaming laptop,,broad,,,,,,,,,,,,,,,,
Sponsored Products,Keyword,Create,N.SP.Q22026.Notebooks.MSFTXBGP.B0FN15LKGD,AG.B0FN15LKGD.Broad,,,,,N.SP.Q22026.Notebooks.MSFTXBGP.B0FN15LKGD,AG.B0FN15LKGD.Broad,,,,enabled,,,,,0.75,acer predator helios neo 240hz,,broad,,,,,,,,,,,,,,,,
Sponsored Products,Keyword,Create,N.SP.Q22026.Notebooks.MSFTXBGP.B0FN15LKGD,AG.B0FN15LKGD.Broad,,,,,N.SP.Q22026.Notebooks.MSFTXBGP.B0FN15LKGD,AG.B0FN15LKGD.Broad,,,,enabled,,,,,0.75,predator helios neo 16 wqxga,,broad,,,,,,,,,,,,,,,,
Sponsored Products,Keyword,Create,N.SP.Q22026.Notebooks.MSFTXBGP.B0FN15LKGD,AG.B0FN15LKGD.Broad,,,,,N.SP.Q22026.Notebooks.MSFTXBGP.B0FN15LKGD,AG.B0FN15LKGD.Broad,,,,enabled,,,,,0.75,acer predator helios phn16 73,,broad,,,,,,,,,,,,,,,,
Sponsored Products,Keyword,Create,N.SP.Q22026.Notebooks.MSFTXBGP.B0FN15LKGD,AG.B0FN15LKGD.Broad,,,,,N.SP.Q22026.Notebooks.MSFTXBGP.B0FN15LKGD,AG.B0FN15LKGD.Broad,,,,enabled,,,,,0.75,best high end gaming laptop acer,,broad,,,,,,,,,,,,,,,,
Sponsored Products,Keyword,Create,N.SP.Q22026.Notebooks.MSFTXBGP.B0FN15LKGD,AG.B0FN15LKGD.Broad,,,,,N.SP.Q22026.Notebooks.MSFTXBGP.B0FN15LKGD,AG.B0FN15LKGD.Broad,,,,enabled,,,,,0.75,rtx 5070 ti gaming laptop,,broad,,,,,,,,,,,,,,,,
Sponsored Products,Keyword,Create,N.SP.Q22026.Notebooks.MSFTXBGP.B0FN15LKGD,AG.B0FN15LKGD.Broad,,,,,N.SP.Q22026.Notebooks.MSFTXBGP.B0FN15LKGD,AG.B0FN15LKGD.Broad,,,,enabled,,,,,0.75,acer predator laptop ultra 9 rtx 5070 ti,,broad,,,,,,,,,,,,,,,,
Sponsored Products,Keyword,Create,N.SP.Q22026.Notebooks.MSFTXBGP.B0FN15LKGD,AG.B0FN15LKGD.Broad,,,,,N.SP.Q22026.Notebooks.MSFTXBGP.B0FN15LKGD,AG.B0FN15LKGD.Broad,,,,enabled,,,,,0.75,g-sync gaming laptop 240hz acer,,broad,,,,,,,,,,,,,,,,
Sponsored Products,Ad Group,Create,N.SP.Q22026.Notebooks.MSFTXBGP.B0FN15LKGD,,,,,,N.SP.Q22026.Notebooks.MSFTXBGP.B0FN15LKGD,AG.B0FN15LKGD.Phrase,,,,enabled,,,,1.00,,,,,,,,,,,,,,,,,,,,
Sponsored Products,Product Ad,Create,N.SP.Q22026.Notebooks.MSFTXBGP.B0FN15LKGD,AG.B0FN15LKGD.Phrase,,,,,N.SP.Q22026.Notebooks.MSFTXBGP.B0FN15LKGD,AG.B0FN15LKGD.Phrase,,,,enabled,,,B0FN15LKGD,,,,,,,,,,,,,,,,,,,,,
Sponsored Products,Keyword,Create,N.SP.Q22026.Notebooks.MSFTXBGP.B0FN15LKGD,AG.B0FN15LKGD.Phrase,,,,,N.SP.Q22026.Notebooks.MSFTXBGP.B0FN15LKGD,AG.B0FN15LKGD.Phrase,,,,enabled,,,,,1.00,acer predator helios neo 16 ai,,phrase,,,,,,,,,,,,,,,,
Sponsored Products,Keyword,Create,N.SP.Q22026.Notebooks.MSFTXBGP.B0FN15LKGD,AG.B0FN15LKGD.Phrase,,,,,N.SP.Q22026.Notebooks.MSFTXBGP.B0FN15LKGD,AG.B0FN15LKGD.Phrase,,,,enabled,,,,,1.00,predator helios neo rtx 5070 ti,,phrase,,,,,,,,,,,,,,,,
Sponsored Products,Keyword,Create,N.SP.Q22026.Notebooks.MSFTXBGP.B0FN15LKGD,AG.B0FN15LKGD.Phrase,,,,,N.SP.Q22026.Notebooks.MSFTXBGP.B0FN15LKGD,AG.B0FN15LKGD.Phrase,,,,enabled,,,,,1.00,intel core ultra 9 275hx gaming laptop,,phrase,,,,,,,,,,,,,,,,
Sponsored Products,Keyword,Create,N.SP.Q22026.Notebooks.MSFTXBGP.B0FN15LKGD,AG.B0FN15LKGD.Phrase,,,,,N.SP.Q22026.Notebooks.MSFTXBGP.B0FN15LKGD,AG.B0FN15LKGD.Phrase,,,,enabled,,,,,1.00,acer predator helios neo 240hz,,phrase,,,,,,,,,,,,,,,,
Sponsored Products,Keyword,Create,N.SP.Q22026.Notebooks.MSFTXBGP.B0FN15LKGD,AG.B0FN15LKGD.Phrase,,,,,N.SP.Q22026.Notebooks.MSFTXBGP.B0FN15LKGD,AG.B0FN15LKGD.Phrase,,,,enabled,,,,,1.00,predator helios neo 16 wqxga,,phrase,,,,,,,,,,,,,,,,
Sponsored Products,Keyword,Create,N.SP.Q22026.Notebooks.MSFTXBGP.B0FN15LKGD,AG.B0FN15LKGD.Phrase,,,,,N.SP.Q22026.Notebooks.MSFTXBGP.B0FN15LKGD,AG.B0FN15LKGD.Phrase,,,,enabled,,,,,1.00,acer predator helios phn16 73,,phrase,,,,,,,,,,,,,,,,
Sponsored Products,Keyword,Create,N.SP.Q22026.Notebooks.MSFTXBGP.B0FN15LKGD,AG.B0FN15LKGD.Phrase,,,,,N.SP.Q22026.Notebooks.MSFTXBGP.B0FN15LKGD,AG.B0FN15LKGD.Phrase,,,,enabled,,,,,1.00,best high end gaming laptop acer,,phrase,,,,,,,,,,,,,,,,
Sponsored Products,Keyword,Create,N.SP.Q22026.Notebooks.MSFTXBGP.B0FN15LKGD,AG.B0FN15LKGD.Phrase,,,,,N.SP.Q22026.Notebooks.MSFTXBGP.B0FN15LKGD,AG.B0FN15LKGD.Phrase,,,,enabled,,,,,1.00,rtx 5070 ti gaming laptop,,phrase,,,,,,,,,,,,,,,,
Sponsored Products,Keyword,Create,N.SP.Q22026.Notebooks.MSFTXBGP.B0FN15LKGD,AG.B0FN15LKGD.Phrase,,,,,N.SP.Q22026.Notebooks.MSFTXBGP.B0FN15LKGD,AG.B0FN15LKGD.Phrase,,,,enabled,,,,,1.00,acer predator laptop ultra 9 rtx 5070 ti,,phrase,,,,,,,,,,,,,,,,
Sponsored Products,Keyword,Create,N.SP.Q22026.Notebooks.MSFTXBGP.B0FN15LKGD,AG.B0FN15LKGD.Phrase,,,,,N.SP.Q22026.Notebooks.MSFTXBGP.B0FN15LKGD,AG.B0FN15LKGD.Phrase,,,,enabled,,,,,1.00,g-sync gaming laptop 240hz acer,,phrase,,,,,,,,,,,,,,,,
Sponsored Products,Ad Group,Create,N.SP.Q22026.Notebooks.MSFTXBGP.B0FN15LKGD,,,,,,N.SP.Q22026.Notebooks.MSFTXBGP.B0FN15LKGD,AG.B0FN15LKGD.Exact,,,,enabled,,,,1.50,,,,,,,,,,,,,,,,,,,,
Sponsored Products,Product Ad,Create,N.SP.Q22026.Notebooks.MSFTXBGP.B0FN15LKGD,AG.B0FN15LKGD.Exact,,,,,N.SP.Q22026.Notebooks.MSFTXBGP.B0FN15LKGD,AG.B0FN15LKGD.Exact,,,,enabled,,,B0FN15LKGD,,,,,,,,,,,,,,,,,,,,,
Sponsored Products,Keyword,Create,N.SP.Q22026.Notebooks.MSFTXBGP.B0FN15LKGD,AG.B0FN15LKGD.Exact,,,,,N.SP.Q22026.Notebooks.MSFTXBGP.B0FN15LKGD,AG.B0FN15LKGD.Exact,,,,enabled,,,,,1.50,acer predator helios neo 16 ai,,exact,,,,,,,,,,,,,,,,
Sponsored Products,Keyword,Create,N.SP.Q22026.Notebooks.MSFTXBGP.B0FN15LKGD,AG.B0FN15LKGD.Exact,,,,,N.SP.Q22026.Notebooks.MSFTXBGP.B0FN15LKGD,AG.B0FN15LKGD.Exact,,,,enabled,,,,,1.50,predator helios neo rtx 5070 ti,,exact,,,,,,,,,,,,,,,,
Sponsored Products,Keyword,Create,N.SP.Q22026.Notebooks.MSFTXBGP.B0FN15LKGD,AG.B0FN15LKGD.Exact,,,,,N.SP.Q22026.Notebooks.MSFTXBGP.B0FN15LKGD,AG.B0FN15LKGD.Exact,,,,enabled,,,,,1.50,intel core ultra 9 275hx gaming laptop,,exact,,,,,,,,,,,,,,,,
Sponsored Products,Keyword,Create,N.SP.Q22026.Notebooks.MSFTXBGP.B0FN15LKGD,AG.B0FN15LKGD.Exact,,,,,N.SP.Q22026.Notebooks.MSFTXBGP.B0FN15LKGD,AG.B0FN15LKGD.Exact,,,,enabled,,,,,1.50,acer predator helios neo 240hz,,exact,,,,,,,,,,,,,,,,
Sponsored Products,Keyword,Create,N.SP.Q22026.Notebooks.MSFTXBGP.B0FN15LKGD,AG.B0FN15LKGD.Exact,,,,,N.SP.Q22026.Notebooks.MSFTXBGP.B0FN15LKGD,AG.B0FN15LKGD.Exact,,,,enabled,,,,,1.50,predator helios neo 16 wqxga,,exact,,,,,,,,,,,,,,,,
Sponsored Products,Keyword,Create,N.SP.Q22026.Notebooks.MSFTXBGP.B0FN15LKGD,AG.B0FN15LKGD.Exact,,,,,N.SP.Q22026.Notebooks.MSFTXBGP.B0FN15LKGD,AG.B0FN15LKGD.Exact,,,,enabled,,,,,1.50,acer predator helios phn16 73,,exact,,,,,,,,,,,,,,,,
Sponsored Products,Keyword,Create,N.SP.Q22026.Notebooks.MSFTXBGP.B0FN15LKGD,AG.B0FN15LKGD.Exact,,,,,N.SP.Q22026.Notebooks.MSFTXBGP.B0FN15LKGD,AG.B0FN15LKGD.Exact,,,,enabled,,,,,1.50,best high end gaming laptop acer,,exact,,,,,,,,,,,,,,,,
Sponsored Products,Keyword,Create,N.SP.Q22026.Notebooks.MSFTXBGP.B0FN15LKGD,AG.B0FN15LKGD.Exact,,,,,N.SP.Q22026.Notebooks.MSFTXBGP.B0FN15LKGD,AG.B0FN15LKGD.Exact,,,,enabled,,,,,1.50,rtx 5070 ti gaming laptop,,exact,,,,,,,,,,,,,,,,
Sponsored Products,Keyword,Create,N.SP.Q22026.Notebooks.MSFTXBGP.B0FN15LKGD,AG.B0FN15LKGD.Exact,,,,,N.SP.Q22026.Notebooks.MSFTXBGP.B0FN15LKGD,AG.B0FN15LKGD.Exact,,,,enabled,,,,,1.50,acer predator laptop ultra 9 rtx 5070 ti,,exact,,,,,,,,,,,,,,,,
Sponsored Products,Keyword,Create,N.SP.Q22026.Notebooks.MSFTXBGP.B0FN15LKGD,AG.B0FN15LKGD.Exact,,,,,N.SP.Q22026.Notebooks.MSFTXBGP.B0FN15LKGD,AG.B0FN15LKGD.Exact,,,,enabled,,,,,1.50,g-sync gaming laptop 240hz acer,,exact,,,,,,,,,,,,,,,,
Sponsored Products,Campaign,Create,,,,,,,N.SP.Q22026.Notebooks.MSFTXBGP.B0F5KTGDS9,,04/01/2026,05/30/2026,Manual,paused,742.57,,,,,,,,Dynamic bids - down only,,,,,,,,,,,,,,,
Sponsored Products,Ad Group,Create,N.SP.Q22026.Notebooks.MSFTXBGP.B0F5KTGDS9,,,,,,N.SP.Q22026.Notebooks.MSFTXBGP.B0F5KTGDS9,AG.B0F5KTGDS9.Broad,,,,enabled,,,,0.75,,,,,,,,,,,,,,,,,,,,
Sponsored Products,Product Ad,Create,N.SP.Q22026.Notebooks.MSFTXBGP.B0F5KTGDS9,AG.B0F5KTGDS9.Broad,,,,,N.SP.Q22026.Notebooks.MSFTXBGP.B0F5KTGDS9,AG.B0F5KTGDS9.Broad,,,,enabled,,,B0F5KTGDS9,,,,,,,,,,,,,,,,,,,,,
Sponsored Products,Keyword,Create,N.SP.Q22026.Notebooks.MSFTXBGP.B0F5KTGDS9,AG.B0F5KTGDS9.Broad,,,,,N.SP.Q22026.Notebooks.MSFTXBGP.B0F5KTGDS9,AG.B0F5KTGDS9.Broad,,,,enabled,,,,,0.75,acer predator helios neo 16s ai,,broad,,,,,,,,,,,,,,,,
Sponsored Products,Keyword,Create,N.SP.Q22026.Notebooks.MSFTXBGP.B0F5KTGDS9,AG.B0F5KTGDS9.Broad,,,,,N.SP.Q22026.Notebooks.MSFTXBGP.B0F5KTGDS9,AG.B0F5KTGDS9.Broad,,,,enabled,,,,,0.75,acer predator gaming laptop flagship,,broad,,,,,,,,,,,,,,,,
Sponsored Products,Keyword,Create,N.SP.Q22026.Notebooks.MSFTXBGP.B0F5KTGDS9,AG.B0F5KTGDS9.Broad,,,,,N.SP.Q22026.Notebooks.MSFTXBGP.B0F5KTGDS9,AG.B0F5KTGDS9.Broad,,,,enabled,,,,,0.75,predator helios neo 16s rtx 5080,,broad,,,,,,,,,,,,,,,,
Sponsored Products,Keyword,Create,N.SP.Q22026.Notebooks.MSFTXBGP.B0F5KTGDS9,AG.B0F5KTGDS9.Broad,,,,,N.SP.Q22026.Notebooks.MSFTXBGP.B0F5KTGDS9,AG.B0F5KTGDS9.Broad,,,,enabled,,,,,0.75,best gaming laptop 2025 acer predator,,broad,,,,,,,,,,,,,,,,
Sponsored Products,Keyword,Create,N.SP.Q22026.Notebooks.MSFTXBGP.B0F5KTGDS9,AG.B0F5KTGDS9.Broad,,,,,N.SP.Q22026.Notebooks.MSFTXBGP.B0F5KTGDS9,AG.B0F5KTGDS9.Broad,,,,enabled,,,,,0.75,acer predator helios 16s ai laptop,,broad,,,,,,,,,,,,,,,,
Sponsored Products,Keyword,Create,N.SP.Q22026.Notebooks.MSFTXBGP.B0F5KTGDS9,AG.B0F5KTGDS9.Broad,,,,,N.SP.Q22026.Notebooks.MSFTXBGP.B0F5KTGDS9,AG.B0F5KTGDS9.Broad,,,,enabled,,,,,0.75,high end gaming laptop 16 inch,,broad,,,,,,,,,,,,,,,,
Sponsored Products,Keyword,Create,N.SP.Q22026.Notebooks.MSFTXBGP.B0F5KTGDS9,AG.B0F5KTGDS9.Broad,,,,,N.SP.Q22026.Notebooks.MSFTXBGP.B0F5KTGDS9,AG.B0F5KTGDS9.Broad,,,,enabled,,,,,0.75,acer predator 4k gaming laptop,,broad,,,,,,,,,,,,,,,,
Sponsored Products,Keyword,Create,N.SP.Q22026.Notebooks.MSFTXBGP.B0F5KTGDS9,AG.B0F5KTGDS9.Broad,,,,,N.SP.Q22026.Notebooks.MSFTXBGP.B0F5KTGDS9,AG.B0F5KTGDS9.Broad,,,,enabled,,,,,0.75,predator helios neo ai gaming laptop,,broad,,,,,,,,,,,,,,,,
Sponsored Products,Keyword,Create,N.SP.Q22026.Notebooks.MSFTXBGP.B0F5KTGDS9,AG.B0F5KTGDS9.Broad,,,,,N.SP.Q22026.Notebooks.MSFTXBGP.B0F5KTGDS9,AG.B0F5KTGDS9.Broad,,,,enabled,,,,,0.75,acer gaming laptop over 2000,,broad,,,,,,,,,,,,,,,,
Sponsored Products,Keyword,Create,N.SP.Q22026.Notebooks.MSFTXBGP.B0F5KTGDS9,AG.B0F5KTGDS9.Broad,,,,,N.SP.Q22026.Notebooks.MSFTXBGP.B0F5KTGDS9,AG.B0F5KTGDS9.Broad,,,,enabled,,,,,0.75,rtx 5080 laptop acer predator,,broad,,,,,,,,,,,,,,,,
Sponsored Products,Ad Group,Create,N.SP.Q22026.Notebooks.MSFTXBGP.B0F5KTGDS9,,,,,,N.SP.Q22026.Notebooks.MSFTXBGP.B0F5KTGDS9,AG.B0F5KTGDS9.Phrase,,,,enabled,,,,1.00,,,,,,,,,,,,,,,,,,,,
Sponsored Products,Product Ad,Create,N.SP.Q22026.Notebooks.MSFTXBGP.B0F5KTGDS9,AG.B0F5KTGDS9.Phrase,,,,,N.SP.Q22026.Notebooks.MSFTXBGP.B0F5KTGDS9,AG.B0F5KTGDS9.Phrase,,,,enabled,,,B0F5KTGDS9,,,,,,,,,,,,,,,,,,,,,
Sponsored Products,Keyword,Create,N.SP.Q22026.Notebooks.MSFTXBGP.B0F5KTGDS9,AG.B0F5KTGDS9.Phrase,,,,,N.SP.Q22026.Notebooks.MSFTXBGP.B0F5KTGDS9,AG.B0F5KTGDS9.Phrase,,,,enabled,,,,,1.00,acer predator helios neo 16s ai,,phrase,,,,,,,,,,,,,,,,
Sponsored Products,Keyword,Create,N.SP.Q22026.Notebooks.MSFTXBGP.B0F5KTGDS9,AG.B0F5KTGDS9.Phrase,,,,,N.SP.Q22026.Notebooks.MSFTXBGP.B0F5KTGDS9,AG.B0F5KTGDS9.Phrase,,,,enabled,,,,,1.00,acer predator gaming laptop flagship,,phrase,,,,,,,,,,,,,,,,
Sponsored Products,Keyword,Create,N.SP.Q22026.Notebooks.MSFTXBGP.B0F5KTGDS9,AG.B0F5KTGDS9.Phrase,,,,,N.SP.Q22026.Notebooks.MSFTXBGP.B0F5KTGDS9,AG.B0F5KTGDS9.Phrase,,,,enabled,,,,,1.00,predator helios neo 16s rtx 5080,,phrase,,,,,,,,,,,,,,,,
Sponsored Products,Keyword,Create,N.SP.Q22026.Notebooks.MSFTXBGP.B0F5KTGDS9,AG.B0F5KTGDS9.Phrase,,,,,N.SP.Q22026.Notebooks.MSFTXBGP.B0F5KTGDS9,AG.B0F5KTGDS9.Phrase,,,,enabled,,,,,1.00,best gaming laptop 2025 acer predator,,phrase,,,,,,,,,,,,,,,,
Sponsored Products,Keyword,Create,N.SP.Q22026.Notebooks.MSFTXBGP.B0F5KTGDS9,AG.B0F5KTGDS9.Phrase,,,,,N.SP.Q22026.Notebooks.MSFTXBGP.B0F5KTGDS9,AG.B0F5KTGDS9.Phrase,,,,enabled,,,,,1.00,acer predator helios 16s ai laptop,,phrase,,,,,,,,,,,,,,,,
Sponsored Products,Keyword,Create,N.SP.Q22026.Notebooks.MSFTXBGP.B0F5KTGDS9,AG.B0F5KTGDS9.Phrase,,,,,N.SP.Q22026.Notebooks.MSFTXBGP.B0F5KTGDS9,AG.B0F5KTGDS9.Phrase,,,,enabled,,,,,1.00,high end gaming laptop 16 inch,,phrase,,,,,,,,,,,,,,,,
Sponsored Products,Keyword,Create,N.SP.Q22026.Notebooks.MSFTXBGP.B0F5KTGDS9,AG.B0F5KTGDS9.Phrase,,,,,N.SP.Q22026.Notebooks.MSFTXBGP.B0F5KTGDS9,AG.B0F5KTGDS9.Phrase,,,,enabled,,,,,1.00,acer predator 4k gaming laptop,,phrase,,,,,,,,,,,,,,,,
Sponsored Products,Keyword,Create,N.SP.Q22026.Notebooks.MSFTXBGP.B0F5KTGDS9,AG.B0F5KTGDS9.Phrase,,,,,N.SP.Q22026.Notebooks.MSFTXBGP.B0F5KTGDS9,AG.B0F5KTGDS9.Phrase,,,,enabled,,,,,1.00,predator helios neo ai gaming laptop,,phrase,,,,,,,,,,,,,,,,
Sponsored Products,Keyword,Create,N.SP.Q22026.Notebooks.MSFTXBGP.B0F5KTGDS9,AG.B0F5KTGDS9.Phrase,,,,,N.SP.Q22026.Notebooks.MSFTXBGP.B0F5KTGDS9,AG.B0F5KTGDS9.Phrase,,,,enabled,,,,,1.00,acer gaming laptop over 2000,,phrase,,,,,,,,,,,,,,,,
Sponsored Products,Keyword,Create,N.SP.Q22026.Notebooks.MSFTXBGP.B0F5KTGDS9,AG.B0F5KTGDS9.Phrase,,,,,N.SP.Q22026.Notebooks.MSFTXBGP.B0F5KTGDS9,AG.B0F5KTGDS9.Phrase,,,,enabled,,,,,1.00,rtx 5080 laptop acer predator,,phrase,,,,,,,,,,,,,,,,
Sponsored Products,Ad Group,Create,N.SP.Q22026.Notebooks.MSFTXBGP.B0F5KTGDS9,,,,,,N.SP.Q22026.Notebooks.MSFTXBGP.B0F5KTGDS9,AG.B0F5KTGDS9.Exact,,,,enabled,,,,1.50,,,,,,,,,,,,,,,,,,,,
Sponsored Products,Product Ad,Create,N.SP.Q22026.Notebooks.MSFTXBGP.B0F5KTGDS9,AG.B0F5KTGDS9.Exact,,,,,N.SP.Q22026.Notebooks.MSFTXBGP.B0F5KTGDS9,AG.B0F5KTGDS9.Exact,,,,enabled,,,B0F5KTGDS9,,,,,,,,,,,,,,,,,,,,,
Sponsored Products,Keyword,Create,N.SP.Q22026.Notebooks.MSFTXBGP.B0F5KTGDS9,AG.B0F5KTGDS9.Exact,,,,,N.SP.Q22026.Notebooks.MSFTXBGP.B0F5KTGDS9,AG.B0F5KTGDS9.Exact,,,,enabled,,,,,1.50,acer predator helios neo 16s ai,,exact,,,,,,,,,,,,,,,,
Sponsored Products,Keyword,Create,N.SP.Q22026.Notebooks.MSFTXBGP.B0F5KTGDS9,AG.B0F5KTGDS9.Exact,,,,,N.SP.Q22026.Notebooks.MSFTXBGP.B0F5KTGDS9,AG.B0F5KTGDS9.Exact,,,,enabled,,,,,1.50,acer predator gaming laptop flagship,,exact,,,,,,,,,,,,,,,,
Sponsored Products,Keyword,Create,N.SP.Q22026.Notebooks.MSFTXBGP.B0F5KTGDS9,AG.B0F5KTGDS9.Exact,,,,,N.SP.Q22026.Notebooks.MSFTXBGP.B0F5KTGDS9,AG.B0F5KTGDS9.Exact,,,,enabled,,,,,1.50,predator helios neo 16s rtx 5080,,exact,,,,,,,,,,,,,,,,
Sponsored Products,Keyword,Create,N.SP.Q22026.Notebooks.MSFTXBGP.B0F5KTGDS9,AG.B0F5KTGDS9.Exact,,,,,N.SP.Q22026.Notebooks.MSFTXBGP.B0F5KTGDS9,AG.B0F5KTGDS9.Exact,,,,enabled,,,,,1.50,best gaming laptop 2025 acer predator,,exact,,,,,,,,,,,,,,,,
Sponsored Products,Keyword,Create,N.SP.Q22026.Notebooks.MSFTXBGP.B0F5KTGDS9,AG.B0F5KTGDS9.Exact,,,,,N.SP.Q22026.Notebooks.MSFTXBGP.B0F5KTGDS9,AG.B0F5KTGDS9.Exact,,,,enabled,,,,,1.50,acer predator helios 16s ai laptop,,exact,,,,,,,,,,,,,,,,
Sponsored Products,Keyword,Create,N.SP.Q22026.Notebooks.MSFTXBGP.B0F5KTGDS9,AG.B0F5KTGDS9.Exact,,,,,N.SP.Q22026.Notebooks.MSFTXBGP.B0F5KTGDS9,AG.B0F5KTGDS9.Exact,,,,enabled,,,,,1.50,high end gaming laptop 16 inch,,exact,,,,,,,,,,,,,,,,
Sponsored Products,Keyword,Create,N.SP.Q22026.Notebooks.MSFTXBGP.B0F5KTGDS9,AG.B0F5KTGDS9.Exact,,,,,N.SP.Q22026.Notebooks.MSFTXBGP.B0F5KTGDS9,AG.B0F5KTGDS9.Exact,,,,enabled,,,,,1.50,acer predator 4k gaming laptop,,exact,,,,,,,,,,,,,,,,
Sponsored Products,Keyword,Create,N.SP.Q22026.Notebooks.MSFTXBGP.B0F5KTGDS9,AG.B0F5KTGDS9.Exact,,,,,N.SP.Q22026.Notebooks.MSFTXBGP.B0F5KTGDS9,AG.B0F5KTGDS9.Exact,,,,enabled,,,,,1.50,predator helios neo ai gaming laptop,,exact,,,,,,,,,,,,,,,,
Sponsored Products,Keyword,Create,N.SP.Q22026.Notebooks.MSFTXBGP.B0F5KTGDS9,AG.B0F5KTGDS9.Exact,,,,,N.SP.Q22026.Notebooks.MSFTXBGP.B0F5KTGDS9,AG.B0F5KTGDS9.Exact,,,,enabled,,,,,1.50,acer gaming laptop over 2000,,exact,,,,,,,,,,,,,,,,
Sponsored Products,Keyword,Create,N.SP.Q22026.Notebooks.MSFTXBGP.B0F5KTGDS9,AG.B0F5KTGDS9.Exact,,,,,N.SP.Q22026.Notebooks.MSFTXBGP.B0F5KTGDS9,AG.B0F5KTGDS9.Exact,,,,enabled,,,,,1.50,rtx 5080 laptop acer predator,,exact,,,,,,,,,,,,,,,,
Sponsored Products,Campaign,Create,,,,,,,N.SP.Q22026.Notebooks.AMD.B0FN9JLD28,,04/01/2026,06/30/2026,Manual,paused,211.33,,,,,,,,Dynamic bids - down only,,,,,,,,,,,,,,,
Sponsored Products,Ad Group,Create,N.SP.Q22026.Notebooks.AMD.B0FN9JLD28,,,,,,N.SP.Q22026.Notebooks.AMD.B0FN9JLD28,AG.B0FN9JLD28.Broad,,,,enabled,,,,0.75,,,,,,,,,,,,,,,,,,,,
Sponsored Products,Product Ad,Create,N.SP.Q22026.Notebooks.AMD.B0FN9JLD28,AG.B0FN9JLD28.Broad,,,,,N.SP.Q22026.Notebooks.AMD.B0FN9JLD28,AG.B0FN9JLD28.Broad,,,,enabled,,,B0FN9JLD28,,,,,,,,,,,,,,,,,,,,,
Sponsored Products,Keyword,Create,N.SP.Q22026.Notebooks.AMD.B0FN9JLD28,AG.B0FN9JLD28.Broad,,,,,N.SP.Q22026.Notebooks.AMD.B0FN9JLD28,AG.B0FN9JLD28.Broad,,,,enabled,,,,,0.75,acer aspire go 15 amd ryzen 3,,broad,,,,,,,,,,,,,,,,
Sponsored Products,Keyword,Create,N.SP.Q22026.Notebooks.AMD.B0FN9JLD28,AG.B0FN9JLD28.Broad,,,,,N.SP.Q22026.Notebooks.AMD.B0FN9JLD28,AG.B0FN9JLD28.Broad,,,,enabled,,,,,0.75,acer aspire go 15 laptop,,broad,,,,,,,,,,,,,,,,
Sponsored Products,Keyword,Create,N.SP.Q22026.Notebooks.AMD.B0FN9JLD28,AG.B0FN9JLD28.Broad,,,,,N.SP.Q22026.Notebooks.AMD.B0FN9JLD28,AG.B0FN9JLD28.Broad,,,,enabled,,,,,0.75,budget laptop amd ryzen 3,,broad,,,,,,,,,,,,,,,,
Sponsored Products,Keyword,Create,N.SP.Q22026.Notebooks.AMD.B0FN9JLD28,AG.B0FN9JLD28.Broad,,,,,N.SP.Q22026.Notebooks.AMD.B0FN9JLD28,AG.B0FN9JLD28.Broad,,,,enabled,,,,,0.75,acer aspire ag15 21p,,broad,,,,,,,,,,,,,,,,
Sponsored Products,Keyword,Create,N.SP.Q22026.Notebooks.AMD.B0FN9JLD28,AG.B0FN9JLD28.Broad,,,,,N.SP.Q22026.Notebooks.AMD.B0FN9JLD28,AG.B0FN9JLD28.Broad,,,,enabled,,,,,0.75,cheap acer laptop 15 inch,,broad,,,,,,,,,,,,,,,,
Sponsored Products,Keyword,Create,N.SP.Q22026.Notebooks.AMD.B0FN9JLD28,AG.B0FN9JLD28.Broad,,,,,N.SP.Q22026.Notebooks.AMD.B0FN9JLD28,AG.B0FN9JLD28.Broad,,,,enabled,,,,,0.75,acer laptop amd ryzen 3 7320u,,broad,,,,,,,,,,,,,,,,
Sponsored Products,Keyword,Create,N.SP.Q22026.Notebooks.AMD.B0FN9JLD28,AG.B0FN9JLD28.Broad,,,,,N.SP.Q22026.Notebooks.AMD.B0FN9JLD28,AG.B0FN9JLD28.Broad,,,,enabled,,,,,0.75,budget laptop 15 inch fhd 2025,,broad,,,,,,,,,,,,,,,,
Sponsored Products,Keyword,Create,N.SP.Q22026.Notebooks.AMD.B0FN9JLD28,AG.B0FN9JLD28.Broad,,,,,N.SP.Q22026.Notebooks.AMD.B0FN9JLD28,AG.B0FN9JLD28.Broad,,,,enabled,,,,,0.75,acer aspire go budget laptop,,broad,,,,,,,,,,,,,,,,
Sponsored Products,Keyword,Create,N.SP.Q22026.Notebooks.AMD.B0FN9JLD28,AG.B0FN9JLD28.Broad,,,,,N.SP.Q22026.Notebooks.AMD.B0FN9JLD28,AG.B0FN9JLD28.Broad,,,,enabled,,,,,0.75,acer laptop under 400,,broad,,,,,,,,,,,,,,,,
Sponsored Products,Keyword,Create,N.SP.Q22026.Notebooks.AMD.B0FN9JLD28,AG.B0FN9JLD28.Broad,,,,,N.SP.Q22026.Notebooks.AMD.B0FN9JLD28,AG.B0FN9JLD28.Broad,,,,enabled,,,,,0.75,amd ryzen 3 laptop windows 11,,broad,,,,,,,,,,,,,,,,
Sponsored Products,Ad Group,Create,N.SP.Q22026.Notebooks.AMD.B0FN9JLD28,,,,,,N.SP.Q22026.Notebooks.AMD.B0FN9JLD28,AG.B0FN9JLD28.Phrase,,,,enabled,,,,1.00,,,,,,,,,,,,,,,,,,,,
Sponsored Products,Product Ad,Create,N.SP.Q22026.Notebooks.AMD.B0FN9JLD28,AG.B0FN9JLD28.Phrase,,,,,N.SP.Q22026.Notebooks.AMD.B0FN9JLD28,AG.B0FN9JLD28.Phrase,,,,enabled,,,B0FN9JLD28,,,,,,,,,,,,,,,,,,,,,
Sponsored Products,Keyword,Create,N.SP.Q22026.Notebooks.AMD.B0FN9JLD28,AG.B0FN9JLD28.Phrase,,,,,N.SP.Q22026.Notebooks.AMD.B0FN9JLD28,AG.B0FN9JLD28.Phrase,,,,enabled,,,,,1.00,acer aspire go 15 amd ryzen 3,,phrase,,,,,,,,,,,,,,,,
Sponsored Products,Keyword,Create,N.SP.Q22026.Notebooks.AMD.B0FN9JLD28,AG.B0FN9JLD28.Phrase,,,,,N.SP.Q22026.Notebooks.AMD.B0FN9JLD28,AG.B0FN9JLD28.Phrase,,,,enabled,,,,,1.00,acer aspire go 15 laptop,,phrase,,,,,,,,,,,,,,,,
Sponsored Products,Keyword,Create,N.SP.Q22026.Notebooks.AMD.B0FN9JLD28,AG.B0FN9JLD28.Phrase,,,,,N.SP.Q22026.Notebooks.AMD.B0FN9JLD28,AG.B0FN9JLD28.Phrase,,,,enabled,,,,,1.00,budget laptop amd ryzen 3,,phrase,,,,,,,,,,,,,,,,
Sponsored Products,Keyword,Create,N.SP.Q22026.Notebooks.AMD.B0FN9JLD28,AG.B0FN9JLD28.Phrase,,,,,N.SP.Q22026.Notebooks.AMD.B0FN9JLD28,AG.B0FN9JLD28.Phrase,,,,enabled,,,,,1.00,acer aspire ag15 21p,,phrase,,,,,,,,,,,,,,,,
Sponsored Products,Keyword,Create,N.SP.Q22026.Notebooks.AMD.B0FN9JLD28,AG.B0FN9JLD28.Phrase,,,,,N.SP.Q22026.Notebooks.AMD.B0FN9JLD28,AG.B0FN9JLD28.Phrase,,,,enabled,,,,,1.00,cheap acer laptop 15 inch,,phrase,,,,,,,,,,,,,,,,
Sponsored Products,Keyword,Create,N.SP.Q22026.Notebooks.AMD.B0FN9JLD28,AG.B0FN9JLD28.Phrase,,,,,N.SP.Q22026.Notebooks.AMD.B0FN9JLD28,AG.B0FN9JLD28.Phrase,,,,enabled,,,,,1.00,acer laptop amd ryzen 3 7320u,,phrase,,,,,,,,,,,,,,,,
Sponsored Products,Keyword,Create,N.SP.Q22026.Notebooks.AMD.B0FN9JLD28,AG.B0FN9JLD28.Phrase,,,,,N.SP.Q22026.Notebooks.AMD.B0FN9JLD28,AG.B0FN9JLD28.Phrase,,,,enabled,,,,,1.00,budget laptop 15 inch fhd 2025,,phrase,,,,,,,,,,,,,,,,
Sponsored Products,Keyword,Create,N.SP.Q22026.Notebooks.AMD.B0FN9JLD28,AG.B0FN9JLD28.Phrase,,,,,N.SP.Q22026.Notebooks.AMD.B0FN9JLD28,AG.B0FN9JLD28.Phrase,,,,enabled,,,,,1.00,acer aspire go budget laptop,,phrase,,,,,,,,,,,,,,,,
Sponsored Products,Keyword,Create,N.SP.Q22026.Notebooks.AMD.B0FN9JLD28,AG.B0FN9JLD28.Phrase,,,,,N.SP.Q22026.Notebooks.AMD.B0FN9JLD28,AG.B0FN9JLD28.Phrase,,,,enabled,,,,,1.00,acer laptop under 400,,phrase,,,,,,,,,,,,,,,,
Sponsored Products,Keyword,Create,N.SP.Q22026.Notebooks.AMD.B0FN9JLD28,AG.B0FN9JLD28.Phrase,,,,,N.SP.Q22026.Notebooks.AMD.B0FN9JLD28,AG.B0FN9JLD28.Phrase,,,,enabled,,,,,1.00,amd ryzen 3 laptop windows 11,,phrase,,,,,,,,,,,,,,,,
Sponsored Products,Ad Group,Create,N.SP.Q22026.Notebooks.AMD.B0FN9JLD28,,,,,,N.SP.Q22026.Notebooks.AMD.B0FN9JLD28,AG.B0FN9JLD28.Exact,,,,enabled,,,,1.50,,,,,,,,,,,,,,,,,,,,
Sponsored Products,Product Ad,Create,N.SP.Q22026.Notebooks.AMD.B0FN9JLD28,AG.B0FN9JLD28.Exact,,,,,N.SP.Q22026.Notebooks.AMD.B0FN9JLD28,AG.B0FN9JLD28.Exact,,,,enabled,,,B0FN9JLD28,,,,,,,,,,,,,,,,,,,,,
Sponsored Products,Keyword,Create,N.SP.Q22026.Notebooks.AMD.B0FN9JLD28,AG.B0FN9JLD28.Exact,,,,,N.SP.Q22026.Notebooks.AMD.B0FN9JLD28,AG.B0FN9JLD28.Exact,,,,enabled,,,,,1.50,acer aspire go 15 amd ryzen 3,,exact,,,,,,,,,,,,,,,,
Sponsored Products,Keyword,Create,N.SP.Q22026.Notebooks.AMD.B0FN9JLD28,AG.B0FN9JLD28.Exact,,,,,N.SP.Q22026.Notebooks.AMD.B0FN9JLD28,AG.B0FN9JLD28.Exact,,,,enabled,,,,,1.50,acer aspire go 15 laptop,,exact,,,,,,,,,,,,,,,,
Sponsored Products,Keyword,Create,N.SP.Q22026.Notebooks.AMD.B0FN9JLD28,AG.B0FN9JLD28.Exact,,,,,N.SP.Q22026.Notebooks.AMD.B0FN9JLD28,AG.B0FN9JLD28.Exact,,,,enabled,,,,,1.50,budget laptop amd ryzen 3,,exact,,,,,,,,,,,,,,,,
Sponsored Products,Keyword,Create,N.SP.Q22026.Notebooks.AMD.B0FN9JLD28,AG.B0FN9JLD28.Exact,,,,,N.SP.Q22026.Notebooks.AMD.B0FN9JLD28,AG.B0FN9JLD28.Exact,,,,enabled,,,,,1.50,acer aspire ag15 21p,,exact,,,,,,,,,,,,,,,,
Sponsored Products,Keyword,Create,N.SP.Q22026.Notebooks.AMD.B0FN9JLD28,AG.B0FN9JLD28.Exact,,,,,N.SP.Q22026.Notebooks.AMD.B0FN9JLD28,AG.B0FN9JLD28.Exact,,,,enabled,,,,,1.50,cheap acer laptop 15 inch,,exact,,,,,,,,,,,,,,,,
Sponsored Products,Keyword,Create,N.SP.Q22026.Notebooks.AMD.B0FN9JLD28,AG.B0FN9JLD28.Exact,,,,,N.SP.Q22026.Notebooks.AMD.B0FN9JLD28,AG.B0FN9JLD28.Exact,,,,enabled,,,,,1.50,acer laptop amd ryzen 3 7320u,,exact,,,,,,,,,,,,,,,,
Sponsored Products,Keyword,Create,N.SP.Q22026.Notebooks.AMD.B0FN9JLD28,AG.B0FN9JLD28.Exact,,,,,N.SP.Q22026.Notebooks.AMD.B0FN9JLD28,AG.B0FN9JLD28.Exact,,,,enabled,,,,,1.50,budget laptop 15 inch fhd 2025,,exact,,,,,,,,,,,,,,,,
Sponsored Products,Keyword,Create,N.SP.Q22026.Notebooks.AMD.B0FN9JLD28,AG.B0FN9JLD28.Exact,,,,,N.SP.Q22026.Notebooks.AMD.B0FN9JLD28,AG.B0FN9JLD28.Exact,,,,enabled,,,,,1.50,acer aspire go budget laptop,,exact,,,,,,,,,,,,,,,,
Sponsored Products,Keyword,Create,N.SP.Q22026.Notebooks.AMD.B0FN9JLD28,AG.B0FN9JLD28.Exact,,,,,N.SP.Q22026.Notebooks.AMD.B0FN9JLD28,AG.B0FN9JLD28.Exact,,,,enabled,,,,,1.50,acer laptop under 400,,exact,,,,,,,,,,,,,,,,
Sponsored Products,Keyword,Create,N.SP.Q22026.Notebooks.AMD.B0FN9JLD28,AG.B0FN9JLD28.Exact,,,,,N.SP.Q22026.Notebooks.AMD.B0FN9JLD28,AG.B0FN9JLD28.Exact,,,,enabled,,,,,1.50,amd ryzen 3 laptop windows 11,,exact,,,,,,,,,,,,,,,,
Sponsored Products,Campaign,Create,,,,,,,N.SP.Q22026.Notebooks.AMD.B0F195W823,,04/01/2026,06/30/2026,Manual,paused,591.72,,,,,,,,Dynamic bids - down only,,,,,,,,,,,,,,,
Sponsored Products,Ad Group,Create,N.SP.Q22026.Notebooks.AMD.B0F195W823,,,,,,N.SP.Q22026.Notebooks.AMD.B0F195W823,AG.B0F195W823.Broad,,,,enabled,,,,0.75,,,,,,,,,,,,,,,,,,,,
Sponsored Products,Product Ad,Create,N.SP.Q22026.Notebooks.AMD.B0F195W823,AG.B0F195W823.Broad,,,,,N.SP.Q22026.Notebooks.AMD.B0F195W823,AG.B0F195W823.Broad,,,,enabled,,,B0F195W823,,,,,,,,,,,,,,,,,,,,,
Sponsored Products,Keyword,Create,N.SP.Q22026.Notebooks.AMD.B0F195W823,AG.B0F195W823.Broad,,,,,N.SP.Q22026.Notebooks.AMD.B0F195W823,AG.B0F195W823.Broad,,,,enabled,,,,,0.75,acer nitro v 16s ai gaming laptop,,broad,,,,,,,,,,,,,,,,
Sponsored Products,Keyword,Create,N.SP.Q22026.Notebooks.AMD.B0F195W823,AG.B0F195W823.Broad,,,,,N.SP.Q22026.Notebooks.AMD.B0F195W823,AG.B0F195W823.Broad,,,,enabled,,,,,0.75,amd ryzen 7 260 gaming laptop,,broad,,,,,,,,,,,,,,,,
Sponsored Products,Keyword,Create,N.SP.Q22026.Notebooks.AMD.B0F195W823,AG.B0F195W823.Broad,,,,,N.SP.Q22026.Notebooks.AMD.B0F195W823,AG.B0F195W823.Broad,,,,enabled,,,,,0.75,acer nitro v 16s rtx 5060,,broad,,,,,,,,,,,,,,,,
Sponsored Products,Keyword,Create,N.SP.Q22026.Notebooks.AMD.B0F195W823,AG.B0F195W823.Broad,,,,,N.SP.Q22026.Notebooks.AMD.B0F195W823,AG.B0F195W823.Broad,,,,enabled,,,,,0.75,acer nitro 16s amd rtx 5060 laptop,,broad,,,,,,,,,,,,,,,,
Sponsored Products,Keyword,Create,N.SP.Q22026.Notebooks.AMD.B0F195W823,AG.B0F195W823.Broad,,,,,N.SP.Q22026.Notebooks.AMD.B0F195W823,AG.B0F195W823.Broad,,,,enabled,,,,,0.75,gaming laptop amd ryzen 7 180hz,,broad,,,,,,,,,,,,,,,,
Sponsored Products,Keyword,Create,N.SP.Q22026.Notebooks.AMD.B0F195W823,AG.B0F195W823.Broad,,,,,N.SP.Q22026.Notebooks.AMD.B0F195W823,AG.B0F195W823.Broad,,,,enabled,,,,,0.75,acer nitro anv16s 41 laptop,,broad,,,,,,,,,,,,,,,,
Sponsored Products,Keyword,Create,N.SP.Q22026.Notebooks.AMD.B0F195W823,AG.B0F195W823.Broad,,,,,N.SP.Q22026.Notebooks.AMD.B0F195W823,AG.B0F195W823.Broad,,,,enabled,,,,,0.75,slim gaming laptop amd rtx 5060,,broad,,,,,,,,,,,,,,,,
Sponsored Products,Keyword,Create,N.SP.Q22026.Notebooks.AMD.B0F195W823,AG.B0F195W823.Broad,,,,,N.SP.Q22026.Notebooks.AMD.B0F195W823,AG.B0F195W823.Broad,,,,enabled,,,,,0.75,acer nitro v 16 amd 2025,,broad,,,,,,,,,,,,,,,,
Sponsored Products,Keyword,Create,N.SP.Q22026.Notebooks.AMD.B0F195W823,AG.B0F195W823.Broad,,,,,N.SP.Q22026.Notebooks.AMD.B0F195W823,AG.B0F195W823.Broad,,,,enabled,,,,,0.75,best amd gaming laptop under 1000,,broad,,,,,,,,,,,,,,,,
Sponsored Products,Keyword,Create,N.SP.Q22026.Notebooks.AMD.B0F195W823,AG.B0F195W823.Broad,,,,,N.SP.Q22026.Notebooks.AMD.B0F195W823,AG.B0F195W823.Broad,,,,enabled,,,,,0.75,ryzen 7 rtx 5060 laptop 16 inch,,broad,,,,,,,,,,,,,,,,
Sponsored Products,Ad Group,Create,N.SP.Q22026.Notebooks.AMD.B0F195W823,,,,,,N.SP.Q22026.Notebooks.AMD.B0F195W823,AG.B0F195W823.Phrase,,,,enabled,,,,1.00,,,,,,,,,,,,,,,,,,,,
Sponsored Products,Product Ad,Create,N.SP.Q22026.Notebooks.AMD.B0F195W823,AG.B0F195W823.Phrase,,,,,N.SP.Q22026.Notebooks.AMD.B0F195W823,AG.B0F195W823.Phrase,,,,enabled,,,B0F195W823,,,,,,,,,,,,,,,,,,,,,
Sponsored Products,Keyword,Create,N.SP.Q22026.Notebooks.AMD.B0F195W823,AG.B0F195W823.Phrase,,,,,N.SP.Q22026.Notebooks.AMD.B0F195W823,AG.B0F195W823.Phrase,,,,enabled,,,,,1.00,acer nitro v 16s ai gaming laptop,,phrase,,,,,,,,,,,,,,,,
Sponsored Products,Keyword,Create,N.SP.Q22026.Notebooks.AMD.B0F195W823,AG.B0F195W823.Phrase,,,,,N.SP.Q22026.Notebooks.AMD.B0F195W823,AG.B0F195W823.Phrase,,,,enabled,,,,,1.00,amd ryzen 7 260 gaming laptop,,phrase,,,,,,,,,,,,,,,,
Sponsored Products,Keyword,Create,N.SP.Q22026.Notebooks.AMD.B0F195W823,AG.B0F195W823.Phrase,,,,,N.SP.Q22026.Notebooks.AMD.B0F195W823,AG.B0F195W823.Phrase,,,,enabled,,,,,1.00,acer nitro v 16s rtx 5060,,phrase,,,,,,,,,,,,,,,,
Sponsored Products,Keyword,Create,N.SP.Q22026.Notebooks.AMD.B0F195W823,AG.B0F195W823.Phrase,,,,,N.SP.Q22026.Notebooks.AMD.B0F195W823,AG.B0F195W823.Phrase,,,,enabled,,,,,1.00,acer nitro 16s amd rtx 5060 laptop,,phrase,,,,,,,,,,,,,,,,
Sponsored Products,Keyword,Create,N.SP.Q22026.Notebooks.AMD.B0F195W823,AG.B0F195W823.Phrase,,,,,N.SP.Q22026.Notebooks.AMD.B0F195W823,AG.B0F195W823.Phrase,,,,enabled,,,,,1.00,gaming laptop amd ryzen 7 180hz,,phrase,,,,,,,,,,,,,,,,
Sponsored Products,Keyword,Create,N.SP.Q22026.Notebooks.AMD.B0F195W823,AG.B0F195W823.Phrase,,,,,N.SP.Q22026.Notebooks.AMD.B0F195W823,AG.B0F195W823.Phrase,,,,enabled,,,,,1.00,acer nitro anv16s 41 laptop,,phrase,,,,,,,,,,,,,,,,
Sponsored Products,Keyword,Create,N.SP.Q22026.Notebooks.AMD.B0F195W823,AG.B0F195W823.Phrase,,,,,N.SP.Q22026.Notebooks.AMD.B0F195W823,AG.B0F195W823.Phrase,,,,enabled,,,,,1.00,slim gaming laptop amd rtx 5060,,phrase,,,,,,,,,,,,,,,,
Sponsored Products,Keyword,Create,N.SP.Q22026.Notebooks.AMD.B0F195W823,AG.B0F195W823.Phrase,,,,,N.SP.Q22026.Notebooks.AMD.B0F195W823,AG.B0F195W823.Phrase,,,,enabled,,,,,1.00,acer nitro v 16 amd 2025,,phrase,,,,,,,,,,,,,,,,
Sponsored Products,Keyword,Create,N.SP.Q22026.Notebooks.AMD.B0F195W823,AG.B0F195W823.Phrase,,,,,N.SP.Q22026.Notebooks.AMD.B0F195W823,AG.B0F195W823.Phrase,,,,enabled,,,,,1.00,best amd gaming laptop under 1000,,phrase,,,,,,,,,,,,,,,,
Sponsored Products,Keyword,Create,N.SP.Q22026.Notebooks.AMD.B0F195W823,AG.B0F195W823.Phrase,,,,,N.SP.Q22026.Notebooks.AMD.B0F195W823,AG.B0F195W823.Phrase,,,,enabled,,,,,1.00,ryzen 7 rtx 5060 laptop 16 inch,,phrase,,,,,,,,,,,,,,,,
Sponsored Products,Ad Group,Create,N.SP.Q22026.Notebooks.AMD.B0F195W823,,,,,,N.SP.Q22026.Notebooks.AMD.B0F195W823,AG.B0F195W823.Exact,,,,enabled,,,,1.50,,,,,,,,,,,,,,,,,,,,
Sponsored Products,Product Ad,Create,N.SP.Q22026.Notebooks.AMD.B0F195W823,AG.B0F195W823.Exact,,,,,N.SP.Q22026.Notebooks.AMD.B0F195W823,AG.B0F195W823.Exact,,,,enabled,,,B0F195W823,,,,,,,,,,,,,,,,,,,,,
Sponsored Products,Keyword,Create,N.SP.Q22026.Notebooks.AMD.B0F195W823,AG.B0F195W823.Exact,,,,,N.SP.Q22026.Notebooks.AMD.B0F195W823,AG.B0F195W823.Exact,,,,enabled,,,,,1.50,acer nitro v 16s ai gaming laptop,,exact,,,,,,,,,,,,,,,,
Sponsored Products,Keyword,Create,N.SP.Q22026.Notebooks.AMD.B0F195W823,AG.B0F195W823.Exact,,,,,N.SP.Q22026.Notebooks.AMD.B0F195W823,AG.B0F195W823.Exact,,,,enabled,,,,,1.50,amd ryzen 7 260 gaming laptop,,exact,,,,,,,,,,,,,,,,
Sponsored Products,Keyword,Create,N.SP.Q22026.Notebooks.AMD.B0F195W823,AG.B0F195W823.Exact,,,,,N.SP.Q22026.Notebooks.AMD.B0F195W823,AG.B0F195W823.Exact,,,,enabled,,,,,1.50,acer nitro v 16s rtx 5060,,exact,,,,,,,,,,,,,,,,
Sponsored Products,Keyword,Create,N.SP.Q22026.Notebooks.AMD.B0F195W823,AG.B0F195W823.Exact,,,,,N.SP.Q22026.Notebooks.AMD.B0F195W823,AG.B0F195W823.Exact,,,,enabled,,,,,1.50,acer nitro 16s amd rtx 5060 laptop,,exact,,,,,,,,,,,,,,,,
Sponsored Products,Keyword,Create,N.SP.Q22026.Notebooks.AMD.B0F195W823,AG.B0F195W823.Exact,,,,,N.SP.Q22026.Notebooks.AMD.B0F195W823,AG.B0F195W823.Exact,,,,enabled,,,,,1.50,gaming laptop amd ryzen 7 180hz,,exact,,,,,,,,,,,,,,,,
Sponsored Products,Keyword,Create,N.SP.Q22026.Notebooks.AMD.B0F195W823,AG.B0F195W823.Exact,,,,,N.SP.Q22026.Notebooks.AMD.B0F195W823,AG.B0F195W823.Exact,,,,enabled,,,,,1.50,acer nitro anv16s 41 laptop,,exact,,,,,,,,,,,,,,,,
Sponsored Products,Keyword,Create,N.SP.Q22026.Notebooks.AMD.B0F195W823,AG.B0F195W823.Exact,,,,,N.SP.Q22026.Notebooks.AMD.B0F195W823,AG.B0F195W823.Exact,,,,enabled,,,,,1.50,slim gaming laptop amd rtx 5060,,exact,,,,,,,,,,,,,,,,
Sponsored Products,Keyword,Create,N.SP.Q22026.Notebooks.AMD.B0F195W823,AG.B0F195W823.Exact,,,,,N.SP.Q22026.Notebooks.AMD.B0F195W823,AG.B0F195W823.Exact,,,,enabled,,,,,1.50,acer nitro v 16 amd 2025,,exact,,,,,,,,,,,,,,,,
Sponsored Products,Keyword,Create,N.SP.Q22026.Notebooks.AMD.B0F195W823,AG.B0F195W823.Exact,,,,,N.SP.Q22026.Notebooks.AMD.B0F195W823,AG.B0F195W823.Exact,,,,enabled,,,,,1.50,best amd gaming laptop under 1000,,exact,,,,,,,,,,,,,,,,
Sponsored Products,Keyword,Create,N.SP.Q22026.Notebooks.AMD.B0F195W823,AG.B0F195W823.Exact,,,,,N.SP.Q22026.Notebooks.AMD.B0F195W823,AG.B0F195W823.Exact,,,,enabled,,,,,1.50,ryzen 7 rtx 5060 laptop 16 inch,,exact,,,,,,,,,,,,,,,,
Sponsored Products,Campaign,Create,,,,,,,N.SP.Q22026.Notebooks.AMD.B0D3TGF6SR,,04/01/2026,06/30/2026,Manual,paused,35.93,,,,,,,,Dynamic bids - down only,,,,,,,,,,,,,,,
Sponsored Products,Ad Group,Create,N.SP.Q22026.Notebooks.AMD.B0D3TGF6SR,,,,,,N.SP.Q22026.Notebooks.AMD.B0D3TGF6SR,AG.B0D3TGF6SR.Broad,,,,enabled,,,,0.75,,,,,,,,,,,,,,,,,,,,
Sponsored Products,Product Ad,Create,N.SP.Q22026.Notebooks.AMD.B0D3TGF6SR,AG.B0D3TGF6SR.Broad,,,,,N.SP.Q22026.Notebooks.AMD.B0D3TGF6SR,AG.B0D3TGF6SR.Broad,,,,enabled,,,B0D3TGF6SR,,,,,,,,,,,,,,,,,,,,,
Sponsored Products,Keyword,Create,N.SP.Q22026.Notebooks.AMD.B0D3TGF6SR,AG.B0D3TGF6SR.Broad,,,,,N.SP.Q22026.Notebooks.AMD.B0D3TGF6SR,AG.B0D3TGF6SR.Broad,,,,enabled,,,,,0.75,acer amd laptop budget,,broad,,,,,,,,,,,,,,,,
Sponsored Products,Keyword,Create,N.SP.Q22026.Notebooks.AMD.B0D3TGF6SR,AG.B0D3TGF6SR.Broad,,,,,N.SP.Q22026.Notebooks.AMD.B0D3TGF6SR,AG.B0D3TGF6SR.Broad,,,,enabled,,,,,0.75,acer laptop amd ryzen affordable,,broad,,,,,,,,,,,,,,,,
Sponsored Products,Keyword,Create,N.SP.Q22026.Notebooks.AMD.B0D3TGF6SR,AG.B0D3TGF6SR.Broad,,,,,N.SP.Q22026.Notebooks.AMD.B0D3TGF6SR,AG.B0D3TGF6SR.Broad,,,,enabled,,,,,0.75,cheap acer laptop windows 11,,broad,,,,,,,,,,,,,,,,
Sponsored Products,Keyword,Create,N.SP.Q22026.Notebooks.AMD.B0D3TGF6SR,AG.B0D3TGF6SR.Broad,,,,,N.SP.Q22026.Notebooks.AMD.B0D3TGF6SR,AG.B0D3TGF6SR.Broad,,,,enabled,,,,,0.75,acer laptop under 500 amd,,broad,,,,,,,,,,,,,,,,
Sponsored Products,Keyword,Create,N.SP.Q22026.Notebooks.AMD.B0D3TGF6SR,AG.B0D3TGF6SR.Broad,,,,,N.SP.Q22026.Notebooks.AMD.B0D3TGF6SR,AG.B0D3TGF6SR.Broad,,,,enabled,,,,,0.75,amd laptop student acer,,broad,,,,,,,,,,,,,,,,
Sponsored Products,Keyword,Create,N.SP.Q22026.Notebooks.AMD.B0D3TGF6SR,AG.B0D3TGF6SR.Broad,,,,,N.SP.Q22026.Notebooks.AMD.B0D3TGF6SR,AG.B0D3TGF6SR.Broad,,,,enabled,,,,,0.75,acer everyday laptop amd,,broad,,,,,,,,,,,,,,,,
Sponsored Products,Keyword,Create,N.SP.Q22026.Notebooks.AMD.B0D3TGF6SR,AG.B0D3TGF6SR.Broad,,,,,N.SP.Q22026.Notebooks.AMD.B0D3TGF6SR,AG.B0D3TGF6SR.Broad,,,,enabled,,,,,0.75,acer laptop amd radeon graphics,,broad,,,,,,,,,,,,,,,,
Sponsored Products,Keyword,Create,N.SP.Q22026.Notebooks.AMD.B0D3TGF6SR,AG.B0D3TGF6SR.Broad,,,,,N.SP.Q22026.Notebooks.AMD.B0D3TGF6SR,AG.B0D3TGF6SR.Broad,,,,enabled,,,,,0.75,budget amd laptop 2025,,broad,,,,,,,,,,,,,,,,
Sponsored Products,Keyword,Create,N.SP.Q22026.Notebooks.AMD.B0D3TGF6SR,AG.B0D3TGF6SR.Broad,,,,,N.SP.Q22026.Notebooks.AMD.B0D3TGF6SR,AG.B0D3TGF6SR.Broad,,,,enabled,,,,,0.75,acer laptop ryzen thin light,,broad,,,,,,,,,,,,,,,,
Sponsored Products,Keyword,Create,N.SP.Q22026.Notebooks.AMD.B0D3TGF6SR,AG.B0D3TGF6SR.Broad,,,,,N.SP.Q22026.Notebooks.AMD.B0D3TGF6SR,AG.B0D3TGF6SR.Broad,,,,enabled,,,,,0.75,acer notebook amd budget windows,,broad,,,,,,,,,,,,,,,,
Sponsored Products,Ad Group,Create,N.SP.Q22026.Notebooks.AMD.B0D3TGF6SR,,,,,,N.SP.Q22026.Notebooks.AMD.B0D3TGF6SR,AG.B0D3TGF6SR.Phrase,,,,enabled,,,,1.00,,,,,,,,,,,,,,,,,,,,
Sponsored Products,Product Ad,Create,N.SP.Q22026.Notebooks.AMD.B0D3TGF6SR,AG.B0D3TGF6SR.Phrase,,,,,N.SP.Q22026.Notebooks.AMD.B0D3TGF6SR,AG.B0D3TGF6SR.Phrase,,,,enabled,,,B0D3TGF6SR,,,,,,,,,,,,,,,,,,,,,
Sponsored Products,Keyword,Create,N.SP.Q22026.Notebooks.AMD.B0D3TGF6SR,AG.B0D3TGF6SR.Phrase,,,,,N.SP.Q22026.Notebooks.AMD.B0D3TGF6SR,AG.B0D3TGF6SR.Phrase,,,,enabled,,,,,1.00,acer amd laptop budget,,phrase,,,,,,,,,,,,,,,,
Sponsored Products,Keyword,Create,N.SP.Q22026.Notebooks.AMD.B0D3TGF6SR,AG.B0D3TGF6SR.Phrase,,,,,N.SP.Q22026.Notebooks.AMD.B0D3TGF6SR,AG.B0D3TGF6SR.Phrase,,,,enabled,,,,,1.00,acer laptop amd ryzen affordable,,phrase,,,,,,,,,,,,,,,,
Sponsored Products,Keyword,Create,N.SP.Q22026.Notebooks.AMD.B0D3TGF6SR,AG.B0D3TGF6SR.Phrase,,,,,N.SP.Q22026.Notebooks.AMD.B0D3TGF6SR,AG.B0D3TGF6SR.Phrase,,,,enabled,,,,,1.00,cheap acer laptop windows 11,,phrase,,,,,,,,,,,,,,,,
Sponsored Products,Keyword,Create,N.SP.Q22026.Notebooks.AMD.B0D3TGF6SR,AG.B0D3TGF6SR.Phrase,,,,,N.SP.Q22026.Notebooks.AMD.B0D3TGF6SR,AG.B0D3TGF6SR.Phrase,,,,enabled,,,,,1.00,acer laptop under 500 amd,,phrase,,,,,,,,,,,,,,,,
Sponsored Products,Keyword,Create,N.SP.Q22026.Notebooks.AMD.B0D3TGF6SR,AG.B0D3TGF6SR.Phrase,,,,,N.SP.Q22026.Notebooks.AMD.B0D3TGF6SR,AG.B0D3TGF6SR.Phrase,,,,enabled,,,,,1.00,amd laptop student acer,,phrase,,,,,,,,,,,,,,,,
Sponsored Products,Keyword,Create,N.SP.Q22026.Notebooks.AMD.B0D3TGF6SR,AG.B0D3TGF6SR.Phrase,,,,,N.SP.Q22026.Notebooks.AMD.B0D3TGF6SR,AG.B0D3TGF6SR.Phrase,,,,enabled,,,,,1.00,acer everyday laptop amd,,phrase,,,,,,,,,,,,,,,,
Sponsored Products,Keyword,Create,N.SP.Q22026.Notebooks.AMD.B0D3TGF6SR,AG.B0D3TGF6SR.Phrase,,,,,N.SP.Q22026.Notebooks.AMD.B0D3TGF6SR,AG.B0D3TGF6SR.Phrase,,,,enabled,,,,,1.00,acer laptop amd radeon graphics,,phrase,,,,,,,,,,,,,,,,
Sponsored Products,Keyword,Create,N.SP.Q22026.Notebooks.AMD.B0D3TGF6SR,AG.B0D3TGF6SR.Phrase,,,,,N.SP.Q22026.Notebooks.AMD.B0D3TGF6SR,AG.B0D3TGF6SR.Phrase,,,,enabled,,,,,1.00,budget amd laptop 2025,,phrase,,,,,,,,,,,,,,,,
Sponsored Products,Keyword,Create,N.SP.Q22026.Notebooks.AMD.B0D3TGF6SR,AG.B0D3TGF6SR.Phrase,,,,,N.SP.Q22026.Notebooks.AMD.B0D3TGF6SR,AG.B0D3TGF6SR.Phrase,,,,enabled,,,,,1.00,acer laptop ryzen thin light,,phrase,,,,,,,,,,,,,,,,
Sponsored Products,Keyword,Create,N.SP.Q22026.Notebooks.AMD.B0D3TGF6SR,AG.B0D3TGF6SR.Phrase,,,,,N.SP.Q22026.Notebooks.AMD.B0D3TGF6SR,AG.B0D3TGF6SR.Phrase,,,,enabled,,,,,1.00,acer notebook amd budget windows,,phrase,,,,,,,,,,,,,,,,
Sponsored Products,Ad Group,Create,N.SP.Q22026.Notebooks.AMD.B0D3TGF6SR,,,,,,N.SP.Q22026.Notebooks.AMD.B0D3TGF6SR,AG.B0D3TGF6SR.Exact,,,,enabled,,,,1.50,,,,,,,,,,,,,,,,,,,,
Sponsored Products,Product Ad,Create,N.SP.Q22026.Notebooks.AMD.B0D3TGF6SR,AG.B0D3TGF6SR.Exact,,,,,N.SP.Q22026.Notebooks.AMD.B0D3TGF6SR,AG.B0D3TGF6SR.Exact,,,,enabled,,,B0D3TGF6SR,,,,,,,,,,,,,,,,,,,,,
Sponsored Products,Keyword,Create,N.SP.Q22026.Notebooks.AMD.B0D3TGF6SR,AG.B0D3TGF6SR.Exact,,,,,N.SP.Q22026.Notebooks.AMD.B0D3TGF6SR,AG.B0D3TGF6SR.Exact,,,,enabled,,,,,1.50,acer amd laptop budget,,exact,,,,,,,,,,,,,,,,
Sponsored Products,Keyword,Create,N.SP.Q22026.Notebooks.AMD.B0D3TGF6SR,AG.B0D3TGF6SR.Exact,,,,,N.SP.Q22026.Notebooks.AMD.B0D3TGF6SR,AG.B0D3TGF6SR.Exact,,,,enabled,,,,,1.50,acer laptop amd ryzen affordable,,exact,,,,,,,,,,,,,,,,
Sponsored Products,Keyword,Create,N.SP.Q22026.Notebooks.AMD.B0D3TGF6SR,AG.B0D3TGF6SR.Exact,,,,,N.SP.Q22026.Notebooks.AMD.B0D3TGF6SR,AG.B0D3TGF6SR.Exact,,,,enabled,,,,,1.50,cheap acer laptop windows 11,,exact,,,,,,,,,,,,,,,,
Sponsored Products,Keyword,Create,N.SP.Q22026.Notebooks.AMD.B0D3TGF6SR,AG.B0D3TGF6SR.Exact,,,,,N.SP.Q22026.Notebooks.AMD.B0D3TGF6SR,AG.B0D3TGF6SR.Exact,,,,enabled,,,,,1.50,acer laptop under 500 amd,,exact,,,,,,,,,,,,,,,,
Sponsored Products,Keyword,Create,N.SP.Q22026.Notebooks.AMD.B0D3TGF6SR,AG.B0D3TGF6SR.Exact,,,,,N.SP.Q22026.Notebooks.AMD.B0D3TGF6SR,AG.B0D3TGF6SR.Exact,,,,enabled,,,,,1.50,amd laptop student acer,,exact,,,,,,,,,,,,,,,,
Sponsored Products,Keyword,Create,N.SP.Q22026.Notebooks.AMD.B0D3TGF6SR,AG.B0D3TGF6SR.Exact,,,,,N.SP.Q22026.Notebooks.AMD.B0D3TGF6SR,AG.B0D3TGF6SR.Exact,,,,enabled,,,,,1.50,acer everyday laptop amd,,exact,,,,,,,,,,,,,,,,
Sponsored Products,Keyword,Create,N.SP.Q22026.Notebooks.AMD.B0D3TGF6SR,AG.B0D3TGF6SR.Exact,,,,,N.SP.Q22026.Notebooks.AMD.B0D3TGF6SR,AG.B0D3TGF6SR.Exact,,,,enabled,,,,,1.50,acer laptop amd radeon graphics,,exact,,,,,,,,,,,,,,,,
Sponsored Products,Keyword,Create,N.SP.Q22026.Notebooks.AMD.B0D3TGF6SR,AG.B0D3TGF6SR.Exact,,,,,N.SP.Q22026.Notebooks.AMD.B0D3TGF6SR,AG.B0D3TGF6SR.Exact,,,,enabled,,,,,1.50,budget amd laptop 2025,,exact,,,,,,,,,,,,,,,,
Sponsored Products,Keyword,Create,N.SP.Q22026.Notebooks.AMD.B0D3TGF6SR,AG.B0D3TGF6SR.Exact,,,,,N.SP.Q22026.Notebooks.AMD.B0D3TGF6SR,AG.B0D3TGF6SR.Exact,,,,enabled,,,,,1.50,acer laptop ryzen thin light,,exact,,,,,,,,,,,,,,,,
Sponsored Products,Keyword,Create,N.SP.Q22026.Notebooks.AMD.B0D3TGF6SR,AG.B0D3TGF6SR.Exact,,,,,N.SP.Q22026.Notebooks.AMD.B0D3TGF6SR,AG.B0D3TGF6SR.Exact,,,,enabled,,,,,1.50,acer notebook amd budget windows,,exact,,,,,,,,,,,,,,,,
Sponsored Products,Campaign,Create,,,,,,,N.SP.Q22026.Notebooks.AMD.B0FTC8Z91C,,04/01/2026,06/30/2026,Manual,paused,33.81,,,,,,,,Dynamic bids - down only,,,,,,,,,,,,,,,
Sponsored Products,Ad Group,Create,N.SP.Q22026.Notebooks.AMD.B0FTC8Z91C,,,,,,N.SP.Q22026.Notebooks.AMD.B0FTC8Z91C,AG.B0FTC8Z91C.Broad,,,,enabled,,,,0.75,,,,,,,,,,,,,,,,,,,,
Sponsored Products,Product Ad,Create,N.SP.Q22026.Notebooks.AMD.B0FTC8Z91C,AG.B0FTC8Z91C.Broad,,,,,N.SP.Q22026.Notebooks.AMD.B0FTC8Z91C,AG.B0FTC8Z91C.Broad,,,,enabled,,,B0FTC8Z91C,,,,,,,,,,,,,,,,,,,,,
Sponsored Products,Keyword,Create,N.SP.Q22026.Notebooks.AMD.B0FTC8Z91C,AG.B0FTC8Z91C.Broad,,,,,N.SP.Q22026.Notebooks.AMD.B0FTC8Z91C,AG.B0FTC8Z91C.Broad,,,,enabled,,,,,0.75,acer nitro v 17 ai gaming laptop,,broad,,,,,,,,,,,,,,,,
Sponsored Products,Keyword,Create,N.SP.Q22026.Notebooks.AMD.B0FTC8Z91C,AG.B0FTC8Z91C.Broad,,,,,N.SP.Q22026.Notebooks.AMD.B0FTC8Z91C,AG.B0FTC8Z91C.Broad,,,,enabled,,,,,0.75,acer nitro v 17 amd ryzen 7 260,,broad,,,,,,,,,,,,,,,,
Sponsored Products,Keyword,Create,N.SP.Q22026.Notebooks.AMD.B0FTC8Z91C,AG.B0FTC8Z91C.Broad,,,,,N.SP.Q22026.Notebooks.AMD.B0FTC8Z91C,AG.B0FTC8Z91C.Broad,,,,enabled,,,,,0.75,gaming laptop 17 inch rtx 5070,,broad,,,,,,,,,,,,,,,,
Sponsored Products,Keyword,Create,N.SP.Q22026.Notebooks.AMD.B0FTC8Z91C,AG.B0FTC8Z91C.Broad,,,,,N.SP.Q22026.Notebooks.AMD.B0FTC8Z91C,AG.B0FTC8Z91C.Broad,,,,enabled,,,,,0.75,acer nitro 17 amd rtx 5070 laptop,,broad,,,,,,,,,,,,,,,,
Sponsored Products,Keyword,Create,N.SP.Q22026.Notebooks.AMD.B0FTC8Z91C,AG.B0FTC8Z91C.Broad,,,,,N.SP.Q22026.Notebooks.AMD.B0FTC8Z91C,AG.B0FTC8Z91C.Broad,,,,enabled,,,,,0.75,17 inch gaming laptop amd 2025,,broad,,,,,,,,,,,,,,,,
Sponsored Products,Keyword,Create,N.SP.Q22026.Notebooks.AMD.B0FTC8Z91C,AG.B0FTC8Z91C.Broad,,,,,N.SP.Q22026.Notebooks.AMD.B0FTC8Z91C,AG.B0FTC8Z91C.Broad,,,,enabled,,,,,0.75,acer nitro v 17 ai 144hz fhd,,broad,,,,,,,,,,,,,,,,
Sponsored Products,Keyword,Create,N.SP.Q22026.Notebooks.AMD.B0FTC8Z91C,AG.B0FTC8Z91C.Broad,,,,,N.SP.Q22026.Notebooks.AMD.B0FTC8Z91C,AG.B0FTC8Z91C.Broad,,,,enabled,,,,,0.75,best 17 inch gaming laptop acer,,broad,,,,,,,,,,,,,,,,
Sponsored Products,Keyword,Create,N.SP.Q22026.Notebooks.AMD.B0FTC8Z91C,AG.B0FTC8Z91C.Broad,,,,,N.SP.Q22026.Notebooks.AMD.B0FTC8Z91C,AG.B0FTC8Z91C.Broad,,,,enabled,,,,,0.75,amd ryzen 7 rtx 5070 17 inch laptop,,broad,,,,,,,,,,,,,,,,
Sponsored Products,Keyword,Create,N.SP.Q22026.Notebooks.AMD.B0FTC8Z91C,AG.B0FTC8Z91C.Broad,,,,,N.SP.Q22026.Notebooks.AMD.B0FTC8Z91C,AG.B0FTC8Z91C.Broad,,,,enabled,,,,,0.75,acer nitro 17 ai large screen gaming,,broad,,,,,,,,,,,,,,,,
Sponsored Products,Keyword,Create,N.SP.Q22026.Notebooks.AMD.B0FTC8Z91C,AG.B0FTC8Z91C.Broad,,,,,N.SP.Q22026.Notebooks.AMD.B0FTC8Z91C,AG.B0FTC8Z91C.Broad,,,,enabled,,,,,0.75,acer laptop 17 inch gaming 2025,,broad,,,,,,,,,,,,,,,,
Sponsored Products,Ad Group,Create,N.SP.Q22026.Notebooks.AMD.B0FTC8Z91C,,,,,,N.SP.Q22026.Notebooks.AMD.B0FTC8Z91C,AG.B0FTC8Z91C.Phrase,,,,enabled,,,,1.00,,,,,,,,,,,,,,,,,,,,
Sponsored Products,Product Ad,Create,N.SP.Q22026.Notebooks.AMD.B0FTC8Z91C,AG.B0FTC8Z91C.Phrase,,,,,N.SP.Q22026.Notebooks.AMD.B0FTC8Z91C,AG.B0FTC8Z91C.Phrase,,,,enabled,,,B0FTC8Z91C,,,,,,,,,,,,,,,,,,,,,
Sponsored Products,Keyword,Create,N.SP.Q22026.Notebooks.AMD.B0FTC8Z91C,AG.B0FTC8Z91C.Phrase,,,,,N.SP.Q22026.Notebooks.AMD.B0FTC8Z91C,AG.B0FTC8Z91C.Phrase,,,,enabled,,,,,1.00,acer nitro v 17 ai gaming laptop,,phrase,,,,,,,,,,,,,,,,
Sponsored Products,Keyword,Create,N.SP.Q22026.Notebooks.AMD.B0FTC8Z91C,AG.B0FTC8Z91C.Phrase,,,,,N.SP.Q22026.Notebooks.AMD.B0FTC8Z91C,AG.B0FTC8Z91C.Phrase,,,,enabled,,,,,1.00,acer nitro v 17 amd ryzen 7 260,,phrase,,,,,,,,,,,,,,,,
Sponsored Products,Keyword,Create,N.SP.Q22026.Notebooks.AMD.B0FTC8Z91C,AG.B0FTC8Z91C.Phrase,,,,,N.SP.Q22026.Notebooks.AMD.B0FTC8Z91C,AG.B0FTC8Z91C.Phrase,,,,enabled,,,,,1.00,gaming laptop 17 inch rtx 5070,,phrase,,,,,,,,,,,,,,,,
Sponsored Products,Keyword,Create,N.SP.Q22026.Notebooks.AMD.B0FTC8Z91C,AG.B0FTC8Z91C.Phrase,,,,,N.SP.Q22026.Notebooks.AMD.B0FTC8Z91C,AG.B0FTC8Z91C.Phrase,,,,enabled,,,,,1.00,acer nitro 17 amd rtx 5070 laptop,,phrase,,,,,,,,,,,,,,,,
Sponsored Products,Keyword,Create,N.SP.Q22026.Notebooks.AMD.B0FTC8Z91C,AG.B0FTC8Z91C.Phrase,,,,,N.SP.Q22026.Notebooks.AMD.B0FTC8Z91C,AG.B0FTC8Z91C.Phrase,,,,enabled,,,,,1.00,17 inch gaming laptop amd 2025,,phrase,,,,,,,,,,,,,,,,
Sponsored Products,Keyword,Create,N.SP.Q22026.Notebooks.AMD.B0FTC8Z91C,AG.B0FTC8Z91C.Phrase,,,,,N.SP.Q22026.Notebooks.AMD.B0FTC8Z91C,AG.B0FTC8Z91C.Phrase,,,,enabled,,,,,1.00,acer nitro v 17 ai 144hz fhd,,phrase,,,,,,,,,,,,,,,,
Sponsored Products,Keyword,Create,N.SP.Q22026.Notebooks.AMD.B0FTC8Z91C,AG.B0FTC8Z91C.Phrase,,,,,N.SP.Q22026.Notebooks.AMD.B0FTC8Z91C,AG.B0FTC8Z91C.Phrase,,,,enabled,,,,,1.00,best 17 inch gaming laptop acer,,phrase,,,,,,,,,,,,,,,,
Sponsored Products,Keyword,Create,N.SP.Q22026.Notebooks.AMD.B0FTC8Z91C,AG.B0FTC8Z91C.Phrase,,,,,N.SP.Q22026.Notebooks.AMD.B0FTC8Z91C,AG.B0FTC8Z91C.Phrase,,,,enabled,,,,,1.00,amd ryzen 7 rtx 5070 17 inch laptop,,phrase,,,,,,,,,,,,,,,,
Sponsored Products,Keyword,Create,N.SP.Q22026.Notebooks.AMD.B0FTC8Z91C,AG.B0FTC8Z91C.Phrase,,,,,N.SP.Q22026.Notebooks.AMD.B0FTC8Z91C,AG.B0FTC8Z91C.Phrase,,,,enabled,,,,,1.00,acer nitro 17 ai large screen gaming,,phrase,,,,,,,,,,,,,,,,
Sponsored Products,Keyword,Create,N.SP.Q22026.Notebooks.AMD.B0FTC8Z91C,AG.B0FTC8Z91C.Phrase,,,,,N.SP.Q22026.Notebooks.AMD.B0FTC8Z91C,AG.B0FTC8Z91C.Phrase,,,,enabled,,,,,1.00,acer laptop 17 inch gaming 2025,,phrase,,,,,,,,,,,,,,,,
Sponsored Products,Ad Group,Create,N.SP.Q22026.Notebooks.AMD.B0FTC8Z91C,,,,,,N.SP.Q22026.Notebooks.AMD.B0FTC8Z91C,AG.B0FTC8Z91C.Exact,,,,enabled,,,,1.50,,,,,,,,,,,,,,,,,,,,
Sponsored Products,Product Ad,Create,N.SP.Q22026.Notebooks.AMD.B0FTC8Z91C,AG.B0FTC8Z91C.Exact,,,,,N.SP.Q22026.Notebooks.AMD.B0FTC8Z91C,AG.B0FTC8Z91C.Exact,,,,enabled,,,B0FTC8Z91C,,,,,,,,,,,,,,,,,,,,,
Sponsored Products,Keyword,Create,N.SP.Q22026.Notebooks.AMD.B0FTC8Z91C,AG.B0FTC8Z91C.Exact,,,,,N.SP.Q22026.Notebooks.AMD.B0FTC8Z91C,AG.B0FTC8Z91C.Exact,,,,enabled,,,,,1.50,acer nitro v 17 ai gaming laptop,,exact,,,,,,,,,,,,,,,,
Sponsored Products,Keyword,Create,N.SP.Q22026.Notebooks.AMD.B0FTC8Z91C,AG.B0FTC8Z91C.Exact,,,,,N.SP.Q22026.Notebooks.AMD.B0FTC8Z91C,AG.B0FTC8Z91C.Exact,,,,enabled,,,,,1.50,acer nitro v 17 amd ryzen 7 260,,exact,,,,,,,,,,,,,,,,
Sponsored Products,Keyword,Create,N.SP.Q22026.Notebooks.AMD.B0FTC8Z91C,AG.B0FTC8Z91C.Exact,,,,,N.SP.Q22026.Notebooks.AMD.B0FTC8Z91C,AG.B0FTC8Z91C.Exact,,,,enabled,,,,,1.50,gaming laptop 17 inch rtx 5070,,exact,,,,,,,,,,,,,,,,
Sponsored Products,Keyword,Create,N.SP.Q22026.Notebooks.AMD.B0FTC8Z91C,AG.B0FTC8Z91C.Exact,,,,,N.SP.Q22026.Notebooks.AMD.B0FTC8Z91C,AG.B0FTC8Z91C.Exact,,,,enabled,,,,,1.50,acer nitro 17 amd rtx 5070 laptop,,exact,,,,,,,,,,,,,,,,
Sponsored Products,Keyword,Create,N.SP.Q22026.Notebooks.AMD.B0FTC8Z91C,AG.B0FTC8Z91C.Exact,,,,,N.SP.Q22026.Notebooks.AMD.B0FTC8Z91C,AG.B0FTC8Z91C.Exact,,,,enabled,,,,,1.50,17 inch gaming laptop amd 2025,,exact,,,,,,,,,,,,,,,,
Sponsored Products,Keyword,Create,N.SP.Q22026.Notebooks.AMD.B0FTC8Z91C,AG.B0FTC8Z91C.Exact,,,,,N.SP.Q22026.Notebooks.AMD.B0FTC8Z91C,AG.B0FTC8Z91C.Exact,,,,enabled,,,,,1.50,acer nitro v 17 ai 144hz fhd,,exact,,,,,,,,,,,,,,,,
Sponsored Products,Keyword,Create,N.SP.Q22026.Notebooks.AMD.B0FTC8Z91C,AG.B0FTC8Z91C.Exact,,,,,N.SP.Q22026.Notebooks.AMD.B0FTC8Z91C,AG.B0FTC8Z91C.Exact,,,,enabled,,,,,1.50,best 17 inch gaming laptop acer,,exact,,,,,,,,,,,,,,,,
Sponsored Products,Keyword,Create,N.SP.Q22026.Notebooks.AMD.B0FTC8Z91C,AG.B0FTC8Z91C.Exact,,,,,N.SP.Q22026.Notebooks.AMD.B0FTC8Z91C,AG.B0FTC8Z91C.Exact,,,,enabled,,,,,1.50,amd ryzen 7 rtx 5070 17 inch laptop,,exact,,,,,,,,,,,,,,,,
Sponsored Products,Keyword,Create,N.SP.Q22026.Notebooks.AMD.B0FTC8Z91C,AG.B0FTC8Z91C.Exact,,,,,N.SP.Q22026.Notebooks.AMD.B0FTC8Z91C,AG.B0FTC8Z91C.Exact,,,,enabled,,,,,1.50,acer nitro 17 ai large screen gaming,,exact,,,,,,,,,,,,,,,,
Sponsored Products,Keyword,Create,N.SP.Q22026.Notebooks.AMD.B0FTC8Z91C,AG.B0FTC8Z91C.Exact,,,,,N.SP.Q22026.Notebooks.AMD.B0FTC8Z91C,AG.B0FTC8Z91C.Exact,,,,enabled,,,,,1.50,acer laptop 17 inch gaming 2025,,exact,,,,,,,,,,,,,,,,
Sponsored Products,Campaign,Create,,,,,,,N.SP.Q22026.Notebooks.AMD.B0FT3NRVL6,,04/01/2026,06/30/2026,Manual,paused,84.53,,,,,,,,Dynamic bids - down only,,,,,,,,,,,,,,,
Sponsored Products,Ad Group,Create,N.SP.Q22026.Notebooks.AMD.B0FT3NRVL6,,,,,,N.SP.Q22026.Notebooks.AMD.B0FT3NRVL6,AG.B0FT3NRVL6.Broad,,,,enabled,,,,0.75,,,,,,,,,,,,,,,,,,,,
Sponsored Products,Product Ad,Create,N.SP.Q22026.Notebooks.AMD.B0FT3NRVL6,AG.B0FT3NRVL6.Broad,,,,,N.SP.Q22026.Notebooks.AMD.B0FT3NRVL6,AG.B0FT3NRVL6.Broad,,,,enabled,,,B0FT3NRVL6,,,,,,,,,,,,,,,,,,,,,
Sponsored Products,Keyword,Create,N.SP.Q22026.Notebooks.AMD.B0FT3NRVL6,AG.B0FT3NRVL6.Broad,,,,,N.SP.Q22026.Notebooks.AMD.B0FT3NRVL6,AG.B0FT3NRVL6.Broad,,,,enabled,,,,,0.75,acer nitro v 17 gaming laptop amd,,broad,,,,,,,,,,,,,,,,
Sponsored Products,Keyword,Create,N.SP.Q22026.Notebooks.AMD.B0FT3NRVL6,AG.B0FT3NRVL6.Broad,,,,,N.SP.Q22026.Notebooks.AMD.B0FT3NRVL6,AG.B0FT3NRVL6.Broad,,,,enabled,,,,,0.75,acer 17 inch laptop rtx 5070 amd,,broad,,,,,,,,,,,,,,,,
Sponsored Products,Keyword,Create,N.SP.Q22026.Notebooks.AMD.B0FT3NRVL6,AG.B0FT3NRVL6.Broad,,,,,N.SP.Q22026.Notebooks.AMD.B0FT3NRVL6,AG.B0FT3NRVL6.Broad,,,,enabled,,,,,0.75,nitro v 17 ai amd gaming,,broad,,,,,,,,,,,,,,,,
Sponsored Products,Keyword,Create,N.SP.Q22026.Notebooks.AMD.B0FT3NRVL6,AG.B0FT3NRVL6.Broad,,,,,N.SP.Q22026.Notebooks.AMD.B0FT3NRVL6,AG.B0FT3NRVL6.Broad,,,,enabled,,,,,0.75,acer gaming laptop 17 inch amd ryzen,,broad,,,,,,,,,,,,,,,,
Sponsored Products,Keyword,Create,N.SP.Q22026.Notebooks.AMD.B0FT3NRVL6,AG.B0FT3NRVL6.Broad,,,,,N.SP.Q22026.Notebooks.AMD.B0FT3NRVL6,AG.B0FT3NRVL6.Broad,,,,enabled,,,,,0.75,large gaming laptop acer nitro amd,,broad,,,,,,,,,,,,,,,,
Sponsored Products,Keyword,Create,N.SP.Q22026.Notebooks.AMD.B0FT3NRVL6,AG.B0FT3NRVL6.Broad,,,,,N.SP.Q22026.Notebooks.AMD.B0FT3NRVL6,AG.B0FT3NRVL6.Broad,,,,enabled,,,,,0.75,acer nitro v 17 ryzen rtx 2025,,broad,,,,,,,,,,,,,,,,
Sponsored Products,Keyword,Create,N.SP.Q22026.Notebooks.AMD.B0FT3NRVL6,AG.B0FT3NRVL6.Broad,,,,,N.SP.Q22026.Notebooks.AMD.B0FT3NRVL6,AG.B0FT3NRVL6.Broad,,,,enabled,,,,,0.75,17 inch laptop rtx amd acer,,broad,,,,,,,,,,,,,,,,
Sponsored Products,Keyword,Create,N.SP.Q22026.Notebooks.AMD.B0FT3NRVL6,AG.B0FT3NRVL6.Broad,,,,,N.SP.Q22026.Notebooks.AMD.B0FT3NRVL6,AG.B0FT3NRVL6.Broad,,,,enabled,,,,,0.75,acer nitro 17 inch gaming 144hz,,broad,,,,,,,,,,,,,,,,
Sponsored Products,Keyword,Create,N.SP.Q22026.Notebooks.AMD.B0FT3NRVL6,AG.B0FT3NRVL6.Broad,,,,,N.SP.Q22026.Notebooks.AMD.B0FT3NRVL6,AG.B0FT3NRVL6.Broad,,,,enabled,,,,,0.75,best 17 inch amd gaming laptop,,broad,,,,,,,,,,,,,,,,
Sponsored Products,Keyword,Create,N.SP.Q22026.Notebooks.AMD.B0FT3NRVL6,AG.B0FT3NRVL6.Broad,,,,,N.SP.Q22026.Notebooks.AMD.B0FT3NRVL6,AG.B0FT3NRVL6.Broad,,,,enabled,,,,,0.75,acer nitro 17 ai amd 2025,,broad,,,,,,,,,,,,,,,,
Sponsored Products,Ad Group,Create,N.SP.Q22026.Notebooks.AMD.B0FT3NRVL6,,,,,,N.SP.Q22026.Notebooks.AMD.B0FT3NRVL6,AG.B0FT3NRVL6.Phrase,,,,enabled,,,,1.00,,,,,,,,,,,,,,,,,,,,
Sponsored Products,Product Ad,Create,N.SP.Q22026.Notebooks.AMD.B0FT3NRVL6,AG.B0FT3NRVL6.Phrase,,,,,N.SP.Q22026.Notebooks.AMD.B0FT3NRVL6,AG.B0FT3NRVL6.Phrase,,,,enabled,,,B0FT3NRVL6,,,,,,,,,,,,,,,,,,,,,
Sponsored Products,Keyword,Create,N.SP.Q22026.Notebooks.AMD.B0FT3NRVL6,AG.B0FT3NRVL6.Phrase,,,,,N.SP.Q22026.Notebooks.AMD.B0FT3NRVL6,AG.B0FT3NRVL6.Phrase,,,,enabled,,,,,1.00,acer nitro v 17 gaming laptop amd,,phrase,,,,,,,,,,,,,,,,
Sponsored Products,Keyword,Create,N.SP.Q22026.Notebooks.AMD.B0FT3NRVL6,AG.B0FT3NRVL6.Phrase,,,,,N.SP.Q22026.Notebooks.AMD.B0FT3NRVL6,AG.B0FT3NRVL6.Phrase,,,,enabled,,,,,1.00,acer 17 inch laptop rtx 5070 amd,,phrase,,,,,,,,,,,,,,,,
Sponsored Products,Keyword,Create,N.SP.Q22026.Notebooks.AMD.B0FT3NRVL6,AG.B0FT3NRVL6.Phrase,,,,,N.SP.Q22026.Notebooks.AMD.B0FT3NRVL6,AG.B0FT3NRVL6.Phrase,,,,enabled,,,,,1.00,nitro v 17 ai amd gaming,,phrase,,,,,,,,,,,,,,,,
Sponsored Products,Keyword,Create,N.SP.Q22026.Notebooks.AMD.B0FT3NRVL6,AG.B0FT3NRVL6.Phrase,,,,,N.SP.Q22026.Notebooks.AMD.B0FT3NRVL6,AG.B0FT3NRVL6.Phrase,,,,enabled,,,,,1.00,acer gaming laptop 17 inch amd ryzen,,phrase,,,,,,,,,,,,,,,,
Sponsored Products,Keyword,Create,N.SP.Q22026.Notebooks.AMD.B0FT3NRVL6,AG.B0FT3NRVL6.Phrase,,,,,N.SP.Q22026.Notebooks.AMD.B0FT3NRVL6,AG.B0FT3NRVL6.Phrase,,,,enabled,,,,,1.00,large gaming laptop acer nitro amd,,phrase,,,,,,,,,,,,,,,,
Sponsored Products,Keyword,Create,N.SP.Q22026.Notebooks.AMD.B0FT3NRVL6,AG.B0FT3NRVL6.Phrase,,,,,N.SP.Q22026.Notebooks.AMD.B0FT3NRVL6,AG.B0FT3NRVL6.Phrase,,,,enabled,,,,,1.00,acer nitro v 17 ryzen rtx 2025,,phrase,,,,,,,,,,,,,,,,
Sponsored Products,Keyword,Create,N.SP.Q22026.Notebooks.AMD.B0FT3NRVL6,AG.B0FT3NRVL6.Phrase,,,,,N.SP.Q22026.Notebooks.AMD.B0FT3NRVL6,AG.B0FT3NRVL6.Phrase,,,,enabled,,,,,1.00,17 inch laptop rtx amd acer,,phrase,,,,,,,,,,,,,,,,
Sponsored Products,Keyword,Create,N.SP.Q22026.Notebooks.AMD.B0FT3NRVL6,AG.B0FT3NRVL6.Phrase,,,,,N.SP.Q22026.Notebooks.AMD.B0FT3NRVL6,AG.B0FT3NRVL6.Phrase,,,,enabled,,,,,1.00,acer nitro 17 inch gaming 144hz,,phrase,,,,,,,,,,,,,,,,
Sponsored Products,Keyword,Create,N.SP.Q22026.Notebooks.AMD.B0FT3NRVL6,AG.B0FT3NRVL6.Phrase,,,,,N.SP.Q22026.Notebooks.AMD.B0FT3NRVL6,AG.B0FT3NRVL6.Phrase,,,,enabled,,,,,1.00,best 17 inch amd gaming laptop,,phrase,,,,,,,,,,,,,,,,
Sponsored Products,Keyword,Create,N.SP.Q22026.Notebooks.AMD.B0FT3NRVL6,AG.B0FT3NRVL6.Phrase,,,,,N.SP.Q22026.Notebooks.AMD.B0FT3NRVL6,AG.B0FT3NRVL6.Phrase,,,,enabled,,,,,1.00,acer nitro 17 ai amd 2025,,phrase,,,,,,,,,,,,,,,,
Sponsored Products,Ad Group,Create,N.SP.Q22026.Notebooks.AMD.B0FT3NRVL6,,,,,,N.SP.Q22026.Notebooks.AMD.B0FT3NRVL6,AG.B0FT3NRVL6.Exact,,,,enabled,,,,1.50,,,,,,,,,,,,,,,,,,,,
Sponsored Products,Product Ad,Create,N.SP.Q22026.Notebooks.AMD.B0FT3NRVL6,AG.B0FT3NRVL6.Exact,,,,,N.SP.Q22026.Notebooks.AMD.B0FT3NRVL6,AG.B0FT3NRVL6.Exact,,,,enabled,,,B0FT3NRVL6,,,,,,,,,,,,,,,,,,,,,
Sponsored Products,Keyword,Create,N.SP.Q22026.Notebooks.AMD.B0FT3NRVL6,AG.B0FT3NRVL6.Exact,,,,,N.SP.Q22026.Notebooks.AMD.B0FT3NRVL6,AG.B0FT3NRVL6.Exact,,,,enabled,,,,,1.50,acer nitro v 17 gaming laptop amd,,exact,,,,,,,,,,,,,,,,
Sponsored Products,Keyword,Create,N.SP.Q22026.Notebooks.AMD.B0FT3NRVL6,AG.B0FT3NRVL6.Exact,,,,,N.SP.Q22026.Notebooks.AMD.B0FT3NRVL6,AG.B0FT3NRVL6.Exact,,,,enabled,,,,,1.50,acer 17 inch laptop rtx 5070 amd,,exact,,,,,,,,,,,,,,,,
Sponsored Products,Keyword,Create,N.SP.Q22026.Notebooks.AMD.B0FT3NRVL6,AG.B0FT3NRVL6.Exact,,,,,N.SP.Q22026.Notebooks.AMD.B0FT3NRVL6,AG.B0FT3NRVL6.Exact,,,,enabled,,,,,1.50,nitro v 17 ai amd gaming,,exact,,,,,,,,,,,,,,,,
Sponsored Products,Keyword,Create,N.SP.Q22026.Notebooks.AMD.B0FT3NRVL6,AG.B0FT3NRVL6.Exact,,,,,N.SP.Q22026.Notebooks.AMD.B0FT3NRVL6,AG.B0FT3NRVL6.Exact,,,,enabled,,,,,1.50,acer gaming laptop 17 inch amd ryzen,,exact,,,,,,,,,,,,,,,,
Sponsored Products,Keyword,Create,N.SP.Q22026.Notebooks.AMD.B0FT3NRVL6,AG.B0FT3NRVL6.Exact,,,,,N.SP.Q22026.Notebooks.AMD.B0FT3NRVL6,AG.B0FT3NRVL6.Exact,,,,enabled,,,,,1.50,large gaming laptop acer nitro amd,,exact,,,,,,,,,,,,,,,,
Sponsored Products,Keyword,Create,N.SP.Q22026.Notebooks.AMD.B0FT3NRVL6,AG.B0FT3NRVL6.Exact,,,,,N.SP.Q22026.Notebooks.AMD.B0FT3NRVL6,AG.B0FT3NRVL6.Exact,,,,enabled,,,,,1.50,acer nitro v 17 ryzen rtx 2025,,exact,,,,,,,,,,,,,,,,
Sponsored Products,Keyword,Create,N.SP.Q22026.Notebooks.AMD.B0FT3NRVL6,AG.B0FT3NRVL6.Exact,,,,,N.SP.Q22026.Notebooks.AMD.B0FT3NRVL6,AG.B0FT3NRVL6.Exact,,,,enabled,,,,,1.50,17 inch laptop rtx amd acer,,exact,,,,,,,,,,,,,,,,
Sponsored Products,Keyword,Create,N.SP.Q22026.Notebooks.AMD.B0FT3NRVL6,AG.B0FT3NRVL6.Exact,,,,,N.SP.Q22026.Notebooks.AMD.B0FT3NRVL6,AG.B0FT3NRVL6.Exact,,,,enabled,,,,,1.50,acer nitro 17 inch gaming 144hz,,exact,,,,,,,,,,,,,,,,
Sponsored Products,Keyword,Create,N.SP.Q22026.Notebooks.AMD.B0FT3NRVL6,AG.B0FT3NRVL6.Exact,,,,,N.SP.Q22026.Notebooks.AMD.B0FT3NRVL6,AG.B0FT3NRVL6.Exact,,,,enabled,,,,,1.50,best 17 inch amd gaming laptop,,exact,,,,,,,,,,,,,,,,
Sponsored Products,Keyword,Create,N.SP.Q22026.Notebooks.AMD.B0FT3NRVL6,AG.B0FT3NRVL6.Exact,,,,,N.SP.Q22026.Notebooks.AMD.B0FT3NRVL6,AG.B0FT3NRVL6.Exact,,,,enabled,,,,,1.50,acer nitro 17 ai amd 2025,,exact,,,,,,,,,,,,,,,,
Sponsored Products,Campaign,Create,,,,,,,N.SP.Q22026.Notebooks.AMD.B0FNXXC728,,04/01/2026,06/30/2026,Manual,paused,31.70,,,,,,,,Dynamic bids - down only,,,,,,,,,,,,,,,
Sponsored Products,Ad Group,Create,N.SP.Q22026.Notebooks.AMD.B0FNXXC728,,,,,,N.SP.Q22026.Notebooks.AMD.B0FNXXC728,AG.B0FNXXC728.Broad,,,,enabled,,,,0.75,,,,,,,,,,,,,,,,,,,,
Sponsored Products,Product Ad,Create,N.SP.Q22026.Notebooks.AMD.B0FNXXC728,AG.B0FNXXC728.Broad,,,,,N.SP.Q22026.Notebooks.AMD.B0FNXXC728,AG.B0FNXXC728.Broad,,,,enabled,,,B0FNXXC728,,,,,,,,,,,,,,,,,,,,,
Sponsored Products,Keyword,Create,N.SP.Q22026.Notebooks.AMD.B0FNXXC728,AG.B0FNXXC728.Broad,,,,,N.SP.Q22026.Notebooks.AMD.B0FNXXC728,AG.B0FNXXC728.Broad,,,,enabled,,,,,0.75,acer swift x 14 ai oled laptop,,broad,,,,,,,,,,,,,,,,
Sponsored Products,Keyword,Create,N.SP.Q22026.Notebooks.AMD.B0FNXXC728,AG.B0FNXXC728.Broad,,,,,N.SP.Q22026.Notebooks.AMD.B0FNXXC728,AG.B0FNXXC728.Broad,,,,enabled,,,,,0.75,acer swift x 14 copilot plus amd,,broad,,,,,,,,,,,,,,,,
Sponsored Products,Keyword,Create,N.SP.Q22026.Notebooks.AMD.B0FNXXC728,AG.B0FNXXC728.Broad,,,,,N.SP.Q22026.Notebooks.AMD.B0FNXXC728,AG.B0FNXXC728.Broad,,,,enabled,,,,,0.75,acer swift x 14 ai sfx14 61g,,broad,,,,,,,,,,,,,,,,
Sponsored Products,Keyword,Create,N.SP.Q22026.Notebooks.AMD.B0FNXXC728,AG.B0FNXXC728.Broad,,,,,N.SP.Q22026.Notebooks.AMD.B0FNXXC728,AG.B0FNXXC728.Broad,,,,enabled,,,,,0.75,copilot plus oled laptop amd,,broad,,,,,,,,,,,,,,,,
Sponsored Products,Keyword,Create,N.SP.Q22026.Notebooks.AMD.B0FNXXC728,AG.B0FNXXC728.Broad,,,,,N.SP.Q22026.Notebooks.AMD.B0FNXXC728,AG.B0FNXXC728.Broad,,,,enabled,,,,,0.75,acer swift x oled gorilla glass,,broad,,,,,,,,,,,,,,,,
Sponsored Products,Keyword,Create,N.SP.Q22026.Notebooks.AMD.B0FNXXC728,AG.B0FNXXC728.Broad,,,,,N.SP.Q22026.Notebooks.AMD.B0FNXXC728,AG.B0FNXXC728.Broad,,,,enabled,,,,,0.75,thin oled laptop acer swift 14,,broad,,,,,,,,,,,,,,,,
Sponsored Products,Keyword,Create,N.SP.Q22026.Notebooks.AMD.B0FNXXC728,AG.B0FNXXC728.Broad,,,,,N.SP.Q22026.Notebooks.AMD.B0FNXXC728,AG.B0FNXXC728.Broad,,,,enabled,,,,,0.75,acer swift x 14 premium laptop,,broad,,,,,,,,,,,,,,,,
Sponsored Products,Keyword,Create,N.SP.Q22026.Notebooks.AMD.B0FNXXC728,AG.B0FNXXC728.Broad,,,,,N.SP.Q22026.Notebooks.AMD.B0FNXXC728,AG.B0FNXXC728.Broad,,,,enabled,,,,,0.75,amd copilot plus pc oled 14 inch,,broad,,,,,,,,,,,,,,,,
Sponsored Products,Keyword,Create,N.SP.Q22026.Notebooks.AMD.B0FNXXC728,AG.B0FNXXC728.Broad,,,,,N.SP.Q22026.Notebooks.AMD.B0FNXXC728,AG.B0FNXXC728.Broad,,,,enabled,,,,,0.75,acer swift x ai laptop 2025,,broad,,,,,,,,,,,,,,,,
Sponsored Products,Keyword,Create,N.SP.Q22026.Notebooks.AMD.B0FNXXC728,AG.B0FNXXC728.Broad,,,,,N.SP.Q22026.Notebooks.AMD.B0FNXXC728,AG.B0FNXXC728.Broad,,,,enabled,,,,,0.75,best oled laptop acer copilot plus,,broad,,,,,,,,,,,,,,,,
Sponsored Products,Ad Group,Create,N.SP.Q22026.Notebooks.AMD.B0FNXXC728,,,,,,N.SP.Q22026.Notebooks.AMD.B0FNXXC728,AG.B0FNXXC728.Phrase,,,,enabled,,,,1.00,,,,,,,,,,,,,,,,,,,,
Sponsored Products,Product Ad,Create,N.SP.Q22026.Notebooks.AMD.B0FNXXC728,AG.B0FNXXC728.Phrase,,,,,N.SP.Q22026.Notebooks.AMD.B0FNXXC728,AG.B0FNXXC728.Phrase,,,,enabled,,,B0FNXXC728,,,,,,,,,,,,,,,,,,,,,
Sponsored Products,Keyword,Create,N.SP.Q22026.Notebooks.AMD.B0FNXXC728,AG.B0FNXXC728.Phrase,,,,,N.SP.Q22026.Notebooks.AMD.B0FNXXC728,AG.B0FNXXC728.Phrase,,,,enabled,,,,,1.00,acer swift x 14 ai oled laptop,,phrase,,,,,,,,,,,,,,,,
Sponsored Products,Keyword,Create,N.SP.Q22026.Notebooks.AMD.B0FNXXC728,AG.B0FNXXC728.Phrase,,,,,N.SP.Q22026.Notebooks.AMD.B0FNXXC728,AG.B0FNXXC728.Phrase,,,,enabled,,,,,1.00,acer swift x 14 copilot plus amd,,phrase,,,,,,,,,,,,,,,,
Sponsored Products,Keyword,Create,N.SP.Q22026.Notebooks.AMD.B0FNXXC728,AG.B0FNXXC728.Phrase,,,,,N.SP.Q22026.Notebooks.AMD.B0FNXXC728,AG.B0FNXXC728.Phrase,,,,enabled,,,,,1.00,acer swift x 14 ai sfx14 61g,,phrase,,,,,,,,,,,,,,,,
Sponsored Products,Keyword,Create,N.SP.Q22026.Notebooks.AMD.B0FNXXC728,AG.B0FNXXC728.Phrase,,,,,N.SP.Q22026.Notebooks.AMD.B0FNXXC728,AG.B0FNXXC728.Phrase,,,,enabled,,,,,1.00,copilot plus oled laptop amd,,phrase,,,,,,,,,,,,,,,,
Sponsored Products,Keyword,Create,N.SP.Q22026.Notebooks.AMD.B0FNXXC728,AG.B0FNXXC728.Phrase,,,,,N.SP.Q22026.Notebooks.AMD.B0FNXXC728,AG.B0FNXXC728.Phrase,,,,enabled,,,,,1.00,acer swift x oled gorilla glass,,phrase,,,,,,,,,,,,,,,,
Sponsored Products,Keyword,Create,N.SP.Q22026.Notebooks.AMD.B0FNXXC728,AG.B0FNXXC728.Phrase,,,,,N.SP.Q22026.Notebooks.AMD.B0FNXXC728,AG.B0FNXXC728.Phrase,,,,enabled,,,,,1.00,thin oled laptop acer swift 14,,phrase,,,,,,,,,,,,,,,,
Sponsored Products,Keyword,Create,N.SP.Q22026.Notebooks.AMD.B0FNXXC728,AG.B0FNXXC728.Phrase,,,,,N.SP.Q22026.Notebooks.AMD.B0FNXXC728,AG.B0FNXXC728.Phrase,,,,enabled,,,,,1.00,acer swift x 14 premium laptop,,phrase,,,,,,,,,,,,,,,,
Sponsored Products,Keyword,Create,N.SP.Q22026.Notebooks.AMD.B0FNXXC728,AG.B0FNXXC728.Phrase,,,,,N.SP.Q22026.Notebooks.AMD.B0FNXXC728,AG.B0FNXXC728.Phrase,,,,enabled,,,,,1.00,amd copilot plus pc oled 14 inch,,phrase,,,,,,,,,,,,,,,,
Sponsored Products,Keyword,Create,N.SP.Q22026.Notebooks.AMD.B0FNXXC728,AG.B0FNXXC728.Phrase,,,,,N.SP.Q22026.Notebooks.AMD.B0FNXXC728,AG.B0FNXXC728.Phrase,,,,enabled,,,,,1.00,acer swift x ai laptop 2025,,phrase,,,,,,,,,,,,,,,,
Sponsored Products,Keyword,Create,N.SP.Q22026.Notebooks.AMD.B0FNXXC728,AG.B0FNXXC728.Phrase,,,,,N.SP.Q22026.Notebooks.AMD.B0FNXXC728,AG.B0FNXXC728.Phrase,,,,enabled,,,,,1.00,best oled laptop acer copilot plus,,phrase,,,,,,,,,,,,,,,,
Sponsored Products,Ad Group,Create,N.SP.Q22026.Notebooks.AMD.B0FNXXC728,,,,,,N.SP.Q22026.Notebooks.AMD.B0FNXXC728,AG.B0FNXXC728.Exact,,,,enabled,,,,1.50,,,,,,,,,,,,,,,,,,,,
Sponsored Products,Product Ad,Create,N.SP.Q22026.Notebooks.AMD.B0FNXXC728,AG.B0FNXXC728.Exact,,,,,N.SP.Q22026.Notebooks.AMD.B0FNXXC728,AG.B0FNXXC728.Exact,,,,enabled,,,B0FNXXC728,,,,,,,,,,,,,,,,,,,,,
Sponsored Products,Keyword,Create,N.SP.Q22026.Notebooks.AMD.B0FNXXC728,AG.B0FNXXC728.Exact,,,,,N.SP.Q22026.Notebooks.AMD.B0FNXXC728,AG.B0FNXXC728.Exact,,,,enabled,,,,,1.50,acer swift x 14 ai oled laptop,,exact,,,,,,,,,,,,,,,,
Sponsored Products,Keyword,Create,N.SP.Q22026.Notebooks.AMD.B0FNXXC728,AG.B0FNXXC728.Exact,,,,,N.SP.Q22026.Notebooks.AMD.B0FNXXC728,AG.B0FNXXC728.Exact,,,,enabled,,,,,1.50,acer swift x 14 copilot plus amd,,exact,,,,,,,,,,,,,,,,
Sponsored Products,Keyword,Create,N.SP.Q22026.Notebooks.AMD.B0FNXXC728,AG.B0FNXXC728.Exact,,,,,N.SP.Q22026.Notebooks.AMD.B0FNXXC728,AG.B0FNXXC728.Exact,,,,enabled,,,,,1.50,acer swift x 14 ai sfx14 61g,,exact,,,,,,,,,,,,,,,,
Sponsored Products,Keyword,Create,N.SP.Q22026.Notebooks.AMD.B0FNXXC728,AG.B0FNXXC728.Exact,,,,,N.SP.Q22026.Notebooks.AMD.B0FNXXC728,AG.B0FNXXC728.Exact,,,,enabled,,,,,1.50,copilot plus oled laptop amd,,exact,,,,,,,,,,,,,,,,
Sponsored Products,Keyword,Create,N.SP.Q22026.Notebooks.AMD.B0FNXXC728,AG.B0FNXXC728.Exact,,,,,N.SP.Q22026.Notebooks.AMD.B0FNXXC728,AG.B0FNXXC728.Exact,,,,enabled,,,,,1.50,acer swift x oled gorilla glass,,exact,,,,,,,,,,,,,,,,
Sponsored Products,Keyword,Create,N.SP.Q22026.Notebooks.AMD.B0FNXXC728,AG.B0FNXXC728.Exact,,,,,N.SP.Q22026.Notebooks.AMD.B0FNXXC728,AG.B0FNXXC728.Exact,,,,enabled,,,,,1.50,thin oled laptop acer swift 14,,exact,,,,,,,,,,,,,,,,
Sponsored Products,Keyword,Create,N.SP.Q22026.Notebooks.AMD.B0FNXXC728,AG.B0FNXXC728.Exact,,,,,N.SP.Q22026.Notebooks.AMD.B0FNXXC728,AG.B0FNXXC728.Exact,,,,enabled,,,,,1.50,acer swift x 14 premium laptop,,exact,,,,,,,,,,,,,,,,
Sponsored Products,Keyword,Create,N.SP.Q22026.Notebooks.AMD.B0FNXXC728,AG.B0FNXXC728.Exact,,,,,N.SP.Q22026.Notebooks.AMD.B0FNXXC728,AG.B0FNXXC728.Exact,,,,enabled,,,,,1.50,amd copilot plus pc oled 14 inch,,exact,,,,,,,,,,,,,,,,
Sponsored Products,Keyword,Create,N.SP.Q22026.Notebooks.AMD.B0FNXXC728,AG.B0FNXXC728.Exact,,,,,N.SP.Q22026.Notebooks.AMD.B0FNXXC728,AG.B0FNXXC728.Exact,,,,enabled,,,,,1.50,acer swift x ai laptop 2025,,exact,,,,,,,,,,,,,,,,
Sponsored Products,Keyword,Create,N.SP.Q22026.Notebooks.AMD.B0FNXXC728,AG.B0FNXXC728.Exact,,,,,N.SP.Q22026.Notebooks.AMD.B0FNXXC728,AG.B0FNXXC728.Exact,,,,enabled,,,,,1.50,best oled laptop acer copilot plus,,exact,,,,,,,,,,,,,,,,
Sponsored Products,Campaign,Create,,,,,,,N.SP.Q22026.Displays.Gaming.B0B6DFG1FQ,,04/01/2026,06/30/2026,Manual,enabled,118.68,,,,,,,,Dynamic bids - down only,,,,,,,,,,,,,,,
Sponsored Products,Ad Group,Create,N.SP.Q22026.Displays.Gaming.B0B6DFG1FQ,,,,,,N.SP.Q22026.Displays.Gaming.B0B6DFG1FQ,AG.B0B6DFG1FQ.Broad,,,,enabled,,,,0.75,,,,,,,,,,,,,,,,,,,,
Sponsored Products,Product Ad,Create,N.SP.Q22026.Displays.Gaming.B0B6DFG1FQ,AG.B0B6DFG1FQ.Broad,,,,,N.SP.Q22026.Displays.Gaming.B0B6DFG1FQ,AG.B0B6DFG1FQ.Broad,,,,enabled,,,B0B6DFG1FQ,,,,,,,,,,,,,,,,,,,,,
Sponsored Products,Keyword,Create,N.SP.Q22026.Displays.Gaming.B0B6DFG1FQ,AG.B0B6DFG1FQ.Broad,,,,,N.SP.Q22026.Displays.Gaming.B0B6DFG1FQ,AG.B0B6DFG1FQ.Broad,,,,enabled,,,,,0.75,acer nitro kg241y gaming monitor,,broad,,,,,,,,,,,,,,,,
Sponsored Products,Keyword,Create,N.SP.Q22026.Displays.Gaming.B0B6DFG1FQ,AG.B0B6DFG1FQ.Broad,,,,,N.SP.Q22026.Displays.Gaming.B0B6DFG1FQ,AG.B0B6DFG1FQ.Broad,,,,enabled,,,,,0.75,acer 24 inch gaming monitor 165hz,,broad,,,,,,,,,,,,,,,,
Sponsored Products,Keyword,Create,N.SP.Q22026.Displays.Gaming.B0B6DFG1FQ,AG.B0B6DFG1FQ.Broad,,,,,N.SP.Q22026.Displays.Gaming.B0B6DFG1FQ,AG.B0B6DFG1FQ.Broad,,,,enabled,,,,,0.75,acer nitro 24 inch fhd monitor,,broad,,,,,,,,,,,,,,,,
Sponsored Products,Keyword,Create,N.SP.Q22026.Displays.Gaming.B0B6DFG1FQ,AG.B0B6DFG1FQ.Broad,,,,,N.SP.Q22026.Displays.Gaming.B0B6DFG1FQ,AG.B0B6DFG1FQ.Broad,,,,enabled,,,,,0.75,freesync 165hz gaming monitor 24,,broad,,,,,,,,,,,,,,,,
Sponsored Products,Keyword,Create,N.SP.Q22026.Displays.Gaming.B0B6DFG1FQ,AG.B0B6DFG1FQ.Broad,,,,,N.SP.Q22026.Displays.Gaming.B0B6DFG1FQ,AG.B0B6DFG1FQ.Broad,,,,enabled,,,,,0.75,acer kg241y sbiip monitor,,broad,,,,,,,,,,,,,,,,
Sponsored Products,Keyword,Create,N.SP.Q22026.Displays.Gaming.B0B6DFG1FQ,AG.B0B6DFG1FQ.Broad,,,,,N.SP.Q22026.Displays.Gaming.B0B6DFG1FQ,AG.B0B6DFG1FQ.Broad,,,,enabled,,,,,0.75,budget gaming monitor 24 inch 165hz,,broad,,,,,,,,,,,,,,,,
Sponsored Products,Keyword,Create,N.SP.Q22026.Displays.Gaming.B0B6DFG1FQ,AG.B0B6DFG1FQ.Broad,,,,,N.SP.Q22026.Displays.Gaming.B0B6DFG1FQ,AG.B0B6DFG1FQ.Broad,,,,enabled,,,,,0.75,acer nitro va gaming monitor,,broad,,,,,,,,,,,,,,,,
Sponsored Products,Keyword,Create,N.SP.Q22026.Displays.Gaming.B0B6DFG1FQ,AG.B0B6DFG1FQ.Broad,,,,,N.SP.Q22026.Displays.Gaming.B0B6DFG1FQ,AG.B0B6DFG1FQ.Broad,,,,enabled,,,,,0.75,1080p 165hz gaming monitor acer,,broad,,,,,,,,,,,,,,,,
Sponsored Products,Keyword,Create,N.SP.Q22026.Displays.Gaming.B0B6DFG1FQ,AG.B0B6DFG1FQ.Broad,,,,,N.SP.Q22026.Displays.Gaming.B0B6DFG1FQ,AG.B0B6DFG1FQ.Broad,,,,enabled,,,,,0.75,acer 24 inch monitor freesync premium,,broad,,,,,,,,,,,,,,,,
Sponsored Products,Keyword,Create,N.SP.Q22026.Displays.Gaming.B0B6DFG1FQ,AG.B0B6DFG1FQ.Broad,,,,,N.SP.Q22026.Displays.Gaming.B0B6DFG1FQ,AG.B0B6DFG1FQ.Broad,,,,enabled,,,,,0.75,best budget 24 inch gaming monitor,,broad,,,,,,,,,,,,,,,,
Sponsored Products,Ad Group,Create,N.SP.Q22026.Displays.Gaming.B0B6DFG1FQ,,,,,,N.SP.Q22026.Displays.Gaming.B0B6DFG1FQ,AG.B0B6DFG1FQ.Phrase,,,,enabled,,,,1.00,,,,,,,,,,,,,,,,,,,,
Sponsored Products,Product Ad,Create,N.SP.Q22026.Displays.Gaming.B0B6DFG1FQ,AG.B0B6DFG1FQ.Phrase,,,,,N.SP.Q22026.Displays.Gaming.B0B6DFG1FQ,AG.B0B6DFG1FQ.Phrase,,,,enabled,,,B0B6DFG1FQ,,,,,,,,,,,,,,,,,,,,,
Sponsored Products,Keyword,Create,N.SP.Q22026.Displays.Gaming.B0B6DFG1FQ,AG.B0B6DFG1FQ.Phrase,,,,,N.SP.Q22026.Displays.Gaming.B0B6DFG1FQ,AG.B0B6DFG1FQ.Phrase,,,,enabled,,,,,1.00,acer nitro kg241y gaming monitor,,phrase,,,,,,,,,,,,,,,,
Sponsored Products,Keyword,Create,N.SP.Q22026.Displays.Gaming.B0B6DFG1FQ,AG.B0B6DFG1FQ.Phrase,,,,,N.SP.Q22026.Displays.Gaming.B0B6DFG1FQ,AG.B0B6DFG1FQ.Phrase,,,,enabled,,,,,1.00,acer 24 inch gaming monitor 165hz,,phrase,,,,,,,,,,,,,,,,
Sponsored Products,Keyword,Create,N.SP.Q22026.Displays.Gaming.B0B6DFG1FQ,AG.B0B6DFG1FQ.Phrase,,,,,N.SP.Q22026.Displays.Gaming.B0B6DFG1FQ,AG.B0B6DFG1FQ.Phrase,,,,enabled,,,,,1.00,acer nitro 24 inch fhd monitor,,phrase,,,,,,,,,,,,,,,,
Sponsored Products,Keyword,Create,N.SP.Q22026.Displays.Gaming.B0B6DFG1FQ,AG.B0B6DFG1FQ.Phrase,,,,,N.SP.Q22026.Displays.Gaming.B0B6DFG1FQ,AG.B0B6DFG1FQ.Phrase,,,,enabled,,,,,1.00,freesync 165hz gaming monitor 24,,phrase,,,,,,,,,,,,,,,,
Sponsored Products,Keyword,Create,N.SP.Q22026.Displays.Gaming.B0B6DFG1FQ,AG.B0B6DFG1FQ.Phrase,,,,,N.SP.Q22026.Displays.Gaming.B0B6DFG1FQ,AG.B0B6DFG1FQ.Phrase,,,,enabled,,,,,1.00,acer kg241y sbiip monitor,,phrase,,,,,,,,,,,,,,,,
Sponsored Products,Keyword,Create,N.SP.Q22026.Displays.Gaming.B0B6DFG1FQ,AG.B0B6DFG1FQ.Phrase,,,,,N.SP.Q22026.Displays.Gaming.B0B6DFG1FQ,AG.B0B6DFG1FQ.Phrase,,,,enabled,,,,,1.00,budget gaming monitor 24 inch 165hz,,phrase,,,,,,,,,,,,,,,,
Sponsored Products,Keyword,Create,N.SP.Q22026.Displays.Gaming.B0B6DFG1FQ,AG.B0B6DFG1FQ.Phrase,,,,,N.SP.Q22026.Displays.Gaming.B0B6DFG1FQ,AG.B0B6DFG1FQ.Phrase,,,,enabled,,,,,1.00,acer nitro va gaming monitor,,phrase,,,,,,,,,,,,,,,,
Sponsored Products,Keyword,Create,N.SP.Q22026.Displays.Gaming.B0B6DFG1FQ,AG.B0B6DFG1FQ.Phrase,,,,,N.SP.Q22026.Displays.Gaming.B0B6DFG1FQ,AG.B0B6DFG1FQ.Phrase,,,,enabled,,,,,1.00,1080p 165hz gaming monitor acer,,phrase,,,,,,,,,,,,,,,,
Sponsored Products,Keyword,Create,N.SP.Q22026.Displays.Gaming.B0B6DFG1FQ,AG.B0B6DFG1FQ.Phrase,,,,,N.SP.Q22026.Displays.Gaming.B0B6DFG1FQ,AG.B0B6DFG1FQ.Phrase,,,,enabled,,,,,1.00,acer 24 inch monitor freesync premium,,phrase,,,,,,,,,,,,,,,,
Sponsored Products,Keyword,Create,N.SP.Q22026.Displays.Gaming.B0B6DFG1FQ,AG.B0B6DFG1FQ.Phrase,,,,,N.SP.Q22026.Displays.Gaming.B0B6DFG1FQ,AG.B0B6DFG1FQ.Phrase,,,,enabled,,,,,1.00,best budget 24 inch gaming monitor,,phrase,,,,,,,,,,,,,,,,
Sponsored Products,Ad Group,Create,N.SP.Q22026.Displays.Gaming.B0B6DFG1FQ,,,,,,N.SP.Q22026.Displays.Gaming.B0B6DFG1FQ,AG.B0B6DFG1FQ.Exact,,,,enabled,,,,1.50,,,,,,,,,,,,,,,,,,,,
Sponsored Products,Product Ad,Create,N.SP.Q22026.Displays.Gaming.B0B6DFG1FQ,AG.B0B6DFG1FQ.Exact,,,,,N.SP.Q22026.Displays.Gaming.B0B6DFG1FQ,AG.B0B6DFG1FQ.Exact,,,,enabled,,,B0B6DFG1FQ,,,,,,,,,,,,,,,,,,,,,
Sponsored Products,Keyword,Create,N.SP.Q22026.Displays.Gaming.B0B6DFG1FQ,AG.B0B6DFG1FQ.Exact,,,,,N.SP.Q22026.Displays.Gaming.B0B6DFG1FQ,AG.B0B6DFG1FQ.Exact,,,,enabled,,,,,1.50,acer nitro kg241y gaming monitor,,exact,,,,,,,,,,,,,,,,
Sponsored Products,Keyword,Create,N.SP.Q22026.Displays.Gaming.B0B6DFG1FQ,AG.B0B6DFG1FQ.Exact,,,,,N.SP.Q22026.Displays.Gaming.B0B6DFG1FQ,AG.B0B6DFG1FQ.Exact,,,,enabled,,,,,1.50,acer 24 inch gaming monitor 165hz,,exact,,,,,,,,,,,,,,,,
Sponsored Products,Keyword,Create,N.SP.Q22026.Displays.Gaming.B0B6DFG1FQ,AG.B0B6DFG1FQ.Exact,,,,,N.SP.Q22026.Displays.Gaming.B0B6DFG1FQ,AG.B0B6DFG1FQ.Exact,,,,enabled,,,,,1.50,acer nitro 24 inch fhd monitor,,exact,,,,,,,,,,,,,,,,
Sponsored Products,Keyword,Create,N.SP.Q22026.Displays.Gaming.B0B6DFG1FQ,AG.B0B6DFG1FQ.Exact,,,,,N.SP.Q22026.Displays.Gaming.B0B6DFG1FQ,AG.B0B6DFG1FQ.Exact,,,,enabled,,,,,1.50,freesync 165hz gaming monitor 24,,exact,,,,,,,,,,,,,,,,
Sponsored Products,Keyword,Create,N.SP.Q22026.Displays.Gaming.B0B6DFG1FQ,AG.B0B6DFG1FQ.Exact,,,,,N.SP.Q22026.Displays.Gaming.B0B6DFG1FQ,AG.B0B6DFG1FQ.Exact,,,,enabled,,,,,1.50,acer kg241y sbiip monitor,,exact,,,,,,,,,,,,,,,,
Sponsored Products,Keyword,Create,N.SP.Q22026.Displays.Gaming.B0B6DFG1FQ,AG.B0B6DFG1FQ.Exact,,,,,N.SP.Q22026.Displays.Gaming.B0B6DFG1FQ,AG.B0B6DFG1FQ.Exact,,,,enabled,,,,,1.50,budget gaming monitor 24 inch 165hz,,exact,,,,,,,,,,,,,,,,
Sponsored Products,Keyword,Create,N.SP.Q22026.Displays.Gaming.B0B6DFG1FQ,AG.B0B6DFG1FQ.Exact,,,,,N.SP.Q22026.Displays.Gaming.B0B6DFG1FQ,AG.B0B6DFG1FQ.Exact,,,,enabled,,,,,1.50,acer nitro va gaming monitor,,exact,,,,,,,,,,,,,,,,
Sponsored Products,Keyword,Create,N.SP.Q22026.Displays.Gaming.B0B6DFG1FQ,AG.B0B6DFG1FQ.Exact,,,,,N.SP.Q22026.Displays.Gaming.B0B6DFG1FQ,AG.B0B6DFG1FQ.Exact,,,,enabled,,,,,1.50,1080p 165hz gaming monitor acer,,exact,,,,,,,,,,,,,,,,
Sponsored Products,Keyword,Create,N.SP.Q22026.Displays.Gaming.B0B6DFG1FQ,AG.B0B6DFG1FQ.Exact,,,,,N.SP.Q22026.Displays.Gaming.B0B6DFG1FQ,AG.B0B6DFG1FQ.Exact,,,,enabled,,,,,1.50,acer 24 inch monitor freesync premium,,exact,,,,,,,,,,,,,,,,
Sponsored Products,Keyword,Create,N.SP.Q22026.Displays.Gaming.B0B6DFG1FQ,AG.B0B6DFG1FQ.Exact,,,,,N.SP.Q22026.Displays.Gaming.B0B6DFG1FQ,AG.B0B6DFG1FQ.Exact,,,,enabled,,,,,1.50,best budget 24 inch gaming monitor,,exact,,,,,,,,,,,,,,,,
Sponsored Products,Campaign,Create,,,,,,,N.SP.Q22026.Displays.Gaming.B0D8LH2VSP,,04/01/2026,06/30/2026,Manual,enabled,306.59,,,,,,,,Dynamic bids - down only,,,,,,,,,,,,,,,
Sponsored Products,Ad Group,Create,N.SP.Q22026.Displays.Gaming.B0D8LH2VSP,,,,,,N.SP.Q22026.Displays.Gaming.B0D8LH2VSP,AG.B0D8LH2VSP.Broad,,,,enabled,,,,0.75,,,,,,,,,,,,,,,,,,,,
Sponsored Products,Product Ad,Create,N.SP.Q22026.Displays.Gaming.B0D8LH2VSP,AG.B0D8LH2VSP.Broad,,,,,N.SP.Q22026.Displays.Gaming.B0D8LH2VSP,AG.B0D8LH2VSP.Broad,,,,enabled,,,B0D8LH2VSP,,,,,,,,,,,,,,,,,,,,,
Sponsored Products,Keyword,Create,N.SP.Q22026.Displays.Gaming.B0D8LH2VSP,AG.B0D8LH2VSP.Broad,,,,,N.SP.Q22026.Displays.Gaming.B0D8LH2VSP,AG.B0D8LH2VSP.Broad,,,,enabled,,,,,0.75,acer nitro kg271u 27 inch qhd monitor,,broad,,,,,,,,,,,,,,,,
Sponsored Products,Keyword,Create,N.SP.Q22026.Displays.Gaming.B0D8LH2VSP,AG.B0D8LH2VSP.Broad,,,,,N.SP.Q22026.Displays.Gaming.B0D8LH2VSP,AG.B0D8LH2VSP.Broad,,,,enabled,,,,,0.75,acer 27 inch 1440p gaming monitor,,broad,,,,,,,,,,,,,,,,
Sponsored Products,Keyword,Create,N.SP.Q22026.Displays.Gaming.B0D8LH2VSP,AG.B0D8LH2VSP.Broad,,,,,N.SP.Q22026.Displays.Gaming.B0D8LH2VSP,AG.B0D8LH2VSP.Broad,,,,enabled,,,,,0.75,27 inch qhd 180hz gaming monitor,,broad,,,,,,,,,,,,,,,,
Sponsored Products,Keyword,Create,N.SP.Q22026.Displays.Gaming.B0D8LH2VSP,AG.B0D8LH2VSP.Broad,,,,,N.SP.Q22026.Displays.Gaming.B0D8LH2VSP,AG.B0D8LH2VSP.Broad,,,,enabled,,,,,0.75,acer nitro qhd freesync monitor,,broad,,,,,,,,,,,,,,,,
Sponsored Products,Keyword,Create,N.SP.Q22026.Displays.Gaming.B0D8LH2VSP,AG.B0D8LH2VSP.Broad,,,,,N.SP.Q22026.Displays.Gaming.B0D8LH2VSP,AG.B0D8LH2VSP.Broad,,,,enabled,,,,,0.75,1440p gaming monitor 180hz acer,,broad,,,,,,,,,,,,,,,,
Sponsored Products,Keyword,Create,N.SP.Q22026.Displays.Gaming.B0D8LH2VSP,AG.B0D8LH2VSP.Broad,,,,,N.SP.Q22026.Displays.Gaming.B0D8LH2VSP,AG.B0D8LH2VSP.Broad,,,,enabled,,,,,0.75,acer nitro kg271u n3bmiipx,,broad,,,,,,,,,,,,,,,,
Sponsored Products,Keyword,Create,N.SP.Q22026.Displays.Gaming.B0D8LH2VSP,AG.B0D8LH2VSP.Broad,,,,,N.SP.Q22026.Displays.Gaming.B0D8LH2VSP,AG.B0D8LH2VSP.Broad,,,,enabled,,,,,0.75,best 27 inch qhd gaming monitor,,broad,,,,,,,,,,,,,,,,
Sponsored Products,Keyword,Create,N.SP.Q22026.Displays.Gaming.B0D8LH2VSP,AG.B0D8LH2VSP.Broad,,,,,N.SP.Q22026.Displays.Gaming.B0D8LH2VSP,AG.B0D8LH2VSP.Broad,,,,enabled,,,,,0.75,acer 2560x1440 gaming monitor 180hz,,broad,,,,,,,,,,,,,,,,
Sponsored Products,Keyword,Create,N.SP.Q22026.Displays.Gaming.B0D8LH2VSP,AG.B0D8LH2VSP.Broad,,,,,N.SP.Q22026.Displays.Gaming.B0D8LH2VSP,AG.B0D8LH2VSP.Broad,,,,enabled,,,,,0.75,qhd ips gaming monitor freesync acer,,broad,,,,,,,,,,,,,,,,
Sponsored Products,Keyword,Create,N.SP.Q22026.Displays.Gaming.B0D8LH2VSP,AG.B0D8LH2VSP.Broad,,,,,N.SP.Q22026.Displays.Gaming.B0D8LH2VSP,AG.B0D8LH2VSP.Broad,,,,enabled,,,,,0.75,acer nitro 27 inch 1440p 180hz,,broad,,,,,,,,,,,,,,,,
Sponsored Products,Ad Group,Create,N.SP.Q22026.Displays.Gaming.B0D8LH2VSP,,,,,,N.SP.Q22026.Displays.Gaming.B0D8LH2VSP,AG.B0D8LH2VSP.Phrase,,,,enabled,,,,1.00,,,,,,,,,,,,,,,,,,,,
Sponsored Products,Product Ad,Create,N.SP.Q22026.Displays.Gaming.B0D8LH2VSP,AG.B0D8LH2VSP.Phrase,,,,,N.SP.Q22026.Displays.Gaming.B0D8LH2VSP,AG.B0D8LH2VSP.Phrase,,,,enabled,,,B0D8LH2VSP,,,,,,,,,,,,,,,,,,,,,
Sponsored Products,Keyword,Create,N.SP.Q22026.Displays.Gaming.B0D8LH2VSP,AG.B0D8LH2VSP.Phrase,,,,,N.SP.Q22026.Displays.Gaming.B0D8LH2VSP,AG.B0D8LH2VSP.Phrase,,,,enabled,,,,,1.00,acer nitro kg271u 27 inch qhd monitor,,phrase,,,,,,,,,,,,,,,,
Sponsored Products,Keyword,Create,N.SP.Q22026.Displays.Gaming.B0D8LH2VSP,AG.B0D8LH2VSP.Phrase,,,,,N.SP.Q22026.Displays.Gaming.B0D8LH2VSP,AG.B0D8LH2VSP.Phrase,,,,enabled,,,,,1.00,acer 27 inch 1440p gaming monitor,,phrase,,,,,,,,,,,,,,,,
Sponsored Products,Keyword,Create,N.SP.Q22026.Displays.Gaming.B0D8LH2VSP,AG.B0D8LH2VSP.Phrase,,,,,N.SP.Q22026.Displays.Gaming.B0D8LH2VSP,AG.B0D8LH2VSP.Phrase,,,,enabled,,,,,1.00,27 inch qhd 180hz gaming monitor,,phrase,,,,,,,,,,,,,,,,
Sponsored Products,Keyword,Create,N.SP.Q22026.Displays.Gaming.B0D8LH2VSP,AG.B0D8LH2VSP.Phrase,,,,,N.SP.Q22026.Displays.Gaming.B0D8LH2VSP,AG.B0D8LH2VSP.Phrase,,,,enabled,,,,,1.00,acer nitro qhd freesync monitor,,phrase,,,,,,,,,,,,,,,,
Sponsored Products,Keyword,Create,N.SP.Q22026.Displays.Gaming.B0D8LH2VSP,AG.B0D8LH2VSP.Phrase,,,,,N.SP.Q22026.Displays.Gaming.B0D8LH2VSP,AG.B0D8LH2VSP.Phrase,,,,enabled,,,,,1.00,1440p gaming monitor 180hz acer,,phrase,,,,,,,,,,,,,,,,
Sponsored Products,Keyword,Create,N.SP.Q22026.Displays.Gaming.B0D8LH2VSP,AG.B0D8LH2VSP.Phrase,,,,,N.SP.Q22026.Displays.Gaming.B0D8LH2VSP,AG.B0D8LH2VSP.Phrase,,,,enabled,,,,,1.00,acer nitro kg271u n3bmiipx,,phrase,,,,,,,,,,,,,,,,
Sponsored Products,Keyword,Create,N.SP.Q22026.Displays.Gaming.B0D8LH2VSP,AG.B0D8LH2VSP.Phrase,,,,,N.SP.Q22026.Displays.Gaming.B0D8LH2VSP,AG.B0D8LH2VSP.Phrase,,,,enabled,,,,,1.00,best 27 inch qhd gaming monitor,,phrase,,,,,,,,,,,,,,,,
Sponsored Products,Keyword,Create,N.SP.Q22026.Displays.Gaming.B0D8LH2VSP,AG.B0D8LH2VSP.Phrase,,,,,N.SP.Q22026.Displays.Gaming.B0D8LH2VSP,AG.B0D8LH2VSP.Phrase,,,,enabled,,,,,1.00,acer 2560x1440 gaming monitor 180hz,,phrase,,,,,,,,,,,,,,,,
Sponsored Products,Keyword,Create,N.SP.Q22026.Displays.Gaming.B0D8LH2VSP,AG.B0D8LH2VSP.Phrase,,,,,N.SP.Q22026.Displays.Gaming.B0D8LH2VSP,AG.B0D8LH2VSP.Phrase,,,,enabled,,,,,1.00,qhd ips gaming monitor freesync acer,,phrase,,,,,,,,,,,,,,,,
Sponsored Products,Keyword,Create,N.SP.Q22026.Displays.Gaming.B0D8LH2VSP,AG.B0D8LH2VSP.Phrase,,,,,N.SP.Q22026.Displays.Gaming.B0D8LH2VSP,AG.B0D8LH2VSP.Phrase,,,,enabled,,,,,1.00,acer nitro 27 inch 1440p 180hz,,phrase,,,,,,,,,,,,,,,,
Sponsored Products,Ad Group,Create,N.SP.Q22026.Displays.Gaming.B0D8LH2VSP,,,,,,N.SP.Q22026.Displays.Gaming.B0D8LH2VSP,AG.B0D8LH2VSP.Exact,,,,enabled,,,,1.50,,,,,,,,,,,,,,,,,,,,
Sponsored Products,Product Ad,Create,N.SP.Q22026.Displays.Gaming.B0D8LH2VSP,AG.B0D8LH2VSP.Exact,,,,,N.SP.Q22026.Displays.Gaming.B0D8LH2VSP,AG.B0D8LH2VSP.Exact,,,,enabled,,,B0D8LH2VSP,,,,,,,,,,,,,,,,,,,,,
Sponsored Products,Keyword,Create,N.SP.Q22026.Displays.Gaming.B0D8LH2VSP,AG.B0D8LH2VSP.Exact,,,,,N.SP.Q22026.Displays.Gaming.B0D8LH2VSP,AG.B0D8LH2VSP.Exact,,,,enabled,,,,,1.50,acer nitro kg271u 27 inch qhd monitor,,exact,,,,,,,,,,,,,,,,
Sponsored Products,Keyword,Create,N.SP.Q22026.Displays.Gaming.B0D8LH2VSP,AG.B0D8LH2VSP.Exact,,,,,N.SP.Q22026.Displays.Gaming.B0D8LH2VSP,AG.B0D8LH2VSP.Exact,,,,enabled,,,,,1.50,acer 27 inch 1440p gaming monitor,,exact,,,,,,,,,,,,,,,,
Sponsored Products,Keyword,Create,N.SP.Q22026.Displays.Gaming.B0D8LH2VSP,AG.B0D8LH2VSP.Exact,,,,,N.SP.Q22026.Displays.Gaming.B0D8LH2VSP,AG.B0D8LH2VSP.Exact,,,,enabled,,,,,1.50,27 inch qhd 180hz gaming monitor,,exact,,,,,,,,,,,,,,,,
Sponsored Products,Keyword,Create,N.SP.Q22026.Displays.Gaming.B0D8LH2VSP,AG.B0D8LH2VSP.Exact,,,,,N.SP.Q22026.Displays.Gaming.B0D8LH2VSP,AG.B0D8LH2VSP.Exact,,,,enabled,,,,,1.50,acer nitro qhd freesync monitor,,exact,,,,,,,,,,,,,,,,
Sponsored Products,Keyword,Create,N.SP.Q22026.Displays.Gaming.B0D8LH2VSP,AG.B0D8LH2VSP.Exact,,,,,N.SP.Q22026.Displays.Gaming.B0D8LH2VSP,AG.B0D8LH2VSP.Exact,,,,enabled,,,,,1.50,1440p gaming monitor 180hz acer,,exact,,,,,,,,,,,,,,,,
Sponsored Products,Keyword,Create,N.SP.Q22026.Displays.Gaming.B0D8LH2VSP,AG.B0D8LH2VSP.Exact,,,,,N.SP.Q22026.Displays.Gaming.B0D8LH2VSP,AG.B0D8LH2VSP.Exact,,,,enabled,,,,,1.50,acer nitro kg271u n3bmiipx,,exact,,,,,,,,,,,,,,,,
Sponsored Products,Keyword,Create,N.SP.Q22026.Displays.Gaming.B0D8LH2VSP,AG.B0D8LH2VSP.Exact,,,,,N.SP.Q22026.Displays.Gaming.B0D8LH2VSP,AG.B0D8LH2VSP.Exact,,,,enabled,,,,,1.50,best 27 inch qhd gaming monitor,,exact,,,,,,,,,,,,,,,,
Sponsored Products,Keyword,Create,N.SP.Q22026.Displays.Gaming.B0D8LH2VSP,AG.B0D8LH2VSP.Exact,,,,,N.SP.Q22026.Displays.Gaming.B0D8LH2VSP,AG.B0D8LH2VSP.Exact,,,,enabled,,,,,1.50,acer 2560x1440 gaming monitor 180hz,,exact,,,,,,,,,,,,,,,,
Sponsored Products,Keyword,Create,N.SP.Q22026.Displays.Gaming.B0D8LH2VSP,AG.B0D8LH2VSP.Exact,,,,,N.SP.Q22026.Displays.Gaming.B0D8LH2VSP,AG.B0D8LH2VSP.Exact,,,,enabled,,,,,1.50,qhd ips gaming monitor freesync acer,,exact,,,,,,,,,,,,,,,,
Sponsored Products,Keyword,Create,N.SP.Q22026.Displays.Gaming.B0D8LH2VSP,AG.B0D8LH2VSP.Exact,,,,,N.SP.Q22026.Displays.Gaming.B0D8LH2VSP,AG.B0D8LH2VSP.Exact,,,,enabled,,,,,1.50,acer nitro 27 inch 1440p 180hz,,exact,,,,,,,,,,,,,,,,
Sponsored Products,Campaign,Create,,,,,,,N.SP.Q22026.Displays.Gaming.B0CZ7P8P4C,,04/01/2026,06/30/2026,Manual,enabled,113.74,,,,,,,,Dynamic bids - down only,,,,,,,,,,,,,,,
Sponsored Products,Ad Group,Create,N.SP.Q22026.Displays.Gaming.B0CZ7P8P4C,,,,,,N.SP.Q22026.Displays.Gaming.B0CZ7P8P4C,AG.B0CZ7P8P4C.Broad,,,,enabled,,,,0.75,,,,,,,,,,,,,,,,,,,,
Sponsored Products,Product Ad,Create,N.SP.Q22026.Displays.Gaming.B0CZ7P8P4C,AG.B0CZ7P8P4C.Broad,,,,,N.SP.Q22026.Displays.Gaming.B0CZ7P8P4C,AG.B0CZ7P8P4C.Broad,,,,enabled,,,B0CZ7P8P4C,,,,,,,,,,,,,,,,,,,,,
Sponsored Products,Keyword,Create,N.SP.Q22026.Displays.Gaming.B0CZ7P8P4C,AG.B0CZ7P8P4C.Broad,,,,,N.SP.Q22026.Displays.Gaming.B0CZ7P8P4C,AG.B0CZ7P8P4C.Broad,,,,enabled,,,,,0.75,acer nitro xv272u 27 inch 300hz monitor,,broad,,,,,,,,,,,,,,,,
Sponsored Products,Keyword,Create,N.SP.Q22026.Displays.Gaming.B0CZ7P8P4C,AG.B0CZ7P8P4C.Broad,,,,,N.SP.Q22026.Displays.Gaming.B0CZ7P8P4C,AG.B0CZ7P8P4C.Broad,,,,enabled,,,,,0.75,acer 27 inch wqhd 300hz gaming monitor,,broad,,,,,,,,,,,,,,,,
Sponsored Products,Keyword,Create,N.SP.Q22026.Displays.Gaming.B0CZ7P8P4C,AG.B0CZ7P8P4C.Broad,,,,,N.SP.Q22026.Displays.Gaming.B0CZ7P8P4C,AG.B0CZ7P8P4C.Broad,,,,enabled,,,,,0.75,acer xv272u f3bmiiprx monitor,,broad,,,,,,,,,,,,,,,,
Sponsored Products,Keyword,Create,N.SP.Q22026.Displays.Gaming.B0CZ7P8P4C,AG.B0CZ7P8P4C.Broad,,,,,N.SP.Q22026.Displays.Gaming.B0CZ7P8P4C,AG.B0CZ7P8P4C.Broad,,,,enabled,,,,,0.75,300hz gaming monitor 27 inch qhd,,broad,,,,,,,,,,,,,,,,
Sponsored Products,Keyword,Create,N.SP.Q22026.Displays.Gaming.B0CZ7P8P4C,AG.B0CZ7P8P4C.Broad,,,,,N.SP.Q22026.Displays.Gaming.B0CZ7P8P4C,AG.B0CZ7P8P4C.Broad,,,,enabled,,,,,0.75,acer nitro 300hz 1440p monitor,,broad,,,,,,,,,,,,,,,,
Sponsored Products,Keyword,Create,N.SP.Q22026.Displays.Gaming.B0CZ7P8P4C,AG.B0CZ7P8P4C.Broad,,,,,N.SP.Q22026.Displays.Gaming.B0CZ7P8P4C,AG.B0CZ7P8P4C.Broad,,,,enabled,,,,,0.75,freesync premium 300hz gaming monitor,,broad,,,,,,,,,,,,,,,,
Sponsored Products,Keyword,Create,N.SP.Q22026.Displays.Gaming.B0CZ7P8P4C,AG.B0CZ7P8P4C.Broad,,,,,N.SP.Q22026.Displays.Gaming.B0CZ7P8P4C,AG.B0CZ7P8P4C.Broad,,,,enabled,,,,,0.75,acer nitro 27 inch 99 srgb monitor,,broad,,,,,,,,,,,,,,,,
Sponsored Products,Keyword,Create,N.SP.Q22026.Displays.Gaming.B0CZ7P8P4C,AG.B0CZ7P8P4C.Broad,,,,,N.SP.Q22026.Displays.Gaming.B0CZ7P8P4C,AG.B0CZ7P8P4C.Broad,,,,enabled,,,,,0.75,best 300hz 1440p gaming monitor,,broad,,,,,,,,,,,,,,,,
Sponsored Products,Keyword,Create,N.SP.Q22026.Displays.Gaming.B0CZ7P8P4C,AG.B0CZ7P8P4C.Broad,,,,,N.SP.Q22026.Displays.Gaming.B0CZ7P8P4C,AG.B0CZ7P8P4C.Broad,,,,enabled,,,,,0.75,acer 2560x1440 300hz ips monitor,,broad,,,,,,,,,,,,,,,,
Sponsored Products,Keyword,Create,N.SP.Q22026.Displays.Gaming.B0CZ7P8P4C,AG.B0CZ7P8P4C.Broad,,,,,N.SP.Q22026.Displays.Gaming.B0CZ7P8P4C,AG.B0CZ7P8P4C.Broad,,,,enabled,,,,,0.75,acer nitro gaming monitor 300hz displayhdr,,broad,,,,,,,,,,,,,,,,
Sponsored Products,Ad Group,Create,N.SP.Q22026.Displays.Gaming.B0CZ7P8P4C,,,,,,N.SP.Q22026.Displays.Gaming.B0CZ7P8P4C,AG.B0CZ7P8P4C.Phrase,,,,enabled,,,,1.00,,,,,,,,,,,,,,,,,,,,
Sponsored Products,Product Ad,Create,N.SP.Q22026.Displays.Gaming.B0CZ7P8P4C,AG.B0CZ7P8P4C.Phrase,,,,,N.SP.Q22026.Displays.Gaming.B0CZ7P8P4C,AG.B0CZ7P8P4C.Phrase,,,,enabled,,,B0CZ7P8P4C,,,,,,,,,,,,,,,,,,,,,
Sponsored Products,Keyword,Create,N.SP.Q22026.Displays.Gaming.B0CZ7P8P4C,AG.B0CZ7P8P4C.Phrase,,,,,N.SP.Q22026.Displays.Gaming.B0CZ7P8P4C,AG.B0CZ7P8P4C.Phrase,,,,enabled,,,,,1.00,acer nitro xv272u 27 inch 300hz monitor,,phrase,,,,,,,,,,,,,,,,
Sponsored Products,Keyword,Create,N.SP.Q22026.Displays.Gaming.B0CZ7P8P4C,AG.B0CZ7P8P4C.Phrase,,,,,N.SP.Q22026.Displays.Gaming.B0CZ7P8P4C,AG.B0CZ7P8P4C.Phrase,,,,enabled,,,,,1.00,acer 27 inch wqhd 300hz gaming monitor,,phrase,,,,,,,,,,,,,,,,
Sponsored Products,Keyword,Create,N.SP.Q22026.Displays.Gaming.B0CZ7P8P4C,AG.B0CZ7P8P4C.Phrase,,,,,N.SP.Q22026.Displays.Gaming.B0CZ7P8P4C,AG.B0CZ7P8P4C.Phrase,,,,enabled,,,,,1.00,acer xv272u f3bmiiprx monitor,,phrase,,,,,,,,,,,,,,,,
Sponsored Products,Keyword,Create,N.SP.Q22026.Displays.Gaming.B0CZ7P8P4C,AG.B0CZ7P8P4C.Phrase,,,,,N.SP.Q22026.Displays.Gaming.B0CZ7P8P4C,AG.B0CZ7P8P4C.Phrase,,,,enabled,,,,,1.00,300hz gaming monitor 27 inch qhd,,phrase,,,,,,,,,,,,,,,,
Sponsored Products,Keyword,Create,N.SP.Q22026.Displays.Gaming.B0CZ7P8P4C,AG.B0CZ7P8P4C.Phrase,,,,,N.SP.Q22026.Displays.Gaming.B0CZ7P8P4C,AG.B0CZ7P8P4C.Phrase,,,,enabled,,,,,1.00,acer nitro 300hz 1440p monitor,,phrase,,,,,,,,,,,,,,,,
Sponsored Products,Keyword,Create,N.SP.Q22026.Displays.Gaming.B0CZ7P8P4C,AG.B0CZ7P8P4C.Phrase,,,,,N.SP.Q22026.Displays.Gaming.B0CZ7P8P4C,AG.B0CZ7P8P4C.Phrase,,,,enabled,,,,,1.00,freesync premium 300hz gaming monitor,,phrase,,,,,,,,,,,,,,,,
Sponsored Products,Keyword,Create,N.SP.Q22026.Displays.Gaming.B0CZ7P8P4C,AG.B0CZ7P8P4C.Phrase,,,,,N.SP.Q22026.Displays.Gaming.B0CZ7P8P4C,AG.B0CZ7P8P4C.Phrase,,,,enabled,,,,,1.00,acer nitro 27 inch 99 srgb monitor,,phrase,,,,,,,,,,,,,,,,
Sponsored Products,Keyword,Create,N.SP.Q22026.Displays.Gaming.B0CZ7P8P4C,AG.B0CZ7P8P4C.Phrase,,,,,N.SP.Q22026.Displays.Gaming.B0CZ7P8P4C,AG.B0CZ7P8P4C.Phrase,,,,enabled,,,,,1.00,best 300hz 1440p gaming monitor,,phrase,,,,,,,,,,,,,,,,
Sponsored Products,Keyword,Create,N.SP.Q22026.Displays.Gaming.B0CZ7P8P4C,AG.B0CZ7P8P4C.Phrase,,,,,N.SP.Q22026.Displays.Gaming.B0CZ7P8P4C,AG.B0CZ7P8P4C.Phrase,,,,enabled,,,,,1.00,acer 2560x1440 300hz ips monitor,,phrase,,,,,,,,,,,,,,,,
Sponsored Products,Keyword,Create,N.SP.Q22026.Displays.Gaming.B0CZ7P8P4C,AG.B0CZ7P8P4C.Phrase,,,,,N.SP.Q22026.Displays.Gaming.B0CZ7P8P4C,AG.B0CZ7P8P4C.Phrase,,,,enabled,,,,,1.00,acer nitro gaming monitor 300hz displayhdr,,phrase,,,,,,,,,,,,,,,,
Sponsored Products,Ad Group,Create,N.SP.Q22026.Displays.Gaming.B0CZ7P8P4C,,,,,,N.SP.Q22026.Displays.Gaming.B0CZ7P8P4C,AG.B0CZ7P8P4C.Exact,,,,enabled,,,,1.50,,,,,,,,,,,,,,,,,,,,
Sponsored Products,Product Ad,Create,N.SP.Q22026.Displays.Gaming.B0CZ7P8P4C,AG.B0CZ7P8P4C.Exact,,,,,N.SP.Q22026.Displays.Gaming.B0CZ7P8P4C,AG.B0CZ7P8P4C.Exact,,,,enabled,,,B0CZ7P8P4C,,,,,,,,,,,,,,,,,,,,,
Sponsored Products,Keyword,Create,N.SP.Q22026.Displays.Gaming.B0CZ7P8P4C,AG.B0CZ7P8P4C.Exact,,,,,N.SP.Q22026.Displays.Gaming.B0CZ7P8P4C,AG.B0CZ7P8P4C.Exact,,,,enabled,,,,,1.50,acer nitro xv272u 27 inch 300hz monitor,,exact,,,,,,,,,,,,,,,,
Sponsored Products,Keyword,Create,N.SP.Q22026.Displays.Gaming.B0CZ7P8P4C,AG.B0CZ7P8P4C.Exact,,,,,N.SP.Q22026.Displays.Gaming.B0CZ7P8P4C,AG.B0CZ7P8P4C.Exact,,,,enabled,,,,,1.50,acer 27 inch wqhd 300hz gaming monitor,,exact,,,,,,,,,,,,,,,,
Sponsored Products,Keyword,Create,N.SP.Q22026.Displays.Gaming.B0CZ7P8P4C,AG.B0CZ7P8P4C.Exact,,,,,N.SP.Q22026.Displays.Gaming.B0CZ7P8P4C,AG.B0CZ7P8P4C.Exact,,,,enabled,,,,,1.50,acer xv272u f3bmiiprx monitor,,exact,,,,,,,,,,,,,,,,
Sponsored Products,Keyword,Create,N.SP.Q22026.Displays.Gaming.B0CZ7P8P4C,AG.B0CZ7P8P4C.Exact,,,,,N.SP.Q22026.Displays.Gaming.B0CZ7P8P4C,AG.B0CZ7P8P4C.Exact,,,,enabled,,,,,1.50,300hz gaming monitor 27 inch qhd,,exact,,,,,,,,,,,,,,,,
Sponsored Products,Keyword,Create,N.SP.Q22026.Displays.Gaming.B0CZ7P8P4C,AG.B0CZ7P8P4C.Exact,,,,,N.SP.Q22026.Displays.Gaming.B0CZ7P8P4C,AG.B0CZ7P8P4C.Exact,,,,enabled,,,,,1.50,acer nitro 300hz 1440p monitor,,exact,,,,,,,,,,,,,,,,
Sponsored Products,Keyword,Create,N.SP.Q22026.Displays.Gaming.B0CZ7P8P4C,AG.B0CZ7P8P4C.Exact,,,,,N.SP.Q22026.Displays.Gaming.B0CZ7P8P4C,AG.B0CZ7P8P4C.Exact,,,,enabled,,,,,1.50,freesync premium 300hz gaming monitor,,exact,,,,,,,,,,,,,,,,
Sponsored Products,Keyword,Create,N.SP.Q22026.Displays.Gaming.B0CZ7P8P4C,AG.B0CZ7P8P4C.Exact,,,,,N.SP.Q22026.Displays.Gaming.B0CZ7P8P4C,AG.B0CZ7P8P4C.Exact,,,,enabled,,,,,1.50,acer nitro 27 inch 99 srgb monitor,,exact,,,,,,,,,,,,,,,,
Sponsored Products,Keyword,Create,N.SP.Q22026.Displays.Gaming.B0CZ7P8P4C,AG.B0CZ7P8P4C.Exact,,,,,N.SP.Q22026.Displays.Gaming.B0CZ7P8P4C,AG.B0CZ7P8P4C.Exact,,,,enabled,,,,,1.50,best 300hz 1440p gaming monitor,,exact,,,,,,,,,,,,,,,,
Sponsored Products,Keyword,Create,N.SP.Q22026.Displays.Gaming.B0CZ7P8P4C,AG.B0CZ7P8P4C.Exact,,,,,N.SP.Q22026.Displays.Gaming.B0CZ7P8P4C,AG.B0CZ7P8P4C.Exact,,,,enabled,,,,,1.50,acer 2560x1440 300hz ips monitor,,exact,,,,,,,,,,,,,,,,
Sponsored Products,Keyword,Create,N.SP.Q22026.Displays.Gaming.B0CZ7P8P4C,AG.B0CZ7P8P4C.Exact,,,,,N.SP.Q22026.Displays.Gaming.B0CZ7P8P4C,AG.B0CZ7P8P4C.Exact,,,,enabled,,,,,1.50,acer nitro gaming monitor 300hz displayhdr,,exact,,,,,,,,,,,,,,,,
Sponsored Products,Campaign,Create,,,,,,,N.SP.Q22026.Displays.Gaming.B0C1T35BCF,,04/01/2026,06/30/2026,Manual,enabled,128.57,,,,,,,,Dynamic bids - down only,,,,,,,,,,,,,,,
Sponsored Products,Ad Group,Create,N.SP.Q22026.Displays.Gaming.B0C1T35BCF,,,,,,N.SP.Q22026.Displays.Gaming.B0C1T35BCF,AG.B0C1T35BCF.Broad,,,,enabled,,,,0.75,,,,,,,,,,,,,,,,,,,,
Sponsored Products,Product Ad,Create,N.SP.Q22026.Displays.Gaming.B0C1T35BCF,AG.B0C1T35BCF.Broad,,,,,N.SP.Q22026.Displays.Gaming.B0C1T35BCF,AG.B0C1T35BCF.Broad,,,,enabled,,,B0C1T35BCF,,,,,,,,,,,,,,,,,,,,,
Sponsored Products,Keyword,Create,N.SP.Q22026.Displays.Gaming.B0C1T35BCF,AG.B0C1T35BCF.Broad,,,,,N.SP.Q22026.Displays.Gaming.B0C1T35BCF,AG.B0C1T35BCF.Broad,,,,enabled,,,,,0.75,acer nitro xv272u 27 inch 1440p monitor,,broad,,,,,,,,,,,,,,,,
Sponsored Products,Keyword,Create,N.SP.Q22026.Displays.Gaming.B0C1T35BCF,AG.B0C1T35BCF.Broad,,,,,N.SP.Q22026.Displays.Gaming.B0C1T35BCF,AG.B0C1T35BCF.Broad,,,,enabled,,,,,0.75,acer 27 inch gaming monitor wqhd freesync,,broad,,,,,,,,,,,,,,,,
Sponsored Products,Keyword,Create,N.SP.Q22026.Displays.Gaming.B0C1T35BCF,AG.B0C1T35BCF.Broad,,,,,N.SP.Q22026.Displays.Gaming.B0C1T35BCF,AG.B0C1T35BCF.Broad,,,,enabled,,,,,0.75,acer xv272u w2bmiiprx gaming monitor,,broad,,,,,,,,,,,,,,,,
Sponsored Products,Keyword,Create,N.SP.Q22026.Displays.Gaming.B0C1T35BCF,AG.B0C1T35BCF.Broad,,,,,N.SP.Q22026.Displays.Gaming.B0C1T35BCF,AG.B0C1T35BCF.Broad,,,,enabled,,,,,0.75,27 inch 1440p freesync gaming monitor,,broad,,,,,,,,,,,,,,,,
Sponsored Products,Keyword,Create,N.SP.Q22026.Displays.Gaming.B0C1T35BCF,AG.B0C1T35BCF.Broad,,,,,N.SP.Q22026.Displays.Gaming.B0C1T35BCF,AG.B0C1T35BCF.Broad,,,,enabled,,,,,0.75,acer nitro 27 qhd ips gaming monitor,,broad,,,,,,,,,,,,,,,,
Sponsored Products,Keyword,Create,N.SP.Q22026.Displays.Gaming.B0C1T35BCF,AG.B0C1T35BCF.Broad,,,,,N.SP.Q22026.Displays.Gaming.B0C1T35BCF,AG.B0C1T35BCF.Broad,,,,enabled,,,,,0.75,acer 27 monitor 170hz 1440p,,broad,,,,,,,,,,,,,,,,
Sponsored Products,Keyword,Create,N.SP.Q22026.Displays.Gaming.B0C1T35BCF,AG.B0C1T35BCF.Broad,,,,,N.SP.Q22026.Displays.Gaming.B0C1T35BCF,AG.B0C1T35BCF.Broad,,,,enabled,,,,,0.75,best 27 inch 1440p gaming monitor acer,,broad,,,,,,,,,,,,,,,,
Sponsored Products,Keyword,Create,N.SP.Q22026.Displays.Gaming.B0C1T35BCF,AG.B0C1T35BCF.Broad,,,,,N.SP.Q22026.Displays.Gaming.B0C1T35BCF,AG.B0C1T35BCF.Broad,,,,enabled,,,,,0.75,acer gaming monitor 2560x1440 freesync,,broad,,,,,,,,,,,,,,,,
Sponsored Products,Keyword,Create,N.SP.Q22026.Displays.Gaming.B0C1T35BCF,AG.B0C1T35BCF.Broad,,,,,N.SP.Q22026.Displays.Gaming.B0C1T35BCF,AG.B0C1T35BCF.Broad,,,,enabled,,,,,0.75,wqhd gaming monitor 27 inch acer,,broad,,,,,,,,,,,,,,,,
Sponsored Products,Keyword,Create,N.SP.Q22026.Displays.Gaming.B0C1T35BCF,AG.B0C1T35BCF.Broad,,,,,N.SP.Q22026.Displays.Gaming.B0C1T35BCF,AG.B0C1T35BCF.Broad,,,,enabled,,,,,0.75,acer nitro 27 ips monitor 1440p,,broad,,,,,,,,,,,,,,,,
Sponsored Products,Ad Group,Create,N.SP.Q22026.Displays.Gaming.B0C1T35BCF,,,,,,N.SP.Q22026.Displays.Gaming.B0C1T35BCF,AG.B0C1T35BCF.Phrase,,,,enabled,,,,1.00,,,,,,,,,,,,,,,,,,,,
Sponsored Products,Product Ad,Create,N.SP.Q22026.Displays.Gaming.B0C1T35BCF,AG.B0C1T35BCF.Phrase,,,,,N.SP.Q22026.Displays.Gaming.B0C1T35BCF,AG.B0C1T35BCF.Phrase,,,,enabled,,,B0C1T35BCF,,,,,,,,,,,,,,,,,,,,,
Sponsored Products,Keyword,Create,N.SP.Q22026.Displays.Gaming.B0C1T35BCF,AG.B0C1T35BCF.Phrase,,,,,N.SP.Q22026.Displays.Gaming.B0C1T35BCF,AG.B0C1T35BCF.Phrase,,,,enabled,,,,,1.00,acer nitro xv272u 27 inch 1440p monitor,,phrase,,,,,,,,,,,,,,,,
Sponsored Products,Keyword,Create,N.SP.Q22026.Displays.Gaming.B0C1T35BCF,AG.B0C1T35BCF.Phrase,,,,,N.SP.Q22026.Displays.Gaming.B0C1T35BCF,AG.B0C1T35BCF.Phrase,,,,enabled,,,,,1.00,acer 27 inch gaming monitor wqhd freesync,,phrase,,,,,,,,,,,,,,,,
Sponsored Products,Keyword,Create,N.SP.Q22026.Displays.Gaming.B0C1T35BCF,AG.B0C1T35BCF.Phrase,,,,,N.SP.Q22026.Displays.Gaming.B0C1T35BCF,AG.B0C1T35BCF.Phrase,,,,enabled,,,,,1.00,acer xv272u w2bmiiprx gaming monitor,,phrase,,,,,,,,,,,,,,,,
Sponsored Products,Keyword,Create,N.SP.Q22026.Displays.Gaming.B0C1T35BCF,AG.B0C1T35BCF.Phrase,,,,,N.SP.Q22026.Displays.Gaming.B0C1T35BCF,AG.B0C1T35BCF.Phrase,,,,enabled,,,,,1.00,27 inch 1440p freesync gaming monitor,,phrase,,,,,,,,,,,,,,,,
Sponsored Products,Keyword,Create,N.SP.Q22026.Displays.Gaming.B0C1T35BCF,AG.B0C1T35BCF.Phrase,,,,,N.SP.Q22026.Displays.Gaming.B0C1T35BCF,AG.B0C1T35BCF.Phrase,,,,enabled,,,,,1.00,acer nitro 27 qhd ips gaming monitor,,phrase,,,,,,,,,,,,,,,,
Sponsored Products,Keyword,Create,N.SP.Q22026.Displays.Gaming.B0C1T35BCF,AG.B0C1T35BCF.Phrase,,,,,N.SP.Q22026.Displays.Gaming.B0C1T35BCF,AG.B0C1T35BCF.Phrase,,,,enabled,,,,,1.00,acer 27 monitor 170hz 1440p,,phrase,,,,,,,,,,,,,,,,
Sponsored Products,Keyword,Create,N.SP.Q22026.Displays.Gaming.B0C1T35BCF,AG.B0C1T35BCF.Phrase,,,,,N.SP.Q22026.Displays.Gaming.B0C1T35BCF,AG.B0C1T35BCF.Phrase,,,,enabled,,,,,1.00,best 27 inch 1440p gaming monitor acer,,phrase,,,,,,,,,,,,,,,,
Sponsored Products,Keyword,Create,N.SP.Q22026.Displays.Gaming.B0C1T35BCF,AG.B0C1T35BCF.Phrase,,,,,N.SP.Q22026.Displays.Gaming.B0C1T35BCF,AG.B0C1T35BCF.Phrase,,,,enabled,,,,,1.00,acer gaming monitor 2560x1440 freesync,,phrase,,,,,,,,,,,,,,,,
Sponsored Products,Keyword,Create,N.SP.Q22026.Displays.Gaming.B0C1T35BCF,AG.B0C1T35BCF.Phrase,,,,,N.SP.Q22026.Displays.Gaming.B0C1T35BCF,AG.B0C1T35BCF.Phrase,,,,enabled,,,,,1.00,wqhd gaming monitor 27 inch acer,,phrase,,,,,,,,,,,,,,,,
Sponsored Products,Keyword,Create,N.SP.Q22026.Displays.Gaming.B0C1T35BCF,AG.B0C1T35BCF.Phrase,,,,,N.SP.Q22026.Displays.Gaming.B0C1T35BCF,AG.B0C1T35BCF.Phrase,,,,enabled,,,,,1.00,acer nitro 27 ips monitor 1440p,,phrase,,,,,,,,,,,,,,,,
Sponsored Products,Ad Group,Create,N.SP.Q22026.Displays.Gaming.B0C1T35BCF,,,,,,N.SP.Q22026.Displays.Gaming.B0C1T35BCF,AG.B0C1T35BCF.Exact,,,,enabled,,,,1.50,,,,,,,,,,,,,,,,,,,,
Sponsored Products,Product Ad,Create,N.SP.Q22026.Displays.Gaming.B0C1T35BCF,AG.B0C1T35BCF.Exact,,,,,N.SP.Q22026.Displays.Gaming.B0C1T35BCF,AG.B0C1T35BCF.Exact,,,,enabled,,,B0C1T35BCF,,,,,,,,,,,,,,,,,,,,,
Sponsored Products,Keyword,Create,N.SP.Q22026.Displays.Gaming.B0C1T35BCF,AG.B0C1T35BCF.Exact,,,,,N.SP.Q22026.Displays.Gaming.B0C1T35BCF,AG.B0C1T35BCF.Exact,,,,enabled,,,,,1.50,acer nitro xv272u 27 inch 1440p monitor,,exact,,,,,,,,,,,,,,,,
Sponsored Products,Keyword,Create,N.SP.Q22026.Displays.Gaming.B0C1T35BCF,AG.B0C1T35BCF.Exact,,,,,N.SP.Q22026.Displays.Gaming.B0C1T35BCF,AG.B0C1T35BCF.Exact,,,,enabled,,,,,1.50,acer 27 inch gaming monitor wqhd freesync,,exact,,,,,,,,,,,,,,,,
Sponsored Products,Keyword,Create,N.SP.Q22026.Displays.Gaming.B0C1T35BCF,AG.B0C1T35BCF.Exact,,,,,N.SP.Q22026.Displays.Gaming.B0C1T35BCF,AG.B0C1T35BCF.Exact,,,,enabled,,,,,1.50,acer xv272u w2bmiiprx gaming monitor,,exact,,,,,,,,,,,,,,,,
Sponsored Products,Keyword,Create,N.SP.Q22026.Displays.Gaming.B0C1T35BCF,AG.B0C1T35BCF.Exact,,,,,N.SP.Q22026.Displays.Gaming.B0C1T35BCF,AG.B0C1T35BCF.Exact,,,,enabled,,,,,1.50,27 inch 1440p freesync gaming monitor,,exact,,,,,,,,,,,,,,,,
Sponsored Products,Keyword,Create,N.SP.Q22026.Displays.Gaming.B0C1T35BCF,AG.B0C1T35BCF.Exact,,,,,N.SP.Q22026.Displays.Gaming.B0C1T35BCF,AG.B0C1T35BCF.Exact,,,,enabled,,,,,1.50,acer nitro 27 qhd ips gaming monitor,,exact,,,,,,,,,,,,,,,,
Sponsored Products,Keyword,Create,N.SP.Q22026.Displays.Gaming.B0C1T35BCF,AG.B0C1T35BCF.Exact,,,,,N.SP.Q22026.Displays.Gaming.B0C1T35BCF,AG.B0C1T35BCF.Exact,,,,enabled,,,,,1.50,acer 27 monitor 170hz 1440p,,exact,,,,,,,,,,,,,,,,
Sponsored Products,Keyword,Create,N.SP.Q22026.Displays.Gaming.B0C1T35BCF,AG.B0C1T35BCF.Exact,,,,,N.SP.Q22026.Displays.Gaming.B0C1T35BCF,AG.B0C1T35BCF.Exact,,,,enabled,,,,,1.50,best 27 inch 1440p gaming monitor acer,,exact,,,,,,,,,,,,,,,,
Sponsored Products,Keyword,Create,N.SP.Q22026.Displays.Gaming.B0C1T35BCF,AG.B0C1T35BCF.Exact,,,,,N.SP.Q22026.Displays.Gaming.B0C1T35BCF,AG.B0C1T35BCF.Exact,,,,enabled,,,,,1.50,acer gaming monitor 2560x1440 freesync,,exact,,,,,,,,,,,,,,,,
Sponsored Products,Keyword,Create,N.SP.Q22026.Displays.Gaming.B0C1T35BCF,AG.B0C1T35BCF.Exact,,,,,N.SP.Q22026.Displays.Gaming.B0C1T35BCF,AG.B0C1T35BCF.Exact,,,,enabled,,,,,1.50,wqhd gaming monitor 27 inch acer,,exact,,,,,,,,,,,,,,,,
Sponsored Products,Keyword,Create,N.SP.Q22026.Displays.Gaming.B0C1T35BCF,AG.B0C1T35BCF.Exact,,,,,N.SP.Q22026.Displays.Gaming.B0C1T35BCF,AG.B0C1T35BCF.Exact,,,,enabled,,,,,1.50,acer nitro 27 ips monitor 1440p,,exact,,,,,,,,,,,,,,,,
Sponsored Products,Campaign,Create,,,,,,,N.SP.Q22026.Displays.Gaming.B0G5Z5N274,,04/01/2026,06/30/2026,Manual,enabled,118.68,,,,,,,,Dynamic bids - down only,,,,,,,,,,,,,,,
Sponsored Products,Ad Group,Create,N.SP.Q22026.Displays.Gaming.B0G5Z5N274,,,,,,N.SP.Q22026.Displays.Gaming.B0G5Z5N274,AG.B0G5Z5N274.Broad,,,,enabled,,,,0.75,,,,,,,,,,,,,,,,,,,,
Sponsored Products,Product Ad,Create,N.SP.Q22026.Displays.Gaming.B0G5Z5N274,AG.B0G5Z5N274.Broad,,,,,N.SP.Q22026.Displays.Gaming.B0G5Z5N274,AG.B0G5Z5N274.Broad,,,,enabled,,,B0G5Z5N274,,,,,,,,,,,,,,,,,,,,,
Sponsored Products,Keyword,Create,N.SP.Q22026.Displays.Gaming.B0G5Z5N274,AG.B0G5Z5N274.Broad,,,,,N.SP.Q22026.Displays.Gaming.B0G5Z5N274,AG.B0G5Z5N274.Broad,,,,enabled,,,,,0.75,acer nitro gaming monitor 2025,,broad,,,,,,,,,,,,,,,,
Sponsored Products,Keyword,Create,N.SP.Q22026.Displays.Gaming.B0G5Z5N274,AG.B0G5Z5N274.Broad,,,,,N.SP.Q22026.Displays.Gaming.B0G5Z5N274,AG.B0G5Z5N274.Broad,,,,enabled,,,,,0.75,acer new gaming monitor 2025,,broad,,,,,,,,,,,,,,,,
Sponsored Products,Keyword,Create,N.SP.Q22026.Displays.Gaming.B0G5Z5N274,AG.B0G5Z5N274.Broad,,,,,N.SP.Q22026.Displays.Gaming.B0G5Z5N274,AG.B0G5Z5N274.Broad,,,,enabled,,,,,0.75,acer nitro monitor freesync 165hz,,broad,,,,,,,,,,,,,,,,
Sponsored Products,Keyword,Create,N.SP.Q22026.Displays.Gaming.B0G5Z5N274,AG.B0G5Z5N274.Broad,,,,,N.SP.Q22026.Displays.Gaming.B0G5Z5N274,AG.B0G5Z5N274.Broad,,,,enabled,,,,,0.75,acer gaming display 2025,,broad,,,,,,,,,,,,,,,,
Sponsored Products,Keyword,Create,N.SP.Q22026.Displays.Gaming.B0G5Z5N274,AG.B0G5Z5N274.Broad,,,,,N.SP.Q22026.Displays.Gaming.B0G5Z5N274,AG.B0G5Z5N274.Broad,,,,enabled,,,,,0.75,acer monitor freesync premium 2025,,broad,,,,,,,,,,,,,,,,
Sponsored Products,Keyword,Create,N.SP.Q22026.Displays.Gaming.B0G5Z5N274,AG.B0G5Z5N274.Broad,,,,,N.SP.Q22026.Displays.Gaming.B0G5Z5N274,AG.B0G5Z5N274.Broad,,,,enabled,,,,,0.75,new acer nitro monitor,,broad,,,,,,,,,,,,,,,,
Sponsored Products,Keyword,Create,N.SP.Q22026.Displays.Gaming.B0G5Z5N274,AG.B0G5Z5N274.Broad,,,,,N.SP.Q22026.Displays.Gaming.B0G5Z5N274,AG.B0G5Z5N274.Broad,,,,enabled,,,,,0.75,acer 24 inch gaming monitor 2025,,broad,,,,,,,,,,,,,,,,
Sponsored Products,Keyword,Create,N.SP.Q22026.Displays.Gaming.B0G5Z5N274,AG.B0G5Z5N274.Broad,,,,,N.SP.Q22026.Displays.Gaming.B0G5Z5N274,AG.B0G5Z5N274.Broad,,,,enabled,,,,,0.75,acer nitro monitor ips fhd,,broad,,,,,,,,,,,,,,,,
Sponsored Products,Keyword,Create,N.SP.Q22026.Displays.Gaming.B0G5Z5N274,AG.B0G5Z5N274.Broad,,,,,N.SP.Q22026.Displays.Gaming.B0G5Z5N274,AG.B0G5Z5N274.Broad,,,,enabled,,,,,0.75,acer gaming monitor freesync new release,,broad,,,,,,,,,,,,,,,,
Sponsored Products,Keyword,Create,N.SP.Q22026.Displays.Gaming.B0G5Z5N274,AG.B0G5Z5N274.Broad,,,,,N.SP.Q22026.Displays.Gaming.B0G5Z5N274,AG.B0G5Z5N274.Broad,,,,enabled,,,,,0.75,acer nitro fhd gaming monitor new,,broad,,,,,,,,,,,,,,,,
Sponsored Products,Ad Group,Create,N.SP.Q22026.Displays.Gaming.B0G5Z5N274,,,,,,N.SP.Q22026.Displays.Gaming.B0G5Z5N274,AG.B0G5Z5N274.Phrase,,,,enabled,,,,1.00,,,,,,,,,,,,,,,,,,,,
Sponsored Products,Product Ad,Create,N.SP.Q22026.Displays.Gaming.B0G5Z5N274,AG.B0G5Z5N274.Phrase,,,,,N.SP.Q22026.Displays.Gaming.B0G5Z5N274,AG.B0G5Z5N274.Phrase,,,,enabled,,,B0G5Z5N274,,,,,,,,,,,,,,,,,,,,,
Sponsored Products,Keyword,Create,N.SP.Q22026.Displays.Gaming.B0G5Z5N274,AG.B0G5Z5N274.Phrase,,,,,N.SP.Q22026.Displays.Gaming.B0G5Z5N274,AG.B0G5Z5N274.Phrase,,,,enabled,,,,,1.00,acer nitro gaming monitor 2025,,phrase,,,,,,,,,,,,,,,,
Sponsored Products,Keyword,Create,N.SP.Q22026.Displays.Gaming.B0G5Z5N274,AG.B0G5Z5N274.Phrase,,,,,N.SP.Q22026.Displays.Gaming.B0G5Z5N274,AG.B0G5Z5N274.Phrase,,,,enabled,,,,,1.00,acer new gaming monitor 2025,,phrase,,,,,,,,,,,,,,,,
Sponsored Products,Keyword,Create,N.SP.Q22026.Displays.Gaming.B0G5Z5N274,AG.B0G5Z5N274.Phrase,,,,,N.SP.Q22026.Displays.Gaming.B0G5Z5N274,AG.B0G5Z5N274.Phrase,,,,enabled,,,,,1.00,acer nitro monitor freesync 165hz,,phrase,,,,,,,,,,,,,,,,
Sponsored Products,Keyword,Create,N.SP.Q22026.Displays.Gaming.B0G5Z5N274,AG.B0G5Z5N274.Phrase,,,,,N.SP.Q22026.Displays.Gaming.B0G5Z5N274,AG.B0G5Z5N274.Phrase,,,,enabled,,,,,1.00,acer gaming display 2025,,phrase,,,,,,,,,,,,,,,,
Sponsored Products,Keyword,Create,N.SP.Q22026.Displays.Gaming.B0G5Z5N274,AG.B0G5Z5N274.Phrase,,,,,N.SP.Q22026.Displays.Gaming.B0G5Z5N274,AG.B0G5Z5N274.Phrase,,,,enabled,,,,,1.00,acer monitor freesync premium 2025,,phrase,,,,,,,,,,,,,,,,
Sponsored Products,Keyword,Create,N.SP.Q22026.Displays.Gaming.B0G5Z5N274,AG.B0G5Z5N274.Phrase,,,,,N.SP.Q22026.Displays.Gaming.B0G5Z5N274,AG.B0G5Z5N274.Phrase,,,,enabled,,,,,1.00,new acer nitro monitor,,phrase,,,,,,,,,,,,,,,,
Sponsored Products,Keyword,Create,N.SP.Q22026.Displays.Gaming.B0G5Z5N274,AG.B0G5Z5N274.Phrase,,,,,N.SP.Q22026.Displays.Gaming.B0G5Z5N274,AG.B0G5Z5N274.Phrase,,,,enabled,,,,,1.00,acer 24 inch gaming monitor 2025,,phrase,,,,,,,,,,,,,,,,
Sponsored Products,Keyword,Create,N.SP.Q22026.Displays.Gaming.B0G5Z5N274,AG.B0G5Z5N274.Phrase,,,,,N.SP.Q22026.Displays.Gaming.B0G5Z5N274,AG.B0G5Z5N274.Phrase,,,,enabled,,,,,1.00,acer nitro monitor ips fhd,,phrase,,,,,,,,,,,,,,,,
Sponsored Products,Keyword,Create,N.SP.Q22026.Displays.Gaming.B0G5Z5N274,AG.B0G5Z5N274.Phrase,,,,,N.SP.Q22026.Displays.Gaming.B0G5Z5N274,AG.B0G5Z5N274.Phrase,,,,enabled,,,,,1.00,acer gaming monitor freesync new release,,phrase,,,,,,,,,,,,,,,,
Sponsored Products,Keyword,Create,N.SP.Q22026.Displays.Gaming.B0G5Z5N274,AG.B0G5Z5N274.Phrase,,,,,N.SP.Q22026.Displays.Gaming.B0G5Z5N274,AG.B0G5Z5N274.Phrase,,,,enabled,,,,,1.00,acer nitro fhd gaming monitor new,,phrase,,,,,,,,,,,,,,,,
Sponsored Products,Ad Group,Create,N.SP.Q22026.Displays.Gaming.B0G5Z5N274,,,,,,N.SP.Q22026.Displays.Gaming.B0G5Z5N274,AG.B0G5Z5N274.Exact,,,,enabled,,,,1.50,,,,,,,,,,,,,,,,,,,,
Sponsored Products,Product Ad,Create,N.SP.Q22026.Displays.Gaming.B0G5Z5N274,AG.B0G5Z5N274.Exact,,,,,N.SP.Q22026.Displays.Gaming.B0G5Z5N274,AG.B0G5Z5N274.Exact,,,,enabled,,,B0G5Z5N274,,,,,,,,,,,,,,,,,,,,,
Sponsored Products,Keyword,Create,N.SP.Q22026.Displays.Gaming.B0G5Z5N274,AG.B0G5Z5N274.Exact,,,,,N.SP.Q22026.Displays.Gaming.B0G5Z5N274,AG.B0G5Z5N274.Exact,,,,enabled,,,,,1.50,acer nitro gaming monitor 2025,,exact,,,,,,,,,,,,,,,,
Sponsored Products,Keyword,Create,N.SP.Q22026.Displays.Gaming.B0G5Z5N274,AG.B0G5Z5N274.Exact,,,,,N.SP.Q22026.Displays.Gaming.B0G5Z5N274,AG.B0G5Z5N274.Exact,,,,enabled,,,,,1.50,acer new gaming monitor 2025,,exact,,,,,,,,,,,,,,,,
Sponsored Products,Keyword,Create,N.SP.Q22026.Displays.Gaming.B0G5Z5N274,AG.B0G5Z5N274.Exact,,,,,N.SP.Q22026.Displays.Gaming.B0G5Z5N274,AG.B0G5Z5N274.Exact,,,,enabled,,,,,1.50,acer nitro monitor freesync 165hz,,exact,,,,,,,,,,,,,,,,
Sponsored Products,Keyword,Create,N.SP.Q22026.Displays.Gaming.B0G5Z5N274,AG.B0G5Z5N274.Exact,,,,,N.SP.Q22026.Displays.Gaming.B0G5Z5N274,AG.B0G5Z5N274.Exact,,,,enabled,,,,,1.50,acer gaming display 2025,,exact,,,,,,,,,,,,,,,,
Sponsored Products,Keyword,Create,N.SP.Q22026.Displays.Gaming.B0G5Z5N274,AG.B0G5Z5N274.Exact,,,,,N.SP.Q22026.Displays.Gaming.B0G5Z5N274,AG.B0G5Z5N274.Exact,,,,enabled,,,,,1.50,acer monitor freesync premium 2025,,exact,,,,,,,,,,,,,,,,
Sponsored Products,Keyword,Create,N.SP.Q22026.Displays.Gaming.B0G5Z5N274,AG.B0G5Z5N274.Exact,,,,,N.SP.Q22026.Displays.Gaming.B0G5Z5N274,AG.B0G5Z5N274.Exact,,,,enabled,,,,,1.50,new acer nitro monitor,,exact,,,,,,,,,,,,,,,,
Sponsored Products,Keyword,Create,N.SP.Q22026.Displays.Gaming.B0G5Z5N274,AG.B0G5Z5N274.Exact,,,,,N.SP.Q22026.Displays.Gaming.B0G5Z5N274,AG.B0G5Z5N274.Exact,,,,enabled,,,,,1.50,acer 24 inch gaming monitor 2025,,exact,,,,,,,,,,,,,,,,
Sponsored Products,Keyword,Create,N.SP.Q22026.Displays.Gaming.B0G5Z5N274,AG.B0G5Z5N274.Exact,,,,,N.SP.Q22026.Displays.Gaming.B0G5Z5N274,AG.B0G5Z5N274.Exact,,,,enabled,,,,,1.50,acer nitro monitor ips fhd,,exact,,,,,,,,,,,,,,,,
Sponsored Products,Keyword,Create,N.SP.Q22026.Displays.Gaming.B0G5Z5N274,AG.B0G5Z5N274.Exact,,,,,N.SP.Q22026.Displays.Gaming.B0G5Z5N274,AG.B0G5Z5N274.Exact,,,,enabled,,,,,1.50,acer gaming monitor freesync new release,,exact,,,,,,,,,,,,,,,,
Sponsored Products,Keyword,Create,N.SP.Q22026.Displays.Gaming.B0G5Z5N274,AG.B0G5Z5N274.Exact,,,,,N.SP.Q22026.Displays.Gaming.B0G5Z5N274,AG.B0G5Z5N274.Exact,,,,enabled,,,,,1.50,acer nitro fhd gaming monitor new,,exact,,,,,,,,,,,,,,,,
Sponsored Products,Campaign,Create,,,,,,,N.SP.Q22026.Displays.Gaming.B0D8LFHH4D,,04/01/2026,06/30/2026,Manual,enabled,103.85,,,,,,,,Dynamic bids - down only,,,,,,,,,,,,,,,
Sponsored Products,Ad Group,Create,N.SP.Q22026.Displays.Gaming.B0D8LFHH4D,,,,,,N.SP.Q22026.Displays.Gaming.B0D8LFHH4D,AG.B0D8LFHH4D.Broad,,,,enabled,,,,0.75,,,,,,,,,,,,,,,,,,,,
Sponsored Products,Product Ad,Create,N.SP.Q22026.Displays.Gaming.B0D8LFHH4D,AG.B0D8LFHH4D.Broad,,,,,N.SP.Q22026.Displays.Gaming.B0D8LFHH4D,AG.B0D8LFHH4D.Broad,,,,enabled,,,B0D8LFHH4D,,,,,,,,,,,,,,,,,,,,,
Sponsored Products,Keyword,Create,N.SP.Q22026.Displays.Gaming.B0D8LFHH4D,AG.B0D8LFHH4D.Broad,,,,,N.SP.Q22026.Displays.Gaming.B0D8LFHH4D,AG.B0D8LFHH4D.Broad,,,,enabled,,,,,0.75,acer nitro gaming monitor ips,,broad,,,,,,,,,,,,,,,,
Sponsored Products,Keyword,Create,N.SP.Q22026.Displays.Gaming.B0D8LFHH4D,AG.B0D8LFHH4D.Broad,,,,,N.SP.Q22026.Displays.Gaming.B0D8LFHH4D,AG.B0D8LFHH4D.Broad,,,,enabled,,,,,0.75,acer nitro 27 gaming monitor freesync,,broad,,,,,,,,,,,,,,,,
Sponsored Products,Keyword,Create,N.SP.Q22026.Displays.Gaming.B0D8LFHH4D,AG.B0D8LFHH4D.Broad,,,,,N.SP.Q22026.Displays.Gaming.B0D8LFHH4D,AG.B0D8LFHH4D.Broad,,,,enabled,,,,,0.75,acer 27 inch ips gaming monitor 2024,,broad,,,,,,,,,,,,,,,,
Sponsored Products,Keyword,Create,N.SP.Q22026.Displays.Gaming.B0D8LFHH4D,AG.B0D8LFHH4D.Broad,,,,,N.SP.Q22026.Displays.Gaming.B0D8LFHH4D,AG.B0D8LFHH4D.Broad,,,,enabled,,,,,0.75,acer nitro monitor hdmi displayport,,broad,,,,,,,,,,,,,,,,
Sponsored Products,Keyword,Create,N.SP.Q22026.Displays.Gaming.B0D8LFHH4D,AG.B0D8LFHH4D.Broad,,,,,N.SP.Q22026.Displays.Gaming.B0D8LFHH4D,AG.B0D8LFHH4D.Broad,,,,enabled,,,,,0.75,acer nitro 27 freesync 165hz,,broad,,,,,,,,,,,,,,,,
Sponsored Products,Keyword,Create,N.SP.Q22026.Displays.Gaming.B0D8LFHH4D,AG.B0D8LFHH4D.Broad,,,,,N.SP.Q22026.Displays.Gaming.B0D8LFHH4D,AG.B0D8LFHH4D.Broad,,,,enabled,,,,,0.75,acer gaming display 27 inch ips,,broad,,,,,,,,,,,,,,,,
Sponsored Products,Keyword,Create,N.SP.Q22026.Displays.Gaming.B0D8LFHH4D,AG.B0D8LFHH4D.Broad,,,,,N.SP.Q22026.Displays.Gaming.B0D8LFHH4D,AG.B0D8LFHH4D.Broad,,,,enabled,,,,,0.75,best acer nitro 27 monitor,,broad,,,,,,,,,,,,,,,,
Sponsored Products,Keyword,Create,N.SP.Q22026.Displays.Gaming.B0D8LFHH4D,AG.B0D8LFHH4D.Broad,,,,,N.SP.Q22026.Displays.Gaming.B0D8LFHH4D,AG.B0D8LFHH4D.Broad,,,,enabled,,,,,0.75,acer monitor 1ms gaming 27 inch,,broad,,,,,,,,,,,,,,,,
Sponsored Products,Keyword,Create,N.SP.Q22026.Displays.Gaming.B0D8LFHH4D,AG.B0D8LFHH4D.Broad,,,,,N.SP.Q22026.Displays.Gaming.B0D8LFHH4D,AG.B0D8LFHH4D.Broad,,,,enabled,,,,,0.75,acer nitro ips freesync monitor 27,,broad,,,,,,,,,,,,,,,,
Sponsored Products,Keyword,Create,N.SP.Q22026.Displays.Gaming.B0D8LFHH4D,AG.B0D8LFHH4D.Broad,,,,,N.SP.Q22026.Displays.Gaming.B0D8LFHH4D,AG.B0D8LFHH4D.Broad,,,,enabled,,,,,0.75,acer nitro kg monitor 27 inch,,broad,,,,,,,,,,,,,,,,
Sponsored Products,Ad Group,Create,N.SP.Q22026.Displays.Gaming.B0D8LFHH4D,,,,,,N.SP.Q22026.Displays.Gaming.B0D8LFHH4D,AG.B0D8LFHH4D.Phrase,,,,enabled,,,,1.00,,,,,,,,,,,,,,,,,,,,
Sponsored Products,Product Ad,Create,N.SP.Q22026.Displays.Gaming.B0D8LFHH4D,AG.B0D8LFHH4D.Phrase,,,,,N.SP.Q22026.Displays.Gaming.B0D8LFHH4D,AG.B0D8LFHH4D.Phrase,,,,enabled,,,B0D8LFHH4D,,,,,,,,,,,,,,,,,,,,,
Sponsored Products,Keyword,Create,N.SP.Q22026.Displays.Gaming.B0D8LFHH4D,AG.B0D8LFHH4D.Phrase,,,,,N.SP.Q22026.Displays.Gaming.B0D8LFHH4D,AG.B0D8LFHH4D.Phrase,,,,enabled,,,,,1.00,acer nitro gaming monitor ips,,phrase,,,,,,,,,,,,,,,,
Sponsored Products,Keyword,Create,N.SP.Q22026.Displays.Gaming.B0D8LFHH4D,AG.B0D8LFHH4D.Phrase,,,,,N.SP.Q22026.Displays.Gaming.B0D8LFHH4D,AG.B0D8LFHH4D.Phrase,,,,enabled,,,,,1.00,acer nitro 27 gaming monitor freesync,,phrase,,,,,,,,,,,,,,,,
Sponsored Products,Keyword,Create,N.SP.Q22026.Displays.Gaming.B0D8LFHH4D,AG.B0D8LFHH4D.Phrase,,,,,N.SP.Q22026.Displays.Gaming.B0D8LFHH4D,AG.B0D8LFHH4D.Phrase,,,,enabled,,,,,1.00,acer 27 inch ips gaming monitor 2024,,phrase,,,,,,,,,,,,,,,,
Sponsored Products,Keyword,Create,N.SP.Q22026.Displays.Gaming.B0D8LFHH4D,AG.B0D8LFHH4D.Phrase,,,,,N.SP.Q22026.Displays.Gaming.B0D8LFHH4D,AG.B0D8LFHH4D.Phrase,,,,enabled,,,,,1.00,acer nitro monitor hdmi displayport,,phrase,,,,,,,,,,,,,,,,
Sponsored Products,Keyword,Create,N.SP.Q22026.Displays.Gaming.B0D8LFHH4D,AG.B0D8LFHH4D.Phrase,,,,,N.SP.Q22026.Displays.Gaming.B0D8LFHH4D,AG.B0D8LFHH4D.Phrase,,,,enabled,,,,,1.00,acer nitro 27 freesync 165hz,,phrase,,,,,,,,,,,,,,,,
Sponsored Products,Keyword,Create,N.SP.Q22026.Displays.Gaming.B0D8LFHH4D,AG.B0D8LFHH4D.Phrase,,,,,N.SP.Q22026.Displays.Gaming.B0D8LFHH4D,AG.B0D8LFHH4D.Phrase,,,,enabled,,,,,1.00,acer gaming display 27 inch ips,,phrase,,,,,,,,,,,,,,,,
Sponsored Products,Keyword,Create,N.SP.Q22026.Displays.Gaming.B0D8LFHH4D,AG.B0D8LFHH4D.Phrase,,,,,N.SP.Q22026.Displays.Gaming.B0D8LFHH4D,AG.B0D8LFHH4D.Phrase,,,,enabled,,,,,1.00,best acer nitro 27 monitor,,phrase,,,,,,,,,,,,,,,,
Sponsored Products,Keyword,Create,N.SP.Q22026.Displays.Gaming.B0D8LFHH4D,AG.B0D8LFHH4D.Phrase,,,,,N.SP.Q22026.Displays.Gaming.B0D8LFHH4D,AG.B0D8LFHH4D.Phrase,,,,enabled,,,,,1.00,acer monitor 1ms gaming 27 inch,,phrase,,,,,,,,,,,,,,,,
Sponsored Products,Keyword,Create,N.SP.Q22026.Displays.Gaming.B0D8LFHH4D,AG.B0D8LFHH4D.Phrase,,,,,N.SP.Q22026.Displays.Gaming.B0D8LFHH4D,AG.B0D8LFHH4D.Phrase,,,,enabled,,,,,1.00,acer nitro ips freesync monitor 27,,phrase,,,,,,,,,,,,,,,,
Sponsored Products,Keyword,Create,N.SP.Q22026.Displays.Gaming.B0D8LFHH4D,AG.B0D8LFHH4D.Phrase,,,,,N.SP.Q22026.Displays.Gaming.B0D8LFHH4D,AG.B0D8LFHH4D.Phrase,,,,enabled,,,,,1.00,acer nitro kg monitor 27 inch,,phrase,,,,,,,,,,,,,,,,
Sponsored Products,Ad Group,Create,N.SP.Q22026.Displays.Gaming.B0D8LFHH4D,,,,,,N.SP.Q22026.Displays.Gaming.B0D8LFHH4D,AG.B0D8LFHH4D.Exact,,,,enabled,,,,1.50,,,,,,,,,,,,,,,,,,,,
Sponsored Products,Product Ad,Create,N.SP.Q22026.Displays.Gaming.B0D8LFHH4D,AG.B0D8LFHH4D.Exact,,,,,N.SP.Q22026.Displays.Gaming.B0D8LFHH4D,AG.B0D8LFHH4D.Exact,,,,enabled,,,B0D8LFHH4D,,,,,,,,,,,,,,,,,,,,,
Sponsored Products,Keyword,Create,N.SP.Q22026.Displays.Gaming.B0D8LFHH4D,AG.B0D8LFHH4D.Exact,,,,,N.SP.Q22026.Displays.Gaming.B0D8LFHH4D,AG.B0D8LFHH4D.Exact,,,,enabled,,,,,1.50,acer nitro gaming monitor ips,,exact,,,,,,,,,,,,,,,,
Sponsored Products,Keyword,Create,N.SP.Q22026.Displays.Gaming.B0D8LFHH4D,AG.B0D8LFHH4D.Exact,,,,,N.SP.Q22026.Displays.Gaming.B0D8LFHH4D,AG.B0D8LFHH4D.Exact,,,,enabled,,,,,1.50,acer nitro 27 gaming monitor freesync,,exact,,,,,,,,,,,,,,,,
Sponsored Products,Keyword,Create,N.SP.Q22026.Displays.Gaming.B0D8LFHH4D,AG.B0D8LFHH4D.Exact,,,,,N.SP.Q22026.Displays.Gaming.B0D8LFHH4D,AG.B0D8LFHH4D.Exact,,,,enabled,,,,,1.50,acer 27 inch ips gaming monitor 2024,,exact,,,,,,,,,,,,,,,,
Sponsored Products,Keyword,Create,N.SP.Q22026.Displays.Gaming.B0D8LFHH4D,AG.B0D8LFHH4D.Exact,,,,,N.SP.Q22026.Displays.Gaming.B0D8LFHH4D,AG.B0D8LFHH4D.Exact,,,,enabled,,,,,1.50,acer nitro monitor hdmi displayport,,exact,,,,,,,,,,,,,,,,
Sponsored Products,Keyword,Create,N.SP.Q22026.Displays.Gaming.B0D8LFHH4D,AG.B0D8LFHH4D.Exact,,,,,N.SP.Q22026.Displays.Gaming.B0D8LFHH4D,AG.B0D8LFHH4D.Exact,,,,enabled,,,,,1.50,acer nitro 27 freesync 165hz,,exact,,,,,,,,,,,,,,,,
Sponsored Products,Keyword,Create,N.SP.Q22026.Displays.Gaming.B0D8LFHH4D,AG.B0D8LFHH4D.Exact,,,,,N.SP.Q22026.Displays.Gaming.B0D8LFHH4D,AG.B0D8LFHH4D.Exact,,,,enabled,,,,,1.50,acer gaming display 27 inch ips,,exact,,,,,,,,,,,,,,,,
Sponsored Products,Keyword,Create,N.SP.Q22026.Displays.Gaming.B0D8LFHH4D,AG.B0D8LFHH4D.Exact,,,,,N.SP.Q22026.Displays.Gaming.B0D8LFHH4D,AG.B0D8LFHH4D.Exact,,,,enabled,,,,,1.50,best acer nitro 27 monitor,,exact,,,,,,,,,,,,,,,,
Sponsored Products,Keyword,Create,N.SP.Q22026.Displays.Gaming.B0D8LFHH4D,AG.B0D8LFHH4D.Exact,,,,,N.SP.Q22026.Displays.Gaming.B0D8LFHH4D,AG.B0D8LFHH4D.Exact,,,,enabled,,,,,1.50,acer monitor 1ms gaming 27 inch,,exact,,,,,,,,,,,,,,,,
Sponsored Products,Keyword,Create,N.SP.Q22026.Displays.Gaming.B0D8LFHH4D,AG.B0D8LFHH4D.Exact,,,,,N.SP.Q22026.Displays.Gaming.B0D8LFHH4D,AG.B0D8LFHH4D.Exact,,,,enabled,,,,,1.50,acer nitro ips freesync monitor 27,,exact,,,,,,,,,,,,,,,,
Sponsored Products,Keyword,Create,N.SP.Q22026.Displays.Gaming.B0D8LFHH4D,AG.B0D8LFHH4D.Exact,,,,,N.SP.Q22026.Displays.Gaming.B0D8LFHH4D,AG.B0D8LFHH4D.Exact,,,,enabled,,,,,1.50,acer nitro kg monitor 27 inch,,exact,,,,,,,,,,,,,,,,
Sponsored Products,Campaign,Create,,,,,,,N.SP.Q22026.Displays.Gaming.B0DLP9JPR3,,04/01/2026,06/30/2026,Manual,enabled,98.90,,,,,,,,Dynamic bids - down only,,,,,,,,,,,,,,,
Sponsored Products,Ad Group,Create,N.SP.Q22026.Displays.Gaming.B0DLP9JPR3,,,,,,N.SP.Q22026.Displays.Gaming.B0DLP9JPR3,AG.B0DLP9JPR3.Broad,,,,enabled,,,,0.75,,,,,,,,,,,,,,,,,,,,
Sponsored Products,Product Ad,Create,N.SP.Q22026.Displays.Gaming.B0DLP9JPR3,AG.B0DLP9JPR3.Broad,,,,,N.SP.Q22026.Displays.Gaming.B0DLP9JPR3,AG.B0DLP9JPR3.Broad,,,,enabled,,,B0DLP9JPR3,,,,,,,,,,,,,,,,,,,,,
Sponsored Products,Keyword,Create,N.SP.Q22026.Displays.Gaming.B0DLP9JPR3,AG.B0DLP9JPR3.Broad,,,,,N.SP.Q22026.Displays.Gaming.B0DLP9JPR3,AG.B0DLP9JPR3.Broad,,,,enabled,,,,,0.75,acer gaming monitor 2024 2025,,broad,,,,,,,,,,,,,,,,
Sponsored Products,Keyword,Create,N.SP.Q22026.Displays.Gaming.B0DLP9JPR3,AG.B0DLP9JPR3.Broad,,,,,N.SP.Q22026.Displays.Gaming.B0DLP9JPR3,AG.B0DLP9JPR3.Broad,,,,enabled,,,,,0.75,acer nitro monitor 1080p 165hz,,broad,,,,,,,,,,,,,,,,
Sponsored Products,Keyword,Create,N.SP.Q22026.Displays.Gaming.B0DLP9JPR3,AG.B0DLP9JPR3.Broad,,,,,N.SP.Q22026.Displays.Gaming.B0DLP9JPR3,AG.B0DLP9JPR3.Broad,,,,enabled,,,,,0.75,acer gaming display fhd freesync,,broad,,,,,,,,,,,,,,,,
Sponsored Products,Keyword,Create,N.SP.Q22026.Displays.Gaming.B0DLP9JPR3,AG.B0DLP9JPR3.Broad,,,,,N.SP.Q22026.Displays.Gaming.B0DLP9JPR3,AG.B0DLP9JPR3.Broad,,,,enabled,,,,,0.75,acer monitor 24 inch gaming,,broad,,,,,,,,,,,,,,,,
Sponsored Products,Keyword,Create,N.SP.Q22026.Displays.Gaming.B0DLP9JPR3,AG.B0DLP9JPR3.Broad,,,,,N.SP.Q22026.Displays.Gaming.B0DLP9JPR3,AG.B0DLP9JPR3.Broad,,,,enabled,,,,,0.75,acer nitro 24 165hz fhd gaming monitor,,broad,,,,,,,,,,,,,,,,
Sponsored Products,Keyword,Create,N.SP.Q22026.Displays.Gaming.B0DLP9JPR3,AG.B0DLP9JPR3.Broad,,,,,N.SP.Q22026.Displays.Gaming.B0DLP9JPR3,AG.B0DLP9JPR3.Broad,,,,enabled,,,,,0.75,acer gaming monitor under 200,,broad,,,,,,,,,,,,,,,,
Sponsored Products,Keyword,Create,N.SP.Q22026.Displays.Gaming.B0DLP9JPR3,AG.B0DLP9JPR3.Broad,,,,,N.SP.Q22026.Displays.Gaming.B0DLP9JPR3,AG.B0DLP9JPR3.Broad,,,,enabled,,,,,0.75,acer freesync gaming monitor 24 inch,,broad,,,,,,,,,,,,,,,,
Sponsored Products,Keyword,Create,N.SP.Q22026.Displays.Gaming.B0DLP9JPR3,AG.B0DLP9JPR3.Broad,,,,,N.SP.Q22026.Displays.Gaming.B0DLP9JPR3,AG.B0DLP9JPR3.Broad,,,,enabled,,,,,0.75,affordable gaming monitor acer 165hz,,broad,,,,,,,,,,,,,,,,
Sponsored Products,Keyword,Create,N.SP.Q22026.Displays.Gaming.B0DLP9JPR3,AG.B0DLP9JPR3.Broad,,,,,N.SP.Q22026.Displays.Gaming.B0DLP9JPR3,AG.B0DLP9JPR3.Broad,,,,enabled,,,,,0.75,acer nitro monitor zeroframe design,,broad,,,,,,,,,,,,,,,,
Sponsored Products,Keyword,Create,N.SP.Q22026.Displays.Gaming.B0DLP9JPR3,AG.B0DLP9JPR3.Broad,,,,,N.SP.Q22026.Displays.Gaming.B0DLP9JPR3,AG.B0DLP9JPR3.Broad,,,,enabled,,,,,0.75,acer monitor 1ms 165hz gaming,,broad,,,,,,,,,,,,,,,,
Sponsored Products,Ad Group,Create,N.SP.Q22026.Displays.Gaming.B0DLP9JPR3,,,,,,N.SP.Q22026.Displays.Gaming.B0DLP9JPR3,AG.B0DLP9JPR3.Phrase,,,,enabled,,,,1.00,,,,,,,,,,,,,,,,,,,,
Sponsored Products,Product Ad,Create,N.SP.Q22026.Displays.Gaming.B0DLP9JPR3,AG.B0DLP9JPR3.Phrase,,,,,N.SP.Q22026.Displays.Gaming.B0DLP9JPR3,AG.B0DLP9JPR3.Phrase,,,,enabled,,,B0DLP9JPR3,,,,,,,,,,,,,,,,,,,,,
Sponsored Products,Keyword,Create,N.SP.Q22026.Displays.Gaming.B0DLP9JPR3,AG.B0DLP9JPR3.Phrase,,,,,N.SP.Q22026.Displays.Gaming.B0DLP9JPR3,AG.B0DLP9JPR3.Phrase,,,,enabled,,,,,1.00,acer gaming monitor 2024 2025,,phrase,,,,,,,,,,,,,,,,
Sponsored Products,Keyword,Create,N.SP.Q22026.Displays.Gaming.B0DLP9JPR3,AG.B0DLP9JPR3.Phrase,,,,,N.SP.Q22026.Displays.Gaming.B0DLP9JPR3,AG.B0DLP9JPR3.Phrase,,,,enabled,,,,,1.00,acer nitro monitor 1080p 165hz,,phrase,,,,,,,,,,,,,,,,
Sponsored Products,Keyword,Create,N.SP.Q22026.Displays.Gaming.B0DLP9JPR3,AG.B0DLP9JPR3.Phrase,,,,,N.SP.Q22026.Displays.Gaming.B0DLP9JPR3,AG.B0DLP9JPR3.Phrase,,,,enabled,,,,,1.00,acer gaming display fhd freesync,,phrase,,,,,,,,,,,,,,,,
Sponsored Products,Keyword,Create,N.SP.Q22026.Displays.Gaming.B0DLP9JPR3,AG.B0DLP9JPR3.Phrase,,,,,N.SP.Q22026.Displays.Gaming.B0DLP9JPR3,AG.B0DLP9JPR3.Phrase,,,,enabled,,,,,1.00,acer monitor 24 inch gaming,,phrase,,,,,,,,,,,,,,,,
Sponsored Products,Keyword,Create,N.SP.Q22026.Displays.Gaming.B0DLP9JPR3,AG.B0DLP9JPR3.Phrase,,,,,N.SP.Q22026.Displays.Gaming.B0DLP9JPR3,AG.B0DLP9JPR3.Phrase,,,,enabled,,,,,1.00,acer nitro 24 165hz fhd gaming monitor,,phrase,,,,,,,,,,,,,,,,
Sponsored Products,Keyword,Create,N.SP.Q22026.Displays.Gaming.B0DLP9JPR3,AG.B0DLP9JPR3.Phrase,,,,,N.SP.Q22026.Displays.Gaming.B0DLP9JPR3,AG.B0DLP9JPR3.Phrase,,,,enabled,,,,,1.00,acer gaming monitor under 200,,phrase,,,,,,,,,,,,,,,,
Sponsored Products,Keyword,Create,N.SP.Q22026.Displays.Gaming.B0DLP9JPR3,AG.B0DLP9JPR3.Phrase,,,,,N.SP.Q22026.Displays.Gaming.B0DLP9JPR3,AG.B0DLP9JPR3.Phrase,,,,enabled,,,,,1.00,acer freesync gaming monitor 24 inch,,phrase,,,,,,,,,,,,,,,,
Sponsored Products,Keyword,Create,N.SP.Q22026.Displays.Gaming.B0DLP9JPR3,AG.B0DLP9JPR3.Phrase,,,,,N.SP.Q22026.Displays.Gaming.B0DLP9JPR3,AG.B0DLP9JPR3.Phrase,,,,enabled,,,,,1.00,affordable gaming monitor acer 165hz,,phrase,,,,,,,,,,,,,,,,
Sponsored Products,Keyword,Create,N.SP.Q22026.Displays.Gaming.B0DLP9JPR3,AG.B0DLP9JPR3.Phrase,,,,,N.SP.Q22026.Displays.Gaming.B0DLP9JPR3,AG.B0DLP9JPR3.Phrase,,,,enabled,,,,,1.00,acer nitro monitor zeroframe design,,phrase,,,,,,,,,,,,,,,,
Sponsored Products,Keyword,Create,N.SP.Q22026.Displays.Gaming.B0DLP9JPR3,AG.B0DLP9JPR3.Phrase,,,,,N.SP.Q22026.Displays.Gaming.B0DLP9JPR3,AG.B0DLP9JPR3.Phrase,,,,enabled,,,,,1.00,acer monitor 1ms 165hz gaming,,phrase,,,,,,,,,,,,,,,,
Sponsored Products,Ad Group,Create,N.SP.Q22026.Displays.Gaming.B0DLP9JPR3,,,,,,N.SP.Q22026.Displays.Gaming.B0DLP9JPR3,AG.B0DLP9JPR3.Exact,,,,enabled,,,,1.50,,,,,,,,,,,,,,,,,,,,
Sponsored Products,Product Ad,Create,N.SP.Q22026.Displays.Gaming.B0DLP9JPR3,AG.B0DLP9JPR3.Exact,,,,,N.SP.Q22026.Displays.Gaming.B0DLP9JPR3,AG.B0DLP9JPR3.Exact,,,,enabled,,,B0DLP9JPR3,,,,,,,,,,,,,,,,,,,,,
Sponsored Products,Keyword,Create,N.SP.Q22026.Displays.Gaming.B0DLP9JPR3,AG.B0DLP9JPR3.Exact,,,,,N.SP.Q22026.Displays.Gaming.B0DLP9JPR3,AG.B0DLP9JPR3.Exact,,,,enabled,,,,,1.50,acer gaming monitor 2024 2025,,exact,,,,,,,,,,,,,,,,
Sponsored Products,Keyword,Create,N.SP.Q22026.Displays.Gaming.B0DLP9JPR3,AG.B0DLP9JPR3.Exact,,,,,N.SP.Q22026.Displays.Gaming.B0DLP9JPR3,AG.B0DLP9JPR3.Exact,,,,enabled,,,,,1.50,acer nitro monitor 1080p 165hz,,exact,,,,,,,,,,,,,,,,
Sponsored Products,Keyword,Create,N.SP.Q22026.Displays.Gaming.B0DLP9JPR3,AG.B0DLP9JPR3.Exact,,,,,N.SP.Q22026.Displays.Gaming.B0DLP9JPR3,AG.B0DLP9JPR3.Exact,,,,enabled,,,,,1.50,acer gaming display fhd freesync,,exact,,,,,,,,,,,,,,,,
Sponsored Products,Keyword,Create,N.SP.Q22026.Displays.Gaming.B0DLP9JPR3,AG.B0DLP9JPR3.Exact,,,,,N.SP.Q22026.Displays.Gaming.B0DLP9JPR3,AG.B0DLP9JPR3.Exact,,,,enabled,,,,,1.50,acer monitor 24 inch gaming,,exact,,,,,,,,,,,,,,,,
Sponsored Products,Keyword,Create,N.SP.Q22026.Displays.Gaming.B0DLP9JPR3,AG.B0DLP9JPR3.Exact,,,,,N.SP.Q22026.Displays.Gaming.B0DLP9JPR3,AG.B0DLP9JPR3.Exact,,,,enabled,,,,,1.50,acer nitro 24 165hz fhd gaming monitor,,exact,,,,,,,,,,,,,,,,
Sponsored Products,Keyword,Create,N.SP.Q22026.Displays.Gaming.B0DLP9JPR3,AG.B0DLP9JPR3.Exact,,,,,N.SP.Q22026.Displays.Gaming.B0DLP9JPR3,AG.B0DLP9JPR3.Exact,,,,enabled,,,,,1.50,acer gaming monitor under 200,,exact,,,,,,,,,,,,,,,,
Sponsored Products,Keyword,Create,N.SP.Q22026.Displays.Gaming.B0DLP9JPR3,AG.B0DLP9JPR3.Exact,,,,,N.SP.Q22026.Displays.Gaming.B0DLP9JPR3,AG.B0DLP9JPR3.Exact,,,,enabled,,,,,1.50,acer freesync gaming monitor 24 inch,,exact,,,,,,,,,,,,,,,,
Sponsored Products,Keyword,Create,N.SP.Q22026.Displays.Gaming.B0DLP9JPR3,AG.B0DLP9JPR3.Exact,,,,,N.SP.Q22026.Displays.Gaming.B0DLP9JPR3,AG.B0DLP9JPR3.Exact,,,,enabled,,,,,1.50,affordable gaming monitor acer 165hz,,exact,,,,,,,,,,,,,,,,
Sponsored Products,Keyword,Create,N.SP.Q22026.Displays.Gaming.B0DLP9JPR3,AG.B0DLP9JPR3.Exact,,,,,N.SP.Q22026.Displays.Gaming.B0DLP9JPR3,AG.B0DLP9JPR3.Exact,,,,enabled,,,,,1.50,acer nitro monitor zeroframe design,,exact,,,,,,,,,,,,,,,,
Sponsored Products,Keyword,Create,N.SP.Q22026.Displays.Gaming.B0DLP9JPR3,AG.B0DLP9JPR3.Exact,,,,,N.SP.Q22026.Displays.Gaming.B0DLP9JPR3,AG.B0DLP9JPR3.Exact,,,,enabled,,,,,1.50,acer monitor 1ms 165hz gaming,,exact,,,,,,,,,,,,,,,,
Sponsored Products,Campaign,Create,,,,,,,N.SP.Q22026.Displays.Non-Gaming.B0FJS6GGCT,,04/01/2026,06/30/2026,Manual,enabled,123.63,,,,,,,,Dynamic bids - down only,,,,,,,,,,,,,,,
Sponsored Products,Ad Group,Create,N.SP.Q22026.Displays.Non-Gaming.B0FJS6GGCT,,,,,,N.SP.Q22026.Displays.Non-Gaming.B0FJS6GGCT,AG.B0FJS6GGCT.Broad,,,,enabled,,,,0.75,,,,,,,,,,,,,,,,,,,,
Sponsored Products,Product Ad,Create,N.SP.Q22026.Displays.Non-Gaming.B0FJS6GGCT,AG.B0FJS6GGCT.Broad,,,,,N.SP.Q22026.Displays.Non-Gaming.B0FJS6GGCT,AG.B0FJS6GGCT.Broad,,,,enabled,,,B0FJS6GGCT,,,,,,,,,,,,,,,,,,,,,
Sponsored Products,Keyword,Create,N.SP.Q22026.Displays.Non-Gaming.B0FJS6GGCT,AG.B0FJS6GGCT.Broad,,,,,N.SP.Q22026.Displays.Non-Gaming.B0FJS6GGCT,AG.B0FJS6GGCT.Broad,,,,enabled,,,,,0.75,acer sb242y professional monitor,,broad,,,,,,,,,,,,,,,,
Sponsored Products,Keyword,Create,N.SP.Q22026.Displays.Non-Gaming.B0FJS6GGCT,AG.B0FJS6GGCT.Broad,,,,,N.SP.Q22026.Displays.Non-Gaming.B0FJS6GGCT,AG.B0FJS6GGCT.Broad,,,,enabled,,,,,0.75,acer 24 inch office monitor fhd,,broad,,,,,,,,,,,,,,,,
Sponsored Products,Keyword,Create,N.SP.Q22026.Displays.Non-Gaming.B0FJS6GGCT,AG.B0FJS6GGCT.Broad,,,,,N.SP.Q22026.Displays.Non-Gaming.B0FJS6GGCT,AG.B0FJS6GGCT.Broad,,,,enabled,,,,,0.75,acer 24 inch ips monitor 100hz,,broad,,,,,,,,,,,,,,,,
Sponsored Products,Keyword,Create,N.SP.Q22026.Displays.Non-Gaming.B0FJS6GGCT,AG.B0FJS6GGCT.Broad,,,,,N.SP.Q22026.Displays.Non-Gaming.B0FJS6GGCT,AG.B0FJS6GGCT.Broad,,,,enabled,,,,,0.75,acer professional home office monitor,,broad,,,,,,,,,,,,,,,,
Sponsored Products,Keyword,Create,N.SP.Q22026.Displays.Non-Gaming.B0FJS6GGCT,AG.B0FJS6GGCT.Broad,,,,,N.SP.Q22026.Displays.Non-Gaming.B0FJS6GGCT,AG.B0FJS6GGCT.Broad,,,,enabled,,,,,0.75,thin bezel 24 inch monitor acer,,broad,,,,,,,,,,,,,,,,
Sponsored Products,Keyword,Create,N.SP.Q22026.Displays.Non-Gaming.B0FJS6GGCT,AG.B0FJS6GGCT.Broad,,,,,N.SP.Q22026.Displays.Non-Gaming.B0FJS6GGCT,AG.B0FJS6GGCT.Broad,,,,enabled,,,,,0.75,acer zero frame 24 inch fhd monitor,,broad,,,,,,,,,,,,,,,,
Sponsored Products,Keyword,Create,N.SP.Q22026.Displays.Non-Gaming.B0FJS6GGCT,AG.B0FJS6GGCT.Broad,,,,,N.SP.Q22026.Displays.Non-Gaming.B0FJS6GGCT,AG.B0FJS6GGCT.Broad,,,,enabled,,,,,0.75,best office monitor 24 inch acer,,broad,,,,,,,,,,,,,,,,
Sponsored Products,Keyword,Create,N.SP.Q22026.Displays.Non-Gaming.B0FJS6GGCT,AG.B0FJS6GGCT.Broad,,,,,N.SP.Q22026.Displays.Non-Gaming.B0FJS6GGCT,AG.B0FJS6GGCT.Broad,,,,enabled,,,,,0.75,acer 1080p office monitor 100hz,,broad,,,,,,,,,,,,,,,,
Sponsored Products,Keyword,Create,N.SP.Q22026.Displays.Non-Gaming.B0FJS6GGCT,AG.B0FJS6GGCT.Broad,,,,,N.SP.Q22026.Displays.Non-Gaming.B0FJS6GGCT,AG.B0FJS6GGCT.Broad,,,,enabled,,,,,0.75,acer sb242y h1bi monitor,,broad,,,,,,,,,,,,,,,,
Sponsored Products,Keyword,Create,N.SP.Q22026.Displays.Non-Gaming.B0FJS6GGCT,AG.B0FJS6GGCT.Broad,,,,,N.SP.Q22026.Displays.Non-Gaming.B0FJS6GGCT,AG.B0FJS6GGCT.Broad,,,,enabled,,,,,0.75,24 inch ips monitor work from home acer,,broad,,,,,,,,,,,,,,,,
Sponsored Products,Ad Group,Create,N.SP.Q22026.Displays.Non-Gaming.B0FJS6GGCT,,,,,,N.SP.Q22026.Displays.Non-Gaming.B0FJS6GGCT,AG.B0FJS6GGCT.Phrase,,,,enabled,,,,1.00,,,,,,,,,,,,,,,,,,,,
Sponsored Products,Product Ad,Create,N.SP.Q22026.Displays.Non-Gaming.B0FJS6GGCT,AG.B0FJS6GGCT.Phrase,,,,,N.SP.Q22026.Displays.Non-Gaming.B0FJS6GGCT,AG.B0FJS6GGCT.Phrase,,,,enabled,,,B0FJS6GGCT,,,,,,,,,,,,,,,,,,,,,
Sponsored Products,Keyword,Create,N.SP.Q22026.Displays.Non-Gaming.B0FJS6GGCT,AG.B0FJS6GGCT.Phrase,,,,,N.SP.Q22026.Displays.Non-Gaming.B0FJS6GGCT,AG.B0FJS6GGCT.Phrase,,,,enabled,,,,,1.00,acer sb242y professional monitor,,phrase,,,,,,,,,,,,,,,,
Sponsored Products,Keyword,Create,N.SP.Q22026.Displays.Non-Gaming.B0FJS6GGCT,AG.B0FJS6GGCT.Phrase,,,,,N.SP.Q22026.Displays.Non-Gaming.B0FJS6GGCT,AG.B0FJS6GGCT.Phrase,,,,enabled,,,,,1.00,acer 24 inch office monitor fhd,,phrase,,,,,,,,,,,,,,,,
Sponsored Products,Keyword,Create,N.SP.Q22026.Displays.Non-Gaming.B0FJS6GGCT,AG.B0FJS6GGCT.Phrase,,,,,N.SP.Q22026.Displays.Non-Gaming.B0FJS6GGCT,AG.B0FJS6GGCT.Phrase,,,,enabled,,,,,1.00,acer 24 inch ips monitor 100hz,,phrase,,,,,,,,,,,,,,,,
Sponsored Products,Keyword,Create,N.SP.Q22026.Displays.Non-Gaming.B0FJS6GGCT,AG.B0FJS6GGCT.Phrase,,,,,N.SP.Q22026.Displays.Non-Gaming.B0FJS6GGCT,AG.B0FJS6GGCT.Phrase,,,,enabled,,,,,1.00,acer professional home office monitor,,phrase,,,,,,,,,,,,,,,,
Sponsored Products,Keyword,Create,N.SP.Q22026.Displays.Non-Gaming.B0FJS6GGCT,AG.B0FJS6GGCT.Phrase,,,,,N.SP.Q22026.Displays.Non-Gaming.B0FJS6GGCT,AG.B0FJS6GGCT.Phrase,,,,enabled,,,,,1.00,thin bezel 24 inch monitor acer,,phrase,,,,,,,,,,,,,,,,
Sponsored Products,Keyword,Create,N.SP.Q22026.Displays.Non-Gaming.B0FJS6GGCT,AG.B0FJS6GGCT.Phrase,,,,,N.SP.Q22026.Displays.Non-Gaming.B0FJS6GGCT,AG.B0FJS6GGCT.Phrase,,,,enabled,,,,,1.00,acer zero frame 24 inch fhd monitor,,phrase,,,,,,,,,,,,,,,,
Sponsored Products,Keyword,Create,N.SP.Q22026.Displays.Non-Gaming.B0FJS6GGCT,AG.B0FJS6GGCT.Phrase,,,,,N.SP.Q22026.Displays.Non-Gaming.B0FJS6GGCT,AG.B0FJS6GGCT.Phrase,,,,enabled,,,,,1.00,best office monitor 24 inch acer,,phrase,,,,,,,,,,,,,,,,
Sponsored Products,Keyword,Create,N.SP.Q22026.Displays.Non-Gaming.B0FJS6GGCT,AG.B0FJS6GGCT.Phrase,,,,,N.SP.Q22026.Displays.Non-Gaming.B0FJS6GGCT,AG.B0FJS6GGCT.Phrase,,,,enabled,,,,,1.00,acer 1080p office monitor 100hz,,phrase,,,,,,,,,,,,,,,,
Sponsored Products,Keyword,Create,N.SP.Q22026.Displays.Non-Gaming.B0FJS6GGCT,AG.B0FJS6GGCT.Phrase,,,,,N.SP.Q22026.Displays.Non-Gaming.B0FJS6GGCT,AG.B0FJS6GGCT.Phrase,,,,enabled,,,,,1.00,acer sb242y h1bi monitor,,phrase,,,,,,,,,,,,,,,,
Sponsored Products,Keyword,Create,N.SP.Q22026.Displays.Non-Gaming.B0FJS6GGCT,AG.B0FJS6GGCT.Phrase,,,,,N.SP.Q22026.Displays.Non-Gaming.B0FJS6GGCT,AG.B0FJS6GGCT.Phrase,,,,enabled,,,,,1.00,24 inch ips monitor work from home acer,,phrase,,,,,,,,,,,,,,,,
Sponsored Products,Ad Group,Create,N.SP.Q22026.Displays.Non-Gaming.B0FJS6GGCT,,,,,,N.SP.Q22026.Displays.Non-Gaming.B0FJS6GGCT,AG.B0FJS6GGCT.Exact,,,,enabled,,,,1.50,,,,,,,,,,,,,,,,,,,,
Sponsored Products,Product Ad,Create,N.SP.Q22026.Displays.Non-Gaming.B0FJS6GGCT,AG.B0FJS6GGCT.Exact,,,,,N.SP.Q22026.Displays.Non-Gaming.B0FJS6GGCT,AG.B0FJS6GGCT.Exact,,,,enabled,,,B0FJS6GGCT,,,,,,,,,,,,,,,,,,,,,
Sponsored Products,Keyword,Create,N.SP.Q22026.Displays.Non-Gaming.B0FJS6GGCT,AG.B0FJS6GGCT.Exact,,,,,N.SP.Q22026.Displays.Non-Gaming.B0FJS6GGCT,AG.B0FJS6GGCT.Exact,,,,enabled,,,,,1.50,acer sb242y professional monitor,,exact,,,,,,,,,,,,,,,,
Sponsored Products,Keyword,Create,N.SP.Q22026.Displays.Non-Gaming.B0FJS6GGCT,AG.B0FJS6GGCT.Exact,,,,,N.SP.Q22026.Displays.Non-Gaming.B0FJS6GGCT,AG.B0FJS6GGCT.Exact,,,,enabled,,,,,1.50,acer 24 inch office monitor fhd,,exact,,,,,,,,,,,,,,,,
Sponsored Products,Keyword,Create,N.SP.Q22026.Displays.Non-Gaming.B0FJS6GGCT,AG.B0FJS6GGCT.Exact,,,,,N.SP.Q22026.Displays.Non-Gaming.B0FJS6GGCT,AG.B0FJS6GGCT.Exact,,,,enabled,,,,,1.50,acer 24 inch ips monitor 100hz,,exact,,,,,,,,,,,,,,,,
Sponsored Products,Keyword,Create,N.SP.Q22026.Displays.Non-Gaming.B0FJS6GGCT,AG.B0FJS6GGCT.Exact,,,,,N.SP.Q22026.Displays.Non-Gaming.B0FJS6GGCT,AG.B0FJS6GGCT.Exact,,,,enabled,,,,,1.50,acer professional home office monitor,,exact,,,,,,,,,,,,,,,,
Sponsored Products,Keyword,Create,N.SP.Q22026.Displays.Non-Gaming.B0FJS6GGCT,AG.B0FJS6GGCT.Exact,,,,,N.SP.Q22026.Displays.Non-Gaming.B0FJS6GGCT,AG.B0FJS6GGCT.Exact,,,,enabled,,,,,1.50,thin bezel 24 inch monitor acer,,exact,,,,,,,,,,,,,,,,
Sponsored Products,Keyword,Create,N.SP.Q22026.Displays.Non-Gaming.B0FJS6GGCT,AG.B0FJS6GGCT.Exact,,,,,N.SP.Q22026.Displays.Non-Gaming.B0FJS6GGCT,AG.B0FJS6GGCT.Exact,,,,enabled,,,,,1.50,acer zero frame 24 inch fhd monitor,,exact,,,,,,,,,,,,,,,,
Sponsored Products,Keyword,Create,N.SP.Q22026.Displays.Non-Gaming.B0FJS6GGCT,AG.B0FJS6GGCT.Exact,,,,,N.SP.Q22026.Displays.Non-Gaming.B0FJS6GGCT,AG.B0FJS6GGCT.Exact,,,,enabled,,,,,1.50,best office monitor 24 inch acer,,exact,,,,,,,,,,,,,,,,
Sponsored Products,Keyword,Create,N.SP.Q22026.Displays.Non-Gaming.B0FJS6GGCT,AG.B0FJS6GGCT.Exact,,,,,N.SP.Q22026.Displays.Non-Gaming.B0FJS6GGCT,AG.B0FJS6GGCT.Exact,,,,enabled,,,,,1.50,acer 1080p office monitor 100hz,,exact,,,,,,,,,,,,,,,,
Sponsored Products,Keyword,Create,N.SP.Q22026.Displays.Non-Gaming.B0FJS6GGCT,AG.B0FJS6GGCT.Exact,,,,,N.SP.Q22026.Displays.Non-Gaming.B0FJS6GGCT,AG.B0FJS6GGCT.Exact,,,,enabled,,,,,1.50,acer sb242y h1bi monitor,,exact,,,,,,,,,,,,,,,,
Sponsored Products,Keyword,Create,N.SP.Q22026.Displays.Non-Gaming.B0FJS6GGCT,AG.B0FJS6GGCT.Exact,,,,,N.SP.Q22026.Displays.Non-Gaming.B0FJS6GGCT,AG.B0FJS6GGCT.Exact,,,,enabled,,,,,1.50,24 inch ips monitor work from home acer,,exact,,,,,,,,,,,,,,,,
Sponsored Products,Campaign,Create,,,,,,,N.SP.Q22026.Displays.Non-Gaming.B09KG5FW1G,,04/01/2026,06/30/2026,Manual,enabled,197.80,,,,,,,,Dynamic bids - down only,,,,,,,,,,,,,,,
Sponsored Products,Ad Group,Create,N.SP.Q22026.Displays.Non-Gaming.B09KG5FW1G,,,,,,N.SP.Q22026.Displays.Non-Gaming.B09KG5FW1G,AG.B09KG5FW1G.Broad,,,,enabled,,,,0.75,,,,,,,,,,,,,,,,,,,,
Sponsored Products,Product Ad,Create,N.SP.Q22026.Displays.Non-Gaming.B09KG5FW1G,AG.B09KG5FW1G.Broad,,,,,N.SP.Q22026.Displays.Non-Gaming.B09KG5FW1G,AG.B09KG5FW1G.Broad,,,,enabled,,,B09KG5FW1G,,,,,,,,,,,,,,,,,,,,,
Sponsored Products,Keyword,Create,N.SP.Q22026.Displays.Non-Gaming.B09KG5FW1G,AG.B09KG5FW1G.Broad,,,,,N.SP.Q22026.Displays.Non-Gaming.B09KG5FW1G,AG.B09KG5FW1G.Broad,,,,enabled,,,,,0.75,acer kb242y monitor 24 inch,,broad,,,,,,,,,,,,,,,,
Sponsored Products,Keyword,Create,N.SP.Q22026.Displays.Non-Gaming.B09KG5FW1G,AG.B09KG5FW1G.Broad,,,,,N.SP.Q22026.Displays.Non-Gaming.B09KG5FW1G,AG.B09KG5FW1G.Broad,,,,enabled,,,,,0.75,acer 24 inch ips zero frame monitor,,broad,,,,,,,,,,,,,,,,
Sponsored Products,Keyword,Create,N.SP.Q22026.Displays.Non-Gaming.B09KG5FW1G,AG.B09KG5FW1G.Broad,,,,,N.SP.Q22026.Displays.Non-Gaming.B09KG5FW1G,AG.B09KG5FW1G.Broad,,,,enabled,,,,,0.75,acer fhd monitor freesync compatible,,broad,,,,,,,,,,,,,,,,
Sponsored Products,Keyword,Create,N.SP.Q22026.Displays.Non-Gaming.B09KG5FW1G,AG.B09KG5FW1G.Broad,,,,,N.SP.Q22026.Displays.Non-Gaming.B09KG5FW1G,AG.B09KG5FW1G.Broad,,,,enabled,,,,,0.75,acer kb242y g0bi monitor,,broad,,,,,,,,,,,,,,,,
Sponsored Products,Keyword,Create,N.SP.Q22026.Displays.Non-Gaming.B09KG5FW1G,AG.B09KG5FW1G.Broad,,,,,N.SP.Q22026.Displays.Non-Gaming.B09KG5FW1G,AG.B09KG5FW1G.Broad,,,,enabled,,,,,0.75,best budget 24 inch monitor acer,,broad,,,,,,,,,,,,,,,,
Sponsored Products,Keyword,Create,N.SP.Q22026.Displays.Non-Gaming.B09KG5FW1G,AG.B09KG5FW1G.Broad,,,,,N.SP.Q22026.Displays.Non-Gaming.B09KG5FW1G,AG.B09KG5FW1G.Broad,,,,enabled,,,,,0.75,acer 1080p monitor zero frame,,broad,,,,,,,,,,,,,,,,
Sponsored Products,Keyword,Create,N.SP.Q22026.Displays.Non-Gaming.B09KG5FW1G,AG.B09KG5FW1G.Broad,,,,,N.SP.Q22026.Displays.Non-Gaming.B09KG5FW1G,AG.B09KG5FW1G.Broad,,,,enabled,,,,,0.75,acer monitor 24 inch ips 75hz,,broad,,,,,,,,,,,,,,,,
Sponsored Products,Keyword,Create,N.SP.Q22026.Displays.Non-Gaming.B09KG5FW1G,AG.B09KG5FW1G.Broad,,,,,N.SP.Q22026.Displays.Non-Gaming.B09KG5FW1G,AG.B09KG5FW1G.Broad,,,,enabled,,,,,0.75,cheap 24 inch monitor acer fhd,,broad,,,,,,,,,,,,,,,,
Sponsored Products,Keyword,Create,N.SP.Q22026.Displays.Non-Gaming.B09KG5FW1G,AG.B09KG5FW1G.Broad,,,,,N.SP.Q22026.Displays.Non-Gaming.B09KG5FW1G,AG.B09KG5FW1G.Broad,,,,enabled,,,,,0.75,acer ips monitor home office 24,,broad,,,,,,,,,,,,,,,,
Sponsored Products,Keyword,Create,N.SP.Q22026.Displays.Non-Gaming.B09KG5FW1G,AG.B09KG5FW1G.Broad,,,,,N.SP.Q22026.Displays.Non-Gaming.B09KG5FW1G,AG.B09KG5FW1G.Broad,,,,enabled,,,,,0.75,zero frame ips monitor acer 24,,broad,,,,,,,,,,,,,,,,
Sponsored Products,Ad Group,Create,N.SP.Q22026.Displays.Non-Gaming.B09KG5FW1G,,,,,,N.SP.Q22026.Displays.Non-Gaming.B09KG5FW1G,AG.B09KG5FW1G.Phrase,,,,enabled,,,,1.00,,,,,,,,,,,,,,,,,,,,
Sponsored Products,Product Ad,Create,N.SP.Q22026.Displays.Non-Gaming.B09KG5FW1G,AG.B09KG5FW1G.Phrase,,,,,N.SP.Q22026.Displays.Non-Gaming.B09KG5FW1G,AG.B09KG5FW1G.Phrase,,,,enabled,,,B09KG5FW1G,,,,,,,,,,,,,,,,,,,,,
Sponsored Products,Keyword,Create,N.SP.Q22026.Displays.Non-Gaming.B09KG5FW1G,AG.B09KG5FW1G.Phrase,,,,,N.SP.Q22026.Displays.Non-Gaming.B09KG5FW1G,AG.B09KG5FW1G.Phrase,,,,enabled,,,,,1.00,acer kb242y monitor 24 inch,,phrase,,,,,,,,,,,,,,,,
Sponsored Products,Keyword,Create,N.SP.Q22026.Displays.Non-Gaming.B09KG5FW1G,AG.B09KG5FW1G.Phrase,,,,,N.SP.Q22026.Displays.Non-Gaming.B09KG5FW1G,AG.B09KG5FW1G.Phrase,,,,enabled,,,,,1.00,acer 24 inch ips zero frame monitor,,phrase,,,,,,,,,,,,,,,,
Sponsored Products,Keyword,Create,N.SP.Q22026.Displays.Non-Gaming.B09KG5FW1G,AG.B09KG5FW1G.Phrase,,,,,N.SP.Q22026.Displays.Non-Gaming.B09KG5FW1G,AG.B09KG5FW1G.Phrase,,,,enabled,,,,,1.00,acer fhd monitor freesync compatible,,phrase,,,,,,,,,,,,,,,,
Sponsored Products,Keyword,Create,N.SP.Q22026.Displays.Non-Gaming.B09KG5FW1G,AG.B09KG5FW1G.Phrase,,,,,N.SP.Q22026.Displays.Non-Gaming.B09KG5FW1G,AG.B09KG5FW1G.Phrase,,,,enabled,,,,,1.00,acer kb242y g0bi monitor,,phrase,,,,,,,,,,,,,,,,
Sponsored Products,Keyword,Create,N.SP.Q22026.Displays.Non-Gaming.B09KG5FW1G,AG.B09KG5FW1G.Phrase,,,,,N.SP.Q22026.Displays.Non-Gaming.B09KG5FW1G,AG.B09KG5FW1G.Phrase,,,,enabled,,,,,1.00,best budget 24 inch monitor acer,,phrase,,,,,,,,,,,,,,,,
Sponsored Products,Keyword,Create,N.SP.Q22026.Displays.Non-Gaming.B09KG5FW1G,AG.B09KG5FW1G.Phrase,,,,,N.SP.Q22026.Displays.Non-Gaming.B09KG5FW1G,AG.B09KG5FW1G.Phrase,,,,enabled,,,,,1.00,acer 1080p monitor zero frame,,phrase,,,,,,,,,,,,,,,,
Sponsored Products,Keyword,Create,N.SP.Q22026.Displays.Non-Gaming.B09KG5FW1G,AG.B09KG5FW1G.Phrase,,,,,N.SP.Q22026.Displays.Non-Gaming.B09KG5FW1G,AG.B09KG5FW1G.Phrase,,,,enabled,,,,,1.00,acer monitor 24 inch ips 75hz,,phrase,,,,,,,,,,,,,,,,
Sponsored Products,Keyword,Create,N.SP.Q22026.Displays.Non-Gaming.B09KG5FW1G,AG.B09KG5FW1G.Phrase,,,,,N.SP.Q22026.Displays.Non-Gaming.B09KG5FW1G,AG.B09KG5FW1G.Phrase,,,,enabled,,,,,1.00,cheap 24 inch monitor acer fhd,,phrase,,,,,,,,,,,,,,,,
Sponsored Products,Keyword,Create,N.SP.Q22026.Displays.Non-Gaming.B09KG5FW1G,AG.B09KG5FW1G.Phrase,,,,,N.SP.Q22026.Displays.Non-Gaming.B09KG5FW1G,AG.B09KG5FW1G.Phrase,,,,enabled,,,,,1.00,acer ips monitor home office 24,,phrase,,,,,,,,,,,,,,,,
Sponsored Products,Keyword,Create,N.SP.Q22026.Displays.Non-Gaming.B09KG5FW1G,AG.B09KG5FW1G.Phrase,,,,,N.SP.Q22026.Displays.Non-Gaming.B09KG5FW1G,AG.B09KG5FW1G.Phrase,,,,enabled,,,,,1.00,zero frame ips monitor acer 24,,phrase,,,,,,,,,,,,,,,,
Sponsored Products,Ad Group,Create,N.SP.Q22026.Displays.Non-Gaming.B09KG5FW1G,,,,,,N.SP.Q22026.Displays.Non-Gaming.B09KG5FW1G,AG.B09KG5FW1G.Exact,,,,enabled,,,,1.50,,,,,,,,,,,,,,,,,,,,
Sponsored Products,Product Ad,Create,N.SP.Q22026.Displays.Non-Gaming.B09KG5FW1G,AG.B09KG5FW1G.Exact,,,,,N.SP.Q22026.Displays.Non-Gaming.B09KG5FW1G,AG.B09KG5FW1G.Exact,,,,enabled,,,B09KG5FW1G,,,,,,,,,,,,,,,,,,,,,
Sponsored Products,Keyword,Create,N.SP.Q22026.Displays.Non-Gaming.B09KG5FW1G,AG.B09KG5FW1G.Exact,,,,,N.SP.Q22026.Displays.Non-Gaming.B09KG5FW1G,AG.B09KG5FW1G.Exact,,,,enabled,,,,,1.50,acer kb242y monitor 24 inch,,exact,,,,,,,,,,,,,,,,
Sponsored Products,Keyword,Create,N.SP.Q22026.Displays.Non-Gaming.B09KG5FW1G,AG.B09KG5FW1G.Exact,,,,,N.SP.Q22026.Displays.Non-Gaming.B09KG5FW1G,AG.B09KG5FW1G.Exact,,,,enabled,,,,,1.50,acer 24 inch ips zero frame monitor,,exact,,,,,,,,,,,,,,,,
Sponsored Products,Keyword,Create,N.SP.Q22026.Displays.Non-Gaming.B09KG5FW1G,AG.B09KG5FW1G.Exact,,,,,N.SP.Q22026.Displays.Non-Gaming.B09KG5FW1G,AG.B09KG5FW1G.Exact,,,,enabled,,,,,1.50,acer fhd monitor freesync compatible,,exact,,,,,,,,,,,,,,,,
Sponsored Products,Keyword,Create,N.SP.Q22026.Displays.Non-Gaming.B09KG5FW1G,AG.B09KG5FW1G.Exact,,,,,N.SP.Q22026.Displays.Non-Gaming.B09KG5FW1G,AG.B09KG5FW1G.Exact,,,,enabled,,,,,1.50,acer kb242y g0bi monitor,,exact,,,,,,,,,,,,,,,,
Sponsored Products,Keyword,Create,N.SP.Q22026.Displays.Non-Gaming.B09KG5FW1G,AG.B09KG5FW1G.Exact,,,,,N.SP.Q22026.Displays.Non-Gaming.B09KG5FW1G,AG.B09KG5FW1G.Exact,,,,enabled,,,,,1.50,best budget 24 inch monitor acer,,exact,,,,,,,,,,,,,,,,
Sponsored Products,Keyword,Create,N.SP.Q22026.Displays.Non-Gaming.B09KG5FW1G,AG.B09KG5FW1G.Exact,,,,,N.SP.Q22026.Displays.Non-Gaming.B09KG5FW1G,AG.B09KG5FW1G.Exact,,,,enabled,,,,,1.50,acer 1080p monitor zero frame,,exact,,,,,,,,,,,,,,,,
Sponsored Products,Keyword,Create,N.SP.Q22026.Displays.Non-Gaming.B09KG5FW1G,AG.B09KG5FW1G.Exact,,,,,N.SP.Q22026.Displays.Non-Gaming.B09KG5FW1G,AG.B09KG5FW1G.Exact,,,,enabled,,,,,1.50,acer monitor 24 inch ips 75hz,,exact,,,,,,,,,,,,,,,,
Sponsored Products,Keyword,Create,N.SP.Q22026.Displays.Non-Gaming.B09KG5FW1G,AG.B09KG5FW1G.Exact,,,,,N.SP.Q22026.Displays.Non-Gaming.B09KG5FW1G,AG.B09KG5FW1G.Exact,,,,enabled,,,,,1.50,cheap 24 inch monitor acer fhd,,exact,,,,,,,,,,,,,,,,
Sponsored Products,Keyword,Create,N.SP.Q22026.Displays.Non-Gaming.B09KG5FW1G,AG.B09KG5FW1G.Exact,,,,,N.SP.Q22026.Displays.Non-Gaming.B09KG5FW1G,AG.B09KG5FW1G.Exact,,,,enabled,,,,,1.50,acer ips monitor home office 24,,exact,,,,,,,,,,,,,,,,
Sponsored Products,Keyword,Create,N.SP.Q22026.Displays.Non-Gaming.B09KG5FW1G,AG.B09KG5FW1G.Exact,,,,,N.SP.Q22026.Displays.Non-Gaming.B09KG5FW1G,AG.B09KG5FW1G.Exact,,,,enabled,,,,,1.50,zero frame ips monitor acer 24,,exact,,,,,,,,,,,,,,,,
Sponsored Products,Campaign,Create,,,,,,,N.SP.Q22026.Displays.Non-Gaming.B0F76BZ1W2,,04/01/2026,06/30/2026,Manual,enabled,74.18,,,,,,,,Dynamic bids - down only,,,,,,,,,,,,,,,
Sponsored Products,Ad Group,Create,N.SP.Q22026.Displays.Non-Gaming.B0F76BZ1W2,,,,,,N.SP.Q22026.Displays.Non-Gaming.B0F76BZ1W2,AG.B0F76BZ1W2.Broad,,,,enabled,,,,0.75,,,,,,,,,,,,,,,,,,,,
Sponsored Products,Product Ad,Create,N.SP.Q22026.Displays.Non-Gaming.B0F76BZ1W2,AG.B0F76BZ1W2.Broad,,,,,N.SP.Q22026.Displays.Non-Gaming.B0F76BZ1W2,AG.B0F76BZ1W2.Broad,,,,enabled,,,B0F76BZ1W2,,,,,,,,,,,,,,,,,,,,,
Sponsored Products,Keyword,Create,N.SP.Q22026.Displays.Non-Gaming.B0F76BZ1W2,AG.B0F76BZ1W2.Broad,,,,,N.SP.Q22026.Displays.Non-Gaming.B0F76BZ1W2,AG.B0F76BZ1W2.Broad,,,,enabled,,,,,0.75,acer portable monitor 15 inch fhd,,broad,,,,,,,,,,,,,,,,
Sponsored Products,Keyword,Create,N.SP.Q22026.Displays.Non-Gaming.B0F76BZ1W2,AG.B0F76BZ1W2.Broad,,,,,N.SP.Q22026.Displays.Non-Gaming.B0F76BZ1W2,AG.B0F76BZ1W2.Broad,,,,enabled,,,,,0.75,acer pm161q portable monitor,,broad,,,,,,,,,,,,,,,,
Sponsored Products,Keyword,Create,N.SP.Q22026.Displays.Non-Gaming.B0F76BZ1W2,AG.B0F76BZ1W2.Broad,,,,,N.SP.Q22026.Displays.Non-Gaming.B0F76BZ1W2,AG.B0F76BZ1W2.Broad,,,,enabled,,,,,0.75,portable monitor usb c 15 inch,,broad,,,,,,,,,,,,,,,,
Sponsored Products,Keyword,Create,N.SP.Q22026.Displays.Non-Gaming.B0F76BZ1W2,AG.B0F76BZ1W2.Broad,,,,,N.SP.Q22026.Displays.Non-Gaming.B0F76BZ1W2,AG.B0F76BZ1W2.Broad,,,,enabled,,,,,0.75,acer portable external monitor laptop,,broad,,,,,,,,,,,,,,,,
Sponsored Products,Keyword,Create,N.SP.Q22026.Displays.Non-Gaming.B0F76BZ1W2,AG.B0F76BZ1W2.Broad,,,,,N.SP.Q22026.Displays.Non-Gaming.B0F76BZ1W2,AG.B0F76BZ1W2.Broad,,,,enabled,,,,,0.75,15 inch portable monitor usb c hdmi,,broad,,,,,,,,,,,,,,,,
Sponsored Products,Keyword,Create,N.SP.Q22026.Displays.Non-Gaming.B0F76BZ1W2,AG.B0F76BZ1W2.Broad,,,,,N.SP.Q22026.Displays.Non-Gaming.B0F76BZ1W2,AG.B0F76BZ1W2.Broad,,,,enabled,,,,,0.75,acer portable monitor freesync slim,,broad,,,,,,,,,,,,,,,,
Sponsored Products,Keyword,Create,N.SP.Q22026.Displays.Non-Gaming.B0F76BZ1W2,AG.B0F76BZ1W2.Broad,,,,,N.SP.Q22026.Displays.Non-Gaming.B0F76BZ1W2,AG.B0F76BZ1W2.Broad,,,,enabled,,,,,0.75,best portable monitor for laptop acer,,broad,,,,,,,,,,,,,,,,
Sponsored Products,Keyword,Create,N.SP.Q22026.Displays.Non-Gaming.B0F76BZ1W2,AG.B0F76BZ1W2.Broad,,,,,N.SP.Q22026.Displays.Non-Gaming.B0F76BZ1W2,AG.B0F76BZ1W2.Broad,,,,enabled,,,,,0.75,external monitor for laptop 15 inch,,broad,,,,,,,,,,,,,,,,
Sponsored Products,Keyword,Create,N.SP.Q22026.Displays.Non-Gaming.B0F76BZ1W2,AG.B0F76BZ1W2.Broad,,,,,N.SP.Q22026.Displays.Non-Gaming.B0F76BZ1W2,AG.B0F76BZ1W2.Broad,,,,enabled,,,,,0.75,acer pm161q b1bmiuux monitor,,broad,,,,,,,,,,,,,,,,
Sponsored Products,Keyword,Create,N.SP.Q22026.Displays.Non-Gaming.B0F76BZ1W2,AG.B0F76BZ1W2.Broad,,,,,N.SP.Q22026.Displays.Non-Gaming.B0F76BZ1W2,AG.B0F76BZ1W2.Broad,,,,enabled,,,,,0.75,portable ips monitor 15 inch slim,,broad,,,,,,,,,,,,,,,,
Sponsored Products,Ad Group,Create,N.SP.Q22026.Displays.Non-Gaming.B0F76BZ1W2,,,,,,N.SP.Q22026.Displays.Non-Gaming.B0F76BZ1W2,AG.B0F76BZ1W2.Phrase,,,,enabled,,,,1.00,,,,,,,,,,,,,,,,,,,,
Sponsored Products,Product Ad,Create,N.SP.Q22026.Displays.Non-Gaming.B0F76BZ1W2,AG.B0F76BZ1W2.Phrase,,,,,N.SP.Q22026.Displays.Non-Gaming.B0F76BZ1W2,AG.B0F76BZ1W2.Phrase,,,,enabled,,,B0F76BZ1W2,,,,,,,,,,,,,,,,,,,,,
Sponsored Products,Keyword,Create,N.SP.Q22026.Displays.Non-Gaming.B0F76BZ1W2,AG.B0F76BZ1W2.Phrase,,,,,N.SP.Q22026.Displays.Non-Gaming.B0F76BZ1W2,AG.B0F76BZ1W2.Phrase,,,,enabled,,,,,1.00,acer portable monitor 15 inch fhd,,phrase,,,,,,,,,,,,,,,,
Sponsored Products,Keyword,Create,N.SP.Q22026.Displays.Non-Gaming.B0F76BZ1W2,AG.B0F76BZ1W2.Phrase,,,,,N.SP.Q22026.Displays.Non-Gaming.B0F76BZ1W2,AG.B0F76BZ1W2.Phrase,,,,enabled,,,,,1.00,acer pm161q portable monitor,,phrase,,,,,,,,,,,,,,,,
Sponsored Products,Keyword,Create,N.SP.Q22026.Displays.Non-Gaming.B0F76BZ1W2,AG.B0F76BZ1W2.Phrase,,,,,N.SP.Q22026.Displays.Non-Gaming.B0F76BZ1W2,AG.B0F76BZ1W2.Phrase,,,,enabled,,,,,1.00,portable monitor usb c 15 inch,,phrase,,,,,,,,,,,,,,,,
Sponsored Products,Keyword,Create,N.SP.Q22026.Displays.Non-Gaming.B0F76BZ1W2,AG.B0F76BZ1W2.Phrase,,,,,N.SP.Q22026.Displays.Non-Gaming.B0F76BZ1W2,AG.B0F76BZ1W2.Phrase,,,,enabled,,,,,1.00,acer portable external monitor laptop,,phrase,,,,,,,,,,,,,,,,
Sponsored Products,Keyword,Create,N.SP.Q22026.Displays.Non-Gaming.B0F76BZ1W2,AG.B0F76BZ1W2.Phrase,,,,,N.SP.Q22026.Displays.Non-Gaming.B0F76BZ1W2,AG.B0F76BZ1W2.Phrase,,,,enabled,,,,,1.00,15 inch portable monitor usb c hdmi,,phrase,,,,,,,,,,,,,,,,
Sponsored Products,Keyword,Create,N.SP.Q22026.Displays.Non-Gaming.B0F76BZ1W2,AG.B0F76BZ1W2.Phrase,,,,,N.SP.Q22026.Displays.Non-Gaming.B0F76BZ1W2,AG.B0F76BZ1W2.Phrase,,,,enabled,,,,,1.00,acer portable monitor freesync slim,,phrase,,,,,,,,,,,,,,,,
Sponsored Products,Keyword,Create,N.SP.Q22026.Displays.Non-Gaming.B0F76BZ1W2,AG.B0F76BZ1W2.Phrase,,,,,N.SP.Q22026.Displays.Non-Gaming.B0F76BZ1W2,AG.B0F76BZ1W2.Phrase,,,,enabled,,,,,1.00,best portable monitor for laptop acer,,phrase,,,,,,,,,,,,,,,,
Sponsored Products,Keyword,Create,N.SP.Q22026.Displays.Non-Gaming.B0F76BZ1W2,AG.B0F76BZ1W2.Phrase,,,,,N.SP.Q22026.Displays.Non-Gaming.B0F76BZ1W2,AG.B0F76BZ1W2.Phrase,,,,enabled,,,,,1.00,external monitor for laptop 15 inch,,phrase,,,,,,,,,,,,,,,,
Sponsored Products,Keyword,Create,N.SP.Q22026.Displays.Non-Gaming.B0F76BZ1W2,AG.B0F76BZ1W2.Phrase,,,,,N.SP.Q22026.Displays.Non-Gaming.B0F76BZ1W2,AG.B0F76BZ1W2.Phrase,,,,enabled,,,,,1.00,acer pm161q b1bmiuux monitor,,phrase,,,,,,,,,,,,,,,,
Sponsored Products,Keyword,Create,N.SP.Q22026.Displays.Non-Gaming.B0F76BZ1W2,AG.B0F76BZ1W2.Phrase,,,,,N.SP.Q22026.Displays.Non-Gaming.B0F76BZ1W2,AG.B0F76BZ1W2.Phrase,,,,enabled,,,,,1.00,portable ips monitor 15 inch slim,,phrase,,,,,,,,,,,,,,,,
Sponsored Products,Ad Group,Create,N.SP.Q22026.Displays.Non-Gaming.B0F76BZ1W2,,,,,,N.SP.Q22026.Displays.Non-Gaming.B0F76BZ1W2,AG.B0F76BZ1W2.Exact,,,,enabled,,,,1.50,,,,,,,,,,,,,,,,,,,,
Sponsored Products,Product Ad,Create,N.SP.Q22026.Displays.Non-Gaming.B0F76BZ1W2,AG.B0F76BZ1W2.Exact,,,,,N.SP.Q22026.Displays.Non-Gaming.B0F76BZ1W2,AG.B0F76BZ1W2.Exact,,,,enabled,,,B0F76BZ1W2,,,,,,,,,,,,,,,,,,,,,
Sponsored Products,Keyword,Create,N.SP.Q22026.Displays.Non-Gaming.B0F76BZ1W2,AG.B0F76BZ1W2.Exact,,,,,N.SP.Q22026.Displays.Non-Gaming.B0F76BZ1W2,AG.B0F76BZ1W2.Exact,,,,enabled,,,,,1.50,acer portable monitor 15 inch fhd,,exact,,,,,,,,,,,,,,,,
Sponsored Products,Keyword,Create,N.SP.Q22026.Displays.Non-Gaming.B0F76BZ1W2,AG.B0F76BZ1W2.Exact,,,,,N.SP.Q22026.Displays.Non-Gaming.B0F76BZ1W2,AG.B0F76BZ1W2.Exact,,,,enabled,,,,,1.50,acer pm161q portable monitor,,exact,,,,,,,,,,,,,,,,
Sponsored Products,Keyword,Create,N.SP.Q22026.Displays.Non-Gaming.B0F76BZ1W2,AG.B0F76BZ1W2.Exact,,,,,N.SP.Q22026.Displays.Non-Gaming.B0F76BZ1W2,AG.B0F76BZ1W2.Exact,,,,enabled,,,,,1.50,portable monitor usb c 15 inch,,exact,,,,,,,,,,,,,,,,
Sponsored Products,Keyword,Create,N.SP.Q22026.Displays.Non-Gaming.B0F76BZ1W2,AG.B0F76BZ1W2.Exact,,,,,N.SP.Q22026.Displays.Non-Gaming.B0F76BZ1W2,AG.B0F76BZ1W2.Exact,,,,enabled,,,,,1.50,acer portable external monitor laptop,,exact,,,,,,,,,,,,,,,,
Sponsored Products,Keyword,Create,N.SP.Q22026.Displays.Non-Gaming.B0F76BZ1W2,AG.B0F76BZ1W2.Exact,,,,,N.SP.Q22026.Displays.Non-Gaming.B0F76BZ1W2,AG.B0F76BZ1W2.Exact,,,,enabled,,,,,1.50,15 inch portable monitor usb c hdmi,,exact,,,,,,,,,,,,,,,,
Sponsored Products,Keyword,Create,N.SP.Q22026.Displays.Non-Gaming.B0F76BZ1W2,AG.B0F76BZ1W2.Exact,,,,,N.SP.Q22026.Displays.Non-Gaming.B0F76BZ1W2,AG.B0F76BZ1W2.Exact,,,,enabled,,,,,1.50,acer portable monitor freesync slim,,exact,,,,,,,,,,,,,,,,
Sponsored Products,Keyword,Create,N.SP.Q22026.Displays.Non-Gaming.B0F76BZ1W2,AG.B0F76BZ1W2.Exact,,,,,N.SP.Q22026.Displays.Non-Gaming.B0F76BZ1W2,AG.B0F76BZ1W2.Exact,,,,enabled,,,,,1.50,best portable monitor for laptop acer,,exact,,,,,,,,,,,,,,,,
Sponsored Products,Keyword,Create,N.SP.Q22026.Displays.Non-Gaming.B0F76BZ1W2,AG.B0F76BZ1W2.Exact,,,,,N.SP.Q22026.Displays.Non-Gaming.B0F76BZ1W2,AG.B0F76BZ1W2.Exact,,,,enabled,,,,,1.50,external monitor for laptop 15 inch,,exact,,,,,,,,,,,,,,,,
Sponsored Products,Keyword,Create,N.SP.Q22026.Displays.Non-Gaming.B0F76BZ1W2,AG.B0F76BZ1W2.Exact,,,,,N.SP.Q22026.Displays.Non-Gaming.B0F76BZ1W2,AG.B0F76BZ1W2.Exact,,,,enabled,,,,,1.50,acer pm161q b1bmiuux monitor,,exact,,,,,,,,,,,,,,,,
Sponsored Products,Keyword,Create,N.SP.Q22026.Displays.Non-Gaming.B0F76BZ1W2,AG.B0F76BZ1W2.Exact,,,,,N.SP.Q22026.Displays.Non-Gaming.B0F76BZ1W2,AG.B0F76BZ1W2.Exact,,,,enabled,,,,,1.50,portable ips monitor 15 inch slim,,exact,,,,,,,,,,,,,,,,
Sponsored Products,Campaign,Create,,,,,,,N.SP.Q22026.Displays.Non-Gaming.B0D9MK23S7,,04/01/2026,06/30/2026,Manual,enabled,445.05,,,,,,,,Dynamic bids - down only,,,,,,,,,,,,,,,
Sponsored Products,Ad Group,Create,N.SP.Q22026.Displays.Non-Gaming.B0D9MK23S7,,,,,,N.SP.Q22026.Displays.Non-Gaming.B0D9MK23S7,AG.B0D9MK23S7.Broad,,,,enabled,,,,0.75,,,,,,,,,,,,,,,,,,,,
Sponsored Products,Product Ad,Create,N.SP.Q22026.Displays.Non-Gaming.B0D9MK23S7,AG.B0D9MK23S7.Broad,,,,,N.SP.Q22026.Displays.Non-Gaming.B0D9MK23S7,AG.B0D9MK23S7.Broad,,,,enabled,,,B0D9MK23S7,,,,,,,,,,,,,,,,,,,,,
Sponsored Products,Keyword,Create,N.SP.Q22026.Displays.Non-Gaming.B0D9MK23S7,AG.B0D9MK23S7.Broad,,,,,N.SP.Q22026.Displays.Non-Gaming.B0D9MK23S7,AG.B0D9MK23S7.Broad,,,,enabled,,,,,0.75,acer kb272 27 inch monitor,,broad,,,,,,,,,,,,,,,,
Sponsored Products,Keyword,Create,N.SP.Q22026.Displays.Non-Gaming.B0D9MK23S7,AG.B0D9MK23S7.Broad,,,,,N.SP.Q22026.Displays.Non-Gaming.B0D9MK23S7,AG.B0D9MK23S7.Broad,,,,enabled,,,,,0.75,acer 27 inch fhd ips monitor 120hz,,broad,,,,,,,,,,,,,,,,
Sponsored Products,Keyword,Create,N.SP.Q22026.Displays.Non-Gaming.B0D9MK23S7,AG.B0D9MK23S7.Broad,,,,,N.SP.Q22026.Displays.Non-Gaming.B0D9MK23S7,AG.B0D9MK23S7.Broad,,,,enabled,,,,,0.75,acer 27 inch office monitor 1080p,,broad,,,,,,,,,,,,,,,,
Sponsored Products,Keyword,Create,N.SP.Q22026.Displays.Non-Gaming.B0D9MK23S7,AG.B0D9MK23S7.Broad,,,,,N.SP.Q22026.Displays.Non-Gaming.B0D9MK23S7,AG.B0D9MK23S7.Broad,,,,enabled,,,,,0.75,acer kb272 g0bi monitor,,broad,,,,,,,,,,,,,,,,
Sponsored Products,Keyword,Create,N.SP.Q22026.Displays.Non-Gaming.B0D9MK23S7,AG.B0D9MK23S7.Broad,,,,,N.SP.Q22026.Displays.Non-Gaming.B0D9MK23S7,AG.B0D9MK23S7.Broad,,,,enabled,,,,,0.75,best 27 inch monitor under 150,,broad,,,,,,,,,,,,,,,,
Sponsored Products,Keyword,Create,N.SP.Q22026.Displays.Non-Gaming.B0D9MK23S7,AG.B0D9MK23S7.Broad,,,,,N.SP.Q22026.Displays.Non-Gaming.B0D9MK23S7,AG.B0D9MK23S7.Broad,,,,enabled,,,,,0.75,acer 27 monitor 99 srgb freesync,,broad,,,,,,,,,,,,,,,,
Sponsored Products,Keyword,Create,N.SP.Q22026.Displays.Non-Gaming.B0D9MK23S7,AG.B0D9MK23S7.Broad,,,,,N.SP.Q22026.Displays.Non-Gaming.B0D9MK23S7,AG.B0D9MK23S7.Broad,,,,enabled,,,,,0.75,acer 27 inch monitor home office,,broad,,,,,,,,,,,,,,,,
Sponsored Products,Keyword,Create,N.SP.Q22026.Displays.Non-Gaming.B0D9MK23S7,AG.B0D9MK23S7.Broad,,,,,N.SP.Q22026.Displays.Non-Gaming.B0D9MK23S7,AG.B0D9MK23S7.Broad,,,,enabled,,,,,0.75,acer fhd 27 inch ips 120hz monitor,,broad,,,,,,,,,,,,,,,,
Sponsored Products,Keyword,Create,N.SP.Q22026.Displays.Non-Gaming.B0D9MK23S7,AG.B0D9MK23S7.Broad,,,,,N.SP.Q22026.Displays.Non-Gaming.B0D9MK23S7,AG.B0D9MK23S7.Broad,,,,enabled,,,,,0.75,acer 27 inch display 1080p srgb 99,,broad,,,,,,,,,,,,,,,,
Sponsored Products,Keyword,Create,N.SP.Q22026.Displays.Non-Gaming.B0D9MK23S7,AG.B0D9MK23S7.Broad,,,,,N.SP.Q22026.Displays.Non-Gaming.B0D9MK23S7,AG.B0D9MK23S7.Broad,,,,enabled,,,,,0.75,affordable 27 inch ips monitor acer,,broad,,,,,,,,,,,,,,,,
Sponsored Products,Ad Group,Create,N.SP.Q22026.Displays.Non-Gaming.B0D9MK23S7,,,,,,N.SP.Q22026.Displays.Non-Gaming.B0D9MK23S7,AG.B0D9MK23S7.Phrase,,,,enabled,,,,1.00,,,,,,,,,,,,,,,,,,,,
Sponsored Products,Product Ad,Create,N.SP.Q22026.Displays.Non-Gaming.B0D9MK23S7,AG.B0D9MK23S7.Phrase,,,,,N.SP.Q22026.Displays.Non-Gaming.B0D9MK23S7,AG.B0D9MK23S7.Phrase,,,,enabled,,,B0D9MK23S7,,,,,,,,,,,,,,,,,,,,,
Sponsored Products,Keyword,Create,N.SP.Q22026.Displays.Non-Gaming.B0D9MK23S7,AG.B0D9MK23S7.Phrase,,,,,N.SP.Q22026.Displays.Non-Gaming.B0D9MK23S7,AG.B0D9MK23S7.Phrase,,,,enabled,,,,,1.00,acer kb272 27 inch monitor,,phrase,,,,,,,,,,,,,,,,
Sponsored Products,Keyword,Create,N.SP.Q22026.Displays.Non-Gaming.B0D9MK23S7,AG.B0D9MK23S7.Phrase,,,,,N.SP.Q22026.Displays.Non-Gaming.B0D9MK23S7,AG.B0D9MK23S7.Phrase,,,,enabled,,,,,1.00,acer 27 inch fhd ips monitor 120hz,,phrase,,,,,,,,,,,,,,,,
Sponsored Products,Keyword,Create,N.SP.Q22026.Displays.Non-Gaming.B0D9MK23S7,AG.B0D9MK23S7.Phrase,,,,,N.SP.Q22026.Displays.Non-Gaming.B0D9MK23S7,AG.B0D9MK23S7.Phrase,,,,enabled,,,,,1.00,acer 27 inch office monitor 1080p,,phrase,,,,,,,,,,,,,,,,
Sponsored Products,Keyword,Create,N.SP.Q22026.Displays.Non-Gaming.B0D9MK23S7,AG.B0D9MK23S7.Phrase,,,,,N.SP.Q22026.Displays.Non-Gaming.B0D9MK23S7,AG.B0D9MK23S7.Phrase,,,,enabled,,,,,1.00,acer kb272 g0bi monitor,,phrase,,,,,,,,,,,,,,,,
Sponsored Products,Keyword,Create,N.SP.Q22026.Displays.Non-Gaming.B0D9MK23S7,AG.B0D9MK23S7.Phrase,,,,,N.SP.Q22026.Displays.Non-Gaming.B0D9MK23S7,AG.B0D9MK23S7.Phrase,,,,enabled,,,,,1.00,best 27 inch monitor under 150,,phrase,,,,,,,,,,,,,,,,
Sponsored Products,Keyword,Create,N.SP.Q22026.Displays.Non-Gaming.B0D9MK23S7,AG.B0D9MK23S7.Phrase,,,,,N.SP.Q22026.Displays.Non-Gaming.B0D9MK23S7,AG.B0D9MK23S7.Phrase,,,,enabled,,,,,1.00,acer 27 monitor 99 srgb freesync,,phrase,,,,,,,,,,,,,,,,
Sponsored Products,Keyword,Create,N.SP.Q22026.Displays.Non-Gaming.B0D9MK23S7,AG.B0D9MK23S7.Phrase,,,,,N.SP.Q22026.Displays.Non-Gaming.B0D9MK23S7,AG.B0D9MK23S7.Phrase,,,,enabled,,,,,1.00,acer 27 inch monitor home office,,phrase,,,,,,,,,,,,,,,,
Sponsored Products,Keyword,Create,N.SP.Q22026.Displays.Non-Gaming.B0D9MK23S7,AG.B0D9MK23S7.Phrase,,,,,N.SP.Q22026.Displays.Non-Gaming.B0D9MK23S7,AG.B0D9MK23S7.Phrase,,,,enabled,,,,,1.00,acer fhd 27 inch ips 120hz monitor,,phrase,,,,,,,,,,,,,,,,
Sponsored Products,Keyword,Create,N.SP.Q22026.Displays.Non-Gaming.B0D9MK23S7,AG.B0D9MK23S7.Phrase,,,,,N.SP.Q22026.Displays.Non-Gaming.B0D9MK23S7,AG.B0D9MK23S7.Phrase,,,,enabled,,,,,1.00,acer 27 inch display 1080p srgb 99,,phrase,,,,,,,,,,,,,,,,
Sponsored Products,Keyword,Create,N.SP.Q22026.Displays.Non-Gaming.B0D9MK23S7,AG.B0D9MK23S7.Phrase,,,,,N.SP.Q22026.Displays.Non-Gaming.B0D9MK23S7,AG.B0D9MK23S7.Phrase,,,,enabled,,,,,1.00,affordable 27 inch ips monitor acer,,phrase,,,,,,,,,,,,,,,,
Sponsored Products,Ad Group,Create,N.SP.Q22026.Displays.Non-Gaming.B0D9MK23S7,,,,,,N.SP.Q22026.Displays.Non-Gaming.B0D9MK23S7,AG.B0D9MK23S7.Exact,,,,enabled,,,,1.50,,,,,,,,,,,,,,,,,,,,
Sponsored Products,Product Ad,Create,N.SP.Q22026.Displays.Non-Gaming.B0D9MK23S7,AG.B0D9MK23S7.Exact,,,,,N.SP.Q22026.Displays.Non-Gaming.B0D9MK23S7,AG.B0D9MK23S7.Exact,,,,enabled,,,B0D9MK23S7,,,,,,,,,,,,,,,,,,,,,
Sponsored Products,Keyword,Create,N.SP.Q22026.Displays.Non-Gaming.B0D9MK23S7,AG.B0D9MK23S7.Exact,,,,,N.SP.Q22026.Displays.Non-Gaming.B0D9MK23S7,AG.B0D9MK23S7.Exact,,,,enabled,,,,,1.50,acer kb272 27 inch monitor,,exact,,,,,,,,,,,,,,,,
Sponsored Products,Keyword,Create,N.SP.Q22026.Displays.Non-Gaming.B0D9MK23S7,AG.B0D9MK23S7.Exact,,,,,N.SP.Q22026.Displays.Non-Gaming.B0D9MK23S7,AG.B0D9MK23S7.Exact,,,,enabled,,,,,1.50,acer 27 inch fhd ips monitor 120hz,,exact,,,,,,,,,,,,,,,,
Sponsored Products,Keyword,Create,N.SP.Q22026.Displays.Non-Gaming.B0D9MK23S7,AG.B0D9MK23S7.Exact,,,,,N.SP.Q22026.Displays.Non-Gaming.B0D9MK23S7,AG.B0D9MK23S7.Exact,,,,enabled,,,,,1.50,acer 27 inch office monitor 1080p,,exact,,,,,,,,,,,,,,,,
Sponsored Products,Keyword,Create,N.SP.Q22026.Displays.Non-Gaming.B0D9MK23S7,AG.B0D9MK23S7.Exact,,,,,N.SP.Q22026.Displays.Non-Gaming.B0D9MK23S7,AG.B0D9MK23S7.Exact,,,,enabled,,,,,1.50,acer kb272 g0bi monitor,,exact,,,,,,,,,,,,,,,,
Sponsored Products,Keyword,Create,N.SP.Q22026.Displays.Non-Gaming.B0D9MK23S7,AG.B0D9MK23S7.Exact,,,,,N.SP.Q22026.Displays.Non-Gaming.B0D9MK23S7,AG.B0D9MK23S7.Exact,,,,enabled,,,,,1.50,best 27 inch monitor under 150,,exact,,,,,,,,,,,,,,,,
Sponsored Products,Keyword,Create,N.SP.Q22026.Displays.Non-Gaming.B0D9MK23S7,AG.B0D9MK23S7.Exact,,,,,N.SP.Q22026.Displays.Non-Gaming.B0D9MK23S7,AG.B0D9MK23S7.Exact,,,,enabled,,,,,1.50,acer 27 monitor 99 srgb freesync,,exact,,,,,,,,,,,,,,,,
Sponsored Products,Keyword,Create,N.SP.Q22026.Displays.Non-Gaming.B0D9MK23S7,AG.B0D9MK23S7.Exact,,,,,N.SP.Q22026.Displays.Non-Gaming.B0D9MK23S7,AG.B0D9MK23S7.Exact,,,,enabled,,,,,1.50,acer 27 inch monitor home office,,exact,,,,,,,,,,,,,,,,
Sponsored Products,Keyword,Create,N.SP.Q22026.Displays.Non-Gaming.B0D9MK23S7,AG.B0D9MK23S7.Exact,,,,,N.SP.Q22026.Displays.Non-Gaming.B0D9MK23S7,AG.B0D9MK23S7.Exact,,,,enabled,,,,,1.50,acer fhd 27 inch ips 120hz monitor,,exact,,,,,,,,,,,,,,,,
Sponsored Products,Keyword,Create,N.SP.Q22026.Displays.Non-Gaming.B0D9MK23S7,AG.B0D9MK23S7.Exact,,,,,N.SP.Q22026.Displays.Non-Gaming.B0D9MK23S7,AG.B0D9MK23S7.Exact,,,,enabled,,,,,1.50,acer 27 inch display 1080p srgb 99,,exact,,,,,,,,,,,,,,,,
Sponsored Products,Keyword,Create,N.SP.Q22026.Displays.Non-Gaming.B0D9MK23S7,AG.B0D9MK23S7.Exact,,,,,N.SP.Q22026.Displays.Non-Gaming.B0D9MK23S7,AG.B0D9MK23S7.Exact,,,,enabled,,,,,1.50,affordable 27 inch ips monitor acer,,exact,,,,,,,,,,,,,,,,
Sponsored Products,Campaign,Create,,,,,,,N.SP.Q22026.Displays.Non-Gaming.B0FPRDTVMD,,04/01/2026,06/30/2026,Manual,enabled,148.35,,,,,,,,Dynamic bids - down only,,,,,,,,,,,,,,,
Sponsored Products,Ad Group,Create,N.SP.Q22026.Displays.Non-Gaming.B0FPRDTVMD,,,,,,N.SP.Q22026.Displays.Non-Gaming.B0FPRDTVMD,AG.B0FPRDTVMD.Broad,,,,enabled,,,,0.75,,,,,,,,,,,,,,,,,,,,
Sponsored Products,Product Ad,Create,N.SP.Q22026.Displays.Non-Gaming.B0FPRDTVMD,AG.B0FPRDTVMD.Broad,,,,,N.SP.Q22026.Displays.Non-Gaming.B0FPRDTVMD,AG.B0FPRDTVMD.Broad,,,,enabled,,,B0FPRDTVMD,,,,,,,,,,,,,,,,,,,,,
Sponsored Products,Keyword,Create,N.SP.Q22026.Displays.Non-Gaming.B0FPRDTVMD,AG.B0FPRDTVMD.Broad,,,,,N.SP.Q22026.Displays.Non-Gaming.B0FPRDTVMD,AG.B0FPRDTVMD.Broad,,,,enabled,,,,,0.75,acer monitor 2025 new release,,broad,,,,,,,,,,,,,,,,
Sponsored Products,Keyword,Create,N.SP.Q22026.Displays.Non-Gaming.B0FPRDTVMD,AG.B0FPRDTVMD.Broad,,,,,N.SP.Q22026.Displays.Non-Gaming.B0FPRDTVMD,AG.B0FPRDTVMD.Broad,,,,enabled,,,,,0.75,acer ips office monitor 2025,,broad,,,,,,,,,,,,,,,,
Sponsored Products,Keyword,Create,N.SP.Q22026.Displays.Non-Gaming.B0FPRDTVMD,AG.B0FPRDTVMD.Broad,,,,,N.SP.Q22026.Displays.Non-Gaming.B0FPRDTVMD,AG.B0FPRDTVMD.Broad,,,,enabled,,,,,0.75,acer fhd monitor zero frame 2025,,broad,,,,,,,,,,,,,,,,
Sponsored Products,Keyword,Create,N.SP.Q22026.Displays.Non-Gaming.B0FPRDTVMD,AG.B0FPRDTVMD.Broad,,,,,N.SP.Q22026.Displays.Non-Gaming.B0FPRDTVMD,AG.B0FPRDTVMD.Broad,,,,enabled,,,,,0.75,acer home office monitor 2025,,broad,,,,,,,,,,,,,,,,
Sponsored Products,Keyword,Create,N.SP.Q22026.Displays.Non-Gaming.B0FPRDTVMD,AG.B0FPRDTVMD.Broad,,,,,N.SP.Q22026.Displays.Non-Gaming.B0FPRDTVMD,AG.B0FPRDTVMD.Broad,,,,enabled,,,,,0.75,acer 24 inch or 27 inch monitor 2025,,broad,,,,,,,,,,,,,,,,
Sponsored Products,Keyword,Create,N.SP.Q22026.Displays.Non-Gaming.B0FPRDTVMD,AG.B0FPRDTVMD.Broad,,,,,N.SP.Q22026.Displays.Non-Gaming.B0FPRDTVMD,AG.B0FPRDTVMD.Broad,,,,enabled,,,,,0.75,acer monitor freesync compatible 2025,,broad,,,,,,,,,,,,,,,,
Sponsored Products,Keyword,Create,N.SP.Q22026.Displays.Non-Gaming.B0FPRDTVMD,AG.B0FPRDTVMD.Broad,,,,,N.SP.Q22026.Displays.Non-Gaming.B0FPRDTVMD,AG.B0FPRDTVMD.Broad,,,,enabled,,,,,0.75,acer new monitor ips 100hz,,broad,,,,,,,,,,,,,,,,
Sponsored Products,Keyword,Create,N.SP.Q22026.Displays.Non-Gaming.B0FPRDTVMD,AG.B0FPRDTVMD.Broad,,,,,N.SP.Q22026.Displays.Non-Gaming.B0FPRDTVMD,AG.B0FPRDTVMD.Broad,,,,enabled,,,,,0.75,acer professional monitor new 2025,,broad,,,,,,,,,,,,,,,,
Sponsored Products,Keyword,Create,N.SP.Q22026.Displays.Non-Gaming.B0FPRDTVMD,AG.B0FPRDTVMD.Broad,,,,,N.SP.Q22026.Displays.Non-Gaming.B0FPRDTVMD,AG.B0FPRDTVMD.Broad,,,,enabled,,,,,0.75,acer display monitor office use,,broad,,,,,,,,,,,,,,,,
Sponsored Products,Keyword,Create,N.SP.Q22026.Displays.Non-Gaming.B0FPRDTVMD,AG.B0FPRDTVMD.Broad,,,,,N.SP.Q22026.Displays.Non-Gaming.B0FPRDTVMD,AG.B0FPRDTVMD.Broad,,,,enabled,,,,,0.75,best acer monitor for home office 2025,,broad,,,,,,,,,,,,,,,,
Sponsored Products,Ad Group,Create,N.SP.Q22026.Displays.Non-Gaming.B0FPRDTVMD,,,,,,N.SP.Q22026.Displays.Non-Gaming.B0FPRDTVMD,AG.B0FPRDTVMD.Phrase,,,,enabled,,,,1.00,,,,,,,,,,,,,,,,,,,,
Sponsored Products,Product Ad,Create,N.SP.Q22026.Displays.Non-Gaming.B0FPRDTVMD,AG.B0FPRDTVMD.Phrase,,,,,N.SP.Q22026.Displays.Non-Gaming.B0FPRDTVMD,AG.B0FPRDTVMD.Phrase,,,,enabled,,,B0FPRDTVMD,,,,,,,,,,,,,,,,,,,,,
Sponsored Products,Keyword,Create,N.SP.Q22026.Displays.Non-Gaming.B0FPRDTVMD,AG.B0FPRDTVMD.Phrase,,,,,N.SP.Q22026.Displays.Non-Gaming.B0FPRDTVMD,AG.B0FPRDTVMD.Phrase,,,,enabled,,,,,1.00,acer monitor 2025 new release,,phrase,,,,,,,,,,,,,,,,
Sponsored Products,Keyword,Create,N.SP.Q22026.Displays.Non-Gaming.B0FPRDTVMD,AG.B0FPRDTVMD.Phrase,,,,,N.SP.Q22026.Displays.Non-Gaming.B0FPRDTVMD,AG.B0FPRDTVMD.Phrase,,,,enabled,,,,,1.00,acer ips office monitor 2025,,phrase,,,,,,,,,,,,,,,,
Sponsored Products,Keyword,Create,N.SP.Q22026.Displays.Non-Gaming.B0FPRDTVMD,AG.B0FPRDTVMD.Phrase,,,,,N.SP.Q22026.Displays.Non-Gaming.B0FPRDTVMD,AG.B0FPRDTVMD.Phrase,,,,enabled,,,,,1.00,acer fhd monitor zero frame 2025,,phrase,,,,,,,,,,,,,,,,
Sponsored Products,Keyword,Create,N.SP.Q22026.Displays.Non-Gaming.B0FPRDTVMD,AG.B0FPRDTVMD.Phrase,,,,,N.SP.Q22026.Displays.Non-Gaming.B0FPRDTVMD,AG.B0FPRDTVMD.Phrase,,,,enabled,,,,,1.00,acer home office monitor 2025,,phrase,,,,,,,,,,,,,,,,
Sponsored Products,Keyword,Create,N.SP.Q22026.Displays.Non-Gaming.B0FPRDTVMD,AG.B0FPRDTVMD.Phrase,,,,,N.SP.Q22026.Displays.Non-Gaming.B0FPRDTVMD,AG.B0FPRDTVMD.Phrase,,,,enabled,,,,,1.00,acer 24 inch or 27 inch monitor 2025,,phrase,,,,,,,,,,,,,,,,
Sponsored Products,Keyword,Create,N.SP.Q22026.Displays.Non-Gaming.B0FPRDTVMD,AG.B0FPRDTVMD.Phrase,,,,,N.SP.Q22026.Displays.Non-Gaming.B0FPRDTVMD,AG.B0FPRDTVMD.Phrase,,,,enabled,,,,,1.00,acer monitor freesync compatible 2025,,phrase,,,,,,,,,,,,,,,,
Sponsored Products,Keyword,Create,N.SP.Q22026.Displays.Non-Gaming.B0FPRDTVMD,AG.B0FPRDTVMD.Phrase,,,,,N.SP.Q22026.Displays.Non-Gaming.B0FPRDTVMD,AG.B0FPRDTVMD.Phrase,,,,enabled,,,,,1.00,acer new monitor ips 100hz,,phrase,,,,,,,,,,,,,,,,
Sponsored Products,Keyword,Create,N.SP.Q22026.Displays.Non-Gaming.B0FPRDTVMD,AG.B0FPRDTVMD.Phrase,,,,,N.SP.Q22026.Displays.Non-Gaming.B0FPRDTVMD,AG.B0FPRDTVMD.Phrase,,,,enabled,,,,,1.00,acer professional monitor new 2025,,phrase,,,,,,,,,,,,,,,,
Sponsored Products,Keyword,Create,N.SP.Q22026.Displays.Non-Gaming.B0FPRDTVMD,AG.B0FPRDTVMD.Phrase,,,,,N.SP.Q22026.Displays.Non-Gaming.B0FPRDTVMD,AG.B0FPRDTVMD.Phrase,,,,enabled,,,,,1.00,acer display monitor office use,,phrase,,,,,,,,,,,,,,,,
Sponsored Products,Keyword,Create,N.SP.Q22026.Displays.Non-Gaming.B0FPRDTVMD,AG.B0FPRDTVMD.Phrase,,,,,N.SP.Q22026.Displays.Non-Gaming.B0FPRDTVMD,AG.B0FPRDTVMD.Phrase,,,,enabled,,,,,1.00,best acer monitor for home office 2025,,phrase,,,,,,,,,,,,,,,,
Sponsored Products,Ad Group,Create,N.SP.Q22026.Displays.Non-Gaming.B0FPRDTVMD,,,,,,N.SP.Q22026.Displays.Non-Gaming.B0FPRDTVMD,AG.B0FPRDTVMD.Exact,,,,enabled,,,,1.50,,,,,,,,,,,,,,,,,,,,
Sponsored Products,Product Ad,Create,N.SP.Q22026.Displays.Non-Gaming.B0FPRDTVMD,AG.B0FPRDTVMD.Exact,,,,,N.SP.Q22026.Displays.Non-Gaming.B0FPRDTVMD,AG.B0FPRDTVMD.Exact,,,,enabled,,,B0FPRDTVMD,,,,,,,,,,,,,,,,,,,,,
Sponsored Products,Keyword,Create,N.SP.Q22026.Displays.Non-Gaming.B0FPRDTVMD,AG.B0FPRDTVMD.Exact,,,,,N.SP.Q22026.Displays.Non-Gaming.B0FPRDTVMD,AG.B0FPRDTVMD.Exact,,,,enabled,,,,,1.50,acer monitor 2025 new release,,exact,,,,,,,,,,,,,,,,
Sponsored Products,Keyword,Create,N.SP.Q22026.Displays.Non-Gaming.B0FPRDTVMD,AG.B0FPRDTVMD.Exact,,,,,N.SP.Q22026.Displays.Non-Gaming.B0FPRDTVMD,AG.B0FPRDTVMD.Exact,,,,enabled,,,,,1.50,acer ips office monitor 2025,,exact,,,,,,,,,,,,,,,,
Sponsored Products,Keyword,Create,N.SP.Q22026.Displays.Non-Gaming.B0FPRDTVMD,AG.B0FPRDTVMD.Exact,,,,,N.SP.Q22026.Displays.Non-Gaming.B0FPRDTVMD,AG.B0FPRDTVMD.Exact,,,,enabled,,,,,1.50,acer fhd monitor zero frame 2025,,exact,,,,,,,,,,,,,,,,
Sponsored Products,Keyword,Create,N.SP.Q22026.Displays.Non-Gaming.B0FPRDTVMD,AG.B0FPRDTVMD.Exact,,,,,N.SP.Q22026.Displays.Non-Gaming.B0FPRDTVMD,AG.B0FPRDTVMD.Exact,,,,enabled,,,,,1.50,acer home office monitor 2025,,exact,,,,,,,,,,,,,,,,
Sponsored Products,Keyword,Create,N.SP.Q22026.Displays.Non-Gaming.B0FPRDTVMD,AG.B0FPRDTVMD.Exact,,,,,N.SP.Q22026.Displays.Non-Gaming.B0FPRDTVMD,AG.B0FPRDTVMD.Exact,,,,enabled,,,,,1.50,acer 24 inch or 27 inch monitor 2025,,exact,,,,,,,,,,,,,,,,
Sponsored Products,Keyword,Create,N.SP.Q22026.Displays.Non-Gaming.B0FPRDTVMD,AG.B0FPRDTVMD.Exact,,,,,N.SP.Q22026.Displays.Non-Gaming.B0FPRDTVMD,AG.B0FPRDTVMD.Exact,,,,enabled,,,,,1.50,acer monitor freesync compatible 2025,,exact,,,,,,,,,,,,,,,,
Sponsored Products,Keyword,Create,N.SP.Q22026.Displays.Non-Gaming.B0FPRDTVMD,AG.B0FPRDTVMD.Exact,,,,,N.SP.Q22026.Displays.Non-Gaming.B0FPRDTVMD,AG.B0FPRDTVMD.Exact,,,,enabled,,,,,1.50,acer new monitor ips 100hz,,exact,,,,,,,,,,,,,,,,
Sponsored Products,Keyword,Create,N.SP.Q22026.Displays.Non-Gaming.B0FPRDTVMD,AG.B0FPRDTVMD.Exact,,,,,N.SP.Q22026.Displays.Non-Gaming.B0FPRDTVMD,AG.B0FPRDTVMD.Exact,,,,enabled,,,,,1.50,acer professional monitor new 2025,,exact,,,,,,,,,,,,,,,,
Sponsored Products,Keyword,Create,N.SP.Q22026.Displays.Non-Gaming.B0FPRDTVMD,AG.B0FPRDTVMD.Exact,,,,,N.SP.Q22026.Displays.Non-Gaming.B0FPRDTVMD,AG.B0FPRDTVMD.Exact,,,,enabled,,,,,1.50,acer display monitor office use,,exact,,,,,,,,,,,,,,,,
Sponsored Products,Keyword,Create,N.SP.Q22026.Displays.Non-Gaming.B0FPRDTVMD,AG.B0FPRDTVMD.Exact,,,,,N.SP.Q22026.Displays.Non-Gaming.B0FPRDTVMD,AG.B0FPRDTVMD.Exact,,,,enabled,,,,,1.50,best acer monitor for home office 2025,,exact,,,,,,,,,,,,,,,,
