Date,Advertiser account ID,Advertiser account name,Entity ID,Type,Campaign ID,Campaign name,Budget currency,Impressions,Clicks,Total cost,Purchases (combined),Sales (combined)
24-Dec-25,amzn1.ads-account.g.ap8yon1iwz0h9l6rda434b6db,CyberPower,,SB,300358990869228,B.Keyword.Store.SB.UPS.StoreSpotlight,USD,177,2,3.2,4,486.84
23-Dec-25,amzn1.ads-account.g.ap8yon1iwz0h9l6rda434b6db,CyberPower,,SB,490434522578484,C.Keyword.Video.SB.UPS.PFCSinewave.CP1500PFCLCD.B00429N19W,USD,332,1,0.45,0,0
10-Jan-26,amzn1.ads-account.g.ap8yon1iwz0h9l6rda434b6db,CyberPower,,SB,300358990869228,B.Keyword.Store.SB.UPS.StoreSpotlight,USD,0,0,0,0,0
16-Jan-26,amzn1.ads-account.g.ap8yon1iwz0h9l6rda434b6db,CyberPower,,SD,560720574941385,B00429N18S_SD_Conversion_AUDT-purchase remarketing-promoted products-key promoted products_cpc_20251230,USD,28754,39,81.78,0,0
14-Feb-26,amzn1.ads-account.g.ap8yon1iwz0h9l6rda434b6db,CyberPower,,SD,382929702717487,B00429N18S_SD_Awareness_AUDT-Complementary category views remarketing_vcpm_20251230,USD,0,0,0,0,0
1-Feb-26,amzn1.ads-account.g.ap8yon1iwz0h9l6rda434b6db,CyberPower,,SB,298664655817372,C.Keyword.Video.SB.PFCSinewave.2026.CP1500AVRLCD3,USD,39126,252,740.42,20,7964.2
9-Jan-26,amzn1.ads-account.g.ap8yon1iwz0h9l6rda434b6db,CyberPower,,SD,441244082318393,B00429N18S_SD_Awareness_CXT-Complementary category_vcpm_20251230,USD,0,0,0,0,0
18-Feb-26,amzn1.ads-account.g.ap8yon1iwz0h9l6rda434b6db,CyberPower,,SD,414479380999065,B00429N18S_SD_Defense_CXT-Category-Segmented category brand_vcpm_20251230,USD,0,0,0,0,0
4-Jan-26,amzn1.ads-account.g.ap8yon1iwz0h9l6rda434b6db,CyberPower,,SD,287421757846510,C.Keyword.Consumer.SD.UPS.PFCSineWave.CP1500PFCRM2U.B0B354X985,USD,0,0,0,0,0
3-Feb-26,amzn1.ads-account.g.ap8yon1iwz0h9l6rda434b6db,CyberPower,,SB,496257674867474,N.Keyword.Video.SB.UPS.PFCSinewave.2026.CP1500PFCLCD.B00429N19W,USD,28242,128,344.95,3,1149.95
1-Dec-25,amzn1.ads-account.g.ap8yon1iwz0h9l6rda434b6db,CyberPower,,SB,369323377946560,B2B - N.Keyword.Store.SB.UPS.StoreSpotlight,USD,3625,24,211.02,4,789.35
17-Feb-26,amzn1.ads-account.g.ap8yon1iwz0h9l6rda434b6db,CyberPower,,SB,496257674867474,N.Keyword.Video.SB.UPS.PFCSinewave.2026.CP1500PFCLCD.B00429N19W,USD,4638,29,53.99,1,227.95
8-Feb-26,amzn1.ads-account.g.ap8yon1iwz0h9l6rda434b6db,CyberPower,,SB,298664655817372,C.Keyword.Video.SB.PFCSinewave.2026.CP1500AVRLCD3,USD,14315,83,150.28,2,399.9
4-Feb-26,amzn1.ads-account.g.ap8yon1iwz0h9l6rda434b6db,CyberPower,,SD,560720574941385,B00429N18S_SD_Conversion_AUDT-purchase remarketing-promoted products-key promoted products_cpc_20251230,USD,0,0,0,0,0
11-Dec-25,amzn1.ads-account.g.ap8yon1iwz0h9l6rda434b6db,CyberPower,,SD,296198269696664,C.SD.Keyword.UPS.IntelligentLCD.CP1500AVRLCD3.B0BCMLLSHL,USD,77721,93,222.16,0,0
2-Jan-26,amzn1.ads-account.g.ap8yon1iwz0h9l6rda434b6db,CyberPower,,SD,401081905525372,C.Competitor.Consumer.SD.UPS.PFCSineWave.CP1500PFCRM2U.B0B354X985,USD,0,0,0,0,0
13-Dec-25,amzn1.ads-account.g.ap8yon1iwz0h9l6rda434b6db,CyberPower,,SD,124438051163565,C.SD.Product.UPS.PFCSinewave.CP1500PFCLCD.B00429N19W,USD,0,0,0,0,0
7-Jan-26,amzn1.ads-account.g.ap8yon1iwz0h9l6rda434b6db,CyberPower,,SD,414479380999065,B00429N18S_SD_Defense_CXT-Category-Segmented category brand_vcpm_20251230,USD,124,0,0.93,0,0
9-Jan-26,amzn1.ads-account.g.ap8yon1iwz0h9l6rda434b6db,CyberPower,,SD,560720574941385,B00429N18S_SD_Conversion_AUDT-purchase remarketing-promoted products-key promoted products_cpc_20251230,USD,0,0,0,0,0
16-Jan-26,amzn1.ads-account.g.ap8yon1iwz0h9l6rda434b6db,CyberPower,,SB,410331745640501,N.Keyword.Video.SB.UPS.2026.StoreSpotlight,USD,35882,121,962.58,2,419.9
11-Feb-26,amzn1.ads-account.g.ap8yon1iwz0h9l6rda434b6db,CyberPower,,SB,422752340317837,B.Keyword.Store.SB.UPS.2026.StoreSpotlight,USD,15580,54,126.53,13,2316.92
20-Dec-25,amzn1.ads-account.g.ap8yon1iwz0h9l6rda434b6db,CyberPower,,SB,501364882562485,C.Keyword.Video.SB.UPS.IntelligentLCD.CP1500AVRLCD3.B0BCMLLSHL,USD,171,1,3.24,0,0
8-Dec-25,amzn1.ads-account.g.ap8yon1iwz0h9l6rda434b6db,CyberPower,,SB,353873361287335,B2B - B.Keyword.Store.SB.UPS.StoreSpotlight,USD,0,0,0,0,0
10-Feb-26,amzn1.ads-account.g.ap8yon1iwz0h9l6rda434b6db,CyberPower,,SD,303378536736811,B00429N18S_SD_Consideration_AUDT-Promoted brand views remarketing_cpc_20251230,USD,0,0,0,0,0
11-Feb-26,amzn1.ads-account.g.ap8yon1iwz0h9l6rda434b6db,CyberPower,,SB,436092719312252,B.Keyword.Video.SB.UPS.2026.StoreSpotlight,USD,9645,46,171.53,2,329.94
19-Dec-25,amzn1.ads-account.g.ap8yon1iwz0h9l6rda434b6db,CyberPower,,SB,84817009251939,C.Keyword.Video.SB.PFCSinewave.CP1500PFCRM2U.B0B354X985,USD,6651,34,82.21,1,199.95
11-Jan-26,amzn1.ads-account.g.ap8yon1iwz0h9l6rda434b6db,CyberPower,,SB,520121709405886,C.Keyword.Video.SB.PFCSinewave.2026.CP1500PFCLCD,USD,6,0,0,0,0
18-Jan-26,amzn1.ads-account.g.ap8yon1iwz0h9l6rda434b6db,CyberPower,,SD,462435011616528,B00429N18S_SD_Consideration_AUDT-Promoted category views remarketing_cpc_20251230,USD,0,0,0,0,0
23-Dec-25,amzn1.ads-account.g.ap8yon1iwz0h9l6rda434b6db,CyberPower,,SD,296198269696664,C.SD.Keyword.UPS.IntelligentLCD.CP1500AVRLCD3.B0BCMLLSHL,USD,62751,169,227.6,0,0
13-Feb-26,amzn1.ads-account.g.ap8yon1iwz0h9l6rda434b6db,CyberPower,,SD,382929702717487,B00429N18S_SD_Awareness_AUDT-Complementary category views remarketing_vcpm_20251230,USD,0,0,0,0,0
14-Dec-25,amzn1.ads-account.g.ap8yon1iwz0h9l6rda434b6db,CyberPower,,SB,300358990869228,B.Keyword.Store.SB.UPS.StoreSpotlight,USD,437,6,8.08,13,1586.81
14-Jan-26,amzn1.ads-account.g.ap8yon1iwz0h9l6rda434b6db,CyberPower,,SD,382929702717487,B00429N18S_SD_Awareness_AUDT-Complementary category views remarketing_vcpm_20251230,USD,0,0,0,0,0
3-Jan-26,amzn1.ads-account.g.ap8yon1iwz0h9l6rda434b6db,CyberPower,,SB,293529288726869,B.Keyword.Video.SB.UPS.PFCSinewave.CP1500PFCLCD.B00429N19W,USD,0,0,0,0,0
6-Jan-26,amzn1.ads-account.g.ap8yon1iwz0h9l6rda434b6db,CyberPower,,SD,441244082318393,B00429N18S_SD_Awareness_CXT-Complementary category_vcpm_20251230,USD,24281,23,106.5,3,594.92
12-Feb-26,amzn1.ads-account.g.ap8yon1iwz0h9l6rda434b6db,CyberPower,,SB,496257674867474,N.Keyword.Video.SB.UPS.PFCSinewave.2026.CP1500PFCLCD.B00429N19W,USD,3516,9,16.22,3,719.85
19-Feb-26,amzn1.ads-account.g.ap8yon1iwz0h9l6rda434b6db,CyberPower,,SB,422752340317837,B.Keyword.Store.SB.UPS.2026.StoreSpotlight,USD,62080,136,373.91,16,3382.18
7-Jan-26,amzn1.ads-account.g.ap8yon1iwz0h9l6rda434b6db,CyberPower,,SD,339355478634336,B00429N18S_SD_Consideration_AUDT-Competitive brands views remarketing_cpc_20251230,USD,54008,39,163.23,0,0
6-Dec-25,amzn1.ads-account.g.ap8yon1iwz0h9l6rda434b6db,CyberPower,,SB,335733425531216,N.Keyword.Video.SB.UPS.PFCSinewave.CP1500PFCLCD.B00429N19W,USD,4837,33,94.09,3,647.85
29-Jan-26,amzn1.ads-account.g.ap8yon1iwz0h9l6rda434b6db,CyberPower,,SD,413728361555554,B00429N18S_SD_Consideration_CXT-Competitive products recommended by Xnurta_cpc_20251230,USD,334,0,0,0,0
14-Dec-25,amzn1.ads-account.g.ap8yon1iwz0h9l6rda434b6db,CyberPower,,SD,401081905525372,C.Competitor.Consumer.SD.UPS.PFCSineWave.CP1500PFCRM2U.B0B354X985,USD,19071,47,99.06,2,599.9
17-Dec-25,amzn1.ads-account.g.ap8yon1iwz0h9l6rda434b6db,CyberPower,,SB,425328024590643,C.Keyword.Products.SB.UPS.1500units,USD,13700,69,150.37,12,3025.15
13-Dec-25,amzn1.ads-account.g.ap8yon1iwz0h9l6rda434b6db,CyberPower,,SD,287421757846510,C.Keyword.Consumer.SD.UPS.PFCSineWave.CP1500PFCRM2U.B0B354X985,USD,11610,22,48.41,0,0
26-Jan-26,amzn1.ads-account.g.ap8yon1iwz0h9l6rda434b6db,CyberPower,,SD,382929702717487,B00429N18S_SD_Awareness_AUDT-Complementary category views remarketing_vcpm_20251230,USD,0,0,0,0,0
27-Dec-25,amzn1.ads-account.g.ap8yon1iwz0h9l6rda434b6db,CyberPower,,SB,490434522578484,C.Keyword.Video.SB.UPS.PFCSinewave.CP1500PFCLCD.B00429N19W,USD,230,0,0,0,0
5-Jan-26,amzn1.ads-account.g.ap8yon1iwz0h9l6rda434b6db,CyberPower,,SB,490434522578484,C.Keyword.Video.SB.UPS.PFCSinewave.CP1500PFCLCD.B00429N19W,USD,0,0,0,0,0
28-Feb-26,amzn1.ads-account.g.ap8yon1iwz0h9l6rda434b6db,CyberPower,,SD,263494384088815,C.SD.Product.UPS.Ecologic.EC850LCD.B00DBAA696,USD,83316,66,258.19,8,610.52
14-Dec-25,amzn1.ads-account.g.ap8yon1iwz0h9l6rda434b6db,CyberPower,,SB,501364882562485,C.Keyword.Video.SB.UPS.IntelligentLCD.CP1500AVRLCD3.B0BCMLLSHL,USD,181,0,0,0,0
22-Dec-25,amzn1.ads-account.g.ap8yon1iwz0h9l6rda434b6db,CyberPower,,SD,51640494101738,C.Product.Consumer.SP.UPS.PFCSineWave.CP1500PFCRM2U.B0B354X985,USD,317,0,0,0,0
28-Feb-26,amzn1.ads-account.g.ap8yon1iwz0h9l6rda434b6db,CyberPower,,SB,436092719312252,B.Keyword.Video.SB.UPS.2026.StoreSpotlight,USD,6568,23,79.18,2,327.42
15-Jan-26,amzn1.ads-account.g.ap8yon1iwz0h9l6rda434b6db,CyberPower,,SD,296198269696664,C.SD.Keyword.UPS.IntelligentLCD.CP1500AVRLCD3.B0BCMLLSHL,USD,0,0,0,0,0
26-Jan-26,amzn1.ads-account.g.ap8yon1iwz0h9l6rda434b6db,CyberPower,,SD,378661668519490,B00429N18S_SD_Consideration_AUDT-Similar products views remarketing_cpc_20251230,USD,0,0,0,0,0
17-Dec-25,amzn1.ads-account.g.ap8yon1iwz0h9l6rda434b6db,CyberPower,,SB,501364882562485,C.Keyword.Video.SB.UPS.IntelligentLCD.CP1500AVRLCD3.B0BCMLLSHL,USD,397,0,0,0,0
17-Jan-26,amzn1.ads-account.g.ap8yon1iwz0h9l6rda434b6db,CyberPower,,SD,414479380999065,B00429N18S_SD_Defense_CXT-Category-Segmented category brand_vcpm_20251230,USD,0,0,0,0,0
13-Dec-25,amzn1.ads-account.g.ap8yon1iwz0h9l6rda434b6db,CyberPower,,SB,490434522578484,C.Keyword.Video.SB.UPS.PFCSinewave.CP1500PFCLCD.B00429N19W,USD,187,2,9.6,0,0
16-Dec-25,amzn1.ads-account.g.ap8yon1iwz0h9l6rda434b6db,CyberPower,,SD,51640494101738,C.Product.Consumer.SP.UPS.PFCSineWave.CP1500PFCRM2U.B0B354X985,USD,103,0,0,0,0
22-Dec-25,amzn1.ads-account.g.ap8yon1iwz0h9l6rda434b6db,CyberPower,,SD,38365855708871,C.SD.Product.UPS.SmartAppLCD.B000XJLLKG.OR700LCDRM1U,USD,2040,3,7.16,5,1556.7
1-Feb-26,amzn1.ads-account.g.ap8yon1iwz0h9l6rda434b6db,CyberPower,,SD,462435011616528,B00429N18S_SD_Consideration_AUDT-Promoted category views remarketing_cpc_20251230,USD,73620,89,454.86,0,0
24-Dec-25,amzn1.ads-account.g.ap8yon1iwz0h9l6rda434b6db,CyberPower,,SD,38365855708871,C.SD.Product.UPS.SmartAppLCD.B000XJLLKG.OR700LCDRM1U,USD,7403,13,26.29,4,1005.8
14-Jan-26,amzn1.ads-account.g.ap8yon1iwz0h9l6rda434b6db,CyberPower,,SD,303378536736811,B00429N18S_SD_Consideration_AUDT-Promoted brand views remarketing_cpc_20251230,USD,0,0,0,0,0
14-Dec-25,amzn1.ads-account.g.ap8yon1iwz0h9l6rda434b6db,CyberPower,,SB,293529288726869,B.Keyword.Video.SB.UPS.PFCSinewave.CP1500PFCLCD.B00429N19W,USD,73,0,0,0,0
28-Dec-25,amzn1.ads-account.g.ap8yon1iwz0h9l6rda434b6db,CyberPower,,SB,335733425531216,N.Keyword.Video.SB.UPS.PFCSinewave.CP1500PFCLCD.B00429N19W,USD,7056,78,224.45,12,2659.35
27-Dec-25,amzn1.ads-account.g.ap8yon1iwz0h9l6rda434b6db,CyberPower,,SD,170474248246250,C.SD.Product.UPS.IntelligentLCD.CP1500AVRLCD3.B0BCMLLSHL,USD,47023,68,126.8,15,1855.89
5-Dec-25,amzn1.ads-account.g.ap8yon1iwz0h9l6rda434b6db,CyberPower,,SB,425328024590643,C.Keyword.Products.SB.UPS.1500units,USD,9017,40,136.97,3,719.85
4-Dec-25,amzn1.ads-account.g.ap8yon1iwz0h9l6rda434b6db,CyberPower,,SD,263494384088815,C.SD.Product.UPS.Ecologic.EC850LCD.B00DBAA696,USD,268518,181,999.99,39,7334.34
7-Feb-26,amzn1.ads-account.g.ap8yon1iwz0h9l6rda434b6db,CyberPower,,SD,263494384088815,C.SD.Product.UPS.Ecologic.EC850LCD.B00DBAA696,USD,95124,85,499.03,8,1890.6
13-Feb-26,amzn1.ads-account.g.ap8yon1iwz0h9l6rda434b6db,CyberPower,,SB,298664655817372,C.Keyword.Video.SB.PFCSinewave.2026.CP1500AVRLCD3,USD,12897,56,108.03,0,0
13-Jan-26,amzn1.ads-account.g.ap8yon1iwz0h9l6rda434b6db,CyberPower,,SD,263494384088815,C.SD.Product.UPS.Ecologic.EC850LCD.B00DBAA696,USD,0,0,0,0,0
16-Feb-26,amzn1.ads-account.g.ap8yon1iwz0h9l6rda434b6db,CyberPower,,SD,170474248246250,C.SD.Product.UPS.IntelligentLCD.CP1500AVRLCD3.B0BCMLLSHL,USD,43714,70,106.9,2,379.9
2-Jan-26,amzn1.ads-account.g.ap8yon1iwz0h9l6rda434b6db,CyberPower,,SD,287421757846510,C.Keyword.Consumer.SD.UPS.PFCSineWave.CP1500PFCRM2U.B0B354X985,USD,0,0,0,0,0
5-Feb-26,amzn1.ads-account.g.ap8yon1iwz0h9l6rda434b6db,CyberPower,,SD,339355478634336,B00429N18S_SD_Consideration_AUDT-Competitive brands views remarketing_cpc_20251230,USD,0,0,0,0,0
15-Feb-26,amzn1.ads-account.g.ap8yon1iwz0h9l6rda434b6db,CyberPower,,SB,436092719312252,B.Keyword.Video.SB.UPS.2026.StoreSpotlight,USD,7637,52,236.21,12,8588.54
18-Dec-25,amzn1.ads-account.g.ap8yon1iwz0h9l6rda434b6db,CyberPower,,SD,51640494101738,C.Product.Consumer.SP.UPS.PFCSineWave.CP1500PFCRM2U.B0B354X985,USD,216,2,1.6,0,0
23-Dec-25,amzn1.ads-account.g.ap8yon1iwz0h9l6rda434b6db,CyberPower,,SB,293529288726869,B.Keyword.Video.SB.UPS.PFCSinewave.CP1500PFCLCD.B00429N19W,USD,62,0,0,0,0
14-Jan-26,amzn1.ads-account.g.ap8yon1iwz0h9l6rda434b6db,CyberPower,,SB,362619829731385,B.Keyword.Video.SB.UPS.IntelligentLCD.CP1500AVRLCD3.B0BCMLLSHL,USD,0,0,0,0,0
7-Jan-26,amzn1.ads-account.g.ap8yon1iwz0h9l6rda434b6db,CyberPower,,SD,287421757846510,C.Keyword.Consumer.SD.UPS.PFCSineWave.CP1500PFCRM2U.B0B354X985,USD,0,0,0,0,0
2-Jan-26,amzn1.ads-account.g.ap8yon1iwz0h9l6rda434b6db,CyberPower,,SB,516203922618177,N.Keyword.Store.SB.UPS.StoreSpotlight,USD,0,0,0,0,0
20-Dec-25,amzn1.ads-account.g.ap8yon1iwz0h9l6rda434b6db,CyberPower,,SB,516203922618177,N.Keyword.Store.SB.UPS.StoreSpotlight,USD,64173,189,582.08,26,3791.07
8-Jan-26,amzn1.ads-account.g.ap8yon1iwz0h9l6rda434b6db,CyberPower,,SD,425759037435957,B00429N18S_SD_Conversion_AUDT-Promoted product views remarketing_cpc_20251230,USD,0,0,0,0,0
19-Feb-26,amzn1.ads-account.g.ap8yon1iwz0h9l6rda434b6db,CyberPower,,SB,496257674867474,N.Keyword.Video.SB.UPS.PFCSinewave.2026.CP1500PFCLCD.B00429N19W,USD,3195,20,39.6,4,887.8
19-Dec-25,amzn1.ads-account.g.ap8yon1iwz0h9l6rda434b6db,CyberPower,,SD,38365855708871,C.SD.Product.UPS.SmartAppLCD.B000XJLLKG.OR700LCDRM1U,USD,1777,1,8.03,1,179.9
21-Jan-26,amzn1.ads-account.g.ap8yon1iwz0h9l6rda434b6db,CyberPower,,SD,425759037435957,B00429N18S_SD_Conversion_AUDT-Promoted product views remarketing_cpc_20251230,USD,36593,62,171.65,0,0
5-Feb-26,amzn1.ads-account.g.ap8yon1iwz0h9l6rda434b6db,CyberPower,,SB,520121709405886,C.Keyword.Video.SB.PFCSinewave.2026.CP1500PFCLCD,USD,8711,19,38.96,0,0
4-Jan-26,amzn1.ads-account.g.ap8yon1iwz0h9l6rda434b6db,CyberPower,,SB,293529288726869,B.Keyword.Video.SB.UPS.PFCSinewave.CP1500PFCLCD.B00429N19W,USD,0,0,0,0,0
10-Feb-26,amzn1.ads-account.g.ap8yon1iwz0h9l6rda434b6db,CyberPower,,SD,339355478634336,B00429N18S_SD_Consideration_AUDT-Competitive brands views remarketing_cpc_20251230,USD,0,0,0,0,0
9-Feb-26,amzn1.ads-account.g.ap8yon1iwz0h9l6rda434b6db,CyberPower,,SD,520906012389097,B00429N18S_SD_Consideration_CXT-Similar products_cpc_20251230,USD,0,0,0,0,0
3-Dec-25,amzn1.ads-account.g.ap8yon1iwz0h9l6rda434b6db,CyberPower,,SB,501364882562485,C.Keyword.Video.SB.UPS.IntelligentLCD.CP1500AVRLCD3.B0BCMLLSHL,USD,648,1,4.31,1,905.95
3-Feb-26,amzn1.ads-account.g.ap8yon1iwz0h9l6rda434b6db,CyberPower,,SD,425759037435957,B00429N18S_SD_Conversion_AUDT-Promoted product views remarketing_cpc_20251230,USD,0,0,0,0,0
19-Dec-25,amzn1.ads-account.g.ap8yon1iwz0h9l6rda434b6db,CyberPower,,SB,362619829731385,B.Keyword.Video.SB.UPS.IntelligentLCD.CP1500AVRLCD3.B0BCMLLSHL,USD,2626,16,112.37,2,439.9
28-Dec-25,amzn1.ads-account.g.ap8yon1iwz0h9l6rda434b6db,CyberPower,,SB,300358990869228,B.Keyword.Store.SB.UPS.StoreSpotlight,USD,565,10,8.51,9,1522.64
6-Feb-26,amzn1.ads-account.g.ap8yon1iwz0h9l6rda434b6db,CyberPower,,SD,425759037435957,B00429N18S_SD_Conversion_AUDT-Promoted product views remarketing_cpc_20251230,USD,0,0,0,0,0
8-Feb-26,amzn1.ads-account.g.ap8yon1iwz0h9l6rda434b6db,CyberPower,,SD,263494384088815,C.SD.Product.UPS.Ecologic.EC850LCD.B00DBAA696,USD,90944,81,499.73,5,1547.79
13-Feb-26,amzn1.ads-account.g.ap8yon1iwz0h9l6rda434b6db,CyberPower,,SD,339355478634336,B00429N18S_SD_Consideration_AUDT-Competitive brands views remarketing_cpc_20251230,USD,0,0,0,0,0
11-Feb-26,amzn1.ads-account.g.ap8yon1iwz0h9l6rda434b6db,CyberPower,,SD,263494384088815,C.SD.Product.UPS.Ecologic.EC850LCD.B00DBAA696,USD,46242,40,154.63,3,1140.85
19-Feb-26,amzn1.ads-account.g.ap8yon1iwz0h9l6rda434b6db,CyberPower,,SD,263494384088815,C.SD.Product.UPS.Ecologic.EC850LCD.B00DBAA696,USD,94189,57,325.38,5,742.78
8-Jan-26,amzn1.ads-account.g.ap8yon1iwz0h9l6rda434b6db,CyberPower,,SD,339355478634336,B00429N18S_SD_Consideration_AUDT-Competitive brands views remarketing_cpc_20251230,USD,0,0,0,0,0
11-Jan-26,amzn1.ads-account.g.ap8yon1iwz0h9l6rda434b6db,CyberPower,,SD,382929702717487,B00429N18S_SD_Awareness_AUDT-Complementary category views remarketing_vcpm_20251230,USD,0,0,0,0,0
4-Jan-26,amzn1.ads-account.g.ap8yon1iwz0h9l6rda434b6db,CyberPower,,SB,490434522578484,C.Keyword.Video.SB.UPS.PFCSinewave.CP1500PFCLCD.B00429N19W,USD,0,0,0,0,0
21-Dec-25,amzn1.ads-account.g.ap8yon1iwz0h9l6rda434b6db,CyberPower,,SD,401081905525372,C.Competitor.Consumer.SD.UPS.PFCSineWave.CP1500PFCRM2U.B0B354X985,USD,16231,52,73,2,559.9
13-Jan-26,amzn1.ads-account.g.ap8yon1iwz0h9l6rda434b6db,CyberPower,,SB,436092719312252,B.Keyword.Video.SB.UPS.2026.StoreSpotlight,USD,1544,23,57.4,3,682.18
22-Feb-26,amzn1.ads-account.g.ap8yon1iwz0h9l6rda434b6db,CyberPower,,SB,422752340317837,B.Keyword.Store.SB.UPS.2026.StoreSpotlight,USD,130208,284,1350.58,23,4602.36
29-Dec-25,amzn1.ads-account.g.ap8yon1iwz0h9l6rda434b6db,CyberPower,,SB,335733425531216,N.Keyword.Video.SB.UPS.PFCSinewave.CP1500PFCLCD.B00429N19W,USD,10428,89,261.82,17,5287.4
6-Dec-25,amzn1.ads-account.g.ap8yon1iwz0h9l6rda434b6db,CyberPower,,SB,501364882562485,C.Keyword.Video.SB.UPS.IntelligentLCD.CP1500AVRLCD3.B0BCMLLSHL,USD,379,0,0,0,0
8-Jan-26,amzn1.ads-account.g.ap8yon1iwz0h9l6rda434b6db,CyberPower,,SD,414479380999065,B00429N18S_SD_Defense_CXT-Category-Segmented category brand_vcpm_20251230,USD,0,0,0,0,0
16-Jan-26,amzn1.ads-account.g.ap8yon1iwz0h9l6rda434b6db,CyberPower,,SB,520121709405886,C.Keyword.Video.SB.PFCSinewave.2026.CP1500PFCLCD,USD,50267,156,1675.95,3,859.8
8-Jan-26,amzn1.ads-account.g.ap8yon1iwz0h9l6rda434b6db,CyberPower,,SD,520906012389097,B00429N18S_SD_Consideration_CXT-Similar products_cpc_20251230,USD,0,0,0,0,0
2-Jan-26,amzn1.ads-account.g.ap8yon1iwz0h9l6rda434b6db,CyberPower,,SD,38365855708871,C.SD.Product.UPS.SmartAppLCD.B000XJLLKG.OR700LCDRM1U,USD,0,0,0,0,0
11-Dec-25,amzn1.ads-account.g.ap8yon1iwz0h9l6rda434b6db,CyberPower,,SB,300358990869228,B.Keyword.Store.SB.UPS.StoreSpotlight,USD,499,2,8.22,11,2883.83
19-Jan-26,amzn1.ads-account.g.ap8yon1iwz0h9l6rda434b6db,CyberPower,,SB,422752340317837,B.Keyword.Store.SB.UPS.2026.StoreSpotlight,USD,83654,305,4903.56,33,6985.5
3-Dec-25,amzn1.ads-account.g.ap8yon1iwz0h9l6rda434b6db,CyberPower,,SB,300358990869228,B.Keyword.Store.SB.UPS.StoreSpotlight,USD,736,2,8.4,10,1913.28
11-Dec-25,amzn1.ads-account.g.ap8yon1iwz0h9l6rda434b6db,CyberPower,,SD,170474248246250,C.SD.Product.UPS.IntelligentLCD.CP1500AVRLCD3.B0BCMLLSHL,USD,24680,25,73.16,5,740.16
8-Jan-26,amzn1.ads-account.g.ap8yon1iwz0h9l6rda434b6db,CyberPower,,SB,516203922618177,N.Keyword.Store.SB.UPS.StoreSpotlight,USD,0,0,0,0,0
27-Jan-26,amzn1.ads-account.g.ap8yon1iwz0h9l6rda434b6db,CyberPower,,SB,496257674867474,N.Keyword.Video.SB.UPS.PFCSinewave.2026.CP1500PFCLCD.B00429N19W,USD,41300,242,1293.54,14,3709.2
3-Dec-25,amzn1.ads-account.g.ap8yon1iwz0h9l6rda434b6db,CyberPower,,SB,516203922618177,N.Keyword.Store.SB.UPS.StoreSpotlight,USD,78043,235,667.53,21,2704.54
4-Dec-25,amzn1.ads-account.g.ap8yon1iwz0h9l6rda434b6db,CyberPower,,SB,288898439745613,B2B - N.Keyword.Products.SB.UPS.1500units,USD,0,0,0,0,0
14-Dec-25,amzn1.ads-account.g.ap8yon1iwz0h9l6rda434b6db,CyberPower,,SB,425328024590643,C.Keyword.Products.SB.UPS.1500units,USD,9201,41,112.29,9,1919.55
1-Feb-26,amzn1.ads-account.g.ap8yon1iwz0h9l6rda434b6db,CyberPower,,SD,288879984637562,B00429N18S_SD_Consideration_CXT-Strong competitive ASIN_cpc_20251230,USD,61,0,0,0,0
12-Feb-26,amzn1.ads-account.g.ap8yon1iwz0h9l6rda434b6db,CyberPower,,SD,382929702717487,B00429N18S_SD_Awareness_AUDT-Complementary category views remarketing_vcpm_20251230,USD,0,0,0,0,0
28-Dec-25,amzn1.ads-account.g.ap8yon1iwz0h9l6rda434b6db,CyberPower,,SD,170474248246250,C.SD.Product.UPS.IntelligentLCD.CP1500AVRLCD3.B0BCMLLSHL,USD,36265,50,134.49,7,1829.6
10-Jan-26,amzn1.ads-account.g.ap8yon1iwz0h9l6rda434b6db,CyberPower,,SD,414479380999065,B00429N18S_SD_Defense_CXT-Category-Segmented category brand_vcpm_20251230,USD,0,0,0,0,0
7-Jan-26,amzn1.ads-account.g.ap8yon1iwz0h9l6rda434b6db,CyberPower,,SB,516203922618177,N.Keyword.Store.SB.UPS.StoreSpotlight,USD,0,0,0,0,0
25-Dec-25,amzn1.ads-account.g.ap8yon1iwz0h9l6rda434b6db,CyberPower,,SB,335733425531216,N.Keyword.Video.SB.UPS.PFCSinewave.CP1500PFCLCD.B00429N19W,USD,3437,16,37.42,1,59.95
8-Feb-26,amzn1.ads-account.g.ap8yon1iwz0h9l6rda434b6db,CyberPower,,SB,436092719312252,B.Keyword.Video.SB.UPS.2026.StoreSpotlight,USD,6810,33,141.44,0,0
11-Feb-26,amzn1.ads-account.g.ap8yon1iwz0h9l6rda434b6db,CyberPower,,SD,560720574941385,B00429N18S_SD_Conversion_AUDT-purchase remarketing-promoted products-key promoted products_cpc_20251230,USD,0,0,0,0,0
16-Dec-25,amzn1.ads-account.g.ap8yon1iwz0h9l6rda434b6db,CyberPower,,SB,517243732232070,B.RSOV.Products.SB.UPS.1500units,USD,1226,30,0,4,939.8
2-Dec-25,amzn1.ads-account.g.ap8yon1iwz0h9l6rda434b6db,CyberPower,,SD,296198269696664,C.SD.Keyword.UPS.IntelligentLCD.CP1500AVRLCD3.B0BCMLLSHL,USD,55167,56,234.21,0,0
10-Feb-26,amzn1.ads-account.g.ap8yon1iwz0h9l6rda434b6db,CyberPower,,SB,520121709405886,C.Keyword.Video.SB.PFCSinewave.2026.CP1500PFCLCD,USD,8375,26,54.31,4,959.8
14-Jan-26,amzn1.ads-account.g.ap8yon1iwz0h9l6rda434b6db,CyberPower,,SB,410331745640501,N.Keyword.Video.SB.UPS.2026.StoreSpotlight,USD,45336,160,1283.99,7,1965.55
7-Dec-25,amzn1.ads-account.g.ap8yon1iwz0h9l6rda434b6db,CyberPower,,SB,335733425531216,N.Keyword.Video.SB.UPS.PFCSinewave.CP1500PFCLCD.B00429N19W,USD,5340,46,125.17,6,1439.65
9-Feb-26,amzn1.ads-account.g.ap8yon1iwz0h9l6rda434b6db,CyberPower,,SD,560720574941385,B00429N18S_SD_Conversion_AUDT-purchase remarketing-promoted products-key promoted products_cpc_20251230,USD,0,0,0,0,0
25-Dec-25,amzn1.ads-account.g.ap8yon1iwz0h9l6rda434b6db,CyberPower,,SD,38365855708871,C.SD.Product.UPS.SmartAppLCD.B000XJLLKG.OR700LCDRM1U,USD,8491,13,31.18,0,0
26-Dec-25,amzn1.ads-account.g.ap8yon1iwz0h9l6rda434b6db,CyberPower,,SB,516203922618177,N.Keyword.Store.SB.UPS.StoreSpotlight,USD,27159,94,247.63,9,1241.55
20-Feb-26,amzn1.ads-account.g.ap8yon1iwz0h9l6rda434b6db,CyberPower,,SB,422752340317837,B.Keyword.Store.SB.UPS.2026.StoreSpotlight,USD,115797,223,984.28,28,5166.04
4-Dec-25,amzn1.ads-account.g.ap8yon1iwz0h9l6rda434b6db,CyberPower,,SB,369323377946560,B2B - N.Keyword.Store.SB.UPS.StoreSpotlight,USD,0,0,0,0,0
20-Jan-26,amzn1.ads-account.g.ap8yon1iwz0h9l6rda434b6db,CyberPower,,SD,382929702717487,B00429N18S_SD_Awareness_AUDT-Complementary category views remarketing_vcpm_20251230,USD,0,0,0,0,0
13-Jan-26,amzn1.ads-account.g.ap8yon1iwz0h9l6rda434b6db,CyberPower,,SD,382929702717487,B00429N18S_SD_Awareness_AUDT-Complementary category views remarketing_vcpm_20251230,USD,0,0,0,0,0
30-Jan-26,amzn1.ads-account.g.ap8yon1iwz0h9l6rda434b6db,CyberPower,,SB,520121709405886,C.Keyword.Video.SB.PFCSinewave.2026.CP1500PFCLCD,USD,19670,67,204.52,6,1311.7
11-Dec-25,amzn1.ads-account.g.ap8yon1iwz0h9l6rda434b6db,CyberPower,,SD,38365855708871,C.SD.Product.UPS.SmartAppLCD.B000XJLLKG.OR700LCDRM1U,USD,5263,4,19.63,6,2377.65
29-Jan-26,amzn1.ads-account.g.ap8yon1iwz0h9l6rda434b6db,CyberPower,,SB,422752340317837,B.Keyword.Store.SB.UPS.2026.StoreSpotlight,USD,18722,66,197,6,1079.7
5-Jan-26,amzn1.ads-account.g.ap8yon1iwz0h9l6rda434b6db,CyberPower,,SB,300358990869228,B.Keyword.Store.SB.UPS.StoreSpotlight,USD,0,0,0,0,0
17-Jan-26,amzn1.ads-account.g.ap8yon1iwz0h9l6rda434b6db,CyberPower,,SD,378661668519490,B00429N18S_SD_Consideration_AUDT-Similar products views remarketing_cpc_20251230,USD,0,0,0,0,0
22-Feb-26,amzn1.ads-account.g.ap8yon1iwz0h9l6rda434b6db,CyberPower,,SD,170474248246250,C.SD.Product.UPS.IntelligentLCD.CP1500AVRLCD3.B0BCMLLSHL,USD,26224,34,76.14,3,475.8
6-Jan-26,amzn1.ads-account.g.ap8yon1iwz0h9l6rda434b6db,CyberPower,,SD,425759037435957,B00429N18S_SD_Conversion_AUDT-Promoted product views remarketing_cpc_20251230,USD,136535,291,183.42,4,895.39
18-Jan-26,amzn1.ads-account.g.ap8yon1iwz0h9l6rda434b6db,CyberPower,,SB,410331745640501,N.Keyword.Video.SB.UPS.2026.StoreSpotlight,USD,44900,160,1273.3,3,553.35
31-Jan-26,amzn1.ads-account.g.ap8yon1iwz0h9l6rda434b6db,CyberPower,,SD,378661668519490,B00429N18S_SD_Consideration_AUDT-Similar products views remarketing_cpc_20251230,USD,194825,243,914.09,0,0
31-Jan-26,amzn1.ads-account.g.ap8yon1iwz0h9l6rda434b6db,CyberPower,,SD,560720574941385,B00429N18S_SD_Conversion_AUDT-purchase remarketing-promoted products-key promoted products_cpc_20251230,USD,20956,25,58.02,1,115.95
15-Feb-26,amzn1.ads-account.g.ap8yon1iwz0h9l6rda434b6db,CyberPower,,SD,170474248246250,C.SD.Product.UPS.IntelligentLCD.CP1500AVRLCD3.B0BCMLLSHL,USD,26932,59,101.91,0,0
13-Jan-26,amzn1.ads-account.g.ap8yon1iwz0h9l6rda434b6db,CyberPower,,SD,560720574941385,B00429N18S_SD_Conversion_AUDT-purchase remarketing-promoted products-key promoted products_cpc_20251230,USD,0,0,0,0,0
11-Jan-26,amzn1.ads-account.g.ap8yon1iwz0h9l6rda434b6db,CyberPower,,SD,520906012389097,B00429N18S_SD_Consideration_CXT-Similar products_cpc_20251230,USD,0,0,0,0,0
15-Dec-25,amzn1.ads-account.g.ap8yon1iwz0h9l6rda434b6db,CyberPower,,SB,288898439745613,B2B - N.Keyword.Products.SB.UPS.1500units,USD,0,0,0,0,0
23-Jan-26,amzn1.ads-account.g.ap8yon1iwz0h9l6rda434b6db,CyberPower,,SD,303378536736811,B00429N18S_SD_Consideration_AUDT-Promoted brand views remarketing_cpc_20251230,USD,0,0,0,0,0
8-Dec-25,amzn1.ads-account.g.ap8yon1iwz0h9l6rda434b6db,CyberPower,,SB,516203922618177,N.Keyword.Store.SB.UPS.StoreSpotlight,USD,114818,253,769.9,22,3856.39
2-Feb-26,amzn1.ads-account.g.ap8yon1iwz0h9l6rda434b6db,CyberPower,,SD,318904892472489,B00429N18S_SD_Consideration_CXT-Category-Competitive brands_cpc_20251230,USD,2317,8,43.54,1,239.95
19-Dec-25,amzn1.ads-account.g.ap8yon1iwz0h9l6rda434b6db,CyberPower,,SB,335733425531216,N.Keyword.Video.SB.UPS.PFCSinewave.CP1500PFCLCD.B00429N19W,USD,5060,26,67.65,4,1029.8
6-Feb-26,amzn1.ads-account.g.ap8yon1iwz0h9l6rda434b6db,CyberPower,,SD,378661668519490,B00429N18S_SD_Consideration_AUDT-Similar products views remarketing_cpc_20251230,USD,0,0,0,0,0
27-Feb-26,amzn1.ads-account.g.ap8yon1iwz0h9l6rda434b6db,CyberPower,,SB,422752340317837,B.Keyword.Store.SB.UPS.2026.StoreSpotlight,USD,78275,227,1042.45,20,3702.04
29-Jan-26,amzn1.ads-account.g.ap8yon1iwz0h9l6rda434b6db,CyberPower,,SD,560720574941385,B00429N18S_SD_Conversion_AUDT-purchase remarketing-promoted products-key promoted products_cpc_20251230,USD,25002,31,107.23,0,0
12-Jan-26,amzn1.ads-account.g.ap8yon1iwz0h9l6rda434b6db,CyberPower,,SD,303378536736811,B00429N18S_SD_Consideration_AUDT-Promoted brand views remarketing_cpc_20251230,USD,0,0,0,0,0
24-Feb-26,amzn1.ads-account.g.ap8yon1iwz0h9l6rda434b6db,CyberPower,,SD,263494384088815,C.SD.Product.UPS.Ecologic.EC850LCD.B00DBAA696,USD,157662,128,359.69,16,3299.46
17-Jan-26,amzn1.ads-account.g.ap8yon1iwz0h9l6rda434b6db,CyberPower,,SD,303378536736811,B00429N18S_SD_Consideration_AUDT-Promoted brand views remarketing_cpc_20251230,USD,0,0,0,0,0
6-Dec-25,amzn1.ads-account.g.ap8yon1iwz0h9l6rda434b6db,CyberPower,,SD,51640494101738,C.Product.Consumer.SP.UPS.PFCSineWave.CP1500PFCRM2U.B0B354X985,USD,284,0,0,0,0
29-Jan-26,amzn1.ads-account.g.ap8yon1iwz0h9l6rda434b6db,CyberPower,,SB,496257674867474,N.Keyword.Video.SB.UPS.PFCSinewave.2026.CP1500PFCLCD.B00429N19W,USD,27377,135,400.9,6,1579.75
4-Jan-26,amzn1.ads-account.g.ap8yon1iwz0h9l6rda434b6db,CyberPower,,SB,516203922618177,N.Keyword.Store.SB.UPS.StoreSpotlight,USD,0,0,0,0,0
19-Dec-25,amzn1.ads-account.g.ap8yon1iwz0h9l6rda434b6db,CyberPower,,SB,516203922618177,N.Keyword.Store.SB.UPS.StoreSpotlight,USD,72510,239,779.82,38,6673.58
29-Dec-25,amzn1.ads-account.g.ap8yon1iwz0h9l6rda434b6db,CyberPower,,SB,517243732232070,B.RSOV.Products.SB.UPS.1500units,USD,1593,35,0,7,1349.55
24-Jan-26,amzn1.ads-account.g.ap8yon1iwz0h9l6rda434b6db,CyberPower,,SB,436092719312252,B.Keyword.Video.SB.UPS.2026.StoreSpotlight,USD,12489,75,231.69,4,875.8
24-Feb-26,amzn1.ads-account.g.ap8yon1iwz0h9l6rda434b6db,CyberPower,,SB,298664655817372,C.Keyword.Video.SB.PFCSinewave.2026.CP1500AVRLCD3,USD,36091,203,767.19,7,1479.65
14-Feb-26,amzn1.ads-account.g.ap8yon1iwz0h9l6rda434b6db,CyberPower,,SD,414479380999065,B00429N18S_SD_Defense_CXT-Category-Segmented category brand_vcpm_20251230,USD,0,0,0,0,0
19-Jan-26,amzn1.ads-account.g.ap8yon1iwz0h9l6rda434b6db,CyberPower,,SD,414479380999065,B00429N18S_SD_Defense_CXT-Category-Segmented category brand_vcpm_20251230,USD,0,0,0,0,0
23-Jan-26,amzn1.ads-account.g.ap8yon1iwz0h9l6rda434b6db,CyberPower,,SD,425759037435957,B00429N18S_SD_Conversion_AUDT-Promoted product views remarketing_cpc_20251230,USD,0,0,0,0,0
14-Feb-26,amzn1.ads-account.g.ap8yon1iwz0h9l6rda434b6db,CyberPower,,SB,422752340317837,B.Keyword.Store.SB.UPS.2026.StoreSpotlight,USD,15652,77,241.31,12,2273.4
2-Dec-25,amzn1.ads-account.g.ap8yon1iwz0h9l6rda434b6db,CyberPower,,SB,490434522578484,C.Keyword.Video.SB.UPS.PFCSinewave.CP1500PFCLCD.B00429N19W,USD,354,2,12.61,0,0
2-Dec-25,amzn1.ads-account.g.ap8yon1iwz0h9l6rda434b6db,CyberPower,,SB,288898439745613,B2B - N.Keyword.Products.SB.UPS.1500units,USD,1651,6,52.72,2,287.9
12-Jan-26,amzn1.ads-account.g.ap8yon1iwz0h9l6rda434b6db,CyberPower,,SD,382929702717487,B00429N18S_SD_Awareness_AUDT-Complementary category views remarketing_vcpm_20251230,USD,0,0,0,0,0
21-Feb-26,amzn1.ads-account.g.ap8yon1iwz0h9l6rda434b6db,CyberPower,,SB,436092719312252,B.Keyword.Video.SB.UPS.2026.StoreSpotlight,USD,5900,35,127.95,3,608.85
20-Dec-25,amzn1.ads-account.g.ap8yon1iwz0h9l6rda434b6db,CyberPower,,SB,335733425531216,N.Keyword.Video.SB.UPS.PFCSinewave.CP1500PFCLCD.B00429N19W,USD,4200,30,83.1,3,719.85
12-Feb-26,amzn1.ads-account.g.ap8yon1iwz0h9l6rda434b6db,CyberPower,,SD,296198269696664,C.SD.Keyword.UPS.IntelligentLCD.CP1500AVRLCD3.B0BCMLLSHL,USD,0,0,0,0,0
3-Feb-26,amzn1.ads-account.g.ap8yon1iwz0h9l6rda434b6db,CyberPower,,SD,441244082318393,B00429N18S_SD_Awareness_CXT-Complementary category_vcpm_20251230,USD,0,0,0,0,0
4-Feb-26,amzn1.ads-account.g.ap8yon1iwz0h9l6rda434b6db,CyberPower,,SB,410331745640501,N.Keyword.Video.SB.UPS.2026.StoreSpotlight,USD,15699,58,148.65,3,389.89
12-Dec-25,amzn1.ads-account.g.ap8yon1iwz0h9l6rda434b6db,CyberPower,,SB,288898439745613,B2B - N.Keyword.Products.SB.UPS.1500units,USD,0,0,0,0,0
19-Dec-25,amzn1.ads-account.g.ap8yon1iwz0h9l6rda434b6db,CyberPower,,SD,287421757846510,C.Keyword.Consumer.SD.UPS.PFCSineWave.CP1500PFCRM2U.B0B354X985,USD,6346,20,44.83,0,0
8-Jan-26,amzn1.ads-account.g.ap8yon1iwz0h9l6rda434b6db,CyberPower,,SD,382929702717487,B00429N18S_SD_Awareness_AUDT-Complementary category views remarketing_vcpm_20251230,USD,0,0,0,0,0
17-Jan-26,amzn1.ads-account.g.ap8yon1iwz0h9l6rda434b6db,CyberPower,,SB,496257674867474,N.Keyword.Video.SB.UPS.PFCSinewave.2026.CP1500PFCLCD.B00429N19W,USD,51128,292,2415.37,18,3271.18
16-Dec-25,amzn1.ads-account.g.ap8yon1iwz0h9l6rda434b6db,CyberPower,,SB,300358990869228,B.Keyword.Store.SB.UPS.StoreSpotlight,USD,580,4,8.68,18,4435.69
21-Dec-25,amzn1.ads-account.g.ap8yon1iwz0h9l6rda434b6db,CyberPower,,SB,293529288726869,B.Keyword.Video.SB.UPS.PFCSinewave.CP1500PFCLCD.B00429N19W,USD,57,1,0.5,0,0
16-Dec-25,amzn1.ads-account.g.ap8yon1iwz0h9l6rda434b6db,CyberPower,,SD,38365855708871,C.SD.Product.UPS.SmartAppLCD.B000XJLLKG.OR700LCDRM1U,USD,3325,7,13.85,0,0
24-Jan-26,amzn1.ads-account.g.ap8yon1iwz0h9l6rda434b6db,CyberPower,,SD,414479380999065,B00429N18S_SD_Defense_CXT-Category-Segmented category brand_vcpm_20251230,USD,0,0,0,0,0
22-Dec-25,amzn1.ads-account.g.ap8yon1iwz0h9l6rda434b6db,CyberPower,,SB,490434522578484,C.Keyword.Video.SB.UPS.PFCSinewave.CP1500PFCLCD.B00429N19W,USD,295,0,0,0,0
13-Dec-25,amzn1.ads-account.g.ap8yon1iwz0h9l6rda434b6db,CyberPower,,SD,170474248246250,C.SD.Product.UPS.IntelligentLCD.CP1500AVRLCD3.B0BCMLLSHL,USD,22426,23,66.54,7,519.41
23-Dec-25,amzn1.ads-account.g.ap8yon1iwz0h9l6rda434b6db,CyberPower,,SB,335733425531216,N.Keyword.Video.SB.UPS.PFCSinewave.CP1500PFCLCD.B00429N19W,USD,3859,16,52.26,3,839.85
1-Dec-25,amzn1.ads-account.g.ap8yon1iwz0h9l6rda434b6db,CyberPower,,SD,38365855708871,C.SD.Product.UPS.SmartAppLCD.B000XJLLKG.OR700LCDRM1U,USD,7294,7,32.87,2,299.9
21-Dec-25,amzn1.ads-account.g.ap8yon1iwz0h9l6rda434b6db,CyberPower,,SB,84817009251939,C.Keyword.Video.SB.PFCSinewave.CP1500PFCRM2U.B0B354X985,USD,4755,26,71.17,2,719.9
24-Dec-25,amzn1.ads-account.g.ap8yon1iwz0h9l6rda434b6db,CyberPower,,SD,51640494101738,C.Product.Consumer.SP.UPS.PFCSineWave.CP1500PFCRM2U.B0B354X985,USD,474,0,0,0,0
25-Jan-26,amzn1.ads-account.g.ap8yon1iwz0h9l6rda434b6db,CyberPower,,SB,422752340317837,B.Keyword.Store.SB.UPS.2026.StoreSpotlight,USD,89301,133,396.15,13,2559.3
25-Feb-26,amzn1.ads-account.g.ap8yon1iwz0h9l6rda434b6db,CyberPower,,SB,422752340317837,B.Keyword.Store.SB.UPS.2026.StoreSpotlight,USD,90377,254,1200.22,21,5213.89
18-Jan-26,amzn1.ads-account.g.ap8yon1iwz0h9l6rda434b6db,CyberPower,,SD,378661668519490,B00429N18S_SD_Consideration_AUDT-Similar products views remarketing_cpc_20251230,USD,0,0,0,0,0
9-Feb-26,amzn1.ads-account.g.ap8yon1iwz0h9l6rda434b6db,CyberPower,,SD,462435011616528,B00429N18S_SD_Consideration_AUDT-Promoted category views remarketing_cpc_20251230,USD,0,0,0,0,0
1-Feb-26,amzn1.ads-account.g.ap8yon1iwz0h9l6rda434b6db,CyberPower,,SD,414479380999065,B00429N18S_SD_Defense_CXT-Category-Segmented category brand_vcpm_20251230,USD,19786,21,92.2,6,1216.05
21-Jan-26,amzn1.ads-account.g.ap8yon1iwz0h9l6rda434b6db,CyberPower,,SD,520906012389097,B00429N18S_SD_Consideration_CXT-Similar products_cpc_20251230,USD,32649,53,172.62,0,0
15-Jan-26,amzn1.ads-account.g.ap8yon1iwz0h9l6rda434b6db,CyberPower,,SB,520121709405886,C.Keyword.Video.SB.PFCSinewave.2026.CP1500PFCLCD,USD,43521,127,1321.6,3,719.85
25-Dec-25,amzn1.ads-account.g.ap8yon1iwz0h9l6rda434b6db,CyberPower,,SD,170474248246250,C.SD.Product.UPS.IntelligentLCD.CP1500AVRLCD3.B0BCMLLSHL,USD,169806,210,470.05,21,3457.58
12-Jan-26,amzn1.ads-account.g.ap8yon1iwz0h9l6rda434b6db,CyberPower,,SB,410331745640501,N.Keyword.Video.SB.UPS.2026.StoreSpotlight,USD,105166,364,2848.72,9,2215.18
12-Dec-25,amzn1.ads-account.g.ap8yon1iwz0h9l6rda434b6db,CyberPower,,SD,401081905525372,C.Competitor.Consumer.SD.UPS.PFCSineWave.CP1500PFCRM2U.B0B354X985,USD,7346,32,32.69,0,0
28-Feb-26,amzn1.ads-account.g.ap8yon1iwz0h9l6rda434b6db,CyberPower,,SB,520121709405886,C.Keyword.Video.SB.PFCSinewave.2026.CP1500PFCLCD,USD,3492,11,16.07,0,0
14-Dec-25,amzn1.ads-account.g.ap8yon1iwz0h9l6rda434b6db,CyberPower,,SB,362619829731385,B.Keyword.Video.SB.UPS.IntelligentLCD.CP1500AVRLCD3.B0BCMLLSHL,USD,2362,24,171.64,3,639.85
21-Jan-26,amzn1.ads-account.g.ap8yon1iwz0h9l6rda434b6db,CyberPower,,SD,318904892472489,B00429N18S_SD_Consideration_CXT-Category-Competitive brands_cpc_20251230,USD,6360,7,13.2,1,239.95
1-Jan-26,amzn1.ads-account.g.ap8yon1iwz0h9l6rda434b6db,CyberPower,,SB,517243732232070,B.RSOV.Products.SB.UPS.1500units,USD,0,0,0,0,0
1-Dec-25,amzn1.ads-account.g.ap8yon1iwz0h9l6rda434b6db,CyberPower,,SD,296198269696664,C.SD.Keyword.UPS.IntelligentLCD.CP1500AVRLCD3.B0BCMLLSHL,USD,29173,71,204.12,0,0
13-Jan-26,amzn1.ads-account.g.ap8yon1iwz0h9l6rda434b6db,CyberPower,,SD,339355478634336,B00429N18S_SD_Consideration_AUDT-Competitive brands views remarketing_cpc_20251230,USD,0,0,0,0,0
2-Dec-25,amzn1.ads-account.g.ap8yon1iwz0h9l6rda434b6db,CyberPower,,SB,353873361287335,B2B - B.Keyword.Store.SB.UPS.StoreSpotlight,USD,50,0,0,0,0
2-Dec-25,amzn1.ads-account.g.ap8yon1iwz0h9l6rda434b6db,CyberPower,,SD,401081905525372,C.Competitor.Consumer.SD.UPS.PFCSineWave.CP1500PFCRM2U.B0B354X985,USD,3414,2,1.15,0,0
24-Feb-26,amzn1.ads-account.g.ap8yon1iwz0h9l6rda434b6db,CyberPower,,SB,410331745640501,N.Keyword.Video.SB.UPS.2026.StoreSpotlight,USD,13483,67,218.89,5,1301.79
6-Dec-25,amzn1.ads-account.g.ap8yon1iwz0h9l6rda434b6db,CyberPower,,SD,38365855708871,C.SD.Product.UPS.SmartAppLCD.B000XJLLKG.OR700LCDRM1U,USD,14212,11,55.25,4,1009.6
19-Feb-26,amzn1.ads-account.g.ap8yon1iwz0h9l6rda434b6db,CyberPower,,SB,410331745640501,N.Keyword.Video.SB.UPS.2026.StoreSpotlight,USD,4663,25,68.05,4,1360.7
11-Dec-25,amzn1.ads-account.g.ap8yon1iwz0h9l6rda434b6db,CyberPower,,SB,501364882562485,C.Keyword.Video.SB.UPS.IntelligentLCD.CP1500AVRLCD3.B0BCMLLSHL,USD,308,0,0,0,0
2-Dec-25,amzn1.ads-account.g.ap8yon1iwz0h9l6rda434b6db,CyberPower,,SB,450441693358033,B2B - B.Keyword.Products.SB.UPS.1500units,USD,131,0,0,0,0
21-Feb-26,amzn1.ads-account.g.ap8yon1iwz0h9l6rda434b6db,CyberPower,,SB,410331745640501,N.Keyword.Video.SB.UPS.2026.StoreSpotlight,USD,8822,51,178.04,4,1039.2
31-Jan-26,amzn1.ads-account.g.ap8yon1iwz0h9l6rda434b6db,CyberPower,,SD,425759037435957,B00429N18S_SD_Conversion_AUDT-Promoted product views remarketing_cpc_20251230,USD,160197,253,903.11,0,0
31-Dec-25,amzn1.ads-account.g.ap8yon1iwz0h9l6rda434b6db,CyberPower,,SD,378661668519490,B00429N18S_SD_Consideration_AUDT-Similar products views remarketing_cpc_20251230,USD,586,0,0,0,0
18-Dec-25,amzn1.ads-account.g.ap8yon1iwz0h9l6rda434b6db,CyberPower,,SD,38365855708871,C.SD.Product.UPS.SmartAppLCD.B000XJLLKG.OR700LCDRM1U,USD,2957,3,12.76,4,466.53
12-Feb-26,amzn1.ads-account.g.ap8yon1iwz0h9l6rda434b6db,CyberPower,,SD,263494384088815,C.SD.Product.UPS.Ecologic.EC850LCD.B00DBAA696,USD,52328,41,232.65,4,304.64
28-Dec-25,amzn1.ads-account.g.ap8yon1iwz0h9l6rda434b6db,CyberPower,,SD,296198269696664,C.SD.Keyword.UPS.IntelligentLCD.CP1500AVRLCD3.B0BCMLLSHL,USD,69954,163,226.29,0,0
11-Dec-25,amzn1.ads-account.g.ap8yon1iwz0h9l6rda434b6db,CyberPower,,SB,293529288726869,B.Keyword.Video.SB.UPS.PFCSinewave.CP1500PFCLCD.B00429N19W,USD,75,1,0.88,0,0
31-Dec-25,amzn1.ads-account.g.ap8yon1iwz0h9l6rda434b6db,CyberPower,,SD,263494384088815,C.SD.Product.UPS.Ecologic.EC850LCD.B00DBAA696,USD,60588,47,224.36,7,798.65
4-Dec-25,amzn1.ads-account.g.ap8yon1iwz0h9l6rda434b6db,CyberPower,,SB,516203922618177,N.Keyword.Store.SB.UPS.StoreSpotlight,USD,76150,259,746.93,29,4603.96
23-Jan-26,amzn1.ads-account.g.ap8yon1iwz0h9l6rda434b6db,CyberPower,,SB,520121709405886,C.Keyword.Video.SB.PFCSinewave.2026.CP1500PFCLCD,USD,26425,163,584.31,13,5351.75
11-Jan-26,amzn1.ads-account.g.ap8yon1iwz0h9l6rda434b6db,CyberPower,,SB,300358990869228,B.Keyword.Store.SB.UPS.StoreSpotlight,USD,0,0,0,0,0
14-Feb-26,amzn1.ads-account.g.ap8yon1iwz0h9l6rda434b6db,CyberPower,,SB,298664655817372,C.Keyword.Video.SB.PFCSinewave.2026.CP1500AVRLCD3,USD,14200,104,215.96,7,1694
17-Dec-25,amzn1.ads-account.g.ap8yon1iwz0h9l6rda434b6db,CyberPower,,SD,287421757846510,C.Keyword.Consumer.SD.UPS.PFCSineWave.CP1500PFCRM2U.B0B354X985,USD,10376,21,42.35,1,359.95
7-Feb-26,amzn1.ads-account.g.ap8yon1iwz0h9l6rda434b6db,CyberPower,,SB,496257674867474,N.Keyword.Video.SB.UPS.PFCSinewave.2026.CP1500PFCLCD.B00429N19W,USD,5409,28,39.22,3,719.85
7-Dec-25,amzn1.ads-account.g.ap8yon1iwz0h9l6rda434b6db,CyberPower,,SD,296198269696664,C.SD.Keyword.UPS.IntelligentLCD.CP1500AVRLCD3.B0BCMLLSHL,USD,37504,83,191.72,0,0
17-Jan-26,amzn1.ads-account.g.ap8yon1iwz0h9l6rda434b6db,CyberPower,,SD,441244082318393,B00429N18S_SD_Awareness_CXT-Complementary category_vcpm_20251230,USD,0,0,0,0,0
12-Jan-26,amzn1.ads-account.g.ap8yon1iwz0h9l6rda434b6db,CyberPower,,SD,263494384088815,C.SD.Product.UPS.Ecologic.EC850LCD.B00DBAA696,USD,0,0,0,0,0
31-Dec-25,amzn1.ads-account.g.ap8yon1iwz0h9l6rda434b6db,CyberPower,,SD,382929702717487,B00429N18S_SD_Awareness_AUDT-Complementary category views remarketing_vcpm_20251230,USD,7939,20,31.41,0,0
31-Jan-26,amzn1.ads-account.g.ap8yon1iwz0h9l6rda434b6db,CyberPower,,SD,520906012389097,B00429N18S_SD_Consideration_CXT-Similar products_cpc_20251230,USD,109878,137,908.42,0,0
6-Jan-26,amzn1.ads-account.g.ap8yon1iwz0h9l6rda434b6db,CyberPower,,SB,300358990869228,B.Keyword.Store.SB.UPS.StoreSpotlight,USD,0,0,0,0,0
23-Feb-26,amzn1.ads-account.g.ap8yon1iwz0h9l6rda434b6db,CyberPower,,SB,410331745640501,N.Keyword.Video.SB.UPS.2026.StoreSpotlight,USD,10942,73,260.59,4,768.75
11-Dec-25,amzn1.ads-account.g.ap8yon1iwz0h9l6rda434b6db,CyberPower,,SB,425328024590643,C.Keyword.Products.SB.UPS.1500units,USD,10485,32,88.16,5,947.75
24-Jan-26,amzn1.ads-account.g.ap8yon1iwz0h9l6rda434b6db,CyberPower,,SD,296198269696664,C.SD.Keyword.UPS.IntelligentLCD.CP1500AVRLCD3.B0BCMLLSHL,USD,0,0,0,0,0
24-Feb-26,amzn1.ads-account.g.ap8yon1iwz0h9l6rda434b6db,CyberPower,,SB,422752340317837,B.Keyword.Store.SB.UPS.2026.StoreSpotlight,USD,107676,248,1243.3,34,9850.2
18-Jan-26,amzn1.ads-account.g.ap8yon1iwz0h9l6rda434b6db,CyberPower,,SB,436092719312252,B.Keyword.Video.SB.UPS.2026.StoreSpotlight,USD,36869,176,2303.07,4,899.8
25-Dec-25,amzn1.ads-account.g.ap8yon1iwz0h9l6rda434b6db,CyberPower,,SB,293529288726869,B.Keyword.Video.SB.UPS.PFCSinewave.CP1500PFCLCD.B00429N19W,USD,66,1,0.62,0,0
1-Jan-26,amzn1.ads-account.g.ap8yon1iwz0h9l6rda434b6db,CyberPower,,SB,335733425531216,N.Keyword.Video.SB.UPS.PFCSinewave.CP1500PFCLCD.B00429N19W,USD,0,1,2,0,0
15-Feb-26,amzn1.ads-account.g.ap8yon1iwz0h9l6rda434b6db,CyberPower,,SD,441244082318393,B00429N18S_SD_Awareness_CXT-Complementary category_vcpm_20251230,USD,0,0,0,0,0
23-Dec-25,amzn1.ads-account.g.ap8yon1iwz0h9l6rda434b6db,CyberPower,,SD,51640494101738,C.Product.Consumer.SP.UPS.PFCSineWave.CP1500PFCRM2U.B0B354X985,USD,267,0,0,0,0
20-Feb-26,amzn1.ads-account.g.ap8yon1iwz0h9l6rda434b6db,CyberPower,,SB,496257674867474,N.Keyword.Video.SB.UPS.PFCSinewave.2026.CP1500PFCLCD.B00429N19W,USD,2559,13,24.82,1,239.95
21-Jan-26,amzn1.ads-account.g.ap8yon1iwz0h9l6rda434b6db,CyberPower,,SD,378661668519490,B00429N18S_SD_Consideration_AUDT-Similar products views remarketing_cpc_20251230,USD,221149,253,995.78,0,0
12-Feb-26,amzn1.ads-account.g.ap8yon1iwz0h9l6rda434b6db,CyberPower,,SD,425759037435957,B00429N18S_SD_Conversion_AUDT-Promoted product views remarketing_cpc_20251230,USD,0,0,0,0,0
22-Dec-25,amzn1.ads-account.g.ap8yon1iwz0h9l6rda434b6db,CyberPower,,SB,517243732232070,B.RSOV.Products.SB.UPS.1500units,USD,1011,26,0,2,379.9
22-Feb-26,amzn1.ads-account.g.ap8yon1iwz0h9l6rda434b6db,CyberPower,,SD,339355478634336,B00429N18S_SD_Consideration_AUDT-Competitive brands views remarketing_cpc_20251230,USD,0,0,0,0,0
18-Dec-25,amzn1.ads-account.g.ap8yon1iwz0h9l6rda434b6db,CyberPower,,SB,501364882562485,C.Keyword.Video.SB.UPS.IntelligentLCD.CP1500AVRLCD3.B0BCMLLSHL,USD,314,2,3.76,0,0
27-Jan-26,amzn1.ads-account.g.ap8yon1iwz0h9l6rda434b6db,CyberPower,,SD,441244082318393,B00429N18S_SD_Awareness_CXT-Complementary category_vcpm_20251230,USD,83286,62,373.79,8,1374.39
8-Jan-26,amzn1.ads-account.g.ap8yon1iwz0h9l6rda434b6db,CyberPower,,SD,287421757846510,C.Keyword.Consumer.SD.UPS.PFCSineWave.CP1500PFCRM2U.B0B354X985,USD,0,0,0,0,0
17-Jan-26,amzn1.ads-account.g.ap8yon1iwz0h9l6rda434b6db,CyberPower,,SD,462435011616528,B00429N18S_SD_Consideration_AUDT-Promoted category views remarketing_cpc_20251230,USD,0,0,0,0,0
19-Feb-26,amzn1.ads-account.g.ap8yon1iwz0h9l6rda434b6db,CyberPower,,SD,382929702717487,B00429N18S_SD_Awareness_AUDT-Complementary category views remarketing_vcpm_20251230,USD,0,0,0,0,0
29-Dec-25,amzn1.ads-account.g.ap8yon1iwz0h9l6rda434b6db,CyberPower,,SD,401081905525372,C.Competitor.Consumer.SD.UPS.PFCSineWave.CP1500PFCRM2U.B0B354X985,USD,0,0,0,0,0
30-Dec-25,amzn1.ads-account.g.ap8yon1iwz0h9l6rda434b6db,CyberPower,,SB,501364882562485,C.Keyword.Video.SB.UPS.IntelligentLCD.CP1500AVRLCD3.B0BCMLLSHL,USD,446,1,6.24,0,0
18-Feb-26,amzn1.ads-account.g.ap8yon1iwz0h9l6rda434b6db,CyberPower,,SD,263494384088815,C.SD.Product.UPS.Ecologic.EC850LCD.B00DBAA696,USD,64368,53,239.52,5,799.75
17-Dec-25,amzn1.ads-account.g.ap8yon1iwz0h9l6rda434b6db,CyberPower,,SB,516203922618177,N.Keyword.Store.SB.UPS.StoreSpotlight,USD,88433,223,695.5,22,3771.55
14-Dec-25,amzn1.ads-account.g.ap8yon1iwz0h9l6rda434b6db,CyberPower,,SB,517243732232070,B.RSOV.Products.SB.UPS.1500units,USD,1072,29,0,5,967.7
23-Feb-26,amzn1.ads-account.g.ap8yon1iwz0h9l6rda434b6db,CyberPower,,SB,496257674867474,N.Keyword.Video.SB.UPS.PFCSinewave.2026.CP1500PFCLCD.B00429N19W,USD,3076,20,35.5,5,1679.65
16-Jan-26,amzn1.ads-account.g.ap8yon1iwz0h9l6rda434b6db,CyberPower,,SD,318904892472489,B00429N18S_SD_Consideration_CXT-Category-Competitive brands_cpc_20251230,USD,269,1,41.21,1,239.95
12-Dec-25,amzn1.ads-account.g.ap8yon1iwz0h9l6rda434b6db,CyberPower,,SD,51640494101738,C.Product.Consumer.SP.UPS.PFCSineWave.CP1500PFCRM2U.B0B354X985,USD,193,0,0,0,0
23-Feb-26,amzn1.ads-account.g.ap8yon1iwz0h9l6rda434b6db,CyberPower,,SB,422752340317837,B.Keyword.Store.SB.UPS.2026.StoreSpotlight,USD,117779,345,1770.46,46,8519.59
12-Dec-25,amzn1.ads-account.g.ap8yon1iwz0h9l6rda434b6db,CyberPower,,SB,335733425531216,N.Keyword.Video.SB.UPS.PFCSinewave.CP1500PFCLCD.B00429N19W,USD,4908,38,96.91,3,469.85
13-Jan-26,amzn1.ads-account.g.ap8yon1iwz0h9l6rda434b6db,CyberPower,,SB,362619829731385,B.Keyword.Video.SB.UPS.IntelligentLCD.CP1500AVRLCD3.B0BCMLLSHL,USD,0,0,0,0,0
29-Jan-26,amzn1.ads-account.g.ap8yon1iwz0h9l6rda434b6db,CyberPower,,SD,378661668519490,B00429N18S_SD_Consideration_AUDT-Similar products views remarketing_cpc_20251230,USD,171748,255,918.96,0,0
28-Dec-25,amzn1.ads-account.g.ap8yon1iwz0h9l6rda434b6db,CyberPower,,SD,263494384088815,C.SD.Product.UPS.Ecologic.EC850LCD.B00DBAA696,USD,57495,51,224.5,4,396.8
28-Dec-25,amzn1.ads-account.g.ap8yon1iwz0h9l6rda434b6db,CyberPower,,SD,401081905525372,C.Competitor.Consumer.SD.UPS.PFCSineWave.CP1500PFCRM2U.B0B354X985,USD,14532,34,50.58,1,545.95
10-Dec-25,amzn1.ads-account.g.ap8yon1iwz0h9l6rda434b6db,CyberPower,,SB,501364882562485,C.Keyword.Video.SB.UPS.IntelligentLCD.CP1500AVRLCD3.B0BCMLLSHL,USD,348,2,7.12,0,0
5-Dec-25,amzn1.ads-account.g.ap8yon1iwz0h9l6rda434b6db,CyberPower,,SB,501364882562485,C.Keyword.Video.SB.UPS.IntelligentLCD.CP1500AVRLCD3.B0BCMLLSHL,USD,404,0,0,0,0
7-Dec-25,amzn1.ads-account.g.ap8yon1iwz0h9l6rda434b6db,CyberPower,,SB,425328024590643,C.Keyword.Products.SB.UPS.1500units,USD,8485,34,104.04,2,359.9
8-Feb-26,amzn1.ads-account.g.ap8yon1iwz0h9l6rda434b6db,CyberPower,,SD,382929702717487,B00429N18S_SD_Awareness_AUDT-Complementary category views remarketing_vcpm_20251230,USD,0,0,0,0,0
13-Dec-25,amzn1.ads-account.g.ap8yon1iwz0h9l6rda434b6db,CyberPower,,SB,425328024590643,C.Keyword.Products.SB.UPS.1500units,USD,7755,35,73.47,6,1509.7
15-Feb-26,amzn1.ads-account.g.ap8yon1iwz0h9l6rda434b6db,CyberPower,,SB,496257674867474,N.Keyword.Video.SB.UPS.PFCSinewave.2026.CP1500PFCLCD.B00429N19W,USD,3339,20,35.06,2,479.9
29-Jan-26,amzn1.ads-account.g.ap8yon1iwz0h9l6rda434b6db,CyberPower,,SB,410331745640501,N.Keyword.Video.SB.UPS.2026.StoreSpotlight,USD,23742,93,267.77,3,659.85
3-Dec-25,amzn1.ads-account.g.ap8yon1iwz0h9l6rda434b6db,CyberPower,,SD,170474248246250,C.SD.Product.UPS.IntelligentLCD.CP1500AVRLCD3.B0BCMLLSHL,USD,7681,13,19.51,0,0
12-Dec-25,amzn1.ads-account.g.ap8yon1iwz0h9l6rda434b6db,CyberPower,,SD,263494384088815,C.SD.Product.UPS.Ecologic.EC850LCD.B00DBAA696,USD,290887,223,905.53,41,7061.43
8-Dec-25,amzn1.ads-account.g.ap8yon1iwz0h9l6rda434b6db,CyberPower,,SD,401081905525372,C.Competitor.Consumer.SD.UPS.PFCSineWave.CP1500PFCRM2U.B0B354X985,USD,4299,12,18.16,0,0
22-Dec-25,amzn1.ads-account.g.ap8yon1iwz0h9l6rda434b6db,CyberPower,,SB,335733425531216,N.Keyword.Video.SB.UPS.PFCSinewave.CP1500PFCLCD.B00429N19W,USD,4196,23,62.68,2,279.9
25-Feb-26,amzn1.ads-account.g.ap8yon1iwz0h9l6rda434b6db,CyberPower,,SD,382929702717487,B00429N18S_SD_Awareness_AUDT-Complementary category views remarketing_vcpm_20251230,USD,0,0,0,0,0
2-Feb-26,amzn1.ads-account.g.ap8yon1iwz0h9l6rda434b6db,CyberPower,,SD,441244082318393,B00429N18S_SD_Awareness_CXT-Complementary category_vcpm_20251230,USD,41220,34,223.19,7,1509.65
20-Feb-26,amzn1.ads-account.g.ap8yon1iwz0h9l6rda434b6db,CyberPower,,SD,462435011616528,B00429N18S_SD_Consideration_AUDT-Promoted category views remarketing_cpc_20251230,USD,0,0,0,0,0
7-Jan-26,amzn1.ads-account.g.ap8yon1iwz0h9l6rda434b6db,CyberPower,,SB,300358990869228,B.Keyword.Store.SB.UPS.StoreSpotlight,USD,0,0,0,0,0
3-Jan-26,amzn1.ads-account.g.ap8yon1iwz0h9l6rda434b6db,CyberPower,,SD,287421757846510,C.Keyword.Consumer.SD.UPS.PFCSineWave.CP1500PFCRM2U.B0B354X985,USD,0,0,0,0,0
29-Dec-25,amzn1.ads-account.g.ap8yon1iwz0h9l6rda434b6db,CyberPower,,SB,293529288726869,B.Keyword.Video.SB.UPS.PFCSinewave.CP1500PFCLCD.B00429N19W,USD,81,0,0,0,0
21-Dec-25,amzn1.ads-account.g.ap8yon1iwz0h9l6rda434b6db,CyberPower,,SD,51640494101738,C.Product.Consumer.SP.UPS.PFCSineWave.CP1500PFCRM2U.B0B354X985,USD,152,0,0,0,0
28-Jan-26,amzn1.ads-account.g.ap8yon1iwz0h9l6rda434b6db,CyberPower,,SD,382929702717487,B00429N18S_SD_Awareness_AUDT-Complementary category views remarketing_vcpm_20251230,USD,216654,180,900.78,3,703.6
1-Jan-26,amzn1.ads-account.g.ap8yon1iwz0h9l6rda434b6db,CyberPower,,SB,362619829731385,B.Keyword.Video.SB.UPS.IntelligentLCD.CP1500AVRLCD3.B0BCMLLSHL,USD,0,0,0,0,0
18-Feb-26,amzn1.ads-account.g.ap8yon1iwz0h9l6rda434b6db,CyberPower,,SB,436092719312252,B.Keyword.Video.SB.UPS.2026.StoreSpotlight,USD,10061,68,287.31,11,4975.91
5-Feb-26,amzn1.ads-account.g.ap8yon1iwz0h9l6rda434b6db,CyberPower,,SD,382929702717487,B00429N18S_SD_Awareness_AUDT-Complementary category views remarketing_vcpm_20251230,USD,0,0,0,0,0
9-Dec-25,amzn1.ads-account.g.ap8yon1iwz0h9l6rda434b6db,CyberPower,,SD,38365855708871,C.SD.Product.UPS.SmartAppLCD.B000XJLLKG.OR700LCDRM1U,USD,5180,10,22.34,1,194.22
27-Feb-26,amzn1.ads-account.g.ap8yon1iwz0h9l6rda434b6db,CyberPower,,SB,436092719312252,B.Keyword.Video.SB.UPS.2026.StoreSpotlight,USD,7562,22,90.55,1,186.18
13-Jan-26,amzn1.ads-account.g.ap8yon1iwz0h9l6rda434b6db,CyberPower,,SB,425328024590643,C.Keyword.Products.SB.UPS.1500units,USD,0,0,0,0,0
17-Feb-26,amzn1.ads-account.g.ap8yon1iwz0h9l6rda434b6db,CyberPower,,SB,436092719312252,B.Keyword.Video.SB.UPS.2026.StoreSpotlight,USD,9970,70,273.15,10,2346.5
1-Feb-26,amzn1.ads-account.g.ap8yon1iwz0h9l6rda434b6db,CyberPower,,SD,303378536736811,B00429N18S_SD_Consideration_AUDT-Promoted brand views remarketing_cpc_20251230,USD,131762,180,461.59,3,576.85
6-Jan-26,amzn1.ads-account.g.ap8yon1iwz0h9l6rda434b6db,CyberPower,,SB,335733425531216,N.Keyword.Video.SB.UPS.PFCSinewave.CP1500PFCLCD.B00429N19W,USD,0,0,0,0,0
29-Jan-26,amzn1.ads-account.g.ap8yon1iwz0h9l6rda434b6db,CyberPower,,SD,382929702717487,B00429N18S_SD_Awareness_AUDT-Complementary category views remarketing_vcpm_20251230,USD,191725,175,898.41,4,771.84
18-Dec-25,amzn1.ads-account.g.ap8yon1iwz0h9l6rda434b6db,CyberPower,,SB,490434522578484,C.Keyword.Video.SB.UPS.PFCSinewave.CP1500PFCLCD.B00429N19W,USD,283,0,0,0,0
30-Jan-26,amzn1.ads-account.g.ap8yon1iwz0h9l6rda434b6db,CyberPower,,SD,425759037435957,B00429N18S_SD_Conversion_AUDT-Promoted product views remarketing_cpc_20251230,USD,167531,240,919.25,1,239.95
28-Dec-25,amzn1.ads-account.g.ap8yon1iwz0h9l6rda434b6db,CyberPower,,SD,38365855708871,C.SD.Product.UPS.SmartAppLCD.B000XJLLKG.OR700LCDRM1U,USD,8616,14,25.08,8,2184.5
24-Jan-26,amzn1.ads-account.g.ap8yon1iwz0h9l6rda434b6db,CyberPower,,SD,425759037435957,B00429N18S_SD_Conversion_AUDT-Promoted product views remarketing_cpc_20251230,USD,0,0,0,0,0
5-Dec-25,amzn1.ads-account.g.ap8yon1iwz0h9l6rda434b6db,CyberPower,,SD,263494384088815,C.SD.Product.UPS.Ecologic.EC850LCD.B00DBAA696,USD,271907,178,999.44,29,3252.63
13-Dec-25,amzn1.ads-account.g.ap8yon1iwz0h9l6rda434b6db,CyberPower,,SB,362619829731385,B.Keyword.Video.SB.UPS.IntelligentLCD.CP1500AVRLCD3.B0BCMLLSHL,USD,2190,21,99.29,1,239.95
25-Dec-25,amzn1.ads-account.g.ap8yon1iwz0h9l6rda434b6db,CyberPower,,SD,287421757846510,C.Keyword.Consumer.SD.UPS.PFCSineWave.CP1500PFCRM2U.B0B354X985,USD,0,0,0,0,0
13-Dec-25,amzn1.ads-account.g.ap8yon1iwz0h9l6rda434b6db,CyberPower,,SB,335733425531216,N.Keyword.Video.SB.UPS.PFCSinewave.CP1500PFCLCD.B00429N19W,USD,4801,37,103.71,2,581.9
16-Jan-26,amzn1.ads-account.g.ap8yon1iwz0h9l6rda434b6db,CyberPower,,SD,413728361555554,B00429N18S_SD_Consideration_CXT-Competitive products recommended by Xnurta_cpc_20251230,USD,6998,9,56.08,0,0
12-Jan-26,amzn1.ads-account.g.ap8yon1iwz0h9l6rda434b6db,CyberPower,,SB,422752340317837,B.Keyword.Store.SB.UPS.2026.StoreSpotlight,USD,4853,51,427.16,12,2834.42
23-Dec-25,amzn1.ads-account.g.ap8yon1iwz0h9l6rda434b6db,CyberPower,,SD,263494384088815,C.SD.Product.UPS.Ecologic.EC850LCD.B00DBAA696,USD,234777,144,999.57,29,5011.2
4-Jan-26,amzn1.ads-account.g.ap8yon1iwz0h9l6rda434b6db,CyberPower,,SB,300358990869228,B.Keyword.Store.SB.UPS.StoreSpotlight,USD,0,0,0,0,0
26-Dec-25,amzn1.ads-account.g.ap8yon1iwz0h9l6rda434b6db,CyberPower,,SB,335733425531216,N.Keyword.Video.SB.UPS.PFCSinewave.CP1500PFCLCD.B00429N19W,USD,5088,40,108.82,2,479.9
20-Feb-26,amzn1.ads-account.g.ap8yon1iwz0h9l6rda434b6db,CyberPower,,SB,520121709405886,C.Keyword.Video.SB.PFCSinewave.2026.CP1500PFCLCD,USD,4413,10,22.34,2,479.9
1-Jan-26,amzn1.ads-account.g.ap8yon1iwz0h9l6rda434b6db,CyberPower,,SD,38365855708871,C.SD.Product.UPS.SmartAppLCD.B000XJLLKG.OR700LCDRM1U,USD,0,0,0,0,0
19-Feb-26,amzn1.ads-account.g.ap8yon1iwz0h9l6rda434b6db,CyberPower,,SD,296198269696664,C.SD.Keyword.UPS.IntelligentLCD.CP1500AVRLCD3.B0BCMLLSHL,USD,0,0,0,0,0
28-Jan-26,amzn1.ads-account.g.ap8yon1iwz0h9l6rda434b6db,CyberPower,,SB,422752340317837,B.Keyword.Store.SB.UPS.2026.StoreSpotlight,USD,24807,73,224.05,5,939.75
4-Feb-26,amzn1.ads-account.g.ap8yon1iwz0h9l6rda434b6db,CyberPower,,SD,170474248246250,C.SD.Product.UPS.IntelligentLCD.CP1500AVRLCD3.B0BCMLLSHL,USD,0,0,0,0,0
25-Dec-25,amzn1.ads-account.g.ap8yon1iwz0h9l6rda434b6db,CyberPower,,SB,362619829731385,B.Keyword.Video.SB.UPS.IntelligentLCD.CP1500AVRLCD3.B0BCMLLSHL,USD,2239,10,48.46,1,199.95
29-Dec-25,amzn1.ads-account.g.ap8yon1iwz0h9l6rda434b6db,CyberPower,,SD,296198269696664,C.SD.Keyword.UPS.IntelligentLCD.CP1500AVRLCD3.B0BCMLLSHL,USD,999,4,8.42,0,0
14-Feb-26,amzn1.ads-account.g.ap8yon1iwz0h9l6rda434b6db,CyberPower,,SD,441244082318393,B00429N18S_SD_Awareness_CXT-Complementary category_vcpm_20251230,USD,0,0,0,0,0
6-Jan-26,amzn1.ads-account.g.ap8yon1iwz0h9l6rda434b6db,CyberPower,,SD,263494384088815,C.SD.Product.UPS.Ecologic.EC850LCD.B00DBAA696,USD,0,0,0,0,0
15-Dec-25,amzn1.ads-account.g.ap8yon1iwz0h9l6rda434b6db,CyberPower,,SB,362619829731385,B.Keyword.Video.SB.UPS.IntelligentLCD.CP1500AVRLCD3.B0BCMLLSHL,USD,2702,22,115.58,3,899.8
21-Jan-26,amzn1.ads-account.g.ap8yon1iwz0h9l6rda434b6db,CyberPower,,SD,382929702717487,B00429N18S_SD_Awareness_AUDT-Complementary category views remarketing_vcpm_20251230,USD,152054,179,923.12,11,2059.59
9-Feb-26,amzn1.ads-account.g.ap8yon1iwz0h9l6rda434b6db,CyberPower,,SD,339355478634336,B00429N18S_SD_Consideration_AUDT-Competitive brands views remarketing_cpc_20251230,USD,0,0,0,0,0
10-Dec-25,amzn1.ads-account.g.ap8yon1iwz0h9l6rda434b6db,CyberPower,,SD,401081905525372,C.Competitor.Consumer.SD.UPS.PFCSineWave.CP1500PFCRM2U.B0B354X985,USD,10823,19,40.66,0,0
16-Jan-26,amzn1.ads-account.g.ap8yon1iwz0h9l6rda434b6db,CyberPower,,SD,339355478634336,B00429N18S_SD_Consideration_AUDT-Competitive brands views remarketing_cpc_20251230,USD,150585,128,972.05,0,0
6-Jan-26,amzn1.ads-account.g.ap8yon1iwz0h9l6rda434b6db,CyberPower,,SD,382929702717487,B00429N18S_SD_Awareness_AUDT-Complementary category views remarketing_vcpm_20251230,USD,36105,39,127.64,1,139.95
9-Jan-26,amzn1.ads-account.g.ap8yon1iwz0h9l6rda434b6db,CyberPower,,SD,339355478634336,B00429N18S_SD_Consideration_AUDT-Competitive brands views remarketing_cpc_20251230,USD,0,0,0,0,0
10-Jan-26,amzn1.ads-account.g.ap8yon1iwz0h9l6rda434b6db,CyberPower,,SD,560720574941385,B00429N18S_SD_Conversion_AUDT-purchase remarketing-promoted products-key promoted products_cpc_20251230,USD,0,0,0,0,0
15-Jan-26,amzn1.ads-account.g.ap8yon1iwz0h9l6rda434b6db,CyberPower,,SB,298664655817372,C.Keyword.Video.SB.PFCSinewave.2026.CP1500AVRLCD3,USD,78927,385,3519.99,9,1739.55
18-Dec-25,amzn1.ads-account.g.ap8yon1iwz0h9l6rda434b6db,CyberPower,,SD,296198269696664,C.SD.Keyword.UPS.IntelligentLCD.CP1500AVRLCD3.B0BCMLLSHL,USD,48942,125,198.03,0,0
1-Dec-25,amzn1.ads-account.g.ap8yon1iwz0h9l6rda434b6db,CyberPower,,SB,293529288726869,B.Keyword.Video.SB.UPS.PFCSinewave.CP1500PFCLCD.B00429N19W,USD,83,0,0,0,0
6-Jan-26,amzn1.ads-account.g.ap8yon1iwz0h9l6rda434b6db,CyberPower,,SD,339355478634336,B00429N18S_SD_Consideration_AUDT-Competitive brands views remarketing_cpc_20251230,USD,74229,84,163.09,0,0
23-Dec-25,amzn1.ads-account.g.ap8yon1iwz0h9l6rda434b6db,CyberPower,,SB,516203922618177,N.Keyword.Store.SB.UPS.StoreSpotlight,USD,47792,140,361.61,16,2731.54
5-Dec-25,amzn1.ads-account.g.ap8yon1iwz0h9l6rda434b6db,CyberPower,,SB,362619829731385,B.Keyword.Video.SB.UPS.IntelligentLCD.CP1500AVRLCD3.B0BCMLLSHL,USD,2946,20,163.82,1,199.95
11-Jan-26,amzn1.ads-account.g.ap8yon1iwz0h9l6rda434b6db,CyberPower,,SB,496257674867474,N.Keyword.Video.SB.UPS.PFCSinewave.2026.CP1500PFCLCD.B00429N19W,USD,2439,18,133.61,0,0
10-Dec-25,amzn1.ads-account.g.ap8yon1iwz0h9l6rda434b6db,CyberPower,,SD,263494384088815,C.SD.Product.UPS.Ecologic.EC850LCD.B00DBAA696,USD,339744,230,999.61,73,13363.03
4-Feb-26,amzn1.ads-account.g.ap8yon1iwz0h9l6rda434b6db,CyberPower,,SD,414479380999065,B00429N18S_SD_Defense_CXT-Category-Segmented category brand_vcpm_20251230,USD,0,0,0,0,0
24-Jan-26,amzn1.ads-account.g.ap8yon1iwz0h9l6rda434b6db,CyberPower,,SD,378661668519490,B00429N18S_SD_Consideration_AUDT-Similar products views remarketing_cpc_20251230,USD,0,0,0,0,0
12-Jan-26,amzn1.ads-account.g.ap8yon1iwz0h9l6rda434b6db,CyberPower,,SB,300358990869228,B.Keyword.Store.SB.UPS.StoreSpotlight,USD,0,0,0,0,0
31-Dec-25,amzn1.ads-account.g.ap8yon1iwz0h9l6rda434b6db,CyberPower,,SD,441244082318393,B00429N18S_SD_Awareness_CXT-Complementary category_vcpm_20251230,USD,13,0,0.03,0,0
29-Dec-25,amzn1.ads-account.g.ap8yon1iwz0h9l6rda434b6db,CyberPower,,SB,425328024590643,C.Keyword.Products.SB.UPS.1500units,USD,19891,75,183.89,15,3355.2
21-Jan-26,amzn1.ads-account.g.ap8yon1iwz0h9l6rda434b6db,CyberPower,,SB,496257674867474,N.Keyword.Video.SB.UPS.PFCSinewave.2026.CP1500PFCLCD.B00429N19W,USD,76849,1078,6745.73,66,16715.61
14-Dec-25,amzn1.ads-account.g.ap8yon1iwz0h9l6rda434b6db,CyberPower,,SB,490434522578484,C.Keyword.Video.SB.UPS.PFCSinewave.CP1500PFCLCD.B00429N19W,USD,175,1,3.4,0,0
25-Jan-26,amzn1.ads-account.g.ap8yon1iwz0h9l6rda434b6db,CyberPower,,SB,298664655817372,C.Keyword.Video.SB.PFCSinewave.2026.CP1500AVRLCD3,USD,60784,498,1401.26,22,4628.89
14-Dec-25,amzn1.ads-account.g.ap8yon1iwz0h9l6rda434b6db,CyberPower,,SD,287421757846510,C.Keyword.Consumer.SD.UPS.PFCSineWave.CP1500PFCRM2U.B0B354X985,USD,17035,43,112.72,0,0
7-Jan-26,amzn1.ads-account.g.ap8yon1iwz0h9l6rda434b6db,CyberPower,,SB,335733425531216,N.Keyword.Video.SB.UPS.PFCSinewave.CP1500PFCLCD.B00429N19W,USD,0,0,0,0,0
17-Jan-26,amzn1.ads-account.g.ap8yon1iwz0h9l6rda434b6db,CyberPower,,SD,170474248246250,C.SD.Product.UPS.IntelligentLCD.CP1500AVRLCD3.B0BCMLLSHL,USD,0,0,0,0,0
28-Jan-26,amzn1.ads-account.g.ap8yon1iwz0h9l6rda434b6db,CyberPower,,SB,410331745640501,N.Keyword.Video.SB.UPS.2026.StoreSpotlight,USD,28223,86,241.02,6,1523.65
29-Dec-25,amzn1.ads-account.g.ap8yon1iwz0h9l6rda434b6db,CyberPower,,SB,300358990869228,B.Keyword.Store.SB.UPS.StoreSpotlight,USD,490,5,7.75,6,593.13
31-Dec-25,amzn1.ads-account.g.ap8yon1iwz0h9l6rda434b6db,CyberPower,,SD,296198269696664,C.SD.Keyword.UPS.IntelligentLCD.CP1500AVRLCD3.B0BCMLLSHL,USD,0,0,0,0,0
29-Dec-25,amzn1.ads-account.g.ap8yon1iwz0h9l6rda434b6db,CyberPower,,SB,516203922618177,N.Keyword.Store.SB.UPS.StoreSpotlight,USD,25205,85,247.32,13,2101.15
5-Dec-25,amzn1.ads-account.g.ap8yon1iwz0h9l6rda434b6db,CyberPower,,SB,516203922618177,N.Keyword.Store.SB.UPS.StoreSpotlight,USD,81059,211,684.49,24,4327.24
6-Feb-26,amzn1.ads-account.g.ap8yon1iwz0h9l6rda434b6db,CyberPower,,SD,462435011616528,B00429N18S_SD_Consideration_AUDT-Promoted category views remarketing_cpc_20251230,USD,0,0,0,0,0
11-Feb-26,amzn1.ads-account.g.ap8yon1iwz0h9l6rda434b6db,CyberPower,,SB,496257674867474,N.Keyword.Video.SB.UPS.PFCSinewave.2026.CP1500PFCLCD.B00429N19W,USD,3426,14,22.46,0,0
6-Jan-26,amzn1.ads-account.g.ap8yon1iwz0h9l6rda434b6db,CyberPower,,SB,516203922618177,N.Keyword.Store.SB.UPS.StoreSpotlight,USD,0,0,0,0,0
12-Dec-25,amzn1.ads-account.g.ap8yon1iwz0h9l6rda434b6db,CyberPower,,SB,501364882562485,C.Keyword.Video.SB.UPS.IntelligentLCD.CP1500AVRLCD3.B0BCMLLSHL,USD,341,1,3.04,0,0
27-Jan-26,amzn1.ads-account.g.ap8yon1iwz0h9l6rda434b6db,CyberPower,,SB,520121709405886,C.Keyword.Video.SB.PFCSinewave.2026.CP1500PFCLCD,USD,21399,89,273.06,5,1056.75
12-Dec-25,amzn1.ads-account.g.ap8yon1iwz0h9l6rda434b6db,CyberPower,,SB,490434522578484,C.Keyword.Video.SB.UPS.PFCSinewave.CP1500PFCLCD.B00429N19W,USD,292,2,7.63,0,0
12-Dec-25,amzn1.ads-account.g.ap8yon1iwz0h9l6rda434b6db,CyberPower,,SD,170474248246250,C.SD.Product.UPS.IntelligentLCD.CP1500AVRLCD3.B0BCMLLSHL,USD,9095,16,26.8,9,1856.58
9-Jan-26,amzn1.ads-account.g.ap8yon1iwz0h9l6rda434b6db,CyberPower,,SD,382929702717487,B00429N18S_SD_Awareness_AUDT-Complementary category views remarketing_vcpm_20251230,USD,0,0,0,0,0
14-Dec-25,amzn1.ads-account.g.ap8yon1iwz0h9l6rda434b6db,CyberPower,,SB,516203922618177,N.Keyword.Store.SB.UPS.StoreSpotlight,USD,73587,191,543.23,15,2379.25
9-Feb-26,amzn1.ads-account.g.ap8yon1iwz0h9l6rda434b6db,CyberPower,,SD,382929702717487,B00429N18S_SD_Awareness_AUDT-Complementary category views remarketing_vcpm_20251230,USD,0,0,0,0,0
17-Dec-25,amzn1.ads-account.g.ap8yon1iwz0h9l6rda434b6db,CyberPower,,SB,517243732232070,B.RSOV.Products.SB.UPS.1500units,USD,1531,30,0,6,1257.65
21-Feb-26,amzn1.ads-account.g.ap8yon1iwz0h9l6rda434b6db,CyberPower,,SB,298664655817372,C.Keyword.Video.SB.PFCSinewave.2026.CP1500AVRLCD3,USD,31479,168,631.59,4,869.8
18-Feb-26,amzn1.ads-account.g.ap8yon1iwz0h9l6rda434b6db,CyberPower,,SD,170474248246250,C.SD.Product.UPS.IntelligentLCD.CP1500AVRLCD3.B0BCMLLSHL,USD,22206,25,71.36,7,2582
10-Jan-26,amzn1.ads-account.g.ap8yon1iwz0h9l6rda434b6db,CyberPower,,SD,382929702717487,B00429N18S_SD_Awareness_AUDT-Complementary category views remarketing_vcpm_20251230,USD,0,0,0,0,0
10-Jan-26,amzn1.ads-account.g.ap8yon1iwz0h9l6rda434b6db,CyberPower,,SB,425328024590643,C.Keyword.Products.SB.UPS.1500units,USD,0,0,0,0,0
16-Dec-25,amzn1.ads-account.g.ap8yon1iwz0h9l6rda434b6db,CyberPower,,SB,516203922618177,N.Keyword.Store.SB.UPS.StoreSpotlight,USD,77291,152,443.37,18,4593.33
17-Jan-26,amzn1.ads-account.g.ap8yon1iwz0h9l6rda434b6db,CyberPower,,SD,401081905525372,C.Competitor.Consumer.SD.UPS.PFCSineWave.CP1500PFCRM2U.B0B354X985,USD,0,0,0,0,0
7-Jan-26,amzn1.ads-account.g.ap8yon1iwz0h9l6rda434b6db,CyberPower,,SD,520906012389097,B00429N18S_SD_Consideration_CXT-Similar products_cpc_20251230,USD,14774,23,71.97,1,199.95
30-Jan-26,amzn1.ads-account.g.ap8yon1iwz0h9l6rda434b6db,CyberPower,,SD,414479380999065,B00429N18S_SD_Defense_CXT-Category-Segmented category brand_vcpm_20251230,USD,23357,28,108.66,11,2428.57
28-Jan-26,amzn1.ads-account.g.ap8yon1iwz0h9l6rda434b6db,CyberPower,,SD,520906012389097,B00429N18S_SD_Consideration_CXT-Similar products_cpc_20251230,USD,146149,134,931.09,1,239.95
28-Feb-26,amzn1.ads-account.g.ap8yon1iwz0h9l6rda434b6db,CyberPower,,SB,422752340317837,B.Keyword.Store.SB.UPS.2026.StoreSpotlight,USD,81337,257,1334.55,32,6809.08
6-Jan-26,amzn1.ads-account.g.ap8yon1iwz0h9l6rda434b6db,CyberPower,,SB,84817009251939,C.Keyword.Video.SB.PFCSinewave.CP1500PFCRM2U.B0B354X985,USD,0,0,0,0,0
2-Feb-26,amzn1.ads-account.g.ap8yon1iwz0h9l6rda434b6db,CyberPower,,SD,425759037435957,B00429N18S_SD_Conversion_AUDT-Promoted product views remarketing_cpc_20251230,USD,67166,77,429.99,1,179.95
13-Dec-25,amzn1.ads-account.g.ap8yon1iwz0h9l6rda434b6db,CyberPower,,SB,516203922618177,N.Keyword.Store.SB.UPS.StoreSpotlight,USD,67298,158,517.52,13,2682.3
16-Jan-26,amzn1.ads-account.g.ap8yon1iwz0h9l6rda434b6db,CyberPower,,SD,288879984637562,B00429N18S_SD_Consideration_CXT-Strong competitive ASIN_cpc_20251230,USD,2,0,0,0,0
2-Dec-25,amzn1.ads-account.g.ap8yon1iwz0h9l6rda434b6db,CyberPower,,SB,293529288726869,B.Keyword.Video.SB.UPS.PFCSinewave.CP1500PFCLCD.B00429N19W,USD,61,0,0,0,0
16-Jan-26,amzn1.ads-account.g.ap8yon1iwz0h9l6rda434b6db,CyberPower,,SD,414479380999065,B00429N18S_SD_Defense_CXT-Category-Segmented category brand_vcpm_20251230,USD,27427,11,99.86,11,1438.47
19-Jan-26,amzn1.ads-account.g.ap8yon1iwz0h9l6rda434b6db,CyberPower,,SD,425759037435957,B00429N18S_SD_Conversion_AUDT-Promoted product views remarketing_cpc_20251230,USD,0,0,0,0,0
5-Jan-26,amzn1.ads-account.g.ap8yon1iwz0h9l6rda434b6db,CyberPower,,SB,516203922618177,N.Keyword.Store.SB.UPS.StoreSpotlight,USD,0,0,0,0,0
27-Jan-26,amzn1.ads-account.g.ap8yon1iwz0h9l6rda434b6db,CyberPower,,SD,462435011616528,B00429N18S_SD_Consideration_AUDT-Promoted category views remarketing_cpc_20251230,USD,310282,289,916.97,1,329.95
2-Feb-26,amzn1.ads-account.g.ap8yon1iwz0h9l6rda434b6db,CyberPower,,SD,462435011616528,B00429N18S_SD_Consideration_AUDT-Promoted category views remarketing_cpc_20251230,USD,81759,75,455.82,2,479.9
13-Jan-26,amzn1.ads-account.g.ap8yon1iwz0h9l6rda434b6db,CyberPower,,SB,410331745640501,N.Keyword.Video.SB.UPS.2026.StoreSpotlight,USD,229649,734,4740.6,9,2969.52
1-Jan-26,amzn1.ads-account.g.ap8yon1iwz0h9l6rda434b6db,CyberPower,,SB,84817009251939,C.Keyword.Video.SB.PFCSinewave.CP1500PFCRM2U.B0B354X985,USD,0,0,0,0,0
1-Dec-25,amzn1.ads-account.g.ap8yon1iwz0h9l6rda434b6db,CyberPower,,SB,501364882562485,C.Keyword.Video.SB.UPS.IntelligentLCD.CP1500AVRLCD3.B0BCMLLSHL,USD,1060,1,2.65,0,0
2-Jan-26,amzn1.ads-account.g.ap8yon1iwz0h9l6rda434b6db,CyberPower,,SB,425328024590643,C.Keyword.Products.SB.UPS.1500units,USD,0,0,0,0,0
4-Dec-25,amzn1.ads-account.g.ap8yon1iwz0h9l6rda434b6db,CyberPower,,SB,490434522578484,C.Keyword.Video.SB.UPS.PFCSinewave.CP1500PFCLCD.B00429N19W,USD,466,1,7.46,0,0
7-Feb-26,amzn1.ads-account.g.ap8yon1iwz0h9l6rda434b6db,CyberPower,,SD,425759037435957,B00429N18S_SD_Conversion_AUDT-Promoted product views remarketing_cpc_20251230,USD,0,0,0,0,0
7-Jan-26,amzn1.ads-account.g.ap8yon1iwz0h9l6rda434b6db,CyberPower,,SD,560720574941385,B00429N18S_SD_Conversion_AUDT-purchase remarketing-promoted products-key promoted products_cpc_20251230,USD,1009,4,7.29,0,0
5-Dec-25,amzn1.ads-account.g.ap8yon1iwz0h9l6rda434b6db,CyberPower,,SD,287421757846510,C.Keyword.Consumer.SD.UPS.PFCSineWave.CP1500PFCRM2U.B0B354X985,USD,13454,26,104.48,0,0
9-Jan-26,amzn1.ads-account.g.ap8yon1iwz0h9l6rda434b6db,CyberPower,,SD,414479380999065,B00429N18S_SD_Defense_CXT-Category-Segmented category brand_vcpm_20251230,USD,0,0,0,0,0
22-Jan-26,amzn1.ads-account.g.ap8yon1iwz0h9l6rda434b6db,CyberPower,,SD,318904892472489,B00429N18S_SD_Consideration_CXT-Category-Competitive brands_cpc_20251230,USD,172,0,0,0,0
3-Jan-26,amzn1.ads-account.g.ap8yon1iwz0h9l6rda434b6db,CyberPower,,SD,296198269696664,C.SD.Keyword.UPS.IntelligentLCD.CP1500AVRLCD3.B0BCMLLSHL,USD,0,0,0,0,0
24-Dec-25,amzn1.ads-account.g.ap8yon1iwz0h9l6rda434b6db,CyberPower,,SD,170474248246250,C.SD.Product.UPS.IntelligentLCD.CP1500AVRLCD3.B0BCMLLSHL,USD,165493,222,447.5,21,4855.57
6-Jan-26,amzn1.ads-account.g.ap8yon1iwz0h9l6rda434b6db,CyberPower,,SD,170474248246250,C.SD.Product.UPS.IntelligentLCD.CP1500AVRLCD3.B0BCMLLSHL,USD,0,0,0,0,0
19-Jan-26,amzn1.ads-account.g.ap8yon1iwz0h9l6rda434b6db,CyberPower,,SB,298664655817372,C.Keyword.Video.SB.PFCSinewave.2026.CP1500AVRLCD3,USD,85163,464,4782.2,20,4980.8
5-Dec-25,amzn1.ads-account.g.ap8yon1iwz0h9l6rda434b6db,CyberPower,,SB,517243732232070,B.RSOV.Products.SB.UPS.1500units,USD,1085,21,0,10,3762.89
7-Feb-26,amzn1.ads-account.g.ap8yon1iwz0h9l6rda434b6db,CyberPower,,SD,303378536736811,B00429N18S_SD_Consideration_AUDT-Promoted brand views remarketing_cpc_20251230,USD,0,0,0,0,0
31-Jan-26,amzn1.ads-account.g.ap8yon1iwz0h9l6rda434b6db,CyberPower,,SD,303378536736811,B00429N18S_SD_Consideration_AUDT-Promoted brand views remarketing_cpc_20251230,USD,220748,336,709.68,8,1769.6
14-Feb-26,amzn1.ads-account.g.ap8yon1iwz0h9l6rda434b6db,CyberPower,,SD,303378536736811,B00429N18S_SD_Consideration_AUDT-Promoted brand views remarketing_cpc_20251230,USD,0,0,0,0,0
13-Dec-25,amzn1.ads-account.g.ap8yon1iwz0h9l6rda434b6db,CyberPower,,SB,501364882562485,C.Keyword.Video.SB.UPS.IntelligentLCD.CP1500AVRLCD3.B0BCMLLSHL,USD,193,1,0.33,0,0
23-Dec-25,amzn1.ads-account.g.ap8yon1iwz0h9l6rda434b6db,CyberPower,,SB,300358990869228,B.Keyword.Store.SB.UPS.StoreSpotlight,USD,256,2,5.64,2,333.85
13-Dec-25,amzn1.ads-account.g.ap8yon1iwz0h9l6rda434b6db,CyberPower,,SD,263494384088815,C.SD.Product.UPS.Ecologic.EC850LCD.B00DBAA696,USD,305829,239,1026.01,35,5971.97
24-Jan-26,amzn1.ads-account.g.ap8yon1iwz0h9l6rda434b6db,CyberPower,,SB,520121709405886,C.Keyword.Video.SB.PFCSinewave.2026.CP1500PFCLCD,USD,18690,104,336.95,5,1147.75
25-Feb-26,amzn1.ads-account.g.ap8yon1iwz0h9l6rda434b6db,CyberPower,,SD,170474248246250,C.SD.Product.UPS.IntelligentLCD.CP1500AVRLCD3.B0BCMLLSHL,USD,138042,157,253.39,14,3847.04
10-Jan-26,amzn1.ads-account.g.ap8yon1iwz0h9l6rda434b6db,CyberPower,,SD,124438051163565,C.SD.Product.UPS.PFCSinewave.CP1500PFCLCD.B00429N19W,USD,0,0,0,0,0
6-Feb-26,amzn1.ads-account.g.ap8yon1iwz0h9l6rda434b6db,CyberPower,,SB,298664655817372,C.Keyword.Video.SB.PFCSinewave.2026.CP1500AVRLCD3,USD,12297,83,153.08,5,859.75
2-Jan-26,amzn1.ads-account.g.ap8yon1iwz0h9l6rda434b6db,CyberPower,,SB,300358990869228,B.Keyword.Store.SB.UPS.StoreSpotlight,USD,3,0,0,0,0
23-Jan-26,amzn1.ads-account.g.ap8yon1iwz0h9l6rda434b6db,CyberPower,,SD,560720574941385,B00429N18S_SD_Conversion_AUDT-purchase remarketing-promoted products-key promoted products_cpc_20251230,USD,0,0,0,0,0
11-Jan-26,amzn1.ads-account.g.ap8yon1iwz0h9l6rda434b6db,CyberPower,,SD,263494384088815,C.SD.Product.UPS.Ecologic.EC850LCD.B00DBAA696,USD,0,0,0,0,0
22-Jan-26,amzn1.ads-account.g.ap8yon1iwz0h9l6rda434b6db,CyberPower,,SD,288879984637562,B00429N18S_SD_Consideration_CXT-Strong competitive ASIN_cpc_20251230,USD,236,1,2.97,0,0
24-Dec-25,amzn1.ads-account.g.ap8yon1iwz0h9l6rda434b6db,CyberPower,,SB,293529288726869,B.Keyword.Video.SB.UPS.PFCSinewave.CP1500PFCLCD.B00429N19W,USD,47,0,0,0,0
13-Jan-26,amzn1.ads-account.g.ap8yon1iwz0h9l6rda434b6db,CyberPower,,SB,298664655817372,C.Keyword.Video.SB.PFCSinewave.2026.CP1500AVRLCD3,USD,10903,47,379.69,1,199.95
31-Jan-26,amzn1.ads-account.g.ap8yon1iwz0h9l6rda434b6db,CyberPower,,SD,462435011616528,B00429N18S_SD_Consideration_AUDT-Promoted category views remarketing_cpc_20251230,USD,135086,184,908.51,2,479.9
1-Dec-25,amzn1.ads-account.g.ap8yon1iwz0h9l6rda434b6db,CyberPower,,SB,288898439745613,B2B - N.Keyword.Products.SB.UPS.1500units,USD,6894,21,169.9,3,1245.25
3-Dec-25,amzn1.ads-account.g.ap8yon1iwz0h9l6rda434b6db,CyberPower,,SB,425328024590643,C.Keyword.Products.SB.UPS.1500units,USD,9962,32,72.23,1,119.95
5-Feb-26,amzn1.ads-account.g.ap8yon1iwz0h9l6rda434b6db,CyberPower,,SD,414479380999065,B00429N18S_SD_Defense_CXT-Category-Segmented category brand_vcpm_20251230,USD,0,0,0,0,0
9-Dec-25,amzn1.ads-account.g.ap8yon1iwz0h9l6rda434b6db,CyberPower,,SD,263494384088815,C.SD.Product.UPS.Ecologic.EC850LCD.B00DBAA696,USD,297625,158,999.2,63,10515.76
27-Dec-25,amzn1.ads-account.g.ap8yon1iwz0h9l6rda434b6db,CyberPower,,SB,84817009251939,C.Keyword.Video.SB.PFCSinewave.CP1500PFCRM2U.B0B354X985,USD,2734,14,48.47,1,341.95
21-Dec-25,amzn1.ads-account.g.ap8yon1iwz0h9l6rda434b6db,CyberPower,,SB,425328024590643,C.Keyword.Products.SB.UPS.1500units,USD,8077,30,59.5,6,1643.6
11-Dec-25,amzn1.ads-account.g.ap8yon1iwz0h9l6rda434b6db,CyberPower,,SB,517243732232070,B.RSOV.Products.SB.UPS.1500units,USD,1089,26,0,9,3555.33
26-Feb-26,amzn1.ads-account.g.ap8yon1iwz0h9l6rda434b6db,CyberPower,,SB,410331745640501,N.Keyword.Video.SB.UPS.2026.StoreSpotlight,USD,14541,96,374.54,9,2230.29
10-Feb-26,amzn1.ads-account.g.ap8yon1iwz0h9l6rda434b6db,CyberPower,,SB,298664655817372,C.Keyword.Video.SB.PFCSinewave.2026.CP1500AVRLCD3,USD,13759,90,173.79,3,599.85
16-Jan-26,amzn1.ads-account.g.ap8yon1iwz0h9l6rda434b6db,CyberPower,,SB,496257674867474,N.Keyword.Video.SB.UPS.PFCSinewave.2026.CP1500PFCLCD.B00429N19W,USD,49032,209,1939.49,0,0
10-Feb-26,amzn1.ads-account.g.ap8yon1iwz0h9l6rda434b6db,CyberPower,,SD,378661668519490,B00429N18S_SD_Consideration_AUDT-Similar products views remarketing_cpc_20251230,USD,0,0,0,0,0
8-Feb-26,amzn1.ads-account.g.ap8yon1iwz0h9l6rda434b6db,CyberPower,,SB,496257674867474,N.Keyword.Video.SB.UPS.PFCSinewave.2026.CP1500PFCLCD.B00429N19W,USD,4589,14,18.99,1,239.95
9-Dec-25,amzn1.ads-account.g.ap8yon1iwz0h9l6rda434b6db,CyberPower,,SB,300358990869228,B.Keyword.Store.SB.UPS.StoreSpotlight,USD,609,8,10.73,18,4511.33
22-Jan-26,amzn1.ads-account.g.ap8yon1iwz0h9l6rda434b6db,CyberPower,,SB,298664655817372,C.Keyword.Video.SB.PFCSinewave.2026.CP1500AVRLCD3,USD,98818,1652,5590.42,102,21140.65
21-Jan-26,amzn1.ads-account.g.ap8yon1iwz0h9l6rda434b6db,CyberPower,,SB,298664655817372,C.Keyword.Video.SB.PFCSinewave.2026.CP1500AVRLCD3,USD,73695,1314,4508.65,62,12806.75
29-Jan-26,amzn1.ads-account.g.ap8yon1iwz0h9l6rda434b6db,CyberPower,,SD,462435011616528,B00429N18S_SD_Consideration_AUDT-Promoted category views remarketing_cpc_20251230,USD,130905,177,987.45,0,0
18-Jan-26,amzn1.ads-account.g.ap8yon1iwz0h9l6rda434b6db,CyberPower,,SD,414479380999065,B00429N18S_SD_Defense_CXT-Category-Segmented category brand_vcpm_20251230,USD,0,0,0,0,0
19-Feb-26,amzn1.ads-account.g.ap8yon1iwz0h9l6rda434b6db,CyberPower,,SD,170474248246250,C.SD.Product.UPS.IntelligentLCD.CP1500AVRLCD3.B0BCMLLSHL,USD,23273,23,73.24,1,164.95
4-Dec-25,amzn1.ads-account.g.ap8yon1iwz0h9l6rda434b6db,CyberPower,,SB,335733425531216,N.Keyword.Video.SB.UPS.PFCSinewave.CP1500PFCLCD.B00429N19W,USD,5093,40,101.37,3,2379.4
26-Dec-25,amzn1.ads-account.g.ap8yon1iwz0h9l6rda434b6db,CyberPower,,SB,517243732232070,B.RSOV.Products.SB.UPS.1500units,USD,1201,26,0,2,319.9
19-Jan-26,amzn1.ads-account.g.ap8yon1iwz0h9l6rda434b6db,CyberPower,,SB,410331745640501,N.Keyword.Video.SB.UPS.2026.StoreSpotlight,USD,46681,174,1233.63,7,1839.6
20-Dec-25,amzn1.ads-account.g.ap8yon1iwz0h9l6rda434b6db,CyberPower,,SB,293529288726869,B.Keyword.Video.SB.UPS.PFCSinewave.CP1500PFCLCD.B00429N19W,USD,64,3,1.47,0,0
15-Dec-25,amzn1.ads-account.g.ap8yon1iwz0h9l6rda434b6db,CyberPower,,SB,516203922618177,N.Keyword.Store.SB.UPS.StoreSpotlight,USD,71631,213,653.74,26,5197.49
18-Jan-26,amzn1.ads-account.g.ap8yon1iwz0h9l6rda434b6db,CyberPower,,SB,496257674867474,N.Keyword.Video.SB.UPS.PFCSinewave.2026.CP1500PFCLCD.B00429N19W,USD,55676,310,2462.05,17,3575.98
3-Dec-25,amzn1.ads-account.g.ap8yon1iwz0h9l6rda434b6db,CyberPower,,SB,293529288726869,B.Keyword.Video.SB.UPS.PFCSinewave.CP1500PFCLCD.B00429N19W,USD,51,0,0,0,0
6-Jan-26,amzn1.ads-account.g.ap8yon1iwz0h9l6rda434b6db,CyberPower,,SB,490434522578484,C.Keyword.Video.SB.UPS.PFCSinewave.CP1500PFCLCD.B00429N19W,USD,0,0,0,0,0
2-Dec-25,amzn1.ads-account.g.ap8yon1iwz0h9l6rda434b6db,CyberPower,,SD,38365855708871,C.SD.Product.UPS.SmartAppLCD.B000XJLLKG.OR700LCDRM1U,USD,8529,5,32.11,9,1923.68
17-Feb-26,amzn1.ads-account.g.ap8yon1iwz0h9l6rda434b6db,CyberPower,,SD,263494384088815,C.SD.Product.UPS.Ecologic.EC850LCD.B00DBAA696,USD,58369,59,218.18,7,1676.65
18-Jan-26,amzn1.ads-account.g.ap8yon1iwz0h9l6rda434b6db,CyberPower,,SB,422752340317837,B.Keyword.Store.SB.UPS.2026.StoreSpotlight,USD,98965,310,4657.32,22,4441.98
6-Feb-26,amzn1.ads-account.g.ap8yon1iwz0h9l6rda434b6db,CyberPower,,SD,263494384088815,C.SD.Product.UPS.Ecologic.EC850LCD.B00DBAA696,USD,70370,59,312.12,5,859.7
29-Dec-25,amzn1.ads-account.g.ap8yon1iwz0h9l6rda434b6db,CyberPower,,SB,501364882562485,C.Keyword.Video.SB.UPS.IntelligentLCD.CP1500AVRLCD3.B0BCMLLSHL,USD,399,1,6.43,0,0
13-Feb-26,amzn1.ads-account.g.ap8yon1iwz0h9l6rda434b6db,CyberPower,,SB,422752340317837,B.Keyword.Store.SB.UPS.2026.StoreSpotlight,USD,15501,65,204.58,10,2953.78
29-Dec-25,amzn1.ads-account.g.ap8yon1iwz0h9l6rda434b6db,CyberPower,,SD,263494384088815,C.SD.Product.UPS.Ecologic.EC850LCD.B00DBAA696,USD,57751,48,224.54,17,2841.22
19-Jan-26,amzn1.ads-account.g.ap8yon1iwz0h9l6rda434b6db,CyberPower,,SB,436092719312252,B.Keyword.Video.SB.UPS.2026.StoreSpotlight,USD,54597,287,4202.88,26,5086.29
8-Dec-25,amzn1.ads-account.g.ap8yon1iwz0h9l6rda434b6db,CyberPower,,SB,490434522578484,C.Keyword.Video.SB.UPS.PFCSinewave.CP1500PFCLCD.B00429N19W,USD,500,2,14.05,0,0
25-Dec-25,amzn1.ads-account.g.ap8yon1iwz0h9l6rda434b6db,CyberPower,,SB,300358990869228,B.Keyword.Store.SB.UPS.StoreSpotlight,USD,283,1,2.93,5,1639.24
28-Dec-25,amzn1.ads-account.g.ap8yon1iwz0h9l6rda434b6db,CyberPower,,SB,516203922618177,N.Keyword.Store.SB.UPS.StoreSpotlight,USD,15674,81,244.54,11,1889.4
12-Dec-25,amzn1.ads-account.g.ap8yon1iwz0h9l6rda434b6db,CyberPower,,SB,300358990869228,B.Keyword.Store.SB.UPS.StoreSpotlight,USD,525,5,8.75,14,3789.84
27-Feb-26,amzn1.ads-account.g.ap8yon1iwz0h9l6rda434b6db,CyberPower,,SD,170474248246250,C.SD.Product.UPS.IntelligentLCD.CP1500AVRLCD3.B0BCMLLSHL,USD,124326,133,233.59,14,2547.34
30-Jan-26,amzn1.ads-account.g.ap8yon1iwz0h9l6rda434b6db,CyberPower,,SD,520906012389097,B00429N18S_SD_Consideration_CXT-Similar products_cpc_20251230,USD,139165,144,915.57,0,0
16-Jan-26,amzn1.ads-account.g.ap8yon1iwz0h9l6rda434b6db,CyberPower,,SD,378661668519490,B00429N18S_SD_Consideration_AUDT-Similar products views remarketing_cpc_20251230,USD,160867,181,975.43,0,0
21-Jan-26,amzn1.ads-account.g.ap8yon1iwz0h9l6rda434b6db,CyberPower,,SB,436092719312252,B.Keyword.Video.SB.UPS.2026.StoreSpotlight,USD,21070,114,399.87,13,2874.3
31-Dec-25,amzn1.ads-account.g.ap8yon1iwz0h9l6rda434b6db,CyberPower,,SB,517243732232070,B.RSOV.Products.SB.UPS.1500units,USD,1159,24,0,4,482.8
28-Jan-26,amzn1.ads-account.g.ap8yon1iwz0h9l6rda434b6db,CyberPower,,SD,296198269696664,C.SD.Keyword.UPS.IntelligentLCD.CP1500AVRLCD3.B0BCMLLSHL,USD,0,0,0,0,0
28-Feb-26,amzn1.ads-account.g.ap8yon1iwz0h9l6rda434b6db,CyberPower,,SD,124438051163565,C.SD.Product.UPS.PFCSinewave.CP1500PFCLCD.B00429N19W,USD,0,0,0,0,0
13-Feb-26,amzn1.ads-account.g.ap8yon1iwz0h9l6rda434b6db,CyberPower,,SD,560720574941385,B00429N18S_SD_Conversion_AUDT-purchase remarketing-promoted products-key promoted products_cpc_20251230,USD,0,0,0,0,0
8-Jan-26,amzn1.ads-account.g.ap8yon1iwz0h9l6rda434b6db,CyberPower,,SD,38365855708871,C.SD.Product.UPS.SmartAppLCD.B000XJLLKG.OR700LCDRM1U,USD,0,0,0,0,0
5-Jan-26,amzn1.ads-account.g.ap8yon1iwz0h9l6rda434b6db,CyberPower,,SD,263494384088815,C.SD.Product.UPS.Ecologic.EC850LCD.B00DBAA696,USD,0,0,0,0,0
3-Feb-26,amzn1.ads-account.g.ap8yon1iwz0h9l6rda434b6db,CyberPower,,SD,263494384088815,C.SD.Product.UPS.Ecologic.EC850LCD.B00DBAA696,USD,0,0,0,0,0
12-Dec-25,amzn1.ads-account.g.ap8yon1iwz0h9l6rda434b6db,CyberPower,,SD,296198269696664,C.SD.Keyword.UPS.IntelligentLCD.CP1500AVRLCD3.B0BCMLLSHL,USD,36248,73,200.93,0,0
8-Jan-26,amzn1.ads-account.g.ap8yon1iwz0h9l6rda434b6db,CyberPower,,SD,560720574941385,B00429N18S_SD_Conversion_AUDT-purchase remarketing-promoted products-key promoted products_cpc_20251230,USD,0,0,0,0,0
4-Dec-25,amzn1.ads-account.g.ap8yon1iwz0h9l6rda434b6db,CyberPower,,SB,517243732232070,B.RSOV.Products.SB.UPS.1500units,USD,1179,41,0,11,2754.4
31-Dec-25,amzn1.ads-account.g.ap8yon1iwz0h9l6rda434b6db,CyberPower,,SB,300358990869228,B.Keyword.Store.SB.UPS.StoreSpotlight,USD,463,2,4.11,3,399.67
17-Jan-26,amzn1.ads-account.g.ap8yon1iwz0h9l6rda434b6db,CyberPower,,SB,410331745640501,N.Keyword.Video.SB.UPS.2026.StoreSpotlight,USD,37028,139,1090.06,1,239.95
16-Jan-26,amzn1.ads-account.g.ap8yon1iwz0h9l6rda434b6db,CyberPower,,SB,422752340317837,B.Keyword.Store.SB.UPS.2026.StoreSpotlight,USD,111053,340,4839.21,25,7431.32
6-Feb-26,amzn1.ads-account.g.ap8yon1iwz0h9l6rda434b6db,CyberPower,,SB,496257674867474,N.Keyword.Video.SB.UPS.PFCSinewave.2026.CP1500PFCLCD.B00429N19W,USD,4328,24,36.69,1,239.95
6-Feb-26,amzn1.ads-account.g.ap8yon1iwz0h9l6rda434b6db,CyberPower,,SD,560720574941385,B00429N18S_SD_Conversion_AUDT-purchase remarketing-promoted products-key promoted products_cpc_20251230,USD,0,0,0,0,0
22-Jan-26,amzn1.ads-account.g.ap8yon1iwz0h9l6rda434b6db,CyberPower,,SD,339355478634336,B00429N18S_SD_Consideration_AUDT-Competitive brands views remarketing_cpc_20251230,USD,102330,86,1015.96,0,0
12-Feb-26,amzn1.ads-account.g.ap8yon1iwz0h9l6rda434b6db,CyberPower,,SB,298664655817372,C.Keyword.Video.SB.PFCSinewave.2026.CP1500AVRLCD3,USD,13018,78,174.82,7,1356.85
11-Feb-26,amzn1.ads-account.g.ap8yon1iwz0h9l6rda434b6db,CyberPower,,SD,441244082318393,B00429N18S_SD_Awareness_CXT-Complementary category_vcpm_20251230,USD,0,0,0,0,0
30-Dec-25,amzn1.ads-account.g.ap8yon1iwz0h9l6rda434b6db,CyberPower,,SB,293529288726869,B.Keyword.Video.SB.UPS.PFCSinewave.CP1500PFCLCD.B00429N19W,USD,62,0,0,0,0
3-Feb-26,amzn1.ads-account.g.ap8yon1iwz0h9l6rda434b6db,CyberPower,,SD,382929702717487,B00429N18S_SD_Awareness_AUDT-Complementary category views remarketing_vcpm_20251230,USD,0,0,0,0,0
10-Feb-26,amzn1.ads-account.g.ap8yon1iwz0h9l6rda434b6db,CyberPower,,SD,441244082318393,B00429N18S_SD_Awareness_CXT-Complementary category_vcpm_20251230,USD,0,0,0,0,0
5-Dec-25,amzn1.ads-account.g.ap8yon1iwz0h9l6rda434b6db,CyberPower,,SD,296198269696664,C.SD.Keyword.UPS.IntelligentLCD.CP1500AVRLCD3.B0BCMLLSHL,USD,26575,52,212.85,0,0
18-Dec-25,amzn1.ads-account.g.ap8yon1iwz0h9l6rda434b6db,CyberPower,,SB,362619829731385,B.Keyword.Video.SB.UPS.IntelligentLCD.CP1500AVRLCD3.B0BCMLLSHL,USD,2488,16,91.69,1,239.95
31-Dec-25,amzn1.ads-account.g.ap8yon1iwz0h9l6rda434b6db,CyberPower,,SB,335733425531216,N.Keyword.Video.SB.UPS.PFCSinewave.CP1500PFCLCD.B00429N19W,USD,7730,71,210.94,8,1385.91
15-Feb-26,amzn1.ads-account.g.ap8yon1iwz0h9l6rda434b6db,CyberPower,,SD,378661668519490,B00429N18S_SD_Consideration_AUDT-Similar products views remarketing_cpc_20251230,USD,0,0,0,0,0
25-Dec-25,amzn1.ads-account.g.ap8yon1iwz0h9l6rda434b6db,CyberPower,,SB,490434522578484,C.Keyword.Video.SB.UPS.PFCSinewave.CP1500PFCLCD.B00429N19W,USD,217,1,5.2,0,0
10-Dec-25,amzn1.ads-account.g.ap8yon1iwz0h9l6rda434b6db,CyberPower,,SB,335733425531216,N.Keyword.Video.SB.UPS.PFCSinewave.CP1500PFCLCD.B00429N19W,USD,7279,53,152.65,12,2625.4
29-Jan-26,amzn1.ads-account.g.ap8yon1iwz0h9l6rda434b6db,CyberPower,,SB,298664655817372,C.Keyword.Video.SB.PFCSinewave.2026.CP1500AVRLCD3,USD,34458,261,781.64,11,2109.45
8-Jan-26,amzn1.ads-account.g.ap8yon1iwz0h9l6rda434b6db,CyberPower,,SB,517243732232070,B.RSOV.Products.SB.UPS.1500units,USD,0,0,0,0,0
3-Feb-26,amzn1.ads-account.g.ap8yon1iwz0h9l6rda434b6db,CyberPower,,SB,436092719312252,B.Keyword.Video.SB.UPS.2026.StoreSpotlight,USD,7572,53,254.52,9,1564.5
8-Dec-25,amzn1.ads-account.g.ap8yon1iwz0h9l6rda434b6db,CyberPower,,SB,300358990869228,B.Keyword.Store.SB.UPS.StoreSpotlight,USD,609,5,8.65,15,3071.29
16-Jan-26,amzn1.ads-account.g.ap8yon1iwz0h9l6rda434b6db,CyberPower,,SB,436092719312252,B.Keyword.Video.SB.UPS.2026.StoreSpotlight,USD,23143,90,1014.27,11,8671.49
19-Jan-26,amzn1.ads-account.g.ap8yon1iwz0h9l6rda434b6db,CyberPower,,SD,170474248246250,C.SD.Product.UPS.IntelligentLCD.CP1500AVRLCD3.B0BCMLLSHL,USD,0,0,0,0,0
28-Dec-25,amzn1.ads-account.g.ap8yon1iwz0h9l6rda434b6db,CyberPower,,SB,293529288726869,B.Keyword.Video.SB.UPS.PFCSinewave.CP1500PFCLCD.B00429N19W,USD,66,1,1.01,1,60.9
28-Dec-25,amzn1.ads-account.g.ap8yon1iwz0h9l6rda434b6db,CyberPower,,SB,84817009251939,C.Keyword.Video.SB.PFCSinewave.CP1500PFCRM2U.B0B354X985,USD,3361,25,66.46,0,0
26-Dec-25,amzn1.ads-account.g.ap8yon1iwz0h9l6rda434b6db,CyberPower,,SD,401081905525372,C.Competitor.Consumer.SD.UPS.PFCSineWave.CP1500PFCRM2U.B0B354X985,USD,18640,51,83.1,5,1619.75
16-Jan-26,amzn1.ads-account.g.ap8yon1iwz0h9l6rda434b6db,CyberPower,,SD,441244082318393,B00429N18S_SD_Awareness_CXT-Complementary category_vcpm_20251230,USD,128514,92,502.46,14,2245.33
27-Jan-26,amzn1.ads-account.g.ap8yon1iwz0h9l6rda434b6db,CyberPower,,SD,288879984637562,B00429N18S_SD_Consideration_CXT-Strong competitive ASIN_cpc_20251230,USD,14,1,17.15,0,0
4-Feb-26,amzn1.ads-account.g.ap8yon1iwz0h9l6rda434b6db,CyberPower,,SD,303378536736811,B00429N18S_SD_Consideration_AUDT-Promoted brand views remarketing_cpc_20251230,USD,0,0,0,0,0
4-Jan-26,amzn1.ads-account.g.ap8yon1iwz0h9l6rda434b6db,CyberPower,,SD,296198269696664,C.SD.Keyword.UPS.IntelligentLCD.CP1500AVRLCD3.B0BCMLLSHL,USD,0,0,0,0,0
4-Feb-26,amzn1.ads-account.g.ap8yon1iwz0h9l6rda434b6db,CyberPower,,SD,382929702717487,B00429N18S_SD_Awareness_AUDT-Complementary category views remarketing_vcpm_20251230,USD,0,0,0,0,0
20-Dec-25,amzn1.ads-account.g.ap8yon1iwz0h9l6rda434b6db,CyberPower,,SB,490434522578484,C.Keyword.Video.SB.UPS.PFCSinewave.CP1500PFCLCD.B00429N19W,USD,155,0,0,0,0
26-Jan-26,amzn1.ads-account.g.ap8yon1iwz0h9l6rda434b6db,CyberPower,,SB,520121709405886,C.Keyword.Video.SB.PFCSinewave.2026.CP1500PFCLCD,USD,24908,89,278.91,2,669.85
28-Jan-26,amzn1.ads-account.g.ap8yon1iwz0h9l6rda434b6db,CyberPower,,SD,413728361555554,B00429N18S_SD_Consideration_CXT-Competitive products recommended by Xnurta_cpc_20251230,USD,908,3,12.22,0,0
21-Jan-26,amzn1.ads-account.g.ap8yon1iwz0h9l6rda434b6db,CyberPower,,SD,414479380999065,B00429N18S_SD_Defense_CXT-Category-Segmented category brand_vcpm_20251230,USD,617,3,4.76,3,1984.62
11-Feb-26,amzn1.ads-account.g.ap8yon1iwz0h9l6rda434b6db,CyberPower,,SD,414479380999065,B00429N18S_SD_Defense_CXT-Category-Segmented category brand_vcpm_20251230,USD,0,0,0,0,0
20-Dec-25,amzn1.ads-account.g.ap8yon1iwz0h9l6rda434b6db,CyberPower,,SD,287421757846510,C.Keyword.Consumer.SD.UPS.PFCSineWave.CP1500PFCRM2U.B0B354X985,USD,14550,41,72.97,1,359.95
9-Jan-26,amzn1.ads-account.g.ap8yon1iwz0h9l6rda434b6db,CyberPower,,SB,335733425531216,N.Keyword.Video.SB.UPS.PFCSinewave.CP1500PFCLCD.B00429N19W,USD,0,0,0,0,0
24-Jan-26,amzn1.ads-account.g.ap8yon1iwz0h9l6rda434b6db,CyberPower,,SB,410331745640501,N.Keyword.Video.SB.UPS.2026.StoreSpotlight,USD,19841,75,205.17,3,557.85
7-Feb-26,amzn1.ads-account.g.ap8yon1iwz0h9l6rda434b6db,CyberPower,,SD,170474248246250,C.SD.Product.UPS.IntelligentLCD.CP1500AVRLCD3.B0BCMLLSHL,USD,32951,42,129.29,11,1490.45
16-Feb-26,amzn1.ads-account.g.ap8yon1iwz0h9l6rda434b6db,CyberPower,,SD,378661668519490,B00429N18S_SD_Consideration_AUDT-Similar products views remarketing_cpc_20251230,USD,0,0,0,0,0
20-Dec-25,amzn1.ads-account.g.ap8yon1iwz0h9l6rda434b6db,CyberPower,,SB,517243732232070,B.RSOV.Products.SB.UPS.1500units,USD,1075,25,0,3,569.85
13-Feb-26,amzn1.ads-account.g.ap8yon1iwz0h9l6rda434b6db,CyberPower,,SB,520121709405886,C.Keyword.Video.SB.PFCSinewave.2026.CP1500PFCLCD,USD,5604,9,20.17,0,0
29-Dec-25,amzn1.ads-account.g.ap8yon1iwz0h9l6rda434b6db,CyberPower,,SD,38365855708871,C.SD.Product.UPS.SmartAppLCD.B000XJLLKG.OR700LCDRM1U,USD,5042,10,16.71,7,799.44
17-Feb-26,amzn1.ads-account.g.ap8yon1iwz0h9l6rda434b6db,CyberPower,,SB,410331745640501,N.Keyword.Video.SB.UPS.2026.StoreSpotlight,USD,5088,34,94.37,2,219.94
9-Jan-26,amzn1.ads-account.g.ap8yon1iwz0h9l6rda434b6db,CyberPower,,SB,425328024590643,C.Keyword.Products.SB.UPS.1500units,USD,0,0,0,0,0
18-Dec-25,amzn1.ads-account.g.ap8yon1iwz0h9l6rda434b6db,CyberPower,,SB,293529288726869,B.Keyword.Video.SB.UPS.PFCSinewave.CP1500PFCLCD.B00429N19W,USD,45,2,1.17,0,0
17-Jan-26,amzn1.ads-account.g.ap8yon1iwz0h9l6rda434b6db,CyberPower,,SD,425759037435957,B00429N18S_SD_Conversion_AUDT-Promoted product views remarketing_cpc_20251230,USD,0,0,0,0,0
26-Dec-25,amzn1.ads-account.g.ap8yon1iwz0h9l6rda434b6db,CyberPower,,SD,296198269696664,C.SD.Keyword.UPS.IntelligentLCD.CP1500AVRLCD3.B0BCMLLSHL,USD,83186,177,251.42,3,849.75
21-Dec-25,amzn1.ads-account.g.ap8yon1iwz0h9l6rda434b6db,CyberPower,,SB,300358990869228,B.Keyword.Store.SB.UPS.StoreSpotlight,USD,474,8,4.92,9,1128.13
5-Dec-25,amzn1.ads-account.g.ap8yon1iwz0h9l6rda434b6db,CyberPower,,SB,288898439745613,B2B - N.Keyword.Products.SB.UPS.1500units,USD,0,0,0,0,0
31-Dec-25,amzn1.ads-account.g.ap8yon1iwz0h9l6rda434b6db,CyberPower,,SD,520906012389097,B00429N18S_SD_Consideration_CXT-Similar products_cpc_20251230,USD,201,1,0.72,0,0
16-Feb-26,amzn1.ads-account.g.ap8yon1iwz0h9l6rda434b6db,CyberPower,,SB,436092719312252,B.Keyword.Video.SB.UPS.2026.StoreSpotlight,USD,9706,71,315,9,3314.55
24-Jan-26,amzn1.ads-account.g.ap8yon1iwz0h9l6rda434b6db,CyberPower,,SD,339355478634336,B00429N18S_SD_Consideration_AUDT-Competitive brands views remarketing_cpc_20251230,USD,0,0,0,0,0
1-Feb-26,amzn1.ads-account.g.ap8yon1iwz0h9l6rda434b6db,CyberPower,,SB,422752340317837,B.Keyword.Store.SB.UPS.2026.StoreSpotlight,USD,19910,55,169.82,5,757.15
23-Jan-26,amzn1.ads-account.g.ap8yon1iwz0h9l6rda434b6db,CyberPower,,SD,520906012389097,B00429N18S_SD_Consideration_CXT-Similar products_cpc_20251230,USD,0,0,0,0,0
27-Jan-26,amzn1.ads-account.g.ap8yon1iwz0h9l6rda434b6db,CyberPower,,SD,318904892472489,B00429N18S_SD_Consideration_CXT-Category-Competitive brands_cpc_20251230,USD,5539,5,42.15,1,239.95
30-Dec-25,amzn1.ads-account.g.ap8yon1iwz0h9l6rda434b6db,CyberPower,,SB,84817009251939,C.Keyword.Video.SB.PFCSinewave.CP1500PFCRM2U.B0B354X985,USD,1744,7,25.56,3,2201.8
26-Dec-25,amzn1.ads-account.g.ap8yon1iwz0h9l6rda434b6db,CyberPower,,SD,51640494101738,C.Product.Consumer.SP.UPS.PFCSineWave.CP1500PFCRM2U.B0B354X985,USD,715,3,2.66,0,0
27-Jan-26,amzn1.ads-account.g.ap8yon1iwz0h9l6rda434b6db,CyberPower,,SD,303378536736811,B00429N18S_SD_Consideration_AUDT-Promoted brand views remarketing_cpc_20251230,USD,96294,106,913.88,1,239.95
4-Feb-26,amzn1.ads-account.g.ap8yon1iwz0h9l6rda434b6db,CyberPower,,SB,436092719312252,B.Keyword.Video.SB.UPS.2026.StoreSpotlight,USD,7270,56,232.68,11,2441.34
14-Dec-25,amzn1.ads-account.g.ap8yon1iwz0h9l6rda434b6db,CyberPower,,SD,296198269696664,C.SD.Keyword.UPS.IntelligentLCD.CP1500AVRLCD3.B0BCMLLSHL,USD,29056,67,201.02,0,0
1-Feb-26,amzn1.ads-account.g.ap8yon1iwz0h9l6rda434b6db,CyberPower,,SD,296198269696664,C.SD.Keyword.UPS.IntelligentLCD.CP1500AVRLCD3.B0BCMLLSHL,USD,0,0,0,0,0
12-Dec-25,amzn1.ads-account.g.ap8yon1iwz0h9l6rda434b6db,CyberPower,,SB,516203922618177,N.Keyword.Store.SB.UPS.StoreSpotlight,USD,96212,177,543.52,17,2512.6
29-Dec-25,amzn1.ads-account.g.ap8yon1iwz0h9l6rda434b6db,CyberPower,,SD,287421757846510,C.Keyword.Consumer.SD.UPS.PFCSineWave.CP1500PFCRM2U.B0B354X985,USD,0,0,0,0,0
11-Jan-26,amzn1.ads-account.g.ap8yon1iwz0h9l6rda434b6db,CyberPower,,SB,517243732232070,B.RSOV.Products.SB.UPS.1500units,USD,0,0,0,0,0
7-Jan-26,amzn1.ads-account.g.ap8yon1iwz0h9l6rda434b6db,CyberPower,,SB,517243732232070,B.RSOV.Products.SB.UPS.1500units,USD,0,0,0,0,0
5-Feb-26,amzn1.ads-account.g.ap8yon1iwz0h9l6rda434b6db,CyberPower,,SD,441244082318393,B00429N18S_SD_Awareness_CXT-Complementary category_vcpm_20251230,USD,0,0,0,0,0
1-Jan-26,amzn1.ads-account.g.ap8yon1iwz0h9l6rda434b6db,CyberPower,,SB,490434522578484,C.Keyword.Video.SB.UPS.PFCSinewave.CP1500PFCLCD.B00429N19W,USD,0,0,0,0,0
14-Jan-26,amzn1.ads-account.g.ap8yon1iwz0h9l6rda434b6db,CyberPower,,SB,520121709405886,C.Keyword.Video.SB.PFCSinewave.2026.CP1500PFCLCD,USD,24297,83,818.89,2,439.9
2-Feb-26,amzn1.ads-account.g.ap8yon1iwz0h9l6rda434b6db,CyberPower,,SB,496257674867474,N.Keyword.Video.SB.UPS.PFCSinewave.2026.CP1500PFCLCD.B00429N19W,USD,26463,132,377.44,12,4505.44
29-Jan-26,amzn1.ads-account.g.ap8yon1iwz0h9l6rda434b6db,CyberPower,,SD,288879984637562,B00429N18S_SD_Consideration_CXT-Strong competitive ASIN_cpc_20251230,USD,12,0,0,0,0
24-Feb-26,amzn1.ads-account.g.ap8yon1iwz0h9l6rda434b6db,CyberPower,,SD,296198269696664,C.SD.Keyword.UPS.IntelligentLCD.CP1500AVRLCD3.B0BCMLLSHL,USD,0,0,0,0,0
8-Feb-26,amzn1.ads-account.g.ap8yon1iwz0h9l6rda434b6db,CyberPower,,SD,560720574941385,B00429N18S_SD_Conversion_AUDT-purchase remarketing-promoted products-key promoted products_cpc_20251230,USD,0,0,0,0,0
30-Dec-25,amzn1.ads-account.g.ap8yon1iwz0h9l6rda434b6db,CyberPower,,SB,490434522578484,C.Keyword.Video.SB.UPS.PFCSinewave.CP1500PFCLCD.B00429N19W,USD,508,4,6.65,1,239.95
26-Dec-25,amzn1.ads-account.g.ap8yon1iwz0h9l6rda434b6db,CyberPower,,SD,170474248246250,C.SD.Product.UPS.IntelligentLCD.CP1500AVRLCD3.B0BCMLLSHL,USD,66186,86,194.83,20,4471.59
22-Jan-26,amzn1.ads-account.g.ap8yon1iwz0h9l6rda434b6db,CyberPower,,SD,520906012389097,B00429N18S_SD_Consideration_CXT-Similar products_cpc_20251230,USD,18665,20,75.02,0,0
31-Dec-25,amzn1.ads-account.g.ap8yon1iwz0h9l6rda434b6db,CyberPower,,SB,501364882562485,C.Keyword.Video.SB.UPS.IntelligentLCD.CP1500AVRLCD3.B0BCMLLSHL,USD,377,2,7.81,0,0
23-Feb-26,amzn1.ads-account.g.ap8yon1iwz0h9l6rda434b6db,CyberPower,,SB,298664655817372,C.Keyword.Video.SB.PFCSinewave.2026.CP1500AVRLCD3,USD,33584,184,719.43,20,4279.3
27-Dec-25,amzn1.ads-account.g.ap8yon1iwz0h9l6rda434b6db,CyberPower,,SB,335733425531216,N.Keyword.Video.SB.UPS.PFCSinewave.CP1500PFCLCD.B00429N19W,USD,5257,35,91.32,6,2029.69
5-Dec-25,amzn1.ads-account.g.ap8yon1iwz0h9l6rda434b6db,CyberPower,,SD,51640494101738,C.Product.Consumer.SP.UPS.PFCSineWave.CP1500PFCRM2U.B0B354X985,USD,405,4,11.78,1,89.95
19-Dec-25,amzn1.ads-account.g.ap8yon1iwz0h9l6rda434b6db,CyberPower,,SD,170474248246250,C.SD.Product.UPS.IntelligentLCD.CP1500AVRLCD3.B0BCMLLSHL,USD,11707,19,39.96,7,1172.58
7-Jan-26,amzn1.ads-account.g.ap8yon1iwz0h9l6rda434b6db,CyberPower,,SD,401081905525372,C.Competitor.Consumer.SD.UPS.PFCSineWave.CP1500PFCRM2U.B0B354X985,USD,0,0,0,0,0
13-Dec-25,amzn1.ads-account.g.ap8yon1iwz0h9l6rda434b6db,CyberPower,,SD,38365855708871,C.SD.Product.UPS.SmartAppLCD.B000XJLLKG.OR700LCDRM1U,USD,3311,6,12.17,2,124.69
22-Dec-25,amzn1.ads-account.g.ap8yon1iwz0h9l6rda434b6db,CyberPower,,SD,287421757846510,C.Keyword.Consumer.SD.UPS.PFCSineWave.CP1500PFCRM2U.B0B354X985,USD,7326,20,54.59,1,239.95
31-Jan-26,amzn1.ads-account.g.ap8yon1iwz0h9l6rda434b6db,CyberPower,,SD,414479380999065,B00429N18S_SD_Defense_CXT-Category-Segmented category brand_vcpm_20251230,USD,19421,26,101.02,8,1459.55
22-Jan-26,amzn1.ads-account.g.ap8yon1iwz0h9l6rda434b6db,CyberPower,,SD,413728361555554,B00429N18S_SD_Consideration_CXT-Competitive products recommended by Xnurta_cpc_20251230,USD,3295,4,35.86,0,0
4-Jan-26,amzn1.ads-account.g.ap8yon1iwz0h9l6rda434b6db,CyberPower,,SD,170474248246250,C.SD.Product.UPS.IntelligentLCD.CP1500AVRLCD3.B0BCMLLSHL,USD,0,0,0,0,0
6-Jan-26,amzn1.ads-account.g.ap8yon1iwz0h9l6rda434b6db,CyberPower,,SB,425328024590643,C.Keyword.Products.SB.UPS.1500units,USD,0,0,0,0,0
23-Feb-26,amzn1.ads-account.g.ap8yon1iwz0h9l6rda434b6db,CyberPower,,SD,287421757846510,C.Keyword.Consumer.SD.UPS.PFCSineWave.CP1500PFCRM2U.B0B354X985,USD,0,0,0,0,0
28-Feb-26,amzn1.ads-account.g.ap8yon1iwz0h9l6rda434b6db,CyberPower,,SB,298664655817372,C.Keyword.Video.SB.PFCSinewave.2026.CP1500AVRLCD3,USD,33915,248,937.01,11,2603.01
6-Dec-25,amzn1.ads-account.g.ap8yon1iwz0h9l6rda434b6db,CyberPower,,SB,288898439745613,B2B - N.Keyword.Products.SB.UPS.1500units,USD,0,0,0,0,0
8-Feb-26,amzn1.ads-account.g.ap8yon1iwz0h9l6rda434b6db,CyberPower,,SD,520906012389097,B00429N18S_SD_Consideration_CXT-Similar products_cpc_20251230,USD,0,0,0,0,0
16-Feb-26,amzn1.ads-account.g.ap8yon1iwz0h9l6rda434b6db,CyberPower,,SB,496257674867474,N.Keyword.Video.SB.UPS.PFCSinewave.2026.CP1500PFCLCD.B00429N19W,USD,4306,15,30.97,2,467.9
3-Feb-26,amzn1.ads-account.g.ap8yon1iwz0h9l6rda434b6db,CyberPower,,SD,339355478634336,B00429N18S_SD_Consideration_AUDT-Competitive brands views remarketing_cpc_20251230,USD,0,0,0,0,0
19-Dec-25,amzn1.ads-account.g.ap8yon1iwz0h9l6rda434b6db,CyberPower,,SD,401081905525372,C.Competitor.Consumer.SD.UPS.PFCSineWave.CP1500PFCRM2U.B0B354X985,USD,12954,52,95.34,3,669.85
6-Jan-26,amzn1.ads-account.g.ap8yon1iwz0h9l6rda434b6db,CyberPower,,SD,462435011616528,B00429N18S_SD_Consideration_AUDT-Promoted category views remarketing_cpc_20251230,USD,64914,108,174.13,0,0
12-Jan-26,amzn1.ads-account.g.ap8yon1iwz0h9l6rda434b6db,CyberPower,,SB,520121709405886,C.Keyword.Video.SB.PFCSinewave.2026.CP1500PFCLCD,USD,2167,6,61.81,1,359.95
6-Jan-26,amzn1.ads-account.g.ap8yon1iwz0h9l6rda434b6db,CyberPower,,SD,287421757846510,C.Keyword.Consumer.SD.UPS.PFCSineWave.CP1500PFCRM2U.B0B354X985,USD,0,0,0,0,0
20-Jan-26,amzn1.ads-account.g.ap8yon1iwz0h9l6rda434b6db,CyberPower,,SB,298664655817372,C.Keyword.Video.SB.PFCSinewave.2026.CP1500AVRLCD3,USD,70725,464,4988.18,21,4142.15
15-Jan-26,amzn1.ads-account.g.ap8yon1iwz0h9l6rda434b6db,CyberPower,,SD,560720574941385,B00429N18S_SD_Conversion_AUDT-purchase remarketing-promoted products-key promoted products_cpc_20251230,USD,0,0,0,0,0
11-Jan-26,amzn1.ads-account.g.ap8yon1iwz0h9l6rda434b6db,CyberPower,,SD,425759037435957,B00429N18S_SD_Conversion_AUDT-Promoted product views remarketing_cpc_20251230,USD,0,0,0,0,0
12-Dec-25,amzn1.ads-account.g.ap8yon1iwz0h9l6rda434b6db,CyberPower,,SB,293529288726869,B.Keyword.Video.SB.UPS.PFCSinewave.CP1500PFCLCD.B00429N19W,USD,76,1,9.02,0,0
4-Feb-26,amzn1.ads-account.g.ap8yon1iwz0h9l6rda434b6db,CyberPower,,SD,318904892472489,B00429N18S_SD_Consideration_CXT-Category-Competitive brands_cpc_20251230,USD,0,0,0,0,0
10-Feb-26,amzn1.ads-account.g.ap8yon1iwz0h9l6rda434b6db,CyberPower,,SD,425759037435957,B00429N18S_SD_Conversion_AUDT-Promoted product views remarketing_cpc_20251230,USD,0,0,0,0,0
27-Feb-26,amzn1.ads-account.g.ap8yon1iwz0h9l6rda434b6db,CyberPower,,SD,124438051163565,C.SD.Product.UPS.PFCSinewave.CP1500PFCLCD.B00429N19W,USD,0,0,0,0,0
29-Jan-26,amzn1.ads-account.g.ap8yon1iwz0h9l6rda434b6db,CyberPower,,SD,520906012389097,B00429N18S_SD_Consideration_CXT-Similar products_cpc_20251230,USD,167760,185,928.74,3,2007.65
13-Dec-25,amzn1.ads-account.g.ap8yon1iwz0h9l6rda434b6db,CyberPower,,SD,296198269696664,C.SD.Keyword.UPS.IntelligentLCD.CP1500AVRLCD3.B0BCMLLSHL,USD,33236,76,180.25,1,199.95
16-Feb-26,amzn1.ads-account.g.ap8yon1iwz0h9l6rda434b6db,CyberPower,,SB,520121709405886,C.Keyword.Video.SB.PFCSinewave.2026.CP1500PFCLCD,USD,5657,19,50.8,4,1399.7
1-Jan-26,amzn1.ads-account.g.ap8yon1iwz0h9l6rda434b6db,CyberPower,,SD,263494384088815,C.SD.Product.UPS.Ecologic.EC850LCD.B00DBAA696,USD,0,0,0,0,0
20-Jan-26,amzn1.ads-account.g.ap8yon1iwz0h9l6rda434b6db,CyberPower,,SB,410331745640501,N.Keyword.Video.SB.UPS.2026.StoreSpotlight,USD,76554,310,2343.68,8,1451.6
4-Dec-25,amzn1.ads-account.g.ap8yon1iwz0h9l6rda434b6db,CyberPower,,SB,450441693358033,B2B - B.Keyword.Products.SB.UPS.1500units,USD,0,0,0,0,0
31-Jan-26,amzn1.ads-account.g.ap8yon1iwz0h9l6rda434b6db,CyberPower,,SD,339355478634336,B00429N18S_SD_Consideration_AUDT-Competitive brands views remarketing_cpc_20251230,USD,271370,258,900.39,1,239.95
13-Feb-26,amzn1.ads-account.g.ap8yon1iwz0h9l6rda434b6db,CyberPower,,SD,170474248246250,C.SD.Product.UPS.IntelligentLCD.CP1500AVRLCD3.B0BCMLLSHL,USD,17234,18,46.4,5,505.7
7-Dec-25,amzn1.ads-account.g.ap8yon1iwz0h9l6rda434b6db,CyberPower,,SD,51640494101738,C.Product.Consumer.SP.UPS.PFCSineWave.CP1500PFCRM2U.B0B354X985,USD,61,0,0,0,0
2-Jan-26,amzn1.ads-account.g.ap8yon1iwz0h9l6rda434b6db,CyberPower,,SD,382929702717487,B00429N18S_SD_Awareness_AUDT-Complementary category views remarketing_vcpm_20251230,USD,0,0,0,0,0
26-Jan-26,amzn1.ads-account.g.ap8yon1iwz0h9l6rda434b6db,CyberPower,,SB,298664655817372,C.Keyword.Video.SB.PFCSinewave.2026.CP1500AVRLCD3,USD,52631,360,1017.05,21,4195.9
25-Dec-25,amzn1.ads-account.g.ap8yon1iwz0h9l6rda434b6db,CyberPower,,SB,517243732232070,B.RSOV.Products.SB.UPS.1500units,USD,861,14,0,2,299.94
26-Feb-26,amzn1.ads-account.g.ap8yon1iwz0h9l6rda434b6db,CyberPower,,SB,422752340317837,B.Keyword.Store.SB.UPS.2026.StoreSpotlight,USD,96485,239,1100.56,22,5091.13
26-Feb-26,amzn1.ads-account.g.ap8yon1iwz0h9l6rda434b6db,CyberPower,,SD,296198269696664,C.SD.Keyword.UPS.IntelligentLCD.CP1500AVRLCD3.B0BCMLLSHL,USD,0,0,0,0,0
30-Dec-25,amzn1.ads-account.g.ap8yon1iwz0h9l6rda434b6db,CyberPower,,SB,517243732232070,B.RSOV.Products.SB.UPS.1500units,USD,1316,29,0,8,1802.09
28-Jan-26,amzn1.ads-account.g.ap8yon1iwz0h9l6rda434b6db,CyberPower,,SD,560720574941385,B00429N18S_SD_Conversion_AUDT-purchase remarketing-promoted products-key promoted products_cpc_20251230,USD,11763,14,52.84,0,0
14-Dec-25,amzn1.ads-account.g.ap8yon1iwz0h9l6rda434b6db,CyberPower,,SD,51640494101738,C.Product.Consumer.SP.UPS.PFCSineWave.CP1500PFCRM2U.B0B354X985,USD,467,2,0.72,0,0
28-Jan-26,amzn1.ads-account.g.ap8yon1iwz0h9l6rda434b6db,CyberPower,,SB,520121709405886,C.Keyword.Video.SB.PFCSinewave.2026.CP1500PFCLCD,USD,23841,105,313.73,13,3223.85
1-Dec-25,amzn1.ads-account.g.ap8yon1iwz0h9l6rda434b6db,CyberPower,,SB,335733425531216,N.Keyword.Video.SB.UPS.PFCSinewave.CP1500PFCLCD.B00429N19W,USD,7337,62,188.24,9,2091.5
19-Dec-25,amzn1.ads-account.g.ap8yon1iwz0h9l6rda434b6db,CyberPower,,SB,425328024590643,C.Keyword.Products.SB.UPS.1500units,USD,13016,58,145.11,13,3138.3
5-Dec-25,amzn1.ads-account.g.ap8yon1iwz0h9l6rda434b6db,CyberPower,,SB,293529288726869,B.Keyword.Video.SB.UPS.PFCSinewave.CP1500PFCLCD.B00429N19W,USD,62,0,0,0,0
9-Feb-26,amzn1.ads-account.g.ap8yon1iwz0h9l6rda434b6db,CyberPower,,SD,378661668519490,B00429N18S_SD_Consideration_AUDT-Similar products views remarketing_cpc_20251230,USD,0,0,0,0,0
24-Jan-26,amzn1.ads-account.g.ap8yon1iwz0h9l6rda434b6db,CyberPower,,SD,303378536736811,B00429N18S_SD_Consideration_AUDT-Promoted brand views remarketing_cpc_20251230,USD,0,0,0,0,0
21-Dec-25,amzn1.ads-account.g.ap8yon1iwz0h9l6rda434b6db,CyberPower,,SB,516203922618177,N.Keyword.Store.SB.UPS.StoreSpotlight,USD,62656,146,421.87,21,2331.73
11-Jan-26,amzn1.ads-account.g.ap8yon1iwz0h9l6rda434b6db,CyberPower,,SB,516203922618177,N.Keyword.Store.SB.UPS.StoreSpotlight,USD,0,0,0,0,0
28-Dec-25,amzn1.ads-account.g.ap8yon1iwz0h9l6rda434b6db,CyberPower,,SB,362619829731385,B.Keyword.Video.SB.UPS.IntelligentLCD.CP1500AVRLCD3.B0BCMLLSHL,USD,2635,18,80.27,3,629.85
11-Feb-26,amzn1.ads-account.g.ap8yon1iwz0h9l6rda434b6db,CyberPower,,SB,520121709405886,C.Keyword.Video.SB.PFCSinewave.2026.CP1500PFCLCD,USD,6274,9,17.2,0,0
24-Jan-26,amzn1.ads-account.g.ap8yon1iwz0h9l6rda434b6db,CyberPower,,SB,298664655817372,C.Keyword.Video.SB.PFCSinewave.2026.CP1500AVRLCD3,USD,64695,514,1686.52,26,5938.5
10-Feb-26,amzn1.ads-account.g.ap8yon1iwz0h9l6rda434b6db,CyberPower,,SD,170474248246250,C.SD.Product.UPS.IntelligentLCD.CP1500AVRLCD3.B0BCMLLSHL,USD,66744,53,198.48,3,389.42
15-Feb-26,amzn1.ads-account.g.ap8yon1iwz0h9l6rda434b6db,CyberPower,,SD,401081905525372,C.Competitor.Consumer.SD.UPS.PFCSineWave.CP1500PFCRM2U.B0B354X985,USD,0,0,0,0,0
13-Feb-26,amzn1.ads-account.g.ap8yon1iwz0h9l6rda434b6db,CyberPower,,SD,425759037435957,B00429N18S_SD_Conversion_AUDT-Promoted product views remarketing_cpc_20251230,USD,0,0,0,0,0
21-Dec-25,amzn1.ads-account.g.ap8yon1iwz0h9l6rda434b6db,CyberPower,,SB,335733425531216,N.Keyword.Video.SB.UPS.PFCSinewave.CP1500PFCLCD.B00429N19W,USD,3956,26,78.59,1,239.95
22-Jan-26,amzn1.ads-account.g.ap8yon1iwz0h9l6rda434b6db,CyberPower,,SD,560720574941385,B00429N18S_SD_Conversion_AUDT-purchase remarketing-promoted products-key promoted products_cpc_20251230,USD,3343,2,1.35,0,0
7-Dec-25,amzn1.ads-account.g.ap8yon1iwz0h9l6rda434b6db,CyberPower,,SB,293529288726869,B.Keyword.Video.SB.UPS.PFCSinewave.CP1500PFCLCD.B00429N19W,USD,58,0,0,0,0
1-Feb-26,amzn1.ads-account.g.ap8yon1iwz0h9l6rda434b6db,CyberPower,,SD,339355478634336,B00429N18S_SD_Consideration_AUDT-Competitive brands views remarketing_cpc_20251230,USD,142965,161,452.16,1,239.95
13-Dec-25,amzn1.ads-account.g.ap8yon1iwz0h9l6rda434b6db,CyberPower,,SB,300358990869228,B.Keyword.Store.SB.UPS.StoreSpotlight,USD,414,7,8.07,8,2136.77
12-Jan-26,amzn1.ads-account.g.ap8yon1iwz0h9l6rda434b6db,CyberPower,,SD,560720574941385,B00429N18S_SD_Conversion_AUDT-purchase remarketing-promoted products-key promoted products_cpc_20251230,USD,0,0,0,0,0
2-Dec-25,amzn1.ads-account.g.ap8yon1iwz0h9l6rda434b6db,CyberPower,,SB,369323377946560,B2B - N.Keyword.Store.SB.UPS.StoreSpotlight,USD,321,1,8.33,0,0
7-Jan-26,amzn1.ads-account.g.ap8yon1iwz0h9l6rda434b6db,CyberPower,,SD,263494384088815,C.SD.Product.UPS.Ecologic.EC850LCD.B00DBAA696,USD,0,0,0,0,0
31-Dec-25,amzn1.ads-account.g.ap8yon1iwz0h9l6rda434b6db,CyberPower,,SB,490434522578484,C.Keyword.Video.SB.UPS.PFCSinewave.CP1500PFCLCD.B00429N19W,USD,398,0,0,0,0
9-Dec-25,amzn1.ads-account.g.ap8yon1iwz0h9l6rda434b6db,CyberPower,,SB,517243732232070,B.RSOV.Products.SB.UPS.1500units,USD,1268,28,0,4,721.8
25-Dec-25,amzn1.ads-account.g.ap8yon1iwz0h9l6rda434b6db,CyberPower,,SB,501364882562485,C.Keyword.Video.SB.UPS.IntelligentLCD.CP1500AVRLCD3.B0BCMLLSHL,USD,221,3,8.07,0,0
30-Jan-26,amzn1.ads-account.g.ap8yon1iwz0h9l6rda434b6db,CyberPower,,SD,462435011616528,B00429N18S_SD_Consideration_AUDT-Promoted category views remarketing_cpc_20251230,USD,148638,149,901.36,1,179.95
29-Jan-26,amzn1.ads-account.g.ap8yon1iwz0h9l6rda434b6db,CyberPower,,SB,520121709405886,C.Keyword.Video.SB.PFCSinewave.2026.CP1500PFCLCD,USD,19852,62,195.64,3,591.85
27-Dec-25,amzn1.ads-account.g.ap8yon1iwz0h9l6rda434b6db,CyberPower,,SD,401081905525372,C.Competitor.Consumer.SD.UPS.PFCSineWave.CP1500PFCRM2U.B0B354X985,USD,22992,71,85.28,0,0
22-Dec-25,amzn1.ads-account.g.ap8yon1iwz0h9l6rda434b6db,CyberPower,,SB,84817009251939,C.Keyword.Video.SB.PFCSinewave.CP1500PFCRM2U.B0B354X985,USD,5695,13,36.57,0,0
29-Dec-25,amzn1.ads-account.g.ap8yon1iwz0h9l6rda434b6db,CyberPower,,SD,170474248246250,C.SD.Product.UPS.IntelligentLCD.CP1500AVRLCD3.B0BCMLLSHL,USD,388,0,1.93,0,0
12-Feb-26,amzn1.ads-account.g.ap8yon1iwz0h9l6rda434b6db,CyberPower,,SD,414479380999065,B00429N18S_SD_Defense_CXT-Category-Segmented category brand_vcpm_20251230,USD,0,0,0,0,0
23-Dec-25,amzn1.ads-account.g.ap8yon1iwz0h9l6rda434b6db,CyberPower,,SD,38365855708871,C.SD.Product.UPS.SmartAppLCD.B000XJLLKG.OR700LCDRM1U,USD,11348,12,40.24,1,279.95
22-Feb-26,amzn1.ads-account.g.ap8yon1iwz0h9l6rda434b6db,CyberPower,,SD,263494384088815,C.SD.Product.UPS.Ecologic.EC850LCD.B00DBAA696,USD,74621,67,232.33,10,1287.3
8-Jan-26,amzn1.ads-account.g.ap8yon1iwz0h9l6rda434b6db,CyberPower,,SD,124438051163565,C.SD.Product.UPS.PFCSinewave.CP1500PFCLCD.B00429N19W,USD,0,0,0,0,0
1-Dec-25,amzn1.ads-account.g.ap8yon1iwz0h9l6rda434b6db,CyberPower,,SD,51640494101738,C.Product.Consumer.SP.UPS.PFCSineWave.CP1500PFCRM2U.B0B354X985,USD,214,0,0,0,0
5-Dec-25,amzn1.ads-account.g.ap8yon1iwz0h9l6rda434b6db,CyberPower,,SB,300358990869228,B.Keyword.Store.SB.UPS.StoreSpotlight,USD,552,4,8.37,10,2644.4
7-Dec-25,amzn1.ads-account.g.ap8yon1iwz0h9l6rda434b6db,CyberPower,,SB,501364882562485,C.Keyword.Video.SB.UPS.IntelligentLCD.CP1500AVRLCD3.B0BCMLLSHL,USD,367,2,7.47,0,0
9-Dec-25,amzn1.ads-account.g.ap8yon1iwz0h9l6rda434b6db,CyberPower,,SD,296198269696664,C.SD.Keyword.UPS.IntelligentLCD.CP1500AVRLCD3.B0BCMLLSHL,USD,55559,103,184.65,0,0
3-Dec-25,amzn1.ads-account.g.ap8yon1iwz0h9l6rda434b6db,CyberPower,,SB,362619829731385,B.Keyword.Video.SB.UPS.IntelligentLCD.CP1500AVRLCD3.B0BCMLLSHL,USD,3122,29,268.95,2,399.9
8-Dec-25,amzn1.ads-account.g.ap8yon1iwz0h9l6rda434b6db,CyberPower,,SB,501364882562485,C.Keyword.Video.SB.UPS.IntelligentLCD.CP1500AVRLCD3.B0BCMLLSHL,USD,562,1,1.01,0,0
10-Dec-25,amzn1.ads-account.g.ap8yon1iwz0h9l6rda434b6db,CyberPower,,SB,516203922618177,N.Keyword.Store.SB.UPS.StoreSpotlight,USD,105687,210,665.16,33,6602.35
25-Feb-26,amzn1.ads-account.g.ap8yon1iwz0h9l6rda434b6db,CyberPower,,SD,425759037435957,B00429N18S_SD_Conversion_AUDT-Promoted product views remarketing_cpc_20251230,USD,0,0,0,0,0
8-Feb-26,amzn1.ads-account.g.ap8yon1iwz0h9l6rda434b6db,CyberPower,,SD,339355478634336,B00429N18S_SD_Consideration_AUDT-Competitive brands views remarketing_cpc_20251230,USD,0,0,0,0,0
7-Jan-26,amzn1.ads-account.g.ap8yon1iwz0h9l6rda434b6db,CyberPower,,SD,413728361555554,B00429N18S_SD_Consideration_CXT-Competitive products recommended by Xnurta_cpc_20251230,USD,95,0,0,0,0
10-Jan-26,amzn1.ads-account.g.ap8yon1iwz0h9l6rda434b6db,CyberPower,,SB,335733425531216,N.Keyword.Video.SB.UPS.PFCSinewave.CP1500PFCLCD.B00429N19W,USD,0,0,0,0,0
18-Jan-26,amzn1.ads-account.g.ap8yon1iwz0h9l6rda434b6db,CyberPower,,SD,339355478634336,B00429N18S_SD_Consideration_AUDT-Competitive brands views remarketing_cpc_20251230,USD,0,0,0,0,0
13-Feb-26,amzn1.ads-account.g.ap8yon1iwz0h9l6rda434b6db,CyberPower,,SD,263494384088815,C.SD.Product.UPS.Ecologic.EC850LCD.B00DBAA696,USD,40537,47,167.37,5,1019.7
5-Dec-25,amzn1.ads-account.g.ap8yon1iwz0h9l6rda434b6db,CyberPower,,SD,170474248246250,C.SD.Product.UPS.IntelligentLCD.CP1500AVRLCD3.B0BCMLLSHL,USD,131715,115,321.75,16,2252.97
17-Dec-25,amzn1.ads-account.g.ap8yon1iwz0h9l6rda434b6db,CyberPower,,SD,170474248246250,C.SD.Product.UPS.IntelligentLCD.CP1500AVRLCD3.B0BCMLLSHL,USD,25515,56,69.39,5,4427.63
22-Dec-25,amzn1.ads-account.g.ap8yon1iwz0h9l6rda434b6db,CyberPower,,SD,170474248246250,C.SD.Product.UPS.IntelligentLCD.CP1500AVRLCD3.B0BCMLLSHL,USD,40875,73,131.56,9,1798.87
2-Jan-26,amzn1.ads-account.g.ap8yon1iwz0h9l6rda434b6db,CyberPower,,SB,335733425531216,N.Keyword.Video.SB.UPS.PFCSinewave.CP1500PFCLCD.B00429N19W,USD,0,1,3.9,1,119.95
13-Dec-25,amzn1.ads-account.g.ap8yon1iwz0h9l6rda434b6db,CyberPower,,SB,293529288726869,B.Keyword.Video.SB.UPS.PFCSinewave.CP1500PFCLCD.B00429N19W,USD,58,1,5.99,0,0
23-Jan-26,amzn1.ads-account.g.ap8yon1iwz0h9l6rda434b6db,CyberPower,,SD,339355478634336,B00429N18S_SD_Consideration_AUDT-Competitive brands views remarketing_cpc_20251230,USD,0,0,0,0,0
10-Feb-26,amzn1.ads-account.g.ap8yon1iwz0h9l6rda434b6db,CyberPower,,SD,462435011616528,B00429N18S_SD_Consideration_AUDT-Promoted category views remarketing_cpc_20251230,USD,0,0,0,0,0
30-Jan-26,amzn1.ads-account.g.ap8yon1iwz0h9l6rda434b6db,CyberPower,,SD,441244082318393,B00429N18S_SD_Awareness_CXT-Complementary category_vcpm_20251230,USD,84506,71,459.66,18,4796.1
13-Dec-25,amzn1.ads-account.g.ap8yon1iwz0h9l6rda434b6db,CyberPower,,SB,517243732232070,B.RSOV.Products.SB.UPS.1500units,USD,903,23,0,4,494.84
7-Feb-26,amzn1.ads-account.g.ap8yon1iwz0h9l6rda434b6db,CyberPower,,SD,378661668519490,B00429N18S_SD_Consideration_AUDT-Similar products views remarketing_cpc_20251230,USD,0,0,0,0,0
16-Dec-25,amzn1.ads-account.g.ap8yon1iwz0h9l6rda434b6db,CyberPower,,SB,425328024590643,C.Keyword.Products.SB.UPS.1500units,USD,12635,57,131.35,9,1627.2
16-Dec-25,amzn1.ads-account.g.ap8yon1iwz0h9l6rda434b6db,CyberPower,,SB,293529288726869,B.Keyword.Video.SB.UPS.PFCSinewave.CP1500PFCLCD.B00429N19W,USD,59,0,0,0,0
23-Jan-26,amzn1.ads-account.g.ap8yon1iwz0h9l6rda434b6db,CyberPower,,SD,414479380999065,B00429N18S_SD_Defense_CXT-Category-Segmented category brand_vcpm_20251230,USD,0,0,0,0,0
8-Feb-26,amzn1.ads-account.g.ap8yon1iwz0h9l6rda434b6db,CyberPower,,SD,441244082318393,B00429N18S_SD_Awareness_CXT-Complementary category_vcpm_20251230,USD,0,0,0,0,0
1-Jan-26,amzn1.ads-account.g.ap8yon1iwz0h9l6rda434b6db,CyberPower,,SB,425328024590643,C.Keyword.Products.SB.UPS.1500units,USD,2,0,0,0,0
16-Dec-25,amzn1.ads-account.g.ap8yon1iwz0h9l6rda434b6db,CyberPower,,SD,296198269696664,C.SD.Keyword.UPS.IntelligentLCD.CP1500AVRLCD3.B0BCMLLSHL,USD,41112,80,202.14,0,0
7-Dec-25,amzn1.ads-account.g.ap8yon1iwz0h9l6rda434b6db,CyberPower,,SB,517243732232070,B.RSOV.Products.SB.UPS.1500units,USD,1061,30,0,4,879.8
24-Feb-26,amzn1.ads-account.g.ap8yon1iwz0h9l6rda434b6db,CyberPower,,SB,436092719312252,B.Keyword.Video.SB.UPS.2026.StoreSpotlight,USD,9128,42,162.81,3,1789.65
12-Jan-26,amzn1.ads-account.g.ap8yon1iwz0h9l6rda434b6db,CyberPower,,SB,436092719312252,B.Keyword.Video.SB.UPS.2026.StoreSpotlight,USD,2462,27,218.5,7,1704.75
5-Jan-26,amzn1.ads-account.g.ap8yon1iwz0h9l6rda434b6db,CyberPower,,SD,38365855708871,C.SD.Product.UPS.SmartAppLCD.B000XJLLKG.OR700LCDRM1U,USD,0,0,0,0,0
15-Dec-25,amzn1.ads-account.g.ap8yon1iwz0h9l6rda434b6db,CyberPower,,SD,51640494101738,C.Product.Consumer.SP.UPS.PFCSineWave.CP1500PFCRM2U.B0B354X985,USD,135,0,0,0,0
7-Dec-25,amzn1.ads-account.g.ap8yon1iwz0h9l6rda434b6db,CyberPower,,SD,401081905525372,C.Competitor.Consumer.SD.UPS.PFCSineWave.CP1500PFCRM2U.B0B354X985,USD,22227,47,57.06,2,599.9
17-Dec-25,amzn1.ads-account.g.ap8yon1iwz0h9l6rda434b6db,CyberPower,,SB,335733425531216,N.Keyword.Video.SB.UPS.PFCSinewave.CP1500PFCLCD.B00429N19W,USD,6576,32,85.71,6,2106.74
9-Jan-26,amzn1.ads-account.g.ap8yon1iwz0h9l6rda434b6db,CyberPower,,SB,362619829731385,B.Keyword.Video.SB.UPS.IntelligentLCD.CP1500AVRLCD3.B0BCMLLSHL,USD,0,0,0,0,0
28-Feb-26,amzn1.ads-account.g.ap8yon1iwz0h9l6rda434b6db,CyberPower,,SB,410331745640501,N.Keyword.Video.SB.UPS.2026.StoreSpotlight,USD,11396,43,153.29,4,899.8
5-Feb-26,amzn1.ads-account.g.ap8yon1iwz0h9l6rda434b6db,CyberPower,,SB,410331745640501,N.Keyword.Video.SB.UPS.2026.StoreSpotlight,USD,4784,18,30.05,1,115.95
24-Feb-26,amzn1.ads-account.g.ap8yon1iwz0h9l6rda434b6db,CyberPower,,SB,520121709405886,C.Keyword.Video.SB.PFCSinewave.2026.CP1500PFCLCD,USD,4665,12,24.68,0,0
31-Dec-25,amzn1.ads-account.g.ap8yon1iwz0h9l6rda434b6db,CyberPower,,SB,516203922618177,N.Keyword.Store.SB.UPS.StoreSpotlight,USD,23863,71,236.34,8,1556.45
20-Feb-26,amzn1.ads-account.g.ap8yon1iwz0h9l6rda434b6db,CyberPower,,SB,436092719312252,B.Keyword.Video.SB.UPS.2026.StoreSpotlight,USD,7433,48,190.34,14,3179.33
1-Dec-25,amzn1.ads-account.g.ap8yon1iwz0h9l6rda434b6db,CyberPower,,SB,490434522578484,C.Keyword.Video.SB.UPS.PFCSinewave.CP1500PFCLCD.B00429N19W,USD,629,5,39.57,0,0
2-Feb-26,amzn1.ads-account.g.ap8yon1iwz0h9l6rda434b6db,CyberPower,,SB,436092719312252,B.Keyword.Video.SB.UPS.2026.StoreSpotlight,USD,9568,64,262.95,13,3522.09
28-Dec-25,amzn1.ads-account.g.ap8yon1iwz0h9l6rda434b6db,CyberPower,,SB,490434522578484,C.Keyword.Video.SB.UPS.PFCSinewave.CP1500PFCLCD.B00429N19W,USD,329,4,7.17,0,0
13-Dec-25,amzn1.ads-account.g.ap8yon1iwz0h9l6rda434b6db,CyberPower,,SD,51640494101738,C.Product.Consumer.SP.UPS.PFCSineWave.CP1500PFCRM2U.B0B354X985,USD,339,2,2.64,0,0
7-Feb-26,amzn1.ads-account.g.ap8yon1iwz0h9l6rda434b6db,CyberPower,,SD,520906012389097,B00429N18S_SD_Consideration_CXT-Similar products_cpc_20251230,USD,0,0,0,0,0
25-Feb-26,amzn1.ads-account.g.ap8yon1iwz0h9l6rda434b6db,CyberPower,,SD,263494384088815,C.SD.Product.UPS.Ecologic.EC850LCD.B00DBAA696,USD,176354,133,412.49,14,1984.43
15-Dec-25,amzn1.ads-account.g.ap8yon1iwz0h9l6rda434b6db,CyberPower,,SB,490434522578484,C.Keyword.Video.SB.UPS.PFCSinewave.CP1500PFCLCD.B00429N19W,USD,386,4,25.52,0,0
2-Feb-26,amzn1.ads-account.g.ap8yon1iwz0h9l6rda434b6db,CyberPower,,SD,414479380999065,B00429N18S_SD_Defense_CXT-Category-Segmented category brand_vcpm_20251230,USD,9680,6,52.55,4,336.34
27-Jan-26,amzn1.ads-account.g.ap8yon1iwz0h9l6rda434b6db,CyberPower,,SD,413728361555554,B00429N18S_SD_Consideration_CXT-Competitive products recommended by Xnurta_cpc_20251230,USD,756,1,2.66,0,0
5-Dec-25,amzn1.ads-account.g.ap8yon1iwz0h9l6rda434b6db,CyberPower,,SD,401081905525372,C.Competitor.Consumer.SD.UPS.PFCSineWave.CP1500PFCRM2U.B0B354X985,USD,26443,73,89.9,1,359.95
8-Jan-26,amzn1.ads-account.g.ap8yon1iwz0h9l6rda434b6db,CyberPower,,SB,84817009251939,C.Keyword.Video.SB.PFCSinewave.CP1500PFCRM2U.B0B354X985,USD,0,0,0,0,0
5-Jan-26,amzn1.ads-account.g.ap8yon1iwz0h9l6rda434b6db,CyberPower,,SB,362619829731385,B.Keyword.Video.SB.UPS.IntelligentLCD.CP1500AVRLCD3.B0BCMLLSHL,USD,0,0,0,0,0
30-Jan-26,amzn1.ads-account.g.ap8yon1iwz0h9l6rda434b6db,CyberPower,,SB,298664655817372,C.Keyword.Video.SB.PFCSinewave.2026.CP1500AVRLCD3,USD,36974,259,747.64,18,4304.95
22-Feb-26,amzn1.ads-account.g.ap8yon1iwz0h9l6rda434b6db,CyberPower,,SB,496257674867474,N.Keyword.Video.SB.UPS.PFCSinewave.2026.CP1500PFCLCD.B00429N19W,USD,3021,14,23.32,3,1619.65
7-Feb-26,amzn1.ads-account.g.ap8yon1iwz0h9l6rda434b6db,CyberPower,,SB,520121709405886,C.Keyword.Video.SB.PFCSinewave.2026.CP1500PFCLCD,USD,8658,27,49.94,1,239.95
20-Jan-26,amzn1.ads-account.g.ap8yon1iwz0h9l6rda434b6db,CyberPower,,SB,422752340317837,B.Keyword.Store.SB.UPS.2026.StoreSpotlight,USD,105547,298,4845.21,20,4626.75
15-Feb-26,amzn1.ads-account.g.ap8yon1iwz0h9l6rda434b6db,CyberPower,,SD,263494384088815,C.SD.Product.UPS.Ecologic.EC850LCD.B00DBAA696,USD,75094,79,293.48,13,2496.97
9-Feb-26,amzn1.ads-account.g.ap8yon1iwz0h9l6rda434b6db,CyberPower,,SD,170474248246250,C.SD.Product.UPS.IntelligentLCD.CP1500AVRLCD3.B0BCMLLSHL,USD,137005,123,498.35,11,1634.88
17-Dec-25,amzn1.ads-account.g.ap8yon1iwz0h9l6rda434b6db,CyberPower,,SD,296198269696664,C.SD.Keyword.UPS.IntelligentLCD.CP1500AVRLCD3.B0BCMLLSHL,USD,60199,130,207.54,1,199.95
4-Dec-25,amzn1.ads-account.g.ap8yon1iwz0h9l6rda434b6db,CyberPower,,SD,170474248246250,C.SD.Product.UPS.IntelligentLCD.CP1500AVRLCD3.B0BCMLLSHL,USD,1018,3,2.94,2,519.9
22-Jan-26,amzn1.ads-account.g.ap8yon1iwz0h9l6rda434b6db,CyberPower,,SB,496257674867474,N.Keyword.Video.SB.UPS.PFCSinewave.2026.CP1500PFCLCD.B00429N19W,USD,69532,660,3683.98,40,10759.95
5-Jan-26,amzn1.ads-account.g.ap8yon1iwz0h9l6rda434b6db,CyberPower,,SB,517243732232070,B.RSOV.Products.SB.UPS.1500units,USD,0,0,0,0,0
21-Dec-25,amzn1.ads-account.g.ap8yon1iwz0h9l6rda434b6db,CyberPower,,SD,170474248246250,C.SD.Product.UPS.IntelligentLCD.CP1500AVRLCD3.B0BCMLLSHL,USD,19300,23,56.42,6,1325.75
28-Dec-25,amzn1.ads-account.g.ap8yon1iwz0h9l6rda434b6db,CyberPower,,SD,51640494101738,C.Product.Consumer.SP.UPS.PFCSineWave.CP1500PFCRM2U.B0B354X985,USD,534,2,3.1,1,239.95
15-Feb-26,amzn1.ads-account.g.ap8yon1iwz0h9l6rda434b6db,CyberPower,,SB,520121709405886,C.Keyword.Video.SB.PFCSinewave.2026.CP1500PFCLCD,USD,5918,20,39.38,4,816.8
25-Jan-26,amzn1.ads-account.g.ap8yon1iwz0h9l6rda434b6db,CyberPower,,SB,410331745640501,N.Keyword.Video.SB.UPS.2026.StoreSpotlight,USD,25533,76,200.44,2,439.9
31-Dec-25,amzn1.ads-account.g.ap8yon1iwz0h9l6rda434b6db,CyberPower,,SB,84817009251939,C.Keyword.Video.SB.PFCSinewave.CP1500PFCRM2U.B0B354X985,USD,1767,8,25.54,0,0
24-Dec-25,amzn1.ads-account.g.ap8yon1iwz0h9l6rda434b6db,CyberPower,,SD,263494384088815,C.SD.Product.UPS.Ecologic.EC850LCD.B00DBAA696,USD,219336,174,1002.4,23,4491.08
19-Jan-26,amzn1.ads-account.g.ap8yon1iwz0h9l6rda434b6db,CyberPower,,SD,441244082318393,B00429N18S_SD_Awareness_CXT-Complementary category_vcpm_20251230,USD,0,0,0,0,0
22-Jan-26,amzn1.ads-account.g.ap8yon1iwz0h9l6rda434b6db,CyberPower,,SB,410331745640501,N.Keyword.Video.SB.UPS.2026.StoreSpotlight,USD,112050,401,2461.32,29,5226.6
15-Dec-25,amzn1.ads-account.g.ap8yon1iwz0h9l6rda434b6db,CyberPower,,SB,293529288726869,B.Keyword.Video.SB.UPS.PFCSinewave.CP1500PFCLCD.B00429N19W,USD,99,1,0.26,0,0
2-Dec-25,amzn1.ads-account.g.ap8yon1iwz0h9l6rda434b6db,CyberPower,,SD,124438051163565,C.SD.Product.UPS.PFCSinewave.CP1500PFCLCD.B00429N19W,USD,0,0,0,0,0
20-Jan-26,amzn1.ads-account.g.ap8yon1iwz0h9l6rda434b6db,CyberPower,,SD,339355478634336,B00429N18S_SD_Consideration_AUDT-Competitive brands views remarketing_cpc_20251230,USD,0,0,0,0,0
17-Jan-26,amzn1.ads-account.g.ap8yon1iwz0h9l6rda434b6db,CyberPower,,SB,422752340317837,B.Keyword.Store.SB.UPS.2026.StoreSpotlight,USD,98600,333,4823.6,25,5180.18
5-Feb-26,amzn1.ads-account.g.ap8yon1iwz0h9l6rda434b6db,CyberPower,,SD,425759037435957,B00429N18S_SD_Conversion_AUDT-Promoted product views remarketing_cpc_20251230,USD,0,0,0,0,0
6-Jan-26,amzn1.ads-account.g.ap8yon1iwz0h9l6rda434b6db,CyberPower,,SD,303378536736811,B00429N18S_SD_Consideration_AUDT-Promoted brand views remarketing_cpc_20251230,USD,47530,93,246.39,0,0
8-Feb-26,amzn1.ads-account.g.ap8yon1iwz0h9l6rda434b6db,CyberPower,,SD,425759037435957,B00429N18S_SD_Conversion_AUDT-Promoted product views remarketing_cpc_20251230,USD,0,0,0,0,0
21-Dec-25,amzn1.ads-account.g.ap8yon1iwz0h9l6rda434b6db,CyberPower,,SB,490434522578484,C.Keyword.Video.SB.UPS.PFCSinewave.CP1500PFCLCD.B00429N19W,USD,170,1,1.01,0,0
10-Feb-26,amzn1.ads-account.g.ap8yon1iwz0h9l6rda434b6db,CyberPower,,SD,414479380999065,B00429N18S_SD_Defense_CXT-Category-Segmented category brand_vcpm_20251230,USD,0,0,0,0,0
10-Dec-25,amzn1.ads-account.g.ap8yon1iwz0h9l6rda434b6db,CyberPower,,SB,490434522578484,C.Keyword.Video.SB.UPS.PFCSinewave.CP1500PFCLCD.B00429N19W,USD,412,0,0,0,0
24-Dec-25,amzn1.ads-account.g.ap8yon1iwz0h9l6rda434b6db,CyberPower,,SB,490434522578484,C.Keyword.Video.SB.UPS.PFCSinewave.CP1500PFCLCD.B00429N19W,USD,218,2,5.35,0,0
22-Jan-26,amzn1.ads-account.g.ap8yon1iwz0h9l6rda434b6db,CyberPower,,SD,303378536736811,B00429N18S_SD_Consideration_AUDT-Promoted brand views remarketing_cpc_20251230,USD,108721,109,976.26,4,839.8
27-Dec-25,amzn1.ads-account.g.ap8yon1iwz0h9l6rda434b6db,CyberPower,,SB,293529288726869,B.Keyword.Video.SB.UPS.PFCSinewave.CP1500PFCLCD.B00429N19W,USD,41,1,0.9,0,0
24-Feb-26,amzn1.ads-account.g.ap8yon1iwz0h9l6rda434b6db,CyberPower,,SD,339355478634336,B00429N18S_SD_Consideration_AUDT-Competitive brands views remarketing_cpc_20251230,USD,0,0,0,0,0
12-Feb-26,amzn1.ads-account.g.ap8yon1iwz0h9l6rda434b6db,CyberPower,,SB,422752340317837,B.Keyword.Store.SB.UPS.2026.StoreSpotlight,USD,16034,66,188.75,9,7091.45
5-Feb-26,amzn1.ads-account.g.ap8yon1iwz0h9l6rda434b6db,CyberPower,,SD,462435011616528,B00429N18S_SD_Consideration_AUDT-Promoted category views remarketing_cpc_20251230,USD,0,0,0,0,0
26-Dec-25,amzn1.ads-account.g.ap8yon1iwz0h9l6rda434b6db,CyberPower,,SD,38365855708871,C.SD.Product.UPS.SmartAppLCD.B000XJLLKG.OR700LCDRM1U,USD,4546,8,15.48,4,543.59
8-Dec-25,amzn1.ads-account.g.ap8yon1iwz0h9l6rda434b6db,CyberPower,,SB,288898439745613,B2B - N.Keyword.Products.SB.UPS.1500units,USD,0,0,0,0,0
7-Feb-26,amzn1.ads-account.g.ap8yon1iwz0h9l6rda434b6db,CyberPower,,SD,462435011616528,B00429N18S_SD_Consideration_AUDT-Promoted category views remarketing_cpc_20251230,USD,0,0,0,0,0
14-Jan-26,amzn1.ads-account.g.ap8yon1iwz0h9l6rda434b6db,CyberPower,,SD,124438051163565,C.SD.Product.UPS.PFCSinewave.CP1500PFCLCD.B00429N19W,USD,0,0,0,0,0
2-Dec-25,amzn1.ads-account.g.ap8yon1iwz0h9l6rda434b6db,CyberPower,,SD,170474248246250,C.SD.Product.UPS.IntelligentLCD.CP1500AVRLCD3.B0BCMLLSHL,USD,44436,42,112.91,0,0
10-Feb-26,amzn1.ads-account.g.ap8yon1iwz0h9l6rda434b6db,CyberPower,,SD,520906012389097,B00429N18S_SD_Consideration_CXT-Similar products_cpc_20251230,USD,0,0,0,0,0
28-Jan-26,amzn1.ads-account.g.ap8yon1iwz0h9l6rda434b6db,CyberPower,,SD,425759037435957,B00429N18S_SD_Conversion_AUDT-Promoted product views remarketing_cpc_20251230,USD,129745,166,926.54,1,169.95
16-Jan-26,amzn1.ads-account.g.ap8yon1iwz0h9l6rda434b6db,CyberPower,,SB,298664655817372,C.Keyword.Video.SB.PFCSinewave.2026.CP1500AVRLCD3,USD,95566,462,4861.42,9,1694.55
8-Jan-26,amzn1.ads-account.g.ap8yon1iwz0h9l6rda434b6db,CyberPower,,SB,300358990869228,B.Keyword.Store.SB.UPS.StoreSpotlight,USD,0,0,0,0,0
30-Jan-26,amzn1.ads-account.g.ap8yon1iwz0h9l6rda434b6db,CyberPower,,SB,496257674867474,N.Keyword.Video.SB.UPS.PFCSinewave.2026.CP1500PFCLCD.B00429N19W,USD,33766,196,566.09,13,3356.25
24-Jan-26,amzn1.ads-account.g.ap8yon1iwz0h9l6rda434b6db,CyberPower,,SD,441244082318393,B00429N18S_SD_Awareness_CXT-Complementary category_vcpm_20251230,USD,0,0,0,0,0
17-Dec-25,amzn1.ads-account.g.ap8yon1iwz0h9l6rda434b6db,CyberPower,,SD,38365855708871,C.SD.Product.UPS.SmartAppLCD.B000XJLLKG.OR700LCDRM1U,USD,3867,5,16.23,6,1133.35
13-Feb-26,amzn1.ads-account.g.ap8yon1iwz0h9l6rda434b6db,CyberPower,,SD,462435011616528,B00429N18S_SD_Consideration_AUDT-Promoted category views remarketing_cpc_20251230,USD,0,0,0,0,0
26-Feb-26,amzn1.ads-account.g.ap8yon1iwz0h9l6rda434b6db,CyberPower,,SD,339355478634336,B00429N18S_SD_Consideration_AUDT-Competitive brands views remarketing_cpc_20251230,USD,0,0,0,0,0
20-Jan-26,amzn1.ads-account.g.ap8yon1iwz0h9l6rda434b6db,CyberPower,,SD,520906012389097,B00429N18S_SD_Consideration_CXT-Similar products_cpc_20251230,USD,0,0,0,0,0
28-Dec-25,amzn1.ads-account.g.ap8yon1iwz0h9l6rda434b6db,CyberPower,,SD,287421757846510,C.Keyword.Consumer.SD.UPS.PFCSineWave.CP1500PFCRM2U.B0B354X985,USD,12696,32,73.88,0,0
12-Dec-25,amzn1.ads-account.g.ap8yon1iwz0h9l6rda434b6db,CyberPower,,SB,517243732232070,B.RSOV.Products.SB.UPS.1500units,USD,916,28,0,9,1514.57
14-Feb-26,amzn1.ads-account.g.ap8yon1iwz0h9l6rda434b6db,CyberPower,,SD,124438051163565,C.SD.Product.UPS.PFCSinewave.CP1500PFCLCD.B00429N19W,USD,0,0,0,0,0
3-Feb-26,amzn1.ads-account.g.ap8yon1iwz0h9l6rda434b6db,CyberPower,,SB,520121709405886,C.Keyword.Video.SB.PFCSinewave.2026.CP1500PFCLCD,USD,14464,60,179.79,1,239.95
14-Feb-26,amzn1.ads-account.g.ap8yon1iwz0h9l6rda434b6db,CyberPower,,SB,436092719312252,B.Keyword.Video.SB.UPS.2026.StoreSpotlight,USD,6980,53,221.93,12,2282.35
6-Jan-26,amzn1.ads-account.g.ap8yon1iwz0h9l6rda434b6db,CyberPower,,SD,414479380999065,B00429N18S_SD_Defense_CXT-Category-Segmented category brand_vcpm_20251230,USD,5668,6,23.49,2,439.9
18-Jan-26,amzn1.ads-account.g.ap8yon1iwz0h9l6rda434b6db,CyberPower,,SD,520906012389097,B00429N18S_SD_Consideration_CXT-Similar products_cpc_20251230,USD,0,0,0,0,0
9-Dec-25,amzn1.ads-account.g.ap8yon1iwz0h9l6rda434b6db,CyberPower,,SB,362619829731385,B.Keyword.Video.SB.UPS.IntelligentLCD.CP1500AVRLCD3.B0BCMLLSHL,USD,2249,17,114.53,2,349.9
4-Feb-26,amzn1.ads-account.g.ap8yon1iwz0h9l6rda434b6db,CyberPower,,SB,298664655817372,C.Keyword.Video.SB.PFCSinewave.2026.CP1500AVRLCD3,USD,26438,152,418.34,9,1660.49
31-Jan-26,amzn1.ads-account.g.ap8yon1iwz0h9l6rda434b6db,CyberPower,,SD,441244082318393,B00429N18S_SD_Awareness_CXT-Complementary category_vcpm_20251230,USD,86782,89,520.76,18,4379.1
21-Jan-26,amzn1.ads-account.g.ap8yon1iwz0h9l6rda434b6db,CyberPower,,SD,413728361555554,B00429N18S_SD_Consideration_CXT-Competitive products recommended by Xnurta_cpc_20251230,USD,3375,3,12.69,0,0
19-Dec-25,amzn1.ads-account.g.ap8yon1iwz0h9l6rda434b6db,CyberPower,,SD,124438051163565,C.SD.Product.UPS.PFCSinewave.CP1500PFCLCD.B00429N19W,USD,0,0,0,0,0
6-Dec-25,amzn1.ads-account.g.ap8yon1iwz0h9l6rda434b6db,CyberPower,,SB,425328024590643,C.Keyword.Products.SB.UPS.1500units,USD,8441,29,67.09,4,859.8
20-Dec-25,amzn1.ads-account.g.ap8yon1iwz0h9l6rda434b6db,CyberPower,,SD,263494384088815,C.SD.Product.UPS.Ecologic.EC850LCD.B00DBAA696,USD,257720,187,1003.39,39,6690.68
30-Dec-25,amzn1.ads-account.g.ap8yon1iwz0h9l6rda434b6db,CyberPower,,SB,300358990869228,B.Keyword.Store.SB.UPS.StoreSpotlight,USD,1368,5,9.4,4,1101.7
14-Jan-26,amzn1.ads-account.g.ap8yon1iwz0h9l6rda434b6db,CyberPower,,SD,560720574941385,B00429N18S_SD_Conversion_AUDT-purchase remarketing-promoted products-key promoted products_cpc_20251230,USD,0,0,0,0,0
28-Feb-26,amzn1.ads-account.g.ap8yon1iwz0h9l6rda434b6db,CyberPower,,SB,496257674867474,N.Keyword.Video.SB.UPS.PFCSinewave.2026.CP1500PFCLCD.B00429N19W,USD,2299,12,17.47,1,239.95
8-Feb-26,amzn1.ads-account.g.ap8yon1iwz0h9l6rda434b6db,CyberPower,,SB,410331745640501,N.Keyword.Video.SB.UPS.2026.StoreSpotlight,USD,3802,16,36.35,3,348.9
24-Dec-25,amzn1.ads-account.g.ap8yon1iwz0h9l6rda434b6db,CyberPower,,SB,516203922618177,N.Keyword.Store.SB.UPS.StoreSpotlight,USD,42723,141,411.97,20,3937.03
21-Dec-25,amzn1.ads-account.g.ap8yon1iwz0h9l6rda434b6db,CyberPower,,SB,501364882562485,C.Keyword.Video.SB.UPS.IntelligentLCD.CP1500AVRLCD3.B0BCMLLSHL,USD,181,1,1.81,0,0
29-Dec-25,amzn1.ads-account.g.ap8yon1iwz0h9l6rda434b6db,CyberPower,,SD,51640494101738,C.Product.Consumer.SP.UPS.PFCSineWave.CP1500PFCRM2U.B0B354X985,USD,0,0,0,0,0
6-Dec-25,amzn1.ads-account.g.ap8yon1iwz0h9l6rda434b6db,CyberPower,,SB,490434522578484,C.Keyword.Video.SB.UPS.PFCSinewave.CP1500PFCLCD.B00429N19W,USD,223,1,2.92,0,0
13-Jan-26,amzn1.ads-account.g.ap8yon1iwz0h9l6rda434b6db,CyberPower,,SD,425759037435957,B00429N18S_SD_Conversion_AUDT-Promoted product views remarketing_cpc_20251230,USD,0,0,0,0,0
3-Feb-26,amzn1.ads-account.g.ap8yon1iwz0h9l6rda434b6db,CyberPower,,SD,303378536736811,B00429N18S_SD_Consideration_AUDT-Promoted brand views remarketing_cpc_20251230,USD,0,0,0,0,0
19-Feb-26,amzn1.ads-account.g.ap8yon1iwz0h9l6rda434b6db,CyberPower,,SB,298664655817372,C.Keyword.Video.SB.PFCSinewave.2026.CP1500AVRLCD3,USD,14398,73,163.99,7,1219.7
18-Dec-25,amzn1.ads-account.g.ap8yon1iwz0h9l6rda434b6db,CyberPower,,SB,84817009251939,C.Keyword.Video.SB.PFCSinewave.CP1500PFCRM2U.B0B354X985,USD,2415,7,29.64,1,341.95
23-Dec-25,amzn1.ads-account.g.ap8yon1iwz0h9l6rda434b6db,CyberPower,,SD,170474248246250,C.SD.Product.UPS.IntelligentLCD.CP1500AVRLCD3.B0BCMLLSHL,USD,238160,279,609.89,37,9028.85
20-Jan-26,amzn1.ads-account.g.ap8yon1iwz0h9l6rda434b6db,CyberPower,,SD,425759037435957,B00429N18S_SD_Conversion_AUDT-Promoted product views remarketing_cpc_20251230,USD,0,0,0,0,0
12-Feb-26,amzn1.ads-account.g.ap8yon1iwz0h9l6rda434b6db,CyberPower,,SB,436092719312252,B.Keyword.Video.SB.UPS.2026.StoreSpotlight,USD,9904,58,248.29,5,706.75
8-Dec-25,amzn1.ads-account.g.ap8yon1iwz0h9l6rda434b6db,CyberPower,,SD,51640494101738,C.Product.Consumer.SP.UPS.PFCSineWave.CP1500PFCRM2U.B0B354X985,USD,169,0,0,0,0
2-Feb-26,amzn1.ads-account.g.ap8yon1iwz0h9l6rda434b6db,CyberPower,,SD,382929702717487,B00429N18S_SD_Awareness_AUDT-Complementary category views remarketing_vcpm_20251230,USD,111537,98,446.27,12,1895.13
16-Jan-26,amzn1.ads-account.g.ap8yon1iwz0h9l6rda434b6db,CyberPower,,SD,296198269696664,C.SD.Keyword.UPS.IntelligentLCD.CP1500AVRLCD3.B0BCMLLSHL,USD,0,0,0,0,0
6-Feb-26,amzn1.ads-account.g.ap8yon1iwz0h9l6rda434b6db,CyberPower,,SD,414479380999065,B00429N18S_SD_Defense_CXT-Category-Segmented category brand_vcpm_20251230,USD,0,0,0,0,0
9-Dec-25,amzn1.ads-account.g.ap8yon1iwz0h9l6rda434b6db,CyberPower,,SB,501364882562485,C.Keyword.Video.SB.UPS.IntelligentLCD.CP1500AVRLCD3.B0BCMLLSHL,USD,456,0,0,0,0
18-Feb-26,amzn1.ads-account.g.ap8yon1iwz0h9l6rda434b6db,CyberPower,,SD,520906012389097,B00429N18S_SD_Consideration_CXT-Similar products_cpc_20251230,USD,0,0,0,0,0
26-Dec-25,amzn1.ads-account.g.ap8yon1iwz0h9l6rda434b6db,CyberPower,,SB,362619829731385,B.Keyword.Video.SB.UPS.IntelligentLCD.CP1500AVRLCD3.B0BCMLLSHL,USD,2643,19,102.72,2,1199.7
25-Jan-26,amzn1.ads-account.g.ap8yon1iwz0h9l6rda434b6db,CyberPower,,SB,496257674867474,N.Keyword.Video.SB.UPS.PFCSinewave.2026.CP1500PFCLCD.B00429N19W,USD,56284,414,1695.03,17,3663.15
27-Jan-26,amzn1.ads-account.g.ap8yon1iwz0h9l6rda434b6db,CyberPower,,SD,414479380999065,B00429N18S_SD_Defense_CXT-Category-Segmented category brand_vcpm_20251230,USD,36938,14,142.63,4,1247.75
1-Jan-26,amzn1.ads-account.g.ap8yon1iwz0h9l6rda434b6db,CyberPower,,SB,516203922618177,N.Keyword.Store.SB.UPS.StoreSpotlight,USD,0,0,0,0,0
8-Dec-25,amzn1.ads-account.g.ap8yon1iwz0h9l6rda434b6db,CyberPower,,SB,517243732232070,B.RSOV.Products.SB.UPS.1500units,USD,1388,46,0,6,2496.22
29-Jan-26,amzn1.ads-account.g.ap8yon1iwz0h9l6rda434b6db,CyberPower,,SD,441244082318393,B00429N18S_SD_Awareness_CXT-Complementary category_vcpm_20251230,USD,84367,76,443.22,12,3010.4
1-Feb-26,amzn1.ads-account.g.ap8yon1iwz0h9l6rda434b6db,CyberPower,,SD,441244082318393,B00429N18S_SD_Awareness_CXT-Complementary category_vcpm_20251230,USD,87695,89,449.14,17,2805.02
15-Feb-26,amzn1.ads-account.g.ap8yon1iwz0h9l6rda434b6db,CyberPower,,SD,414479380999065,B00429N18S_SD_Defense_CXT-Category-Segmented category brand_vcpm_20251230,USD,0,0,0,0,0
1-Jan-26,amzn1.ads-account.g.ap8yon1iwz0h9l6rda434b6db,CyberPower,,SB,300358990869228,B.Keyword.Store.SB.UPS.StoreSpotlight,USD,65,0,0.6,0,0
12-Jan-26,amzn1.ads-account.g.ap8yon1iwz0h9l6rda434b6db,CyberPower,,SD,378661668519490,B00429N18S_SD_Consideration_AUDT-Similar products views remarketing_cpc_20251230,USD,0,0,0,0,0
18-Dec-25,amzn1.ads-account.g.ap8yon1iwz0h9l6rda434b6db,CyberPower,,SB,516203922618177,N.Keyword.Store.SB.UPS.StoreSpotlight,USD,77241,206,631.63,23,3073.15
7-Dec-25,amzn1.ads-account.g.ap8yon1iwz0h9l6rda434b6db,CyberPower,,SB,516203922618177,N.Keyword.Store.SB.UPS.StoreSpotlight,USD,105485,220,646.89,29,3832.21
25-Feb-26,amzn1.ads-account.g.ap8yon1iwz0h9l6rda434b6db,CyberPower,,SB,520121709405886,C.Keyword.Video.SB.PFCSinewave.2026.CP1500PFCLCD,USD,5018,6,11.94,0,0
21-Dec-25,amzn1.ads-account.g.ap8yon1iwz0h9l6rda434b6db,CyberPower,,SD,296198269696664,C.SD.Keyword.UPS.IntelligentLCD.CP1500AVRLCD3.B0BCMLLSHL,USD,38499,114,202.44,0,0
6-Dec-25,amzn1.ads-account.g.ap8yon1iwz0h9l6rda434b6db,CyberPower,,SB,300358990869228,B.Keyword.Store.SB.UPS.StoreSpotlight,USD,445,5,6.75,2,174.64
26-Jan-26,amzn1.ads-account.g.ap8yon1iwz0h9l6rda434b6db,CyberPower,,SB,422752340317837,B.Keyword.Store.SB.UPS.2026.StoreSpotlight,USD,106787,121,332.6,12,3320.89
5-Feb-26,amzn1.ads-account.g.ap8yon1iwz0h9l6rda434b6db,CyberPower,,SB,436092719312252,B.Keyword.Video.SB.UPS.2026.StoreSpotlight,USD,8039,36,151.53,2,1007.85
30-Jan-26,amzn1.ads-account.g.ap8yon1iwz0h9l6rda434b6db,CyberPower,,SD,413728361555554,B00429N18S_SD_Consideration_CXT-Competitive products recommended by Xnurta_cpc_20251230,USD,485,3,11.11,0,0
5-Jan-26,amzn1.ads-account.g.ap8yon1iwz0h9l6rda434b6db,CyberPower,,SD,296198269696664,C.SD.Keyword.UPS.IntelligentLCD.CP1500AVRLCD3.B0BCMLLSHL,USD,0,0,0,0,0
5-Feb-26,amzn1.ads-account.g.ap8yon1iwz0h9l6rda434b6db,CyberPower,,SB,422752340317837,B.Keyword.Store.SB.UPS.2026.StoreSpotlight,USD,18567,57,156.09,6,1292.88
18-Dec-25,amzn1.ads-account.g.ap8yon1iwz0h9l6rda434b6db,CyberPower,,SD,401081905525372,C.Competitor.Consumer.SD.UPS.PFCSineWave.CP1500PFCRM2U.B0B354X985,USD,13777,32,39.68,0,0
5-Dec-25,amzn1.ads-account.g.ap8yon1iwz0h9l6rda434b6db,CyberPower,,SB,353873361287335,B2B - B.Keyword.Store.SB.UPS.StoreSpotlight,USD,0,0,0,0,0
12-Jan-26,amzn1.ads-account.g.ap8yon1iwz0h9l6rda434b6db,CyberPower,,SB,298664655817372,C.Keyword.Video.SB.PFCSinewave.2026.CP1500AVRLCD3,USD,3458,10,103.8,0,0
8-Dec-25,amzn1.ads-account.g.ap8yon1iwz0h9l6rda434b6db,CyberPower,,SB,362619829731385,B.Keyword.Video.SB.UPS.IntelligentLCD.CP1500AVRLCD3.B0BCMLLSHL,USD,3632,21,204.06,1,239.95
13-Feb-26,amzn1.ads-account.g.ap8yon1iwz0h9l6rda434b6db,CyberPower,,SB,436092719312252,B.Keyword.Video.SB.UPS.2026.StoreSpotlight,USD,8160,43,183.23,4,890.8
30-Dec-25,amzn1.ads-account.g.ap8yon1iwz0h9l6rda434b6db,CyberPower,,SD,287421757846510,C.Keyword.Consumer.SD.UPS.PFCSineWave.CP1500PFCRM2U.B0B354X985,USD,7486,12,14.91,0,0
7-Feb-26,amzn1.ads-account.g.ap8yon1iwz0h9l6rda434b6db,CyberPower,,SD,414479380999065,B00429N18S_SD_Defense_CXT-Category-Segmented category brand_vcpm_20251230,USD,0,0,0,0,0
22-Jan-26,amzn1.ads-account.g.ap8yon1iwz0h9l6rda434b6db,CyberPower,,SD,263494384088815,C.SD.Product.UPS.Ecologic.EC850LCD.B00DBAA696,USD,0,0,0,0,0
8-Jan-26,amzn1.ads-account.g.ap8yon1iwz0h9l6rda434b6db,CyberPower,,SB,335733425531216,N.Keyword.Video.SB.UPS.PFCSinewave.CP1500PFCLCD.B00429N19W,USD,0,0,0,0,0
26-Dec-25,amzn1.ads-account.g.ap8yon1iwz0h9l6rda434b6db,CyberPower,,SB,293529288726869,B.Keyword.Video.SB.UPS.PFCSinewave.CP1500PFCLCD.B00429N19W,USD,52,0,0,0,0
7-Jan-26,amzn1.ads-account.g.ap8yon1iwz0h9l6rda434b6db,CyberPower,,SD,38365855708871,C.SD.Product.UPS.SmartAppLCD.B000XJLLKG.OR700LCDRM1U,USD,0,0,0,0,0
22-Feb-26,amzn1.ads-account.g.ap8yon1iwz0h9l6rda434b6db,CyberPower,,SB,436092719312252,B.Keyword.Video.SB.UPS.2026.StoreSpotlight,USD,6148,36,166.99,2,479.9
2-Dec-25,amzn1.ads-account.g.ap8yon1iwz0h9l6rda434b6db,CyberPower,,SB,335733425531216,N.Keyword.Video.SB.UPS.PFCSinewave.CP1500PFCLCD.B00429N19W,USD,5060,29,78.07,1,159.99
3-Dec-25,amzn1.ads-account.g.ap8yon1iwz0h9l6rda434b6db,CyberPower,,SD,38365855708871,C.SD.Product.UPS.SmartAppLCD.B000XJLLKG.OR700LCDRM1U,USD,11341,13,37.6,10,1556.58
1-Dec-25,amzn1.ads-account.g.ap8yon1iwz0h9l6rda434b6db,CyberPower,,SB,516203922618177,N.Keyword.Store.SB.UPS.StoreSpotlight,USD,133901,451,1486.91,40,7625.8
27-Jan-26,amzn1.ads-account.g.ap8yon1iwz0h9l6rda434b6db,CyberPower,,SD,382929702717487,B00429N18S_SD_Awareness_AUDT-Complementary category views remarketing_vcpm_20251230,USD,322790,318,893.87,11,2725.6
31-Jan-26,amzn1.ads-account.g.ap8yon1iwz0h9l6rda434b6db,CyberPower,,SB,298664655817372,C.Keyword.Video.SB.PFCSinewave.2026.CP1500AVRLCD3,USD,41407,329,890.34,15,3749.15
18-Jan-26,amzn1.ads-account.g.ap8yon1iwz0h9l6rda434b6db,CyberPower,,SD,382929702717487,B00429N18S_SD_Awareness_AUDT-Complementary category views remarketing_vcpm_20251230,USD,0,0,0,0,0
22-Feb-26,amzn1.ads-account.g.ap8yon1iwz0h9l6rda434b6db,CyberPower,,SB,410331745640501,N.Keyword.Video.SB.UPS.2026.StoreSpotlight,USD,10030,64,213.45,5,1666.8
3-Feb-26,amzn1.ads-account.g.ap8yon1iwz0h9l6rda434b6db,CyberPower,,SD,318904892472489,B00429N18S_SD_Consideration_CXT-Category-Competitive brands_cpc_20251230,USD,0,0,0,0,0
9-Dec-25,amzn1.ads-account.g.ap8yon1iwz0h9l6rda434b6db,CyberPower,,SD,287421757846510,C.Keyword.Consumer.SD.UPS.PFCSineWave.CP1500PFCRM2U.B0B354X985,USD,12597,24,46.77,1,359.95
24-Dec-25,amzn1.ads-account.g.ap8yon1iwz0h9l6rda434b6db,CyberPower,,SD,401081905525372,C.Competitor.Consumer.SD.UPS.PFCSineWave.CP1500PFCRM2U.B0B354X985,USD,11908,28,50.93,1,239.95
20-Jan-26,amzn1.ads-account.g.ap8yon1iwz0h9l6rda434b6db,CyberPower,,SD,318904892472489,B00429N18S_SD_Consideration_CXT-Category-Competitive brands_cpc_20251230,USD,0,0,0,0,0
11-Dec-25,amzn1.ads-account.g.ap8yon1iwz0h9l6rda434b6db,CyberPower,,SB,516203922618177,N.Keyword.Store.SB.UPS.StoreSpotlight,USD,104122,206,663.76,23,4259.93
10-Dec-25,amzn1.ads-account.g.ap8yon1iwz0h9l6rda434b6db,CyberPower,,SB,300358990869228,B.Keyword.Store.SB.UPS.StoreSpotlight,USD,598,11,9.91,23,4370.74
7-Jan-26,amzn1.ads-account.g.ap8yon1iwz0h9l6rda434b6db,CyberPower,,SD,303378536736811,B00429N18S_SD_Consideration_AUDT-Promoted brand views remarketing_cpc_20251230,USD,61476,73,170.1,0,0
8-Jan-26,amzn1.ads-account.g.ap8yon1iwz0h9l6rda434b6db,CyberPower,,SB,293529288726869,B.Keyword.Video.SB.UPS.PFCSinewave.CP1500PFCLCD.B00429N19W,USD,0,0,0,0,0
10-Feb-26,amzn1.ads-account.g.ap8yon1iwz0h9l6rda434b6db,CyberPower,,SB,422752340317837,B.Keyword.Store.SB.UPS.2026.StoreSpotlight,USD,17649,57,133.58,9,6150.13
11-Feb-26,amzn1.ads-account.g.ap8yon1iwz0h9l6rda434b6db,CyberPower,,SD,462435011616528,B00429N18S_SD_Consideration_AUDT-Promoted category views remarketing_cpc_20251230,USD,0,0,0,0,0
2-Feb-26,amzn1.ads-account.g.ap8yon1iwz0h9l6rda434b6db,CyberPower,,SD,413728361555554,B00429N18S_SD_Consideration_CXT-Competitive products recommended by Xnurta_cpc_20251230,USD,682,0,0,0,0
14-Jan-26,amzn1.ads-account.g.ap8yon1iwz0h9l6rda434b6db,CyberPower,,SB,298664655817372,C.Keyword.Video.SB.PFCSinewave.2026.CP1500AVRLCD3,USD,47886,182,1557.08,5,928.7
19-Jan-26,amzn1.ads-account.g.ap8yon1iwz0h9l6rda434b6db,CyberPower,,SB,520121709405886,C.Keyword.Video.SB.PFCSinewave.2026.CP1500PFCLCD,USD,90130,345,3857.28,10,2269.5
10-Dec-25,amzn1.ads-account.g.ap8yon1iwz0h9l6rda434b6db,CyberPower,,SB,517243732232070,B.RSOV.Products.SB.UPS.1500units,USD,1232,22,0,3,609.85
2-Feb-26,amzn1.ads-account.g.ap8yon1iwz0h9l6rda434b6db,CyberPower,,SB,298664655817372,C.Keyword.Video.SB.PFCSinewave.2026.CP1500AVRLCD3,USD,34952,211,590.66,15,3109.05
31-Dec-25,amzn1.ads-account.g.ap8yon1iwz0h9l6rda434b6db,CyberPower,,SB,362619829731385,B.Keyword.Video.SB.UPS.IntelligentLCD.CP1500AVRLCD3.B0BCMLLSHL,USD,1735,12,52.29,0,0
14-Feb-26,amzn1.ads-account.g.ap8yon1iwz0h9l6rda434b6db,CyberPower,,SB,496257674867474,N.Keyword.Video.SB.UPS.PFCSinewave.2026.CP1500PFCLCD.B00429N19W,USD,2231,33,59.21,4,708.84
27-Jan-26,amzn1.ads-account.g.ap8yon1iwz0h9l6rda434b6db,CyberPower,,SD,520906012389097,B00429N18S_SD_Consideration_CXT-Similar products_cpc_20251230,USD,189417,176,813.76,2,479.9
31-Jan-26,amzn1.ads-account.g.ap8yon1iwz0h9l6rda434b6db,CyberPower,,SD,413728361555554,B00429N18S_SD_Consideration_CXT-Competitive products recommended by Xnurta_cpc_20251230,USD,1548,1,6.6,0,0
23-Jan-26,amzn1.ads-account.g.ap8yon1iwz0h9l6rda434b6db,CyberPower,,SD,462435011616528,B00429N18S_SD_Consideration_AUDT-Promoted category views remarketing_cpc_20251230,USD,0,0,0,0,0
8-Jan-26,amzn1.ads-account.g.ap8yon1iwz0h9l6rda434b6db,CyberPower,,SB,425328024590643,C.Keyword.Products.SB.UPS.1500units,USD,0,0,0,0,0
5-Feb-26,amzn1.ads-account.g.ap8yon1iwz0h9l6rda434b6db,CyberPower,,SD,520906012389097,B00429N18S_SD_Consideration_CXT-Similar products_cpc_20251230,USD,0,0,0,0,0
15-Dec-25,amzn1.ads-account.g.ap8yon1iwz0h9l6rda434b6db,CyberPower,,SD,263494384088815,C.SD.Product.UPS.Ecologic.EC850LCD.B00DBAA696,USD,249777,170,998.7,44,7458.33
7-Feb-26,amzn1.ads-account.g.ap8yon1iwz0h9l6rda434b6db,CyberPower,,SB,410331745640501,N.Keyword.Video.SB.UPS.2026.StoreSpotlight,USD,4563,12,29.64,2,399.94
6-Feb-26,amzn1.ads-account.g.ap8yon1iwz0h9l6rda434b6db,CyberPower,,SD,303378536736811,B00429N18S_SD_Consideration_AUDT-Promoted brand views remarketing_cpc_20251230,USD,0,0,0,0,0
14-Dec-25,amzn1.ads-account.g.ap8yon1iwz0h9l6rda434b6db,CyberPower,,SD,263494384088815,C.SD.Product.UPS.Ecologic.EC850LCD.B00DBAA696,USD,274771,193,1069.79,29,3535.1
28-Dec-25,amzn1.ads-account.g.ap8yon1iwz0h9l6rda434b6db,CyberPower,,SB,425328024590643,C.Keyword.Products.SB.UPS.1500units,USD,12107,35,78.59,7,1398.65
3-Dec-25,amzn1.ads-account.g.ap8yon1iwz0h9l6rda434b6db,CyberPower,,SD,263494384088815,C.SD.Product.UPS.Ecologic.EC850LCD.B00DBAA696,USD,283034,154,997.98,36,6272.83
6-Jan-26,amzn1.ads-account.g.ap8yon1iwz0h9l6rda434b6db,CyberPower,,SD,296198269696664,C.SD.Keyword.UPS.IntelligentLCD.CP1500AVRLCD3.B0BCMLLSHL,USD,0,0,0,0,0
9-Dec-25,amzn1.ads-account.g.ap8yon1iwz0h9l6rda434b6db,CyberPower,,SB,288898439745613,B2B - N.Keyword.Products.SB.UPS.1500units,USD,0,0,0,0,0
15-Dec-25,amzn1.ads-account.g.ap8yon1iwz0h9l6rda434b6db,CyberPower,,SB,501364882562485,C.Keyword.Video.SB.UPS.IntelligentLCD.CP1500AVRLCD3.B0BCMLLSHL,USD,310,0,0,0,0
4-Dec-25,amzn1.ads-account.g.ap8yon1iwz0h9l6rda434b6db,CyberPower,,SB,425328024590643,C.Keyword.Products.SB.UPS.1500units,USD,9293,41,109.48,5,1494.75
12-Feb-26,amzn1.ads-account.g.ap8yon1iwz0h9l6rda434b6db,CyberPower,,SB,520121709405886,C.Keyword.Video.SB.PFCSinewave.2026.CP1500PFCLCD,USD,5487,19,41.6,3,707.85
21-Dec-25,amzn1.ads-account.g.ap8yon1iwz0h9l6rda434b6db,CyberPower,,SD,38365855708871,C.SD.Product.UPS.SmartAppLCD.B000XJLLKG.OR700LCDRM1U,USD,1872,2,8.39,1,139.95
23-Dec-25,amzn1.ads-account.g.ap8yon1iwz0h9l6rda434b6db,CyberPower,,SB,517243732232070,B.RSOV.Products.SB.UPS.1500units,USD,969,22,0,14,2053.01
13-Feb-26,amzn1.ads-account.g.ap8yon1iwz0h9l6rda434b6db,CyberPower,,SB,410331745640501,N.Keyword.Video.SB.UPS.2026.StoreSpotlight,USD,3563,14,40.7,2,388.9
7-Jan-26,amzn1.ads-account.g.ap8yon1iwz0h9l6rda434b6db,CyberPower,,SD,382929702717487,B00429N18S_SD_Awareness_AUDT-Complementary category views remarketing_vcpm_20251230,USD,30827,30,122.28,2,119.9
6-Dec-25,amzn1.ads-account.g.ap8yon1iwz0h9l6rda434b6db,CyberPower,,SD,170474248246250,C.SD.Product.UPS.IntelligentLCD.CP1500AVRLCD3.B0BCMLLSHL,USD,60934,79,230.62,15,1594.01
29-Dec-25,amzn1.ads-account.g.ap8yon1iwz0h9l6rda434b6db,CyberPower,,SB,490434522578484,C.Keyword.Video.SB.UPS.PFCSinewave.CP1500PFCLCD.B00429N19W,USD,547,3,9.26,0,0
3-Dec-25,amzn1.ads-account.g.ap8yon1iwz0h9l6rda434b6db,CyberPower,,SD,296198269696664,C.SD.Keyword.UPS.IntelligentLCD.CP1500AVRLCD3.B0BCMLLSHL,USD,33623,69,200.23,2,1169.35
28-Jan-26,amzn1.ads-account.g.ap8yon1iwz0h9l6rda434b6db,CyberPower,,SD,339355478634336,B00429N18S_SD_Consideration_AUDT-Competitive brands views remarketing_cpc_20251230,USD,213922,154,575.87,0,0
3-Feb-26,amzn1.ads-account.g.ap8yon1iwz0h9l6rda434b6db,CyberPower,,SB,410331745640501,N.Keyword.Video.SB.UPS.2026.StoreSpotlight,USD,16958,86,231.15,7,1967.75
5-Feb-26,amzn1.ads-account.g.ap8yon1iwz0h9l6rda434b6db,CyberPower,,SB,298664655817372,C.Keyword.Video.SB.PFCSinewave.2026.CP1500AVRLCD3,USD,14153,103,200.39,7,1509.6
18-Dec-25,amzn1.ads-account.g.ap8yon1iwz0h9l6rda434b6db,CyberPower,,SB,300358990869228,B.Keyword.Store.SB.UPS.StoreSpotlight,USD,582,14,11.47,13,3278.51
27-Feb-26,amzn1.ads-account.g.ap8yon1iwz0h9l6rda434b6db,CyberPower,,SB,298664655817372,C.Keyword.Video.SB.PFCSinewave.2026.CP1500AVRLCD3,USD,33296,214,795.7,11,2859.3
21-Jan-26,amzn1.ads-account.g.ap8yon1iwz0h9l6rda434b6db,CyberPower,,SD,339355478634336,B00429N18S_SD_Consideration_AUDT-Competitive brands views remarketing_cpc_20251230,USD,125706,155,913.95,0,0
2-Dec-25,amzn1.ads-account.g.ap8yon1iwz0h9l6rda434b6db,CyberPower,,SB,425328024590643,C.Keyword.Products.SB.UPS.1500units,USD,9103,22,81.58,2,352.94
27-Feb-26,amzn1.ads-account.g.ap8yon1iwz0h9l6rda434b6db,CyberPower,,SD,263494384088815,C.SD.Product.UPS.Ecologic.EC850LCD.B00DBAA696,USD,166707,162,418.52,14,2751.93
14-Feb-26,amzn1.ads-account.g.ap8yon1iwz0h9l6rda434b6db,CyberPower,,SD,339355478634336,B00429N18S_SD_Consideration_AUDT-Competitive brands views remarketing_cpc_20251230,USD,0,0,0,0,0
30-Dec-25,amzn1.ads-account.g.ap8yon1iwz0h9l6rda434b6db,CyberPower,,SD,263494384088815,C.SD.Product.UPS.Ecologic.EC850LCD.B00DBAA696,USD,68622,55,224.84,16,2822.19
10-Dec-25,amzn1.ads-account.g.ap8yon1iwz0h9l6rda434b6db,CyberPower,,SD,51640494101738,C.Product.Consumer.SP.UPS.PFCSineWave.CP1500PFCRM2U.B0B354X985,USD,94,1,0.45,0,0
31-Jan-26,amzn1.ads-account.g.ap8yon1iwz0h9l6rda434b6db,CyberPower,,SD,382929702717487,B00429N18S_SD_Awareness_AUDT-Complementary category views remarketing_vcpm_20251230,USD,195899,192,898.61,8,1034.33
30-Jan-26,amzn1.ads-account.g.ap8yon1iwz0h9l6rda434b6db,CyberPower,,SD,382929702717487,B00429N18S_SD_Awareness_AUDT-Complementary category views remarketing_vcpm_20251230,USD,252601,207,897.4,8,1067.33
9-Jan-26,amzn1.ads-account.g.ap8yon1iwz0h9l6rda434b6db,CyberPower,,SD,124438051163565,C.SD.Product.UPS.PFCSinewave.CP1500PFCLCD.B00429N19W,USD,0,0,0,0,0
11-Feb-26,amzn1.ads-account.g.ap8yon1iwz0h9l6rda434b6db,CyberPower,,SD,378661668519490,B00429N18S_SD_Consideration_AUDT-Similar products views remarketing_cpc_20251230,USD,0,0,0,0,0
3-Jan-26,amzn1.ads-account.g.ap8yon1iwz0h9l6rda434b6db,CyberPower,,SB,300358990869228,B.Keyword.Store.SB.UPS.StoreSpotlight,USD,0,0,0,0,0
15-Jan-26,amzn1.ads-account.g.ap8yon1iwz0h9l6rda434b6db,CyberPower,,SD,441244082318393,B00429N18S_SD_Awareness_CXT-Complementary category_vcpm_20251230,USD,0,0,0,0,0
3-Dec-25,amzn1.ads-account.g.ap8yon1iwz0h9l6rda434b6db,CyberPower,,SB,369323377946560,B2B - N.Keyword.Store.SB.UPS.StoreSpotlight,USD,0,0,0,0,0
17-Dec-25,amzn1.ads-account.g.ap8yon1iwz0h9l6rda434b6db,CyberPower,,SD,51640494101738,C.Product.Consumer.SP.UPS.PFCSineWave.CP1500PFCRM2U.B0B354X985,USD,106,0,0,0,0
18-Dec-25,amzn1.ads-account.g.ap8yon1iwz0h9l6rda434b6db,CyberPower,,SD,263494384088815,C.SD.Product.UPS.Ecologic.EC850LCD.B00DBAA696,USD,250225,169,999.34,40,7039.17
31-Jan-26,amzn1.ads-account.g.ap8yon1iwz0h9l6rda434b6db,CyberPower,,SB,496257674867474,N.Keyword.Video.SB.UPS.PFCSinewave.2026.CP1500PFCLCD.B00429N19W,USD,33799,208,598.48,11,2807.4
31-Dec-25,amzn1.ads-account.g.ap8yon1iwz0h9l6rda434b6db,CyberPower,,SB,293529288726869,B.Keyword.Video.SB.UPS.PFCSinewave.CP1500PFCLCD.B00429N19W,USD,22,0,0,0,0
30-Dec-25,amzn1.ads-account.g.ap8yon1iwz0h9l6rda434b6db,CyberPower,,SB,362619829731385,B.Keyword.Video.SB.UPS.IntelligentLCD.CP1500AVRLCD3.B0BCMLLSHL,USD,2004,7,44.98,1,199.95
11-Jan-26,amzn1.ads-account.g.ap8yon1iwz0h9l6rda434b6db,CyberPower,,SB,422752340317837,B.Keyword.Store.SB.UPS.2026.StoreSpotlight,USD,217,1,9.13,0,0
21-Jan-26,amzn1.ads-account.g.ap8yon1iwz0h9l6rda434b6db,CyberPower,,SB,422752340317837,B.Keyword.Store.SB.UPS.2026.StoreSpotlight,USD,158039,215,632.03,15,3285.05
8-Dec-25,amzn1.ads-account.g.ap8yon1iwz0h9l6rda434b6db,CyberPower,,SD,287421757846510,C.Keyword.Consumer.SD.UPS.PFCSineWave.CP1500PFCRM2U.B0B354X985,USD,3554,8,10.93,0,0
30-Dec-25,amzn1.ads-account.g.ap8yon1iwz0h9l6rda434b6db,CyberPower,,SD,38365855708871,C.SD.Product.UPS.SmartAppLCD.B000XJLLKG.OR700LCDRM1U,USD,7189,7,23.88,7,994.35
12-Jan-26,amzn1.ads-account.g.ap8yon1iwz0h9l6rda434b6db,CyberPower,,SD,441244082318393,B00429N18S_SD_Awareness_CXT-Complementary category_vcpm_20251230,USD,0,0,0,0,0
21-Jan-26,amzn1.ads-account.g.ap8yon1iwz0h9l6rda434b6db,CyberPower,,SB,410331745640501,N.Keyword.Video.SB.UPS.2026.StoreSpotlight,USD,91303,332,2054.72,20,4107.5
11-Feb-26,amzn1.ads-account.g.ap8yon1iwz0h9l6rda434b6db,CyberPower,,SD,520906012389097,B00429N18S_SD_Consideration_CXT-Similar products_cpc_20251230,USD,0,0,0,0,0
7-Feb-26,amzn1.ads-account.g.ap8yon1iwz0h9l6rda434b6db,CyberPower,,SB,436092719312252,B.Keyword.Video.SB.UPS.2026.StoreSpotlight,USD,7525,37,123.37,5,936.5
1-Dec-25,amzn1.ads-account.g.ap8yon1iwz0h9l6rda434b6db,CyberPower,,SB,300358990869228,B.Keyword.Store.SB.UPS.StoreSpotlight,USD,6546,24,67.55,14,1608.44
4-Dec-25,amzn1.ads-account.g.ap8yon1iwz0h9l6rda434b6db,CyberPower,,SB,300358990869228,B.Keyword.Store.SB.UPS.StoreSpotlight,USD,526,3,5.94,11,1360.88
11-Dec-25,amzn1.ads-account.g.ap8yon1iwz0h9l6rda434b6db,CyberPower,,SD,51640494101738,C.Product.Consumer.SP.UPS.PFCSineWave.CP1500PFCRM2U.B0B354X985,USD,256,0,0,0,0
26-Dec-25,amzn1.ads-account.g.ap8yon1iwz0h9l6rda434b6db,CyberPower,,SB,490434522578484,C.Keyword.Video.SB.UPS.PFCSinewave.CP1500PFCLCD.B00429N19W,USD,299,0,0,0,0
6-Feb-26,amzn1.ads-account.g.ap8yon1iwz0h9l6rda434b6db,CyberPower,,SB,422752340317837,B.Keyword.Store.SB.UPS.2026.StoreSpotlight,USD,17183,61,144.65,10,2730.4
10-Jan-26,amzn1.ads-account.g.ap8yon1iwz0h9l6rda434b6db,CyberPower,,SB,84817009251939,C.Keyword.Video.SB.PFCSinewave.CP1500PFCRM2U.B0B354X985,USD,0,0,0,0,0
28-Feb-26,amzn1.ads-account.g.ap8yon1iwz0h9l6rda434b6db,CyberPower,,SD,296198269696664,C.SD.Keyword.UPS.IntelligentLCD.CP1500AVRLCD3.B0BCMLLSHL,USD,0,0,0,0,0
3-Feb-26,amzn1.ads-account.g.ap8yon1iwz0h9l6rda434b6db,CyberPower,,SD,462435011616528,B00429N18S_SD_Consideration_AUDT-Promoted category views remarketing_cpc_20251230,USD,0,0,0,0,0
30-Jan-26,amzn1.ads-account.g.ap8yon1iwz0h9l6rda434b6db,CyberPower,,SD,560720574941385,B00429N18S_SD_Conversion_AUDT-purchase remarketing-promoted products-key promoted products_cpc_20251230,USD,20303,27,69.7,1,239.95
10-Dec-25,amzn1.ads-account.g.ap8yon1iwz0h9l6rda434b6db,CyberPower,,SB,293529288726869,B.Keyword.Video.SB.UPS.PFCSinewave.CP1500PFCLCD.B00429N19W,USD,97,2,3.25,0,0
21-Jan-26,amzn1.ads-account.g.ap8yon1iwz0h9l6rda434b6db,CyberPower,,SD,462435011616528,B00429N18S_SD_Consideration_AUDT-Promoted category views remarketing_cpc_20251230,USD,159872,209,1025.74,0,0
11-Jan-26,amzn1.ads-account.g.ap8yon1iwz0h9l6rda434b6db,CyberPower,,SB,436092719312252,B.Keyword.Video.SB.UPS.2026.StoreSpotlight,USD,33,1,11.77,2,479.9
25-Dec-25,amzn1.ads-account.g.ap8yon1iwz0h9l6rda434b6db,CyberPower,,SD,401081905525372,C.Competitor.Consumer.SD.UPS.PFCSineWave.CP1500PFCRM2U.B0B354X985,USD,0,0,0,0,0
31-Jan-26,amzn1.ads-account.g.ap8yon1iwz0h9l6rda434b6db,CyberPower,,SB,410331745640501,N.Keyword.Video.SB.UPS.2026.StoreSpotlight,USD,22887,86,247.12,4,709.8
9-Jan-26,amzn1.ads-account.g.ap8yon1iwz0h9l6rda434b6db,CyberPower,,SD,520906012389097,B00429N18S_SD_Consideration_CXT-Similar products_cpc_20251230,USD,0,0,0,0,0
10-Jan-26,amzn1.ads-account.g.ap8yon1iwz0h9l6rda434b6db,CyberPower,,SD,170474248246250,C.SD.Product.UPS.IntelligentLCD.CP1500AVRLCD3.B0BCMLLSHL,USD,0,0,0,0,0
5-Dec-25,amzn1.ads-account.g.ap8yon1iwz0h9l6rda434b6db,CyberPower,,SB,490434522578484,C.Keyword.Video.SB.UPS.PFCSinewave.CP1500PFCLCD.B00429N19W,USD,307,2,10.23,0,0
17-Jan-26,amzn1.ads-account.g.ap8yon1iwz0h9l6rda434b6db,CyberPower,,SD,339355478634336,B00429N18S_SD_Consideration_AUDT-Competitive brands views remarketing_cpc_20251230,USD,0,0,0,0,0
12-Dec-25,amzn1.ads-account.g.ap8yon1iwz0h9l6rda434b6db,CyberPower,,SD,38365855708871,C.SD.Product.UPS.SmartAppLCD.B000XJLLKG.OR700LCDRM1U,USD,3641,3,12.87,2,299.9
3-Jan-26,amzn1.ads-account.g.ap8yon1iwz0h9l6rda434b6db,CyberPower,,SB,425328024590643,C.Keyword.Products.SB.UPS.1500units,USD,0,0,0,0,0
23-Feb-26,amzn1.ads-account.g.ap8yon1iwz0h9l6rda434b6db,CyberPower,,SB,436092719312252,B.Keyword.Video.SB.UPS.2026.StoreSpotlight,USD,7361,55,218.83,8,1707.59
24-Jan-26,amzn1.ads-account.g.ap8yon1iwz0h9l6rda434b6db,CyberPower,,SB,496257674867474,N.Keyword.Video.SB.UPS.PFCSinewave.2026.CP1500PFCLCD.B00429N19W,USD,47077,317,1786.79,15,5098.95
23-Dec-25,amzn1.ads-account.g.ap8yon1iwz0h9l6rda434b6db,CyberPower,,SB,362619829731385,B.Keyword.Video.SB.UPS.IntelligentLCD.CP1500AVRLCD3.B0BCMLLSHL,USD,2165,9,42.52,1,113.95
28-Jan-26,amzn1.ads-account.g.ap8yon1iwz0h9l6rda434b6db,CyberPower,,SB,436092719312252,B.Keyword.Video.SB.UPS.2026.StoreSpotlight,USD,14699,88,380.18,12,5592.04
10-Jan-26,amzn1.ads-account.g.ap8yon1iwz0h9l6rda434b6db,CyberPower,,SD,287421757846510,C.Keyword.Consumer.SD.UPS.PFCSineWave.CP1500PFCRM2U.B0B354X985,USD,0,0,0,0,0
25-Jan-26,amzn1.ads-account.g.ap8yon1iwz0h9l6rda434b6db,CyberPower,,SD,425759037435957,B00429N18S_SD_Conversion_AUDT-Promoted product views remarketing_cpc_20251230,USD,0,0,0,0,0
10-Jan-26,amzn1.ads-account.g.ap8yon1iwz0h9l6rda434b6db,CyberPower,,SB,517243732232070,B.RSOV.Products.SB.UPS.1500units,USD,0,0,0,0,0
18-Jan-26,amzn1.ads-account.g.ap8yon1iwz0h9l6rda434b6db,CyberPower,,SD,263494384088815,C.SD.Product.UPS.Ecologic.EC850LCD.B00DBAA696,USD,0,0,0,0,0
21-Dec-25,amzn1.ads-account.g.ap8yon1iwz0h9l6rda434b6db,CyberPower,,SB,362619829731385,B.Keyword.Video.SB.UPS.IntelligentLCD.CP1500AVRLCD3.B0BCMLLSHL,USD,2091,11,82.42,1,199.95
11-Feb-26,amzn1.ads-account.g.ap8yon1iwz0h9l6rda434b6db,CyberPower,,SD,339355478634336,B00429N18S_SD_Consideration_AUDT-Competitive brands views remarketing_cpc_20251230,USD,0,0,0,0,0
4-Feb-26,amzn1.ads-account.g.ap8yon1iwz0h9l6rda434b6db,CyberPower,,SD,263494384088815,C.SD.Product.UPS.Ecologic.EC850LCD.B00DBAA696,USD,0,0,0,0,0
30-Dec-25,amzn1.ads-account.g.ap8yon1iwz0h9l6rda434b6db,CyberPower,,SB,335733425531216,N.Keyword.Video.SB.UPS.PFCSinewave.CP1500PFCLCD.B00429N19W,USD,9730,53,144.17,2,479.9
12-Feb-26,amzn1.ads-account.g.ap8yon1iwz0h9l6rda434b6db,CyberPower,,SD,170474248246250,C.SD.Product.UPS.IntelligentLCD.CP1500AVRLCD3.B0BCMLLSHL,USD,23692,37,72.91,0,0
12-Dec-25,amzn1.ads-account.g.ap8yon1iwz0h9l6rda434b6db,CyberPower,,SB,369323377946560,B2B - N.Keyword.Store.SB.UPS.StoreSpotlight,USD,0,0,0,0,0
5-Jan-26,amzn1.ads-account.g.ap8yon1iwz0h9l6rda434b6db,CyberPower,,SD,170474248246250,C.SD.Product.UPS.IntelligentLCD.CP1500AVRLCD3.B0BCMLLSHL,USD,0,0,0,0,0
25-Feb-26,amzn1.ads-account.g.ap8yon1iwz0h9l6rda434b6db,CyberPower,,SB,298664655817372,C.Keyword.Video.SB.PFCSinewave.2026.CP1500AVRLCD3,USD,37723,208,767.48,7,1419.65
2-Jan-26,amzn1.ads-account.g.ap8yon1iwz0h9l6rda434b6db,CyberPower,,SB,84817009251939,C.Keyword.Video.SB.PFCSinewave.CP1500PFCRM2U.B0B354X985,USD,0,0,0,0,0
1-Feb-26,amzn1.ads-account.g.ap8yon1iwz0h9l6rda434b6db,CyberPower,,SD,413728361555554,B00429N18S_SD_Consideration_CXT-Competitive products recommended by Xnurta_cpc_20251230,USD,1981,3,12.63,0,0
9-Feb-26,amzn1.ads-account.g.ap8yon1iwz0h9l6rda434b6db,CyberPower,,SB,436092719312252,B.Keyword.Video.SB.UPS.2026.StoreSpotlight,USD,8395,43,190.98,14,2354.76
16-Dec-25,amzn1.ads-account.g.ap8yon1iwz0h9l6rda434b6db,CyberPower,,SD,263494384088815,C.SD.Product.UPS.Ecologic.EC850LCD.B00DBAA696,USD,290245,187,1000.38,50,9319.05
6-Feb-26,amzn1.ads-account.g.ap8yon1iwz0h9l6rda434b6db,CyberPower,,SD,382929702717487,B00429N18S_SD_Awareness_AUDT-Complementary category views remarketing_vcpm_20251230,USD,0,0,0,0,0
14-Jan-26,amzn1.ads-account.g.ap8yon1iwz0h9l6rda434b6db,CyberPower,,SB,422752340317837,B.Keyword.Store.SB.UPS.2026.StoreSpotlight,USD,55862,263,2886.85,24,4598.18
7-Jan-26,amzn1.ads-account.g.ap8yon1iwz0h9l6rda434b6db,CyberPower,,SD,170474248246250,C.SD.Product.UPS.IntelligentLCD.CP1500AVRLCD3.B0BCMLLSHL,USD,0,0,0,0,0
1-Dec-25,amzn1.ads-account.g.ap8yon1iwz0h9l6rda434b6db,CyberPower,,SD,263494384088815,C.SD.Product.UPS.Ecologic.EC850LCD.B00DBAA696,USD,154335,84,996.28,26,3855.91
9-Jan-26,amzn1.ads-account.g.ap8yon1iwz0h9l6rda434b6db,CyberPower,,SD,462435011616528,B00429N18S_SD_Consideration_AUDT-Promoted category views remarketing_cpc_20251230,USD,0,0,0,0,0
27-Dec-25,amzn1.ads-account.g.ap8yon1iwz0h9l6rda434b6db,CyberPower,,SB,300358990869228,B.Keyword.Store.SB.UPS.StoreSpotlight,USD,401,4,7.06,8,1034.85
29-Jan-26,amzn1.ads-account.g.ap8yon1iwz0h9l6rda434b6db,CyberPower,,SB,436092719312252,B.Keyword.Video.SB.UPS.2026.StoreSpotlight,USD,12565,92,392.36,27,6482.6
23-Dec-25,amzn1.ads-account.g.ap8yon1iwz0h9l6rda434b6db,CyberPower,,SD,287421757846510,C.Keyword.Consumer.SD.UPS.PFCSineWave.CP1500PFCRM2U.B0B354X985,USD,14110,26,31.58,0,0
4-Dec-25,amzn1.ads-account.g.ap8yon1iwz0h9l6rda434b6db,CyberPower,,SB,362619829731385,B.Keyword.Video.SB.UPS.IntelligentLCD.CP1500AVRLCD3.B0BCMLLSHL,USD,3318,23,159.24,3,639.85
1-Dec-25,amzn1.ads-account.g.ap8yon1iwz0h9l6rda434b6db,CyberPower,,SB,362619829731385,B.Keyword.Video.SB.UPS.IntelligentLCD.CP1500AVRLCD3.B0BCMLLSHL,USD,6021,34,269.4,10,3712
7-Jan-26,amzn1.ads-account.g.ap8yon1iwz0h9l6rda434b6db,CyberPower,,SD,378661668519490,B00429N18S_SD_Consideration_AUDT-Similar products views remarketing_cpc_20251230,USD,60141,65,177.68,0,0
8-Dec-25,amzn1.ads-account.g.ap8yon1iwz0h9l6rda434b6db,CyberPower,,SB,335733425531216,N.Keyword.Video.SB.UPS.PFCSinewave.CP1500PFCLCD.B00429N19W,USD,7395,62,168.03,5,2140.75
8-Dec-25,amzn1.ads-account.g.ap8yon1iwz0h9l6rda434b6db,CyberPower,,SD,296198269696664,C.SD.Keyword.UPS.IntelligentLCD.CP1500AVRLCD3.B0BCMLLSHL,USD,90044,98,180.91,0,0
21-Dec-25,amzn1.ads-account.g.ap8yon1iwz0h9l6rda434b6db,CyberPower,,SD,263494384088815,C.SD.Product.UPS.Ecologic.EC850LCD.B00DBAA696,USD,277212,210,1000.63,37,5619.05
21-Jan-26,amzn1.ads-account.g.ap8yon1iwz0h9l6rda434b6db,CyberPower,,SD,288879984637562,B00429N18S_SD_Consideration_CXT-Strong competitive ASIN_cpc_20251230,USD,27,0,0,0,0
12-Feb-26,amzn1.ads-account.g.ap8yon1iwz0h9l6rda434b6db,CyberPower,,SB,410331745640501,N.Keyword.Video.SB.UPS.2026.StoreSpotlight,USD,3766,15,54.16,2,1049.9
24-Dec-25,amzn1.ads-account.g.ap8yon1iwz0h9l6rda434b6db,CyberPower,,SB,425328024590643,C.Keyword.Products.SB.UPS.1500units,USD,6000,23,75.94,2,427.9
27-Dec-25,amzn1.ads-account.g.ap8yon1iwz0h9l6rda434b6db,CyberPower,,SB,362619829731385,B.Keyword.Video.SB.UPS.IntelligentLCD.CP1500AVRLCD3.B0BCMLLSHL,USD,2441,11,69.62,1,199.95
19-Dec-25,amzn1.ads-account.g.ap8yon1iwz0h9l6rda434b6db,CyberPower,,SD,51640494101738,C.Product.Consumer.SP.UPS.PFCSineWave.CP1500PFCRM2U.B0B354X985,USD,427,1,0.39,0,0
6-Feb-26,amzn1.ads-account.g.ap8yon1iwz0h9l6rda434b6db,CyberPower,,SD,520906012389097,B00429N18S_SD_Consideration_CXT-Similar products_cpc_20251230,USD,0,0,0,0,0
2-Dec-25,amzn1.ads-account.g.ap8yon1iwz0h9l6rda434b6db,CyberPower,,SD,287421757846510,C.Keyword.Consumer.SD.UPS.PFCSineWave.CP1500PFCRM2U.B0B354X985,USD,1807,9,11.41,0,0
11-Dec-25,amzn1.ads-account.g.ap8yon1iwz0h9l6rda434b6db,CyberPower,,SD,287421757846510,C.Keyword.Consumer.SD.UPS.PFCSineWave.CP1500PFCRM2U.B0B354X985,USD,9492,29,55.12,1,359.95
26-Dec-25,amzn1.ads-account.g.ap8yon1iwz0h9l6rda434b6db,CyberPower,,SB,425328024590643,C.Keyword.Products.SB.UPS.1500units,USD,10635,33,87.55,4,719.8
27-Jan-26,amzn1.ads-account.g.ap8yon1iwz0h9l6rda434b6db,CyberPower,,SB,298664655817372,C.Keyword.Video.SB.PFCSinewave.2026.CP1500AVRLCD3,USD,40865,310,962.55,12,2359.35
26-Feb-26,amzn1.ads-account.g.ap8yon1iwz0h9l6rda434b6db,CyberPower,,SD,263494384088815,C.SD.Product.UPS.Ecologic.EC850LCD.B00DBAA696,USD,196725,158,480.37,15,2752.96
1-Feb-26,amzn1.ads-account.g.ap8yon1iwz0h9l6rda434b6db,CyberPower,,SD,425759037435957,B00429N18S_SD_Conversion_AUDT-Promoted product views remarketing_cpc_20251230,USD,32385,61,468.77,0,0
9-Feb-26,amzn1.ads-account.g.ap8yon1iwz0h9l6rda434b6db,CyberPower,,SB,520121709405886,C.Keyword.Video.SB.PFCSinewave.2026.CP1500PFCLCD,USD,9774,16,31.74,3,553.85
16-Jan-26,amzn1.ads-account.g.ap8yon1iwz0h9l6rda434b6db,CyberPower,,SD,462435011616528,B00429N18S_SD_Consideration_AUDT-Promoted category views remarketing_cpc_20251230,USD,125713,155,1035.31,0,0
17-Jan-26,amzn1.ads-account.g.ap8yon1iwz0h9l6rda434b6db,CyberPower,,SD,520906012389097,B00429N18S_SD_Consideration_CXT-Similar products_cpc_20251230,USD,0,0,0,0,0
2-Dec-25,amzn1.ads-account.g.ap8yon1iwz0h9l6rda434b6db,CyberPower,,SB,362619829731385,B.Keyword.Video.SB.UPS.IntelligentLCD.CP1500AVRLCD3.B0BCMLLSHL,USD,3476,41,300.37,8,1717.59
17-Dec-25,amzn1.ads-account.g.ap8yon1iwz0h9l6rda434b6db,CyberPower,,SD,263494384088815,C.SD.Product.UPS.Ecologic.EC850LCD.B00DBAA696,USD,273983,199,1000.78,46,8598.36
31-Jan-26,amzn1.ads-account.g.ap8yon1iwz0h9l6rda434b6db,CyberPower,,SB,422752340317837,B.Keyword.Store.SB.UPS.2026.StoreSpotlight,USD,21771,72,217.63,9,1707.5
22-Feb-26,amzn1.ads-account.g.ap8yon1iwz0h9l6rda434b6db,CyberPower,,SB,298664655817372,C.Keyword.Video.SB.PFCSinewave.2026.CP1500AVRLCD3,USD,33851,205,780.91,5,1019.75
28-Feb-26,amzn1.ads-account.g.ap8yon1iwz0h9l6rda434b6db,CyberPower,,SD,170474248246250,C.SD.Product.UPS.IntelligentLCD.CP1500AVRLCD3.B0BCMLLSHL,USD,116451,165,249.51,8,1049.18
7-Dec-25,amzn1.ads-account.g.ap8yon1iwz0h9l6rda434b6db,CyberPower,,SB,490434522578484,C.Keyword.Video.SB.UPS.PFCSinewave.CP1500PFCLCD.B00429N19W,USD,264,2,7.71,0,0
19-Dec-25,amzn1.ads-account.g.ap8yon1iwz0h9l6rda434b6db,CyberPower,,SB,501364882562485,C.Keyword.Video.SB.UPS.IntelligentLCD.CP1500AVRLCD3.B0BCMLLSHL,USD,169,0,0,0,0
13-Jan-26,amzn1.ads-account.g.ap8yon1iwz0h9l6rda434b6db,CyberPower,,SB,496257674867474,N.Keyword.Video.SB.UPS.PFCSinewave.2026.CP1500PFCLCD.B00429N19W,USD,78011,517,3716.15,36,8955.77
15-Dec-25,amzn1.ads-account.g.ap8yon1iwz0h9l6rda434b6db,CyberPower,,SD,296198269696664,C.SD.Keyword.UPS.IntelligentLCD.CP1500AVRLCD3.B0BCMLLSHL,USD,82552,127,186.39,0,0
14-Dec-25,amzn1.ads-account.g.ap8yon1iwz0h9l6rda434b6db,CyberPower,,SB,335733425531216,N.Keyword.Video.SB.UPS.PFCSinewave.CP1500PFCLCD.B00429N19W,USD,5040,44,125.48,5,1049.7
27-Jan-26,amzn1.ads-account.g.ap8yon1iwz0h9l6rda434b6db,CyberPower,,SB,436092719312252,B.Keyword.Video.SB.UPS.2026.StoreSpotlight,USD,15087,94,353.09,13,3601.89
9-Dec-25,amzn1.ads-account.g.ap8yon1iwz0h9l6rda434b6db,CyberPower,,SB,335733425531216,N.Keyword.Video.SB.UPS.PFCSinewave.CP1500PFCLCD.B00429N19W,USD,10808,68,173.36,7,1987.6
9-Feb-26,amzn1.ads-account.g.ap8yon1iwz0h9l6rda434b6db,CyberPower,,SD,425759037435957,B00429N18S_SD_Conversion_AUDT-Promoted product views remarketing_cpc_20251230,USD,0,0,0,0,0
9-Jan-26,amzn1.ads-account.g.ap8yon1iwz0h9l6rda434b6db,CyberPower,,SB,517243732232070,B.RSOV.Products.SB.UPS.1500units,USD,0,0,0,0,0
30-Jan-26,amzn1.ads-account.g.ap8yon1iwz0h9l6rda434b6db,CyberPower,,SD,339355478634336,B00429N18S_SD_Consideration_AUDT-Competitive brands views remarketing_cpc_20251230,USD,356233,333,896.89,2,479.9
9-Jan-26,amzn1.ads-account.g.ap8yon1iwz0h9l6rda434b6db,CyberPower,,SD,378661668519490,B00429N18S_SD_Consideration_AUDT-Similar products views remarketing_cpc_20251230,USD,0,0,0,0,0
21-Jan-26,amzn1.ads-account.g.ap8yon1iwz0h9l6rda434b6db,CyberPower,,SB,520121709405886,C.Keyword.Video.SB.PFCSinewave.2026.CP1500PFCLCD,USD,39430,476,1638.56,25,6490.65
9-Jan-26,amzn1.ads-account.g.ap8yon1iwz0h9l6rda434b6db,CyberPower,,SD,38365855708871,C.SD.Product.UPS.SmartAppLCD.B000XJLLKG.OR700LCDRM1U,USD,0,0,0,0,0
2-Jan-26,amzn1.ads-account.g.ap8yon1iwz0h9l6rda434b6db,CyberPower,,SD,263494384088815,C.SD.Product.UPS.Ecologic.EC850LCD.B00DBAA696,USD,0,0,0,0,0
17-Dec-25,amzn1.ads-account.g.ap8yon1iwz0h9l6rda434b6db,CyberPower,,SB,300358990869228,B.Keyword.Store.SB.UPS.StoreSpotlight,USD,569,7,6.57,21,3912.66
9-Feb-26,amzn1.ads-account.g.ap8yon1iwz0h9l6rda434b6db,CyberPower,,SD,263494384088815,C.SD.Product.UPS.Ecologic.EC850LCD.B00DBAA696,USD,93889,57,499.52,7,1038.54
3-Jan-26,amzn1.ads-account.g.ap8yon1iwz0h9l6rda434b6db,CyberPower,,SB,84817009251939,C.Keyword.Video.SB.PFCSinewave.CP1500PFCRM2U.B0B354X985,USD,0,0,0,0,0
27-Jan-26,amzn1.ads-account.g.ap8yon1iwz0h9l6rda434b6db,CyberPower,,SD,296198269696664,C.SD.Keyword.UPS.IntelligentLCD.CP1500AVRLCD3.B0BCMLLSHL,USD,0,0,0,0,0
19-Dec-25,amzn1.ads-account.g.ap8yon1iwz0h9l6rda434b6db,CyberPower,,SB,300358990869228,B.Keyword.Store.SB.UPS.StoreSpotlight,USD,511,6,8.91,16,3472.85
5-Dec-25,amzn1.ads-account.g.ap8yon1iwz0h9l6rda434b6db,CyberPower,,SB,335733425531216,N.Keyword.Video.SB.UPS.PFCSinewave.CP1500PFCLCD.B00429N19W,USD,5093,37,101.45,3,593.85
8-Dec-25,amzn1.ads-account.g.ap8yon1iwz0h9l6rda434b6db,CyberPower,,SB,293529288726869,B.Keyword.Video.SB.UPS.PFCSinewave.CP1500PFCLCD.B00429N19W,USD,132,1,0.25,0,0
15-Feb-26,amzn1.ads-account.g.ap8yon1iwz0h9l6rda434b6db,CyberPower,,SD,425759037435957,B00429N18S_SD_Conversion_AUDT-Promoted product views remarketing_cpc_20251230,USD,0,0,0,0,0
17-Jan-26,amzn1.ads-account.g.ap8yon1iwz0h9l6rda434b6db,CyberPower,,SD,296198269696664,C.SD.Keyword.UPS.IntelligentLCD.CP1500AVRLCD3.B0BCMLLSHL,USD,0,0,0,0,0
7-Feb-26,amzn1.ads-account.g.ap8yon1iwz0h9l6rda434b6db,CyberPower,,SD,560720574941385,B00429N18S_SD_Conversion_AUDT-purchase remarketing-promoted products-key promoted products_cpc_20251230,USD,0,0,0,0,0
8-Feb-26,amzn1.ads-account.g.ap8yon1iwz0h9l6rda434b6db,CyberPower,,SD,462435011616528,B00429N18S_SD_Consideration_AUDT-Promoted category views remarketing_cpc_20251230,USD,0,0,0,0,0
17-Feb-26,amzn1.ads-account.g.ap8yon1iwz0h9l6rda434b6db,CyberPower,,SB,520121709405886,C.Keyword.Video.SB.PFCSinewave.2026.CP1500PFCLCD,USD,5637,17,38.32,2,479.9
24-Dec-25,amzn1.ads-account.g.ap8yon1iwz0h9l6rda434b6db,CyberPower,,SB,501364882562485,C.Keyword.Video.SB.UPS.IntelligentLCD.CP1500AVRLCD3.B0BCMLLSHL,USD,249,0,0,0,0
16-Jan-26,amzn1.ads-account.g.ap8yon1iwz0h9l6rda434b6db,CyberPower,,SD,520906012389097,B00429N18S_SD_Consideration_CXT-Similar products_cpc_20251230,USD,184442,214,847.35,2,479.9
29-Jan-26,amzn1.ads-account.g.ap8yon1iwz0h9l6rda434b6db,CyberPower,,SD,339355478634336,B00429N18S_SD_Consideration_AUDT-Competitive brands views remarketing_cpc_20251230,USD,254432,273,913.35,2,750.9
7-Dec-25,amzn1.ads-account.g.ap8yon1iwz0h9l6rda434b6db,CyberPower,,SB,369323377946560,B2B - N.Keyword.Store.SB.UPS.StoreSpotlight,USD,0,0,0,0,0
8-Feb-26,amzn1.ads-account.g.ap8yon1iwz0h9l6rda434b6db,CyberPower,,SB,520121709405886,C.Keyword.Video.SB.PFCSinewave.2026.CP1500PFCLCD,USD,8289,22,47.9,1,199.95
20-Feb-26,amzn1.ads-account.g.ap8yon1iwz0h9l6rda434b6db,CyberPower,,SB,410331745640501,N.Keyword.Video.SB.UPS.2026.StoreSpotlight,USD,9059,46,147.19,6,1547.19
11-Feb-26,amzn1.ads-account.g.ap8yon1iwz0h9l6rda434b6db,CyberPower,,SB,298664655817372,C.Keyword.Video.SB.PFCSinewave.2026.CP1500AVRLCD3,USD,14709,94,186.15,2,279.9
18-Dec-25,amzn1.ads-account.g.ap8yon1iwz0h9l6rda434b6db,CyberPower,,SD,170474248246250,C.SD.Product.UPS.IntelligentLCD.CP1500AVRLCD3.B0BCMLLSHL,USD,61090,75,170.72,13,2596.64
11-Jan-26,amzn1.ads-account.g.ap8yon1iwz0h9l6rda434b6db,CyberPower,,SD,38365855708871,C.SD.Product.UPS.SmartAppLCD.B000XJLLKG.OR700LCDRM1U,USD,0,0,0,0,0
27-Feb-26,amzn1.ads-account.g.ap8yon1iwz0h9l6rda434b6db,CyberPower,,SB,410331745640501,N.Keyword.Video.SB.UPS.2026.StoreSpotlight,USD,12309,86,361.79,5,1998.9
10-Jan-26,amzn1.ads-account.g.ap8yon1iwz0h9l6rda434b6db,CyberPower,,SD,520906012389097,B00429N18S_SD_Consideration_CXT-Similar products_cpc_20251230,USD,0,0,0,0,0
18-Feb-26,amzn1.ads-account.g.ap8yon1iwz0h9l6rda434b6db,CyberPower,,SB,298664655817372,C.Keyword.Video.SB.PFCSinewave.2026.CP1500AVRLCD3,USD,15511,91,198.67,5,1103.75
8-Dec-25,amzn1.ads-account.g.ap8yon1iwz0h9l6rda434b6db,CyberPower,,SD,38365855708871,C.SD.Product.UPS.SmartAppLCD.B000XJLLKG.OR700LCDRM1U,USD,5994,11,27.3,5,1224.49
8-Jan-26,amzn1.ads-account.g.ap8yon1iwz0h9l6rda434b6db,CyberPower,,SD,378661668519490,B00429N18S_SD_Consideration_AUDT-Similar products views remarketing_cpc_20251230,USD,0,0,0,0,0
4-Feb-26,amzn1.ads-account.g.ap8yon1iwz0h9l6rda434b6db,CyberPower,,SD,462435011616528,B00429N18S_SD_Consideration_AUDT-Promoted category views remarketing_cpc_20251230,USD,0,0,0,0,0
3-Dec-25,amzn1.ads-account.g.ap8yon1iwz0h9l6rda434b6db,CyberPower,,SB,288898439745613,B2B - N.Keyword.Products.SB.UPS.1500units,USD,4,0,0,0,0
4-Jan-26,amzn1.ads-account.g.ap8yon1iwz0h9l6rda434b6db,CyberPower,,SD,401081905525372,C.Competitor.Consumer.SD.UPS.PFCSineWave.CP1500PFCRM2U.B0B354X985,USD,0,0,0,0,0
26-Feb-26,amzn1.ads-account.g.ap8yon1iwz0h9l6rda434b6db,CyberPower,,SB,436092719312252,B.Keyword.Video.SB.UPS.2026.StoreSpotlight,USD,8107,34,131.42,2,535.9
22-Dec-25,amzn1.ads-account.g.ap8yon1iwz0h9l6rda434b6db,CyberPower,,SD,263494384088815,C.SD.Product.UPS.Ecologic.EC850LCD.B00DBAA696,USD,274337,168,997.81,31,7467.31
30-Jan-26,amzn1.ads-account.g.ap8yon1iwz0h9l6rda434b6db,CyberPower,,SB,436092719312252,B.Keyword.Video.SB.UPS.2026.StoreSpotlight,USD,11539,60,236.93,14,3756.65
9-Jan-26,amzn1.ads-account.g.ap8yon1iwz0h9l6rda434b6db,CyberPower,,SD,263494384088815,C.SD.Product.UPS.Ecologic.EC850LCD.B00DBAA696,USD,0,0,0,0,0
12-Jan-26,amzn1.ads-account.g.ap8yon1iwz0h9l6rda434b6db,CyberPower,,SD,170474248246250,C.SD.Product.UPS.IntelligentLCD.CP1500AVRLCD3.B0BCMLLSHL,USD,0,0,0,0,0
15-Feb-26,amzn1.ads-account.g.ap8yon1iwz0h9l6rda434b6db,CyberPower,,SD,382929702717487,B00429N18S_SD_Awareness_AUDT-Complementary category views remarketing_vcpm_20251230,USD,0,0,0,0,0
23-Dec-25,amzn1.ads-account.g.ap8yon1iwz0h9l6rda434b6db,CyberPower,,SB,425328024590643,C.Keyword.Products.SB.UPS.1500units,USD,9095,38,103.13,5,1555.65
12-Feb-26,amzn1.ads-account.g.ap8yon1iwz0h9l6rda434b6db,CyberPower,,SD,560720574941385,B00429N18S_SD_Conversion_AUDT-purchase remarketing-promoted products-key promoted products_cpc_20251230,USD,0,0,0,0,0
23-Dec-25,amzn1.ads-account.g.ap8yon1iwz0h9l6rda434b6db,CyberPower,,SB,84817009251939,C.Keyword.Video.SB.PFCSinewave.CP1500PFCRM2U.B0B354X985,USD,2817,16,48.61,1,359.95
11-Jan-26,amzn1.ads-account.g.ap8yon1iwz0h9l6rda434b6db,CyberPower,,SB,490434522578484,C.Keyword.Video.SB.UPS.PFCSinewave.CP1500PFCLCD.B00429N19W,USD,0,0,0,0,0
27-Feb-26,amzn1.ads-account.g.ap8yon1iwz0h9l6rda434b6db,CyberPower,,SD,296198269696664,C.SD.Keyword.UPS.IntelligentLCD.CP1500AVRLCD3.B0BCMLLSHL,USD,0,0,0,0,0
10-Dec-25,amzn1.ads-account.g.ap8yon1iwz0h9l6rda434b6db,CyberPower,,SD,287421757846510,C.Keyword.Consumer.SD.UPS.PFCSineWave.CP1500PFCRM2U.B0B354X985,USD,6131,10,21.69,0,0
14-Dec-25,amzn1.ads-account.g.ap8yon1iwz0h9l6rda434b6db,CyberPower,,SD,170474248246250,C.SD.Product.UPS.IntelligentLCD.CP1500AVRLCD3.B0BCMLLSHL,USD,19251,29,55.12,13,1794.74
3-Feb-26,amzn1.ads-account.g.ap8yon1iwz0h9l6rda434b6db,CyberPower,,SB,422752340317837,B.Keyword.Store.SB.UPS.2026.StoreSpotlight,USD,20304,85,231.15,11,2815.45
4-Feb-26,amzn1.ads-account.g.ap8yon1iwz0h9l6rda434b6db,CyberPower,,SD,441244082318393,B00429N18S_SD_Awareness_CXT-Complementary category_vcpm_20251230,USD,0,0,0,0,0
14-Feb-26,amzn1.ads-account.g.ap8yon1iwz0h9l6rda434b6db,CyberPower,,SD,378661668519490,B00429N18S_SD_Consideration_AUDT-Similar products views remarketing_cpc_20251230,USD,0,0,0,0,0
2-Feb-26,amzn1.ads-account.g.ap8yon1iwz0h9l6rda434b6db,CyberPower,,SB,520121709405886,C.Keyword.Video.SB.PFCSinewave.2026.CP1500PFCLCD,USD,14898,67,201.49,4,833.8
10-Dec-25,amzn1.ads-account.g.ap8yon1iwz0h9l6rda434b6db,CyberPower,,SB,288898439745613,B2B - N.Keyword.Products.SB.UPS.1500units,USD,0,0,0,0,0
6-Feb-26,amzn1.ads-account.g.ap8yon1iwz0h9l6rda434b6db,CyberPower,,SD,170474248246250,C.SD.Product.UPS.IntelligentLCD.CP1500AVRLCD3.B0BCMLLSHL,USD,12498,19,42.98,1,47.95
1-Feb-26,amzn1.ads-account.g.ap8yon1iwz0h9l6rda434b6db,CyberPower,,SD,520906012389097,B00429N18S_SD_Consideration_CXT-Similar products_cpc_20251230,USD,59092,77,459.9,1,239.95
31-Jan-26,amzn1.ads-account.g.ap8yon1iwz0h9l6rda434b6db,CyberPower,,SB,520121709405886,C.Keyword.Video.SB.PFCSinewave.2026.CP1500PFCLCD,USD,20778,75,206.25,1,239.95
20-Dec-25,amzn1.ads-account.g.ap8yon1iwz0h9l6rda434b6db,CyberPower,,SB,425328024590643,C.Keyword.Products.SB.UPS.1500units,USD,8731,27,54.32,10,1646.77
28-Dec-25,amzn1.ads-account.g.ap8yon1iwz0h9l6rda434b6db,CyberPower,,SB,517243732232070,B.RSOV.Products.SB.UPS.1500units,USD,1162,37,0,13,1993.56
7-Jan-26,amzn1.ads-account.g.ap8yon1iwz0h9l6rda434b6db,CyberPower,,SD,124438051163565,C.SD.Product.UPS.PFCSinewave.CP1500PFCLCD.B00429N19W,USD,130806,43,510.3,3,326.32
11-Feb-26,amzn1.ads-account.g.ap8yon1iwz0h9l6rda434b6db,CyberPower,,SD,296198269696664,C.SD.Keyword.UPS.IntelligentLCD.CP1500AVRLCD3.B0BCMLLSHL,USD,0,0,0,0,0
11-Feb-26,amzn1.ads-account.g.ap8yon1iwz0h9l6rda434b6db,CyberPower,,SD,382929702717487,B00429N18S_SD_Awareness_AUDT-Complementary category views remarketing_vcpm_20251230,USD,0,0,0,0,0
30-Jan-26,amzn1.ads-account.g.ap8yon1iwz0h9l6rda434b6db,CyberPower,,SD,378661668519490,B00429N18S_SD_Consideration_AUDT-Similar products views remarketing_cpc_20251230,USD,268312,352,907.84,0,0
5-Feb-26,amzn1.ads-account.g.ap8yon1iwz0h9l6rda434b6db,CyberPower,,SD,378661668519490,B00429N18S_SD_Consideration_AUDT-Similar products views remarketing_cpc_20251230,USD,0,0,0,0,0
2-Dec-25,amzn1.ads-account.g.ap8yon1iwz0h9l6rda434b6db,CyberPower,,SD,263494384088815,C.SD.Product.UPS.Ecologic.EC850LCD.B00DBAA696,USD,237934,158,995.74,28,9810.78
9-Dec-25,amzn1.ads-account.g.ap8yon1iwz0h9l6rda434b6db,CyberPower,,SB,516203922618177,N.Keyword.Store.SB.UPS.StoreSpotlight,USD,110250,246,713.15,33,6868.44
19-Jan-26,amzn1.ads-account.g.ap8yon1iwz0h9l6rda434b6db,CyberPower,,SD,124438051163565,C.SD.Product.UPS.PFCSinewave.CP1500PFCLCD.B00429N19W,USD,0,0,0,0,0
9-Feb-26,amzn1.ads-account.g.ap8yon1iwz0h9l6rda434b6db,CyberPower,,SD,303378536736811,B00429N18S_SD_Consideration_AUDT-Promoted brand views remarketing_cpc_20251230,USD,0,0,0,0,0
12-Jan-26,amzn1.ads-account.g.ap8yon1iwz0h9l6rda434b6db,CyberPower,,SD,124438051163565,C.SD.Product.UPS.PFCSinewave.CP1500PFCLCD.B00429N19W,USD,0,0,0,0,0
26-Dec-25,amzn1.ads-account.g.ap8yon1iwz0h9l6rda434b6db,CyberPower,,SD,263494384088815,C.SD.Product.UPS.Ecologic.EC850LCD.B00DBAA696,USD,203622,120,801.52,22,5173.72
2-Feb-26,amzn1.ads-account.g.ap8yon1iwz0h9l6rda434b6db,CyberPower,,SD,520906012389097,B00429N18S_SD_Consideration_CXT-Similar products_cpc_20251230,USD,80635,87,457.71,0,0
22-Feb-26,amzn1.ads-account.g.ap8yon1iwz0h9l6rda434b6db,CyberPower,,SD,462435011616528,B00429N18S_SD_Consideration_AUDT-Promoted category views remarketing_cpc_20251230,USD,0,0,0,0,0
9-Dec-25,amzn1.ads-account.g.ap8yon1iwz0h9l6rda434b6db,CyberPower,,SB,425328024590643,C.Keyword.Products.SB.UPS.1500units,USD,12109,43,112.73,7,1412.81
11-Jan-26,amzn1.ads-account.g.ap8yon1iwz0h9l6rda434b6db,CyberPower,,SB,410331745640501,N.Keyword.Video.SB.UPS.2026.StoreSpotlight,USD,3258,10,71.31,0,0
10-Dec-25,amzn1.ads-account.g.ap8yon1iwz0h9l6rda434b6db,CyberPower,,SD,38365855708871,C.SD.Product.UPS.SmartAppLCD.B000XJLLKG.OR700LCDRM1U,USD,5882,8,22.42,7,1569.64
22-Dec-25,amzn1.ads-account.g.ap8yon1iwz0h9l6rda434b6db,CyberPower,,SB,516203922618177,N.Keyword.Store.SB.UPS.StoreSpotlight,USD,58571,194,571.81,21,4033.25
7-Feb-26,amzn1.ads-account.g.ap8yon1iwz0h9l6rda434b6db,CyberPower,,SD,382929702717487,B00429N18S_SD_Awareness_AUDT-Complementary category views remarketing_vcpm_20251230,USD,0,0,0,0,0
11-Feb-26,amzn1.ads-account.g.ap8yon1iwz0h9l6rda434b6db,CyberPower,,SD,303378536736811,B00429N18S_SD_Consideration_AUDT-Promoted brand views remarketing_cpc_20251230,USD,0,0,0,0,0
6-Dec-25,amzn1.ads-account.g.ap8yon1iwz0h9l6rda434b6db,CyberPower,,SD,287421757846510,C.Keyword.Consumer.SD.UPS.PFCSineWave.CP1500PFCRM2U.B0B354X985,USD,22141,33,137.93,0,0
19-Feb-26,amzn1.ads-account.g.ap8yon1iwz0h9l6rda434b6db,CyberPower,,SD,425759037435957,B00429N18S_SD_Conversion_AUDT-Promoted product views remarketing_cpc_20251230,USD,0,0,0,0,0
31-Jan-26,amzn1.ads-account.g.ap8yon1iwz0h9l6rda434b6db,CyberPower,,SD,288879984637562,B00429N18S_SD_Consideration_CXT-Strong competitive ASIN_cpc_20251230,USD,9,0,0,0,0
8-Feb-26,amzn1.ads-account.g.ap8yon1iwz0h9l6rda434b6db,CyberPower,,SD,414479380999065,B00429N18S_SD_Defense_CXT-Category-Segmented category brand_vcpm_20251230,USD,0,0,0,0,0
10-Feb-26,amzn1.ads-account.g.ap8yon1iwz0h9l6rda434b6db,CyberPower,,SB,496257674867474,N.Keyword.Video.SB.UPS.PFCSinewave.2026.CP1500PFCLCD.B00429N19W,USD,3875,21,31.8,1,227.95
30-Dec-25,amzn1.ads-account.g.ap8yon1iwz0h9l6rda434b6db,CyberPower,,SB,425328024590643,C.Keyword.Products.SB.UPS.1500units,USD,12342,31,75.4,6,2409.45
1-Feb-26,amzn1.ads-account.g.ap8yon1iwz0h9l6rda434b6db,CyberPower,,SB,410331745640501,N.Keyword.Video.SB.UPS.2026.StoreSpotlight,USD,20726,64,176.74,5,779.8
16-Dec-25,amzn1.ads-account.g.ap8yon1iwz0h9l6rda434b6db,CyberPower,,SB,335733425531216,N.Keyword.Video.SB.UPS.PFCSinewave.CP1500PFCLCD.B00429N19W,USD,5393,30,93.34,8,2032.55
2-Jan-26,amzn1.ads-account.g.ap8yon1iwz0h9l6rda434b6db,CyberPower,,SD,296198269696664,C.SD.Keyword.UPS.IntelligentLCD.CP1500AVRLCD3.B0BCMLLSHL,USD,0,0,0,0,0
6-Jan-26,amzn1.ads-account.g.ap8yon1iwz0h9l6rda434b6db,CyberPower,,SD,318904892472489,B00429N18S_SD_Consideration_CXT-Category-Competitive brands_cpc_20251230,USD,6113,13,48.9,0,0
30-Dec-25,amzn1.ads-account.g.ap8yon1iwz0h9l6rda434b6db,CyberPower,,SD,401081905525372,C.Competitor.Consumer.SD.UPS.PFCSineWave.CP1500PFCRM2U.B0B354X985,USD,4142,18,24.99,0,0
1-Feb-26,amzn1.ads-account.g.ap8yon1iwz0h9l6rda434b6db,CyberPower,,SD,382929702717487,B00429N18S_SD_Awareness_AUDT-Complementary category views remarketing_vcpm_20251230,USD,109776,108,450.76,3,357.85
14-Jan-26,amzn1.ads-account.g.ap8yon1iwz0h9l6rda434b6db,CyberPower,,SD,425759037435957,B00429N18S_SD_Conversion_AUDT-Promoted product views remarketing_cpc_20251230,USD,0,0,0,0,0
4-Jan-26,amzn1.ads-account.g.ap8yon1iwz0h9l6rda434b6db,CyberPower,,SB,335733425531216,N.Keyword.Video.SB.UPS.PFCSinewave.CP1500PFCLCD.B00429N19W,USD,0,0,0,0,0
13-Jan-26,amzn1.ads-account.g.ap8yon1iwz0h9l6rda434b6db,CyberPower,,SB,422752340317837,B.Keyword.Store.SB.UPS.2026.StoreSpotlight,USD,3784,49,186.35,7,2349.45
20-Feb-26,amzn1.ads-account.g.ap8yon1iwz0h9l6rda434b6db,CyberPower,,SB,298664655817372,C.Keyword.Video.SB.PFCSinewave.2026.CP1500AVRLCD3,USD,24021,112,403.96,11,2409.35
18-Feb-26,amzn1.ads-account.g.ap8yon1iwz0h9l6rda434b6db,CyberPower,,SD,378661668519490,B00429N18S_SD_Consideration_AUDT-Similar products views remarketing_cpc_20251230,USD,0,0,0,0,0
5-Feb-26,amzn1.ads-account.g.ap8yon1iwz0h9l6rda434b6db,CyberPower,,SD,560720574941385,B00429N18S_SD_Conversion_AUDT-purchase remarketing-promoted products-key promoted products_cpc_20251230,USD,0,0,0,0,0
27-Dec-25,amzn1.ads-account.g.ap8yon1iwz0h9l6rda434b6db,CyberPower,,SD,38365855708871,C.SD.Product.UPS.SmartAppLCD.B000XJLLKG.OR700LCDRM1U,USD,9227,17,30.46,6,1673.2
1-Feb-26,amzn1.ads-account.g.ap8yon1iwz0h9l6rda434b6db,CyberPower,,SD,318904892472489,B00429N18S_SD_Consideration_CXT-Category-Competitive brands_cpc_20251230,USD,4156,13,75.73,1,391.9
4-Dec-25,amzn1.ads-account.g.ap8yon1iwz0h9l6rda434b6db,CyberPower,,SD,401081905525372,C.Competitor.Consumer.SD.UPS.PFCSineWave.CP1500PFCRM2U.B0B354X985,USD,0,0,0,0,0
8-Dec-25,amzn1.ads-account.g.ap8yon1iwz0h9l6rda434b6db,CyberPower,,SD,263494384088815,C.SD.Product.UPS.Ecologic.EC850LCD.B00DBAA696,USD,302982,196,999.06,51,11432.41
8-Feb-26,amzn1.ads-account.g.ap8yon1iwz0h9l6rda434b6db,CyberPower,,SD,170474248246250,C.SD.Product.UPS.IntelligentLCD.CP1500AVRLCD3.B0BCMLLSHL,USD,46967,65,161.5,8,1004.97
9-Dec-25,amzn1.ads-account.g.ap8yon1iwz0h9l6rda434b6db,CyberPower,,SB,450441693358033,B2B - B.Keyword.Products.SB.UPS.1500units,USD,0,0,0,0,0
27-Dec-25,amzn1.ads-account.g.ap8yon1iwz0h9l6rda434b6db,CyberPower,,SB,517243732232070,B.RSOV.Products.SB.UPS.1500units,USD,1131,22,0,2,379.9
24-Dec-25,amzn1.ads-account.g.ap8yon1iwz0h9l6rda434b6db,CyberPower,,SB,517243732232070,B.RSOV.Products.SB.UPS.1500units,USD,968,17,0,1,479.9
25-Dec-25,amzn1.ads-account.g.ap8yon1iwz0h9l6rda434b6db,CyberPower,,SB,84817009251939,C.Keyword.Video.SB.PFCSinewave.CP1500PFCRM2U.B0B354X985,USD,2090,16,45.67,3,941.85
10-Jan-26,amzn1.ads-account.g.ap8yon1iwz0h9l6rda434b6db,CyberPower,,SD,38365855708871,C.SD.Product.UPS.SmartAppLCD.B000XJLLKG.OR700LCDRM1U,USD,0,0,0,0,0
15-Jan-26,amzn1.ads-account.g.ap8yon1iwz0h9l6rda434b6db,CyberPower,,SB,422752340317837,B.Keyword.Store.SB.UPS.2026.StoreSpotlight,USD,98122,376,4873.06,28,7189.16
11-Jan-26,amzn1.ads-account.g.ap8yon1iwz0h9l6rda434b6db,CyberPower,,SD,560720574941385,B00429N18S_SD_Conversion_AUDT-purchase remarketing-promoted products-key promoted products_cpc_20251230,USD,0,0,0,0,0
26-Dec-25,amzn1.ads-account.g.ap8yon1iwz0h9l6rda434b6db,CyberPower,,SB,84817009251939,C.Keyword.Video.SB.PFCSinewave.CP1500PFCRM2U.B0B354X985,USD,2932,21,51.69,0,0
7-Dec-25,amzn1.ads-account.g.ap8yon1iwz0h9l6rda434b6db,CyberPower,,SD,170474248246250,C.SD.Product.UPS.IntelligentLCD.CP1500AVRLCD3.B0BCMLLSHL,USD,13147,15,44.88,5,1095.09
11-Jan-26,amzn1.ads-account.g.ap8yon1iwz0h9l6rda434b6db,CyberPower,,SD,124438051163565,C.SD.Product.UPS.PFCSinewave.CP1500PFCLCD.B00429N19W,USD,0,0,0,0,0
20-Jan-26,amzn1.ads-account.g.ap8yon1iwz0h9l6rda434b6db,CyberPower,,SB,520121709405886,C.Keyword.Video.SB.PFCSinewave.2026.CP1500PFCLCD,USD,93126,537,6036.83,24,5908.8
26-Jan-26,amzn1.ads-account.g.ap8yon1iwz0h9l6rda434b6db,CyberPower,,SD,441244082318393,B00429N18S_SD_Awareness_CXT-Complementary category_vcpm_20251230,USD,0,0,0,0,0
4-Dec-25,amzn1.ads-account.g.ap8yon1iwz0h9l6rda434b6db,CyberPower,,SB,501364882562485,C.Keyword.Video.SB.UPS.IntelligentLCD.CP1500AVRLCD3.B0BCMLLSHL,USD,599,2,6.92,0,0
26-Dec-25,amzn1.ads-account.g.ap8yon1iwz0h9l6rda434b6db,CyberPower,,SD,287421757846510,C.Keyword.Consumer.SD.UPS.PFCSineWave.CP1500PFCRM2U.B0B354X985,USD,36800,69,146.81,0,0
10-Feb-26,amzn1.ads-account.g.ap8yon1iwz0h9l6rda434b6db,CyberPower,,SB,410331745640501,N.Keyword.Video.SB.UPS.2026.StoreSpotlight,USD,4513,28,67.41,1,119.95
22-Feb-26,amzn1.ads-account.g.ap8yon1iwz0h9l6rda434b6db,CyberPower,,SB,520121709405886,C.Keyword.Video.SB.PFCSinewave.2026.CP1500PFCLCD,USD,3179,11,19.96,0,0
9-Dec-25,amzn1.ads-account.g.ap8yon1iwz0h9l6rda434b6db,CyberPower,,SD,401081905525372,C.Competitor.Consumer.SD.UPS.PFCSineWave.CP1500PFCRM2U.B0B354X985,USD,20601,41,54.66,0,0
2-Feb-26,amzn1.ads-account.g.ap8yon1iwz0h9l6rda434b6db,CyberPower,,SD,339355478634336,B00429N18S_SD_Consideration_AUDT-Competitive brands views remarketing_cpc_20251230,USD,154504,93,464.69,0,0
17-Feb-26,amzn1.ads-account.g.ap8yon1iwz0h9l6rda434b6db,CyberPower,,SD,170474248246250,C.SD.Product.UPS.IntelligentLCD.CP1500AVRLCD3.B0BCMLLSHL,USD,25996,26,81.62,4,592.89
15-Jan-26,amzn1.ads-account.g.ap8yon1iwz0h9l6rda434b6db,CyberPower,,SD,382929702717487,B00429N18S_SD_Awareness_AUDT-Complementary category views remarketing_vcpm_20251230,USD,0,0,0,0,0
13-Feb-26,amzn1.ads-account.g.ap8yon1iwz0h9l6rda434b6db,CyberPower,,SB,496257674867474,N.Keyword.Video.SB.UPS.PFCSinewave.2026.CP1500PFCLCD.B00429N19W,USD,4136,15,25.49,3,1168.85
17-Feb-26,amzn1.ads-account.g.ap8yon1iwz0h9l6rda434b6db,CyberPower,,SD,339355478634336,B00429N18S_SD_Consideration_AUDT-Competitive brands views remarketing_cpc_20251230,USD,0,0,0,0,0
4-Jan-26,amzn1.ads-account.g.ap8yon1iwz0h9l6rda434b6db,CyberPower,,SB,425328024590643,C.Keyword.Products.SB.UPS.1500units,USD,0,0,0,0,0
3-Feb-26,amzn1.ads-account.g.ap8yon1iwz0h9l6rda434b6db,CyberPower,,SD,378661668519490,B00429N18S_SD_Consideration_AUDT-Similar products views remarketing_cpc_20251230,USD,0,0,0,0,0
4-Dec-25,amzn1.ads-account.g.ap8yon1iwz0h9l6rda434b6db,CyberPower,,SD,38365855708871,C.SD.Product.UPS.SmartAppLCD.B000XJLLKG.OR700LCDRM1U,USD,9418,4,35.32,7,1112.53
28-Jan-26,amzn1.ads-account.g.ap8yon1iwz0h9l6rda434b6db,CyberPower,,SD,378661668519490,B00429N18S_SD_Consideration_AUDT-Similar products views remarketing_cpc_20251230,USD,158511,152,1399.36,0,0
26-Jan-26,amzn1.ads-account.g.ap8yon1iwz0h9l6rda434b6db,CyberPower,,SB,410331745640501,N.Keyword.Video.SB.UPS.2026.StoreSpotlight,USD,28594,103,287.36,3,296.64
16-Feb-26,amzn1.ads-account.g.ap8yon1iwz0h9l6rda434b6db,CyberPower,,SB,410331745640501,N.Keyword.Video.SB.UPS.2026.StoreSpotlight,USD,4479,22,54.72,2,439.9
7-Jan-26,amzn1.ads-account.g.ap8yon1iwz0h9l6rda434b6db,CyberPower,,SD,441244082318393,B00429N18S_SD_Awareness_CXT-Complementary category_vcpm_20251230,USD,9429,7,38.13,1,64.74
14-Jan-26,amzn1.ads-account.g.ap8yon1iwz0h9l6rda434b6db,CyberPower,,SD,520906012389097,B00429N18S_SD_Consideration_CXT-Similar products_cpc_20251230,USD,0,0,0,0,0
6-Dec-25,amzn1.ads-account.g.ap8yon1iwz0h9l6rda434b6db,CyberPower,,SD,263494384088815,C.SD.Product.UPS.Ecologic.EC850LCD.B00DBAA696,USD,242684,194,999.75,25,4352.76
9-Feb-26,amzn1.ads-account.g.ap8yon1iwz0h9l6rda434b6db,CyberPower,,SB,298664655817372,C.Keyword.Video.SB.PFCSinewave.2026.CP1500AVRLCD3,USD,13179,86,158.59,5,900.32
31-Jan-26,amzn1.ads-account.g.ap8yon1iwz0h9l6rda434b6db,CyberPower,,SD,318904892472489,B00429N18S_SD_Consideration_CXT-Category-Competitive brands_cpc_20251230,USD,1288,0,0,0,0
6-Feb-26,amzn1.ads-account.g.ap8yon1iwz0h9l6rda434b6db,CyberPower,,SB,410331745640501,N.Keyword.Video.SB.UPS.2026.StoreSpotlight,USD,4251,21,50.6,4,1207.8
7-Feb-26,amzn1.ads-account.g.ap8yon1iwz0h9l6rda434b6db,CyberPower,,SD,296198269696664,C.SD.Keyword.UPS.IntelligentLCD.CP1500AVRLCD3.B0BCMLLSHL,USD,0,0,0,0,0
28-Jan-26,amzn1.ads-account.g.ap8yon1iwz0h9l6rda434b6db,CyberPower,,SB,496257674867474,N.Keyword.Video.SB.UPS.PFCSinewave.2026.CP1500PFCLCD.B00429N19W,USD,35689,208,628.79,12,2719.4
3-Jan-26,amzn1.ads-account.g.ap8yon1iwz0h9l6rda434b6db,CyberPower,,SD,263494384088815,C.SD.Product.UPS.Ecologic.EC850LCD.B00DBAA696,USD,0,0,0,0,0
25-Jan-26,amzn1.ads-account.g.ap8yon1iwz0h9l6rda434b6db,CyberPower,,SD,382929702717487,B00429N18S_SD_Awareness_AUDT-Complementary category views remarketing_vcpm_20251230,USD,0,0,0,0,0
17-Jan-26,amzn1.ads-account.g.ap8yon1iwz0h9l6rda434b6db,CyberPower,,SD,124438051163565,C.SD.Product.UPS.PFCSinewave.CP1500PFCLCD.B00429N19W,USD,0,0,0,0,0
27-Jan-26,amzn1.ads-account.g.ap8yon1iwz0h9l6rda434b6db,CyberPower,,SD,425759037435957,B00429N18S_SD_Conversion_AUDT-Promoted product views remarketing_cpc_20251230,USD,215196,253,902.88,2,479.9
17-Dec-25,amzn1.ads-account.g.ap8yon1iwz0h9l6rda434b6db,CyberPower,,SD,401081905525372,C.Competitor.Consumer.SD.UPS.PFCSineWave.CP1500PFCRM2U.B0B354X985,USD,10196,35,60.91,1,359.95
27-Jan-26,amzn1.ads-account.g.ap8yon1iwz0h9l6rda434b6db,CyberPower,,SD,378661668519490,B00429N18S_SD_Consideration_AUDT-Similar products views remarketing_cpc_20251230,USD,202033,177,1180.45,0,0
25-Dec-25,amzn1.ads-account.g.ap8yon1iwz0h9l6rda434b6db,CyberPower,,SB,516203922618177,N.Keyword.Store.SB.UPS.StoreSpotlight,USD,54313,153,429.54,12,1576.4
19-Feb-26,amzn1.ads-account.g.ap8yon1iwz0h9l6rda434b6db,CyberPower,,SD,339355478634336,B00429N18S_SD_Consideration_AUDT-Competitive brands views remarketing_cpc_20251230,USD,0,0,0,0,0
5-Jan-26,amzn1.ads-account.g.ap8yon1iwz0h9l6rda434b6db,CyberPower,,SD,401081905525372,C.Competitor.Consumer.SD.UPS.PFCSineWave.CP1500PFCRM2U.B0B354X985,USD,0,0,0,0,0
19-Dec-25,amzn1.ads-account.g.ap8yon1iwz0h9l6rda434b6db,CyberPower,,SD,263494384088815,C.SD.Product.UPS.Ecologic.EC850LCD.B00DBAA696,USD,252530,163,998.98,54,8449.18
30-Jan-26,amzn1.ads-account.g.ap8yon1iwz0h9l6rda434b6db,CyberPower,,SB,410331745640501,N.Keyword.Video.SB.UPS.2026.StoreSpotlight,USD,24784,74,220.09,6,1368.7
6-Jan-26,amzn1.ads-account.g.ap8yon1iwz0h9l6rda434b6db,CyberPower,,SD,560720574941385,B00429N18S_SD_Conversion_AUDT-purchase remarketing-promoted products-key promoted products_cpc_20251230,USD,7090,17,14.9,4,938.33
15-Jan-26,amzn1.ads-account.g.ap8yon1iwz0h9l6rda434b6db,CyberPower,,SD,124438051163565,C.SD.Product.UPS.PFCSinewave.CP1500PFCLCD.B00429N19W,USD,0,0,0,0,0
16-Feb-26,amzn1.ads-account.g.ap8yon1iwz0h9l6rda434b6db,CyberPower,,SD,263494384088815,C.SD.Product.UPS.Ecologic.EC850LCD.B00DBAA696,USD,74507,65,258.58,6,894.29
10-Feb-26,amzn1.ads-account.g.ap8yon1iwz0h9l6rda434b6db,CyberPower,,SD,560720574941385,B00429N18S_SD_Conversion_AUDT-purchase remarketing-promoted products-key promoted products_cpc_20251230,USD,0,0,0,0,0
18-Dec-25,amzn1.ads-account.g.ap8yon1iwz0h9l6rda434b6db,CyberPower,,SB,335733425531216,N.Keyword.Video.SB.UPS.PFCSinewave.CP1500PFCLCD.B00429N19W,USD,5827,37,106.28,6,1789.6
20-Jan-26,amzn1.ads-account.g.ap8yon1iwz0h9l6rda434b6db,CyberPower,,SB,496257674867474,N.Keyword.Video.SB.UPS.PFCSinewave.2026.CP1500PFCLCD.B00429N19W,USD,119121,1281,9933.89,69,17835.7
11-Jan-26,amzn1.ads-account.g.ap8yon1iwz0h9l6rda434b6db,CyberPower,,SB,293529288726869,B.Keyword.Video.SB.UPS.PFCSinewave.CP1500PFCLCD.B00429N19W,USD,0,0,0,0,0
1-Dec-25,amzn1.ads-account.g.ap8yon1iwz0h9l6rda434b6db,CyberPower,,SB,425328024590643,C.Keyword.Products.SB.UPS.1500units,USD,11923,40,124.97,5,1079.75
11-Jan-26,amzn1.ads-account.g.ap8yon1iwz0h9l6rda434b6db,CyberPower,,SB,425328024590643,C.Keyword.Products.SB.UPS.1500units,USD,0,0,0,0,0
7-Dec-25,amzn1.ads-account.g.ap8yon1iwz0h9l6rda434b6db,CyberPower,,SB,288898439745613,B2B - N.Keyword.Products.SB.UPS.1500units,USD,0,0,0,0,0
10-Jan-26,amzn1.ads-account.g.ap8yon1iwz0h9l6rda434b6db,CyberPower,,SB,516203922618177,N.Keyword.Store.SB.UPS.StoreSpotlight,USD,0,0,0,0,0
11-Feb-26,amzn1.ads-account.g.ap8yon1iwz0h9l6rda434b6db,CyberPower,,SD,124438051163565,C.SD.Product.UPS.PFCSinewave.CP1500PFCLCD.B00429N19W,USD,0,0,0,0,0
22-Jan-26,amzn1.ads-account.g.ap8yon1iwz0h9l6rda434b6db,CyberPower,,SD,378661668519490,B00429N18S_SD_Consideration_AUDT-Similar products views remarketing_cpc_20251230,USD,145013,132,957.85,0,0
27-Dec-25,amzn1.ads-account.g.ap8yon1iwz0h9l6rda434b6db,CyberPower,,SD,287421757846510,C.Keyword.Consumer.SD.UPS.PFCSineWave.CP1500PFCRM2U.B0B354X985,USD,18353,36,82.42,0,0
21-Jan-26,amzn1.ads-account.g.ap8yon1iwz0h9l6rda434b6db,CyberPower,,SD,303378536736811,B00429N18S_SD_Consideration_AUDT-Promoted brand views remarketing_cpc_20251230,USD,118449,150,1013.97,2,719.85
1-Dec-25,amzn1.ads-account.g.ap8yon1iwz0h9l6rda434b6db,CyberPower,,SD,401081905525372,C.Competitor.Consumer.SD.UPS.PFCSineWave.CP1500PFCRM2U.B0B354X985,USD,4493,17,48.55,1,69.8
27-Dec-25,amzn1.ads-account.g.ap8yon1iwz0h9l6rda434b6db,CyberPower,,SB,516203922618177,N.Keyword.Store.SB.UPS.StoreSpotlight,USD,31055,96,253.46,15,2801.8
3-Jan-26,amzn1.ads-account.g.ap8yon1iwz0h9l6rda434b6db,CyberPower,,SB,362619829731385,B.Keyword.Video.SB.UPS.IntelligentLCD.CP1500AVRLCD3.B0BCMLLSHL,USD,0,0,0,0,0
1-Feb-26,amzn1.ads-account.g.ap8yon1iwz0h9l6rda434b6db,CyberPower,,SD,560720574941385,B00429N18S_SD_Conversion_AUDT-purchase remarketing-promoted products-key promoted products_cpc_20251230,USD,19430,30,75.28,1,239.95
2-Feb-26,amzn1.ads-account.g.ap8yon1iwz0h9l6rda434b6db,CyberPower,,SB,422752340317837,B.Keyword.Store.SB.UPS.2026.StoreSpotlight,USD,19299,72,201.28,17,8055.94
7-Dec-25,amzn1.ads-account.g.ap8yon1iwz0h9l6rda434b6db,CyberPower,,SB,362619829731385,B.Keyword.Video.SB.UPS.IntelligentLCD.CP1500AVRLCD3.B0BCMLLSHL,USD,2886,33,258.14,2,479.9
17-Dec-25,amzn1.ads-account.g.ap8yon1iwz0h9l6rda434b6db,CyberPower,,SB,490434522578484,C.Keyword.Video.SB.UPS.PFCSinewave.CP1500PFCLCD.B00429N19W,USD,405,1,2.33,1,239.95
7-Feb-26,amzn1.ads-account.g.ap8yon1iwz0h9l6rda434b6db,CyberPower,,SD,441244082318393,B00429N18S_SD_Awareness_CXT-Complementary category_vcpm_20251230,USD,0,0,0,0,0
26-Jan-26,amzn1.ads-account.g.ap8yon1iwz0h9l6rda434b6db,CyberPower,,SB,436092719312252,B.Keyword.Video.SB.UPS.2026.StoreSpotlight,USD,14080,80,270.75,11,2212.1
16-Feb-26,amzn1.ads-account.g.ap8yon1iwz0h9l6rda434b6db,CyberPower,,SB,422752340317837,B.Keyword.Store.SB.UPS.2026.StoreSpotlight,USD,41164,105,276.09,14,3222.67
6-Feb-26,amzn1.ads-account.g.ap8yon1iwz0h9l6rda434b6db,CyberPower,,SB,520121709405886,C.Keyword.Video.SB.PFCSinewave.2026.CP1500PFCLCD,USD,8248,23,43.79,3,719.85
27-Jan-26,amzn1.ads-account.g.ap8yon1iwz0h9l6rda434b6db,CyberPower,,SB,422752340317837,B.Keyword.Store.SB.UPS.2026.StoreSpotlight,USD,37511,100,285.87,11,2016.4
25-Jan-26,amzn1.ads-account.g.ap8yon1iwz0h9l6rda434b6db,CyberPower,,SD,339355478634336,B00429N18S_SD_Consideration_AUDT-Competitive brands views remarketing_cpc_20251230,USD,0,0,0,0,0
3-Jan-26,amzn1.ads-account.g.ap8yon1iwz0h9l6rda434b6db,CyberPower,,SB,335733425531216,N.Keyword.Video.SB.UPS.PFCSinewave.CP1500PFCLCD.B00429N19W,USD,0,0,0,0,0
4-Feb-26,amzn1.ads-account.g.ap8yon1iwz0h9l6rda434b6db,CyberPower,,SD,425759037435957,B00429N18S_SD_Conversion_AUDT-Promoted product views remarketing_cpc_20251230,USD,0,0,0,0,0
6-Feb-26,amzn1.ads-account.g.ap8yon1iwz0h9l6rda434b6db,CyberPower,,SD,441244082318393,B00429N18S_SD_Awareness_CXT-Complementary category_vcpm_20251230,USD,0,0,0,0,0
14-Feb-26,amzn1.ads-account.g.ap8yon1iwz0h9l6rda434b6db,CyberPower,,SD,425759037435957,B00429N18S_SD_Conversion_AUDT-Promoted product views remarketing_cpc_20251230,USD,0,0,0,0,0
7-Jan-26,amzn1.ads-account.g.ap8yon1iwz0h9l6rda434b6db,CyberPower,,SD,425759037435957,B00429N18S_SD_Conversion_AUDT-Promoted product views remarketing_cpc_20251230,USD,8474,17,37.91,0,0
27-Dec-25,amzn1.ads-account.g.ap8yon1iwz0h9l6rda434b6db,CyberPower,,SB,501364882562485,C.Keyword.Video.SB.UPS.IntelligentLCD.CP1500AVRLCD3.B0BCMLLSHL,USD,256,1,0.54,0,0
4-Feb-26,amzn1.ads-account.g.ap8yon1iwz0h9l6rda434b6db,CyberPower,,SB,496257674867474,N.Keyword.Video.SB.UPS.PFCSinewave.2026.CP1500PFCLCD.B00429N19W,USD,23507,118,318.83,5,1539.75
9-Jan-26,amzn1.ads-account.g.ap8yon1iwz0h9l6rda434b6db,CyberPower,,SB,516203922618177,N.Keyword.Store.SB.UPS.StoreSpotlight,USD,0,0,0,0,0
6-Dec-25,amzn1.ads-account.g.ap8yon1iwz0h9l6rda434b6db,CyberPower,,SB,516203922618177,N.Keyword.Store.SB.UPS.StoreSpotlight,USD,100909,254,801.59,25,3812.63
26-Feb-26,amzn1.ads-account.g.ap8yon1iwz0h9l6rda434b6db,CyberPower,,SB,298664655817372,C.Keyword.Video.SB.PFCSinewave.2026.CP1500AVRLCD3,USD,36591,219,808.4,14,3175.3
21-Feb-26,amzn1.ads-account.g.ap8yon1iwz0h9l6rda434b6db,CyberPower,,SD,263494384088815,C.SD.Product.UPS.Ecologic.EC850LCD.B00DBAA696,USD,72448,95,242.91,10,2139.45
13-Dec-25,amzn1.ads-account.g.ap8yon1iwz0h9l6rda434b6db,CyberPower,,SD,401081905525372,C.Competitor.Consumer.SD.UPS.PFCSineWave.CP1500PFCRM2U.B0B354X985,USD,17073,42,90.01,1,719.9
15-Dec-25,amzn1.ads-account.g.ap8yon1iwz0h9l6rda434b6db,CyberPower,,SB,300358990869228,B.Keyword.Store.SB.UPS.StoreSpotlight,USD,686,12,7.83,29,6272.8
31-Dec-25,amzn1.ads-account.g.ap8yon1iwz0h9l6rda434b6db,CyberPower,,SD,170474248246250,C.SD.Product.UPS.IntelligentLCD.CP1500AVRLCD3.B0BCMLLSHL,USD,0,0,0,0,0
6-Jan-26,amzn1.ads-account.g.ap8yon1iwz0h9l6rda434b6db,CyberPower,,SD,38365855708871,C.SD.Product.UPS.SmartAppLCD.B000XJLLKG.OR700LCDRM1U,USD,0,0,0,0,0
7-Feb-26,amzn1.ads-account.g.ap8yon1iwz0h9l6rda434b6db,CyberPower,,SD,339355478634336,B00429N18S_SD_Consideration_AUDT-Competitive brands views remarketing_cpc_20251230,USD,0,0,0,0,0
26-Feb-26,amzn1.ads-account.g.ap8yon1iwz0h9l6rda434b6db,CyberPower,,SD,382929702717487,B00429N18S_SD_Awareness_AUDT-Complementary category views remarketing_vcpm_20251230,USD,0,0,0,0,0
9-Dec-25,amzn1.ads-account.g.ap8yon1iwz0h9l6rda434b6db,CyberPower,,SB,490434522578484,C.Keyword.Video.SB.UPS.PFCSinewave.CP1500PFCLCD.B00429N19W,USD,731,1,3.77,0,0
14-Jan-26,amzn1.ads-account.g.ap8yon1iwz0h9l6rda434b6db,CyberPower,,SD,263494384088815,C.SD.Product.UPS.Ecologic.EC850LCD.B00DBAA696,USD,0,0,0,0,0
13-Jan-26,amzn1.ads-account.g.ap8yon1iwz0h9l6rda434b6db,CyberPower,,SD,303378536736811,B00429N18S_SD_Consideration_AUDT-Promoted brand views remarketing_cpc_20251230,USD,0,0,0,0,0
10-Feb-26,amzn1.ads-account.g.ap8yon1iwz0h9l6rda434b6db,CyberPower,,SD,296198269696664,C.SD.Keyword.UPS.IntelligentLCD.CP1500AVRLCD3.B0BCMLLSHL,USD,0,0,0,0,0
20-Dec-25,amzn1.ads-account.g.ap8yon1iwz0h9l6rda434b6db,CyberPower,,SB,84817009251939,C.Keyword.Video.SB.PFCSinewave.CP1500PFCRM2U.B0B354X985,USD,4846,29,59.06,0,0
8-Dec-25,amzn1.ads-account.g.ap8yon1iwz0h9l6rda434b6db,CyberPower,,SD,170474248246250,C.SD.Product.UPS.IntelligentLCD.CP1500AVRLCD3.B0BCMLLSHL,USD,8078,2,23.07,5,680.21
16-Dec-25,amzn1.ads-account.g.ap8yon1iwz0h9l6rda434b6db,CyberPower,,SB,501364882562485,C.Keyword.Video.SB.UPS.IntelligentLCD.CP1500AVRLCD3.B0BCMLLSHL,USD,318,2,1.95,1,119.95
30-Dec-25,amzn1.ads-account.g.ap8yon1iwz0h9l6rda434b6db,CyberPower,,SD,170474248246250,C.SD.Product.UPS.IntelligentLCD.CP1500AVRLCD3.B0BCMLLSHL,USD,509,0,1.77,0,0
31-Dec-25,amzn1.ads-account.g.ap8yon1iwz0h9l6rda434b6db,CyberPower,,SB,425328024590643,C.Keyword.Products.SB.UPS.1500units,USD,9184,32,63.84,7,1499.65
22-Jan-26,amzn1.ads-account.g.ap8yon1iwz0h9l6rda434b6db,CyberPower,,SD,414479380999065,B00429N18S_SD_Defense_CXT-Category-Segmented category brand_vcpm_20251230,USD,223,0,0.84,0,0
7-Dec-25,amzn1.ads-account.g.ap8yon1iwz0h9l6rda434b6db,CyberPower,,SB,300358990869228,B.Keyword.Store.SB.UPS.StoreSpotlight,USD,583,6,7.48,9,1003.01
1-Feb-26,amzn1.ads-account.g.ap8yon1iwz0h9l6rda434b6db,CyberPower,,SD,378661668519490,B00429N18S_SD_Consideration_AUDT-Similar products views remarketing_cpc_20251230,USD,96513,147,469.9,0,0
16-Feb-26,amzn1.ads-account.g.ap8yon1iwz0h9l6rda434b6db,CyberPower,,SB,298664655817372,C.Keyword.Video.SB.PFCSinewave.2026.CP1500AVRLCD3,USD,14739,103,207.51,3,599.85
15-Feb-26,amzn1.ads-account.g.ap8yon1iwz0h9l6rda434b6db,CyberPower,,SD,560720574941385,B00429N18S_SD_Conversion_AUDT-purchase remarketing-promoted products-key promoted products_cpc_20251230,USD,0,0,0,0,0
4-Feb-26,amzn1.ads-account.g.ap8yon1iwz0h9l6rda434b6db,CyberPower,,SD,378661668519490,B00429N18S_SD_Consideration_AUDT-Similar products views remarketing_cpc_20251230,USD,0,0,0,0,0
22-Dec-25,amzn1.ads-account.g.ap8yon1iwz0h9l6rda434b6db,CyberPower,,SB,293529288726869,B.Keyword.Video.SB.UPS.PFCSinewave.CP1500PFCLCD.B00429N19W,USD,70,0,0,0,0
8-Feb-26,amzn1.ads-account.g.ap8yon1iwz0h9l6rda434b6db,CyberPower,,SB,422752340317837,B.Keyword.Store.SB.UPS.2026.StoreSpotlight,USD,17531,56,134.26,6,1061.7
22-Jan-26,amzn1.ads-account.g.ap8yon1iwz0h9l6rda434b6db,CyberPower,,SD,462435011616528,B00429N18S_SD_Consideration_AUDT-Promoted category views remarketing_cpc_20251230,USD,84928,82,1079.74,0,0
9-Dec-25,amzn1.ads-account.g.ap8yon1iwz0h9l6rda434b6db,CyberPower,,SD,170474248246250,C.SD.Product.UPS.IntelligentLCD.CP1500AVRLCD3.B0BCMLLSHL,USD,98750,94,276.7,12,1904.54
16-Dec-25,amzn1.ads-account.g.ap8yon1iwz0h9l6rda434b6db,CyberPower,,SD,287421757846510,C.Keyword.Consumer.SD.UPS.PFCSineWave.CP1500PFCRM2U.B0B354X985,USD,6782,15,24.03,0,0
22-Jan-26,amzn1.ads-account.g.ap8yon1iwz0h9l6rda434b6db,CyberPower,,SD,441244082318393,B00429N18S_SD_Awareness_CXT-Complementary category_vcpm_20251230,USD,15772,16,61.65,4,907.7
30-Dec-25,amzn1.ads-account.g.ap8yon1iwz0h9l6rda434b6db,CyberPower,,SD,51640494101738,C.Product.Consumer.SP.UPS.PFCSineWave.CP1500PFCRM2U.B0B354X985,USD,121,0,0,0,0
22-Dec-25,amzn1.ads-account.g.ap8yon1iwz0h9l6rda434b6db,CyberPower,,SB,425328024590643,C.Keyword.Products.SB.UPS.1500units,USD,10409,47,104.45,9,2191.4
25-Dec-25,amzn1.ads-account.g.ap8yon1iwz0h9l6rda434b6db,CyberPower,,SD,263494384088815,C.SD.Product.UPS.Ecologic.EC850LCD.B00DBAA696,USD,216045,180,999.85,15,3368.25
17-Feb-26,amzn1.ads-account.g.ap8yon1iwz0h9l6rda434b6db,CyberPower,,SB,298664655817372,C.Keyword.Video.SB.PFCSinewave.2026.CP1500AVRLCD3,USD,14812,87,189.24,8,1639.6
3-Jan-26,amzn1.ads-account.g.ap8yon1iwz0h9l6rda434b6db,CyberPower,,SB,516203922618177,N.Keyword.Store.SB.UPS.StoreSpotlight,USD,0,0,0,0,0
30-Jan-26,amzn1.ads-account.g.ap8yon1iwz0h9l6rda434b6db,CyberPower,,SD,124438051163565,C.SD.Product.UPS.PFCSinewave.CP1500PFCLCD.B00429N19W,USD,0,0,0,0,0
24-Dec-25,amzn1.ads-account.g.ap8yon1iwz0h9l6rda434b6db,CyberPower,,SD,296198269696664,C.SD.Keyword.UPS.IntelligentLCD.CP1500AVRLCD3.B0BCMLLSHL,USD,55832,153,185.29,0,0
30-Jan-26,amzn1.ads-account.g.ap8yon1iwz0h9l6rda434b6db,CyberPower,,SB,422752340317837,B.Keyword.Store.SB.UPS.2026.StoreSpotlight,USD,21200,83,254.89,10,2256.78
14-Jan-26,amzn1.ads-account.g.ap8yon1iwz0h9l6rda434b6db,CyberPower,,SD,441244082318393,B00429N18S_SD_Awareness_CXT-Complementary category_vcpm_20251230,USD,0,0,0,0,0
9-Jan-26,amzn1.ads-account.g.ap8yon1iwz0h9l6rda434b6db,CyberPower,,SD,425759037435957,B00429N18S_SD_Conversion_AUDT-Promoted product views remarketing_cpc_20251230,USD,0,0,0,0,0
8-Jan-26,amzn1.ads-account.g.ap8yon1iwz0h9l6rda434b6db,CyberPower,,SD,296198269696664,C.SD.Keyword.UPS.IntelligentLCD.CP1500AVRLCD3.B0BCMLLSHL,USD,0,0,0,0,0
11-Jan-26,amzn1.ads-account.g.ap8yon1iwz0h9l6rda434b6db,CyberPower,,SB,84817009251939,C.Keyword.Video.SB.PFCSinewave.CP1500PFCRM2U.B0B354X985,USD,0,0,0,0,0
7-Jan-26,amzn1.ads-account.g.ap8yon1iwz0h9l6rda434b6db,CyberPower,,SD,318904892472489,B00429N18S_SD_Consideration_CXT-Category-Competitive brands_cpc_20251230,USD,1593,7,40.8,0,0
17-Dec-25,amzn1.ads-account.g.ap8yon1iwz0h9l6rda434b6db,CyberPower,,SB,362619829731385,B.Keyword.Video.SB.UPS.IntelligentLCD.CP1500AVRLCD3.B0BCMLLSHL,USD,2874,16,115.88,4,1010.65
11-Dec-25,amzn1.ads-account.g.ap8yon1iwz0h9l6rda434b6db,CyberPower,,SB,335733425531216,N.Keyword.Video.SB.UPS.PFCSinewave.CP1500PFCLCD.B00429N19W,USD,5274,27,105.31,3,742.35
25-Jan-26,amzn1.ads-account.g.ap8yon1iwz0h9l6rda434b6db,CyberPower,,SB,520121709405886,C.Keyword.Video.SB.PFCSinewave.2026.CP1500PFCLCD,USD,28511,130,365.78,2,419.9
28-Jan-26,amzn1.ads-account.g.ap8yon1iwz0h9l6rda434b6db,CyberPower,,SD,303378536736811,B00429N18S_SD_Consideration_AUDT-Promoted brand views remarketing_cpc_20251230,USD,130693,115,1016.17,1,79.95
22-Jan-26,amzn1.ads-account.g.ap8yon1iwz0h9l6rda434b6db,CyberPower,,SB,422752340317837,B.Keyword.Store.SB.UPS.2026.StoreSpotlight,USD,171454,226,654.21,12,2223.35
14-Feb-26,amzn1.ads-account.g.ap8yon1iwz0h9l6rda434b6db,CyberPower,,SD,263494384088815,C.SD.Product.UPS.Ecologic.EC850LCD.B00DBAA696,USD,36753,42,152.33,4,323.7
17-Dec-25,amzn1.ads-account.g.ap8yon1iwz0h9l6rda434b6db,CyberPower,,SB,293529288726869,B.Keyword.Video.SB.UPS.PFCSinewave.CP1500PFCLCD.B00429N19W,USD,83,1,0.26,1,959.8
23-Jan-26,amzn1.ads-account.g.ap8yon1iwz0h9l6rda434b6db,CyberPower,,SD,378661668519490,B00429N18S_SD_Consideration_AUDT-Similar products views remarketing_cpc_20251230,USD,0,0,0,0,0
9-Feb-26,amzn1.ads-account.g.ap8yon1iwz0h9l6rda434b6db,CyberPower,,SB,496257674867474,N.Keyword.Video.SB.UPS.PFCSinewave.2026.CP1500PFCLCD.B00429N19W,USD,4206,23,36.13,2,531.9
26-Feb-26,amzn1.ads-account.g.ap8yon1iwz0h9l6rda434b6db,CyberPower,,SD,170474248246250,C.SD.Product.UPS.IntelligentLCD.CP1500AVRLCD3.B0BCMLLSHL,USD,113915,167,233.37,19,2878.01
1-Feb-26,amzn1.ads-account.g.ap8yon1iwz0h9l6rda434b6db,CyberPower,,SB,520121709405886,C.Keyword.Video.SB.PFCSinewave.2026.CP1500PFCLCD,USD,17065,68,202.77,2,479.9
25-Jan-26,amzn1.ads-account.g.ap8yon1iwz0h9l6rda434b6db,CyberPower,,SD,462435011616528,B00429N18S_SD_Consideration_AUDT-Promoted category views remarketing_cpc_20251230,USD,0,0,0,0,0
20-Dec-25,amzn1.ads-account.g.ap8yon1iwz0h9l6rda434b6db,CyberPower,,SD,296198269696664,C.SD.Keyword.UPS.IntelligentLCD.CP1500AVRLCD3.B0BCMLLSHL,USD,49418,112,195.14,0,0
4-Feb-26,amzn1.ads-account.g.ap8yon1iwz0h9l6rda434b6db,CyberPower,,SD,520906012389097,B00429N18S_SD_Consideration_CXT-Similar products_cpc_20251230,USD,0,0,0,0,0
3-Jan-26,amzn1.ads-account.g.ap8yon1iwz0h9l6rda434b6db,CyberPower,,SD,38365855708871,C.SD.Product.UPS.SmartAppLCD.B000XJLLKG.OR700LCDRM1U,USD,0,0,0,0,0
25-Feb-26,amzn1.ads-account.g.ap8yon1iwz0h9l6rda434b6db,CyberPower,,SB,410331745640501,N.Keyword.Video.SB.UPS.2026.StoreSpotlight,USD,13248,56,173.06,0,0
18-Jan-26,amzn1.ads-account.g.ap8yon1iwz0h9l6rda434b6db,CyberPower,,SB,520121709405886,C.Keyword.Video.SB.PFCSinewave.2026.CP1500PFCLCD,USD,74740,265,2890.75,5,1139.75
18-Feb-26,amzn1.ads-account.g.ap8yon1iwz0h9l6rda434b6db,CyberPower,,SB,496257674867474,N.Keyword.Video.SB.UPS.PFCSinewave.2026.CP1500PFCLCD.B00429N19W,USD,4425,34,64.59,4,877.8
12-Feb-26,amzn1.ads-account.g.ap8yon1iwz0h9l6rda434b6db,CyberPower,,SD,378661668519490,B00429N18S_SD_Consideration_AUDT-Similar products views remarketing_cpc_20251230,USD,0,0,0,0,0
17-Jan-26,amzn1.ads-account.g.ap8yon1iwz0h9l6rda434b6db,CyberPower,,SB,520121709405886,C.Keyword.Video.SB.PFCSinewave.2026.CP1500PFCLCD,USD,60335,185,2099.41,5,1249.75
26-Dec-25,amzn1.ads-account.g.ap8yon1iwz0h9l6rda434b6db,CyberPower,,SB,300358990869228,B.Keyword.Store.SB.UPS.StoreSpotlight,USD,387,2,5.4,6,529.65
16-Feb-26,amzn1.ads-account.g.ap8yon1iwz0h9l6rda434b6db,CyberPower,,SD,339355478634336,B00429N18S_SD_Consideration_AUDT-Competitive brands views remarketing_cpc_20251230,USD,0,0,0,0,0
19-Jan-26,amzn1.ads-account.g.ap8yon1iwz0h9l6rda434b6db,CyberPower,,SB,496257674867474,N.Keyword.Video.SB.UPS.PFCSinewave.2026.CP1500PFCLCD.B00429N19W,USD,58810,324,2599.89,22,4716.9
16-Jan-26,amzn1.ads-account.g.ap8yon1iwz0h9l6rda434b6db,CyberPower,,SD,425759037435957,B00429N18S_SD_Conversion_AUDT-Promoted product views remarketing_cpc_20251230,USD,258645,492,905.11,2,479.9
21-Jan-26,amzn1.ads-account.g.ap8yon1iwz0h9l6rda434b6db,CyberPower,,SD,560720574941385,B00429N18S_SD_Conversion_AUDT-purchase remarketing-promoted products-key promoted products_cpc_20251230,USD,3784,7,27.23,0,0
1-Jan-26,amzn1.ads-account.g.ap8yon1iwz0h9l6rda434b6db,CyberPower,,SD,170474248246250,C.SD.Product.UPS.IntelligentLCD.CP1500AVRLCD3.B0BCMLLSHL,USD,0,0,0,0,0
29-Jan-26,amzn1.ads-account.g.ap8yon1iwz0h9l6rda434b6db,CyberPower,,SD,303378536736811,B00429N18S_SD_Consideration_AUDT-Promoted brand views remarketing_cpc_20251230,USD,298151,405,883.98,4,839.8
26-Jan-26,amzn1.ads-account.g.ap8yon1iwz0h9l6rda434b6db,CyberPower,,SB,496257674867474,N.Keyword.Video.SB.UPS.PFCSinewave.2026.CP1500PFCLCD.B00429N19W,USD,50684,299,1317.59,14,3159.1
4-Dec-25,amzn1.ads-account.g.ap8yon1iwz0h9l6rda434b6db,CyberPower,,SD,296198269696664,C.SD.Keyword.UPS.IntelligentLCD.CP1500AVRLCD3.B0BCMLLSHL,USD,29141,66,199.33,0,0
3-Dec-25,amzn1.ads-account.g.ap8yon1iwz0h9l6rda434b6db,CyberPower,,SB,517243732232070,B.RSOV.Products.SB.UPS.1500units,USD,1209,32,0,2,1141.75
8-Feb-26,amzn1.ads-account.g.ap8yon1iwz0h9l6rda434b6db,CyberPower,,SD,303378536736811,B00429N18S_SD_Consideration_AUDT-Promoted brand views remarketing_cpc_20251230,USD,0,0,0,0,0
9-Jan-26,amzn1.ads-account.g.ap8yon1iwz0h9l6rda434b6db,CyberPower,,SD,401081905525372,C.Competitor.Consumer.SD.UPS.PFCSineWave.CP1500PFCRM2U.B0B354X985,USD,0,0,0,0,0
15-Jan-26,amzn1.ads-account.g.ap8yon1iwz0h9l6rda434b6db,CyberPower,,SD,170474248246250,C.SD.Product.UPS.IntelligentLCD.CP1500AVRLCD3.B0BCMLLSHL,USD,0,0,0,0,0
7-Dec-25,amzn1.ads-account.g.ap8yon1iwz0h9l6rda434b6db,CyberPower,,SD,287421757846510,C.Keyword.Consumer.SD.UPS.PFCSineWave.CP1500PFCRM2U.B0B354X985,USD,9672,16,42.63,0,0
18-Dec-25,amzn1.ads-account.g.ap8yon1iwz0h9l6rda434b6db,CyberPower,,SB,517243732232070,B.RSOV.Products.SB.UPS.1500units,USD,1358,31,0,8,3359
20-Feb-26,amzn1.ads-account.g.ap8yon1iwz0h9l6rda434b6db,CyberPower,,SD,170474248246250,C.SD.Product.UPS.IntelligentLCD.CP1500AVRLCD3.B0BCMLLSHL,USD,23653,27,84.02,3,359.8
15-Feb-26,amzn1.ads-account.g.ap8yon1iwz0h9l6rda434b6db,CyberPower,,SB,410331745640501,N.Keyword.Video.SB.UPS.2026.StoreSpotlight,USD,2520,9,25.13,0,0
16-Jan-26,amzn1.ads-account.g.ap8yon1iwz0h9l6rda434b6db,CyberPower,,SD,170474248246250,C.SD.Product.UPS.IntelligentLCD.CP1500AVRLCD3.B0BCMLLSHL,USD,0,0,0,0,0
8-Jan-26,amzn1.ads-account.g.ap8yon1iwz0h9l6rda434b6db,CyberPower,,SD,170474248246250,C.SD.Product.UPS.IntelligentLCD.CP1500AVRLCD3.B0BCMLLSHL,USD,0,0,0,0,0
1-Dec-25,amzn1.ads-account.g.ap8yon1iwz0h9l6rda434b6db,CyberPower,,SD,287421757846510,C.Keyword.Consumer.SD.UPS.PFCSineWave.CP1500PFCRM2U.B0B354X985,USD,1416,8,14.74,0,0
22-Jan-26,amzn1.ads-account.g.ap8yon1iwz0h9l6rda434b6db,CyberPower,,SB,436092719312252,B.Keyword.Video.SB.UPS.2026.StoreSpotlight,USD,26999,117,387.37,11,2407.45
2-Dec-25,amzn1.ads-account.g.ap8yon1iwz0h9l6rda434b6db,CyberPower,,SB,517243732232070,B.RSOV.Products.SB.UPS.1500units,USD,1391,39,0,10,2527.75
11-Jan-26,amzn1.ads-account.g.ap8yon1iwz0h9l6rda434b6db,CyberPower,,SD,378661668519490,B00429N18S_SD_Consideration_AUDT-Similar products views remarketing_cpc_20251230,USD,0,0,0,0,0
18-Jan-26,amzn1.ads-account.g.ap8yon1iwz0h9l6rda434b6db,CyberPower,,SB,298664655817372,C.Keyword.Video.SB.PFCSinewave.2026.CP1500AVRLCD3,USD,82541,481,4880.62,13,2183.3
7-Jan-26,amzn1.ads-account.g.ap8yon1iwz0h9l6rda434b6db,CyberPower,,SD,462435011616528,B00429N18S_SD_Consideration_AUDT-Promoted category views remarketing_cpc_20251230,USD,36901,55,175.05,0,0
9-Feb-26,amzn1.ads-account.g.ap8yon1iwz0h9l6rda434b6db,CyberPower,,SB,422752340317837,B.Keyword.Store.SB.UPS.2026.StoreSpotlight,USD,18113,66,190.92,11,1189.56
7-Feb-26,amzn1.ads-account.g.ap8yon1iwz0h9l6rda434b6db,CyberPower,,SB,422752340317837,B.Keyword.Store.SB.UPS.2026.StoreSpotlight,USD,17533,72,192.53,13,2149.99
15-Jan-26,amzn1.ads-account.g.ap8yon1iwz0h9l6rda434b6db,CyberPower,,SB,436092719312252,B.Keyword.Video.SB.UPS.2026.StoreSpotlight,USD,25527,105,1128.21,11,2339.49
16-Dec-25,amzn1.ads-account.g.ap8yon1iwz0h9l6rda434b6db,CyberPower,,SB,490434522578484,C.Keyword.Video.SB.UPS.PFCSinewave.CP1500PFCLCD.B00429N19W,USD,319,0,0,0,0
26-Feb-26,amzn1.ads-account.g.ap8yon1iwz0h9l6rda434b6db,CyberPower,,SB,496257674867474,N.Keyword.Video.SB.UPS.PFCSinewave.2026.CP1500PFCLCD.B00429N19W,USD,2643,18,28.46,3,809.8
7-Jan-26,amzn1.ads-account.g.ap8yon1iwz0h9l6rda434b6db,CyberPower,,SB,425328024590643,C.Keyword.Products.SB.UPS.1500units,USD,0,0,0,0,0
25-Feb-26,amzn1.ads-account.g.ap8yon1iwz0h9l6rda434b6db,CyberPower,,SB,436092719312252,B.Keyword.Video.SB.UPS.2026.StoreSpotlight,USD,9111,39,153.64,2,439.9
23-Feb-26,amzn1.ads-account.g.ap8yon1iwz0h9l6rda434b6db,CyberPower,,SB,520121709405886,C.Keyword.Video.SB.PFCSinewave.2026.CP1500PFCLCD,USD,4394,13,30.7,2,359.9
19-Dec-25,amzn1.ads-account.g.ap8yon1iwz0h9l6rda434b6db,CyberPower,,SB,293529288726869,B.Keyword.Video.SB.UPS.PFCSinewave.CP1500PFCLCD.B00429N19W,USD,69,0,0,0,0
24-Dec-25,amzn1.ads-account.g.ap8yon1iwz0h9l6rda434b6db,CyberPower,,SB,335733425531216,N.Keyword.Video.SB.UPS.PFCSinewave.CP1500PFCLCD.B00429N19W,USD,3294,15,36.96,3,1511.85
9-Dec-25,amzn1.ads-account.g.ap8yon1iwz0h9l6rda434b6db,CyberPower,,SD,51640494101738,C.Product.Consumer.SP.UPS.PFCSineWave.CP1500PFCRM2U.B0B354X985,USD,374,1,6.74,0,0
1-Dec-25,amzn1.ads-account.g.ap8yon1iwz0h9l6rda434b6db,CyberPower,,SB,517243732232070,B.RSOV.Products.SB.UPS.1500units,USD,2680,71,0,14,4041.96
1-Jan-26,amzn1.ads-account.g.ap8yon1iwz0h9l6rda434b6db,CyberPower,,SD,287421757846510,C.Keyword.Consumer.SD.UPS.PFCSineWave.CP1500PFCRM2U.B0B354X985,USD,0,0,0,0,0
3-Dec-25,amzn1.ads-account.g.ap8yon1iwz0h9l6rda434b6db,CyberPower,,SD,401081905525372,C.Competitor.Consumer.SD.UPS.PFCSineWave.CP1500PFCRM2U.B0B354X985,USD,0,0,0,0,0
20-Jan-26,amzn1.ads-account.g.ap8yon1iwz0h9l6rda434b6db,CyberPower,,SD,170474248246250,C.SD.Product.UPS.IntelligentLCD.CP1500AVRLCD3.B0BCMLLSHL,USD,0,0,0,0,0
6-Jan-26,amzn1.ads-account.g.ap8yon1iwz0h9l6rda434b6db,CyberPower,,SD,378661668519490,B00429N18S_SD_Consideration_AUDT-Similar products views remarketing_cpc_20251230,USD,73524,107,168.96,0,0
20-Dec-25,amzn1.ads-account.g.ap8yon1iwz0h9l6rda434b6db,CyberPower,,SD,401081905525372,C.Competitor.Consumer.SD.UPS.PFCSineWave.CP1500PFCRM2U.B0B354X985,USD,18785,63,68.02,2,719.9
2-Jan-26,amzn1.ads-account.g.ap8yon1iwz0h9l6rda434b6db,CyberPower,,SB,517243732232070,B.RSOV.Products.SB.UPS.1500units,USD,0,0,0,0,0
21-Jan-26,amzn1.ads-account.g.ap8yon1iwz0h9l6rda434b6db,CyberPower,,SD,441244082318393,B00429N18S_SD_Awareness_CXT-Complementary category_vcpm_20251230,USD,27664,26,109.72,4,839.8
15-Dec-25,amzn1.ads-account.g.ap8yon1iwz0h9l6rda434b6db,CyberPower,,SD,401081905525372,C.Competitor.Consumer.SD.UPS.PFCSineWave.CP1500PFCRM2U.B0B354X985,USD,4736,12,21.65,1,459.9
30-Jan-26,amzn1.ads-account.g.ap8yon1iwz0h9l6rda434b6db,CyberPower,,SD,303378536736811,B00429N18S_SD_Consideration_AUDT-Promoted brand views remarketing_cpc_20251230,USD,175722,240,558.42,1,239.95
6-Dec-25,amzn1.ads-account.g.ap8yon1iwz0h9l6rda434b6db,CyberPower,,SD,296198269696664,C.SD.Keyword.UPS.IntelligentLCD.CP1500AVRLCD3.B0BCMLLSHL,USD,33977,67,213.04,0,0
20-Feb-26,amzn1.ads-account.g.ap8yon1iwz0h9l6rda434b6db,CyberPower,,SD,339355478634336,B00429N18S_SD_Consideration_AUDT-Competitive brands views remarketing_cpc_20251230,USD,0,0,0,0,0
9-Feb-26,amzn1.ads-account.g.ap8yon1iwz0h9l6rda434b6db,CyberPower,,SB,410331745640501,N.Keyword.Video.SB.UPS.2026.StoreSpotlight,USD,4616,11,17.35,0,0
14-Dec-25,amzn1.ads-account.g.ap8yon1iwz0h9l6rda434b6db,CyberPower,,SD,38365855708871,C.SD.Product.UPS.SmartAppLCD.B000XJLLKG.OR700LCDRM1U,USD,1319,1,5.02,1,64.74
15-Dec-25,amzn1.ads-account.g.ap8yon1iwz0h9l6rda434b6db,CyberPower,,SD,170474248246250,C.SD.Product.UPS.IntelligentLCD.CP1500AVRLCD3.B0BCMLLSHL,USD,4919,11,17.64,3,795.46
28-Feb-26,amzn1.ads-account.g.ap8yon1iwz0h9l6rda434b6db,CyberPower,,SD,425759037435957,B00429N18S_SD_Conversion_AUDT-Promoted product views remarketing_cpc_20251230,USD,0,0,0,0,0
1-Feb-26,amzn1.ads-account.g.ap8yon1iwz0h9l6rda434b6db,CyberPower,,SB,436092719312252,B.Keyword.Video.SB.UPS.2026.StoreSpotlight,USD,9801,59,243.65,8,1929.59
8-Dec-25,amzn1.ads-account.g.ap8yon1iwz0h9l6rda434b6db,CyberPower,,SB,425328024590643,C.Keyword.Products.SB.UPS.1500units,USD,13088,45,119.71,4,827.8
4-Feb-26,amzn1.ads-account.g.ap8yon1iwz0h9l6rda434b6db,CyberPower,,SB,422752340317837,B.Keyword.Store.SB.UPS.2026.StoreSpotlight,USD,19730,68,156.23,9,3249.5
27-Dec-25,amzn1.ads-account.g.ap8yon1iwz0h9l6rda434b6db,CyberPower,,SD,263494384088815,C.SD.Product.UPS.Ecologic.EC850LCD.B00DBAA696,USD,57543,61,224.99,7,924.65
27-Feb-26,amzn1.ads-account.g.ap8yon1iwz0h9l6rda434b6db,CyberPower,,SB,520121709405886,C.Keyword.Video.SB.PFCSinewave.2026.CP1500PFCLCD,USD,3844,14,25.86,2,659.85
5-Dec-25,amzn1.ads-account.g.ap8yon1iwz0h9l6rda434b6db,CyberPower,,SD,38365855708871,C.SD.Product.UPS.SmartAppLCD.B000XJLLKG.OR700LCDRM1U,USD,6316,7,23.1,10,1616.87
29-Dec-25,amzn1.ads-account.g.ap8yon1iwz0h9l6rda434b6db,CyberPower,,SB,362619829731385,B.Keyword.Video.SB.UPS.IntelligentLCD.CP1500AVRLCD3.B0BCMLLSHL,USD,3718,22,115.09,4,839.8
2-Jan-26,amzn1.ads-account.g.ap8yon1iwz0h9l6rda434b6db,CyberPower,,SD,170474248246250,C.SD.Product.UPS.IntelligentLCD.CP1500AVRLCD3.B0BCMLLSHL,USD,0,0,0,0,0
21-Feb-26,amzn1.ads-account.g.ap8yon1iwz0h9l6rda434b6db,CyberPower,,SB,520121709405886,C.Keyword.Video.SB.PFCSinewave.2026.CP1500PFCLCD,USD,3294,12,25.17,2,401.9
2-Feb-26,amzn1.ads-account.g.ap8yon1iwz0h9l6rda434b6db,CyberPower,,SB,410331745640501,N.Keyword.Video.SB.UPS.2026.StoreSpotlight,USD,20100,87,238.3,6,1256.7
12-Feb-26,amzn1.ads-account.g.ap8yon1iwz0h9l6rda434b6db,CyberPower,,SD,303378536736811,B00429N18S_SD_Consideration_AUDT-Promoted brand views remarketing_cpc_20251230,USD,0,0,0,0,0
11-Jan-26,amzn1.ads-account.g.ap8yon1iwz0h9l6rda434b6db,CyberPower,,SB,362619829731385,B.Keyword.Video.SB.UPS.IntelligentLCD.CP1500AVRLCD3.B0BCMLLSHL,USD,0,0,0,0,0
20-Jan-26,amzn1.ads-account.g.ap8yon1iwz0h9l6rda434b6db,CyberPower,,SB,436092719312252,B.Keyword.Video.SB.UPS.2026.StoreSpotlight,USD,79067,353,4981.8,13,3622.8
23-Dec-25,amzn1.ads-account.g.ap8yon1iwz0h9l6rda434b6db,CyberPower,,SD,401081905525372,C.Competitor.Consumer.SD.UPS.PFCSineWave.CP1500PFCRM2U.B0B354X985,USD,18215,53,78.31,2,1881.8
1-Dec-25,amzn1.ads-account.g.ap8yon1iwz0h9l6rda434b6db,CyberPower,,SB,353873361287335,B2B - B.Keyword.Store.SB.UPS.StoreSpotlight,USD,542,3,5.56,0,0
10-Jan-26,amzn1.ads-account.g.ap8yon1iwz0h9l6rda434b6db,CyberPower,,SD,303378536736811,B00429N18S_SD_Consideration_AUDT-Promoted brand views remarketing_cpc_20251230,USD,0,0,0,0,0
3-Feb-26,amzn1.ads-account.g.ap8yon1iwz0h9l6rda434b6db,CyberPower,,SD,560720574941385,B00429N18S_SD_Conversion_AUDT-purchase remarketing-promoted products-key promoted products_cpc_20251230,USD,0,0,0,0,0
22-Jan-26,amzn1.ads-account.g.ap8yon1iwz0h9l6rda434b6db,CyberPower,,SD,425759037435957,B00429N18S_SD_Conversion_AUDT-Promoted product views remarketing_cpc_20251230,USD,24685,34,132.97,0,0
21-Feb-26,amzn1.ads-account.g.ap8yon1iwz0h9l6rda434b6db,CyberPower,,SD,170474248246250,C.SD.Product.UPS.IntelligentLCD.CP1500AVRLCD3.B0BCMLLSHL,USD,17164,32,61.1,8,2045.54
11-Dec-25,amzn1.ads-account.g.ap8yon1iwz0h9l6rda434b6db,CyberPower,,SB,490434522578484,C.Keyword.Video.SB.UPS.PFCSinewave.CP1500PFCLCD.B00429N19W,USD,287,0,0,0,0
19-Jan-26,amzn1.ads-account.g.ap8yon1iwz0h9l6rda434b6db,CyberPower,,SD,382929702717487,B00429N18S_SD_Awareness_AUDT-Complementary category views remarketing_vcpm_20251230,USD,0,0,0,0,0
25-Feb-26,amzn1.ads-account.g.ap8yon1iwz0h9l6rda434b6db,CyberPower,,SB,496257674867474,N.Keyword.Video.SB.UPS.PFCSinewave.2026.CP1500PFCLCD.B00429N19W,USD,2634,15,26,1,239.95
31-Jan-26,amzn1.ads-account.g.ap8yon1iwz0h9l6rda434b6db,CyberPower,,SB,436092719312252,B.Keyword.Video.SB.UPS.2026.StoreSpotlight,USD,11218,102,463.01,22,4718.96
24-Dec-25,amzn1.ads-account.g.ap8yon1iwz0h9l6rda434b6db,CyberPower,,SD,287421757846510,C.Keyword.Consumer.SD.UPS.PFCSineWave.CP1500PFCRM2U.B0B354X985,USD,7042,14,47.97,1,359.95
5-Jan-26,amzn1.ads-account.g.ap8yon1iwz0h9l6rda434b6db,CyberPower,,SB,425328024590643,C.Keyword.Products.SB.UPS.1500units,USD,0,0,0,0,0
25-Dec-25,amzn1.ads-account.g.ap8yon1iwz0h9l6rda434b6db,CyberPower,,SB,425328024590643,C.Keyword.Products.SB.UPS.1500units,USD,6144,26,60.73,2,429.9
6-Dec-25,amzn1.ads-account.g.ap8yon1iwz0h9l6rda434b6db,CyberPower,,SB,293529288726869,B.Keyword.Video.SB.UPS.PFCSinewave.CP1500PFCLCD.B00429N19W,USD,39,0,0,0,0
3-Feb-26,amzn1.ads-account.g.ap8yon1iwz0h9l6rda434b6db,CyberPower,,SB,298664655817372,C.Keyword.Video.SB.PFCSinewave.2026.CP1500AVRLCD3,USD,29185,207,556.23,14,2704.3
11-Jan-26,amzn1.ads-account.g.ap8yon1iwz0h9l6rda434b6db,CyberPower,,SD,462435011616528,B00429N18S_SD_Consideration_AUDT-Promoted category views remarketing_cpc_20251230,USD,0,0,0,0,0
18-Dec-25,amzn1.ads-account.g.ap8yon1iwz0h9l6rda434b6db,CyberPower,,SD,287421757846510,C.Keyword.Consumer.SD.UPS.PFCSineWave.CP1500PFCRM2U.B0B354X985,USD,13022,25,65.65,1,64.74
24-Jan-26,amzn1.ads-account.g.ap8yon1iwz0h9l6rda434b6db,CyberPower,,SB,422752340317837,B.Keyword.Store.SB.UPS.2026.StoreSpotlight,USD,93100,150,432.48,5,709.75
2-Dec-25,amzn1.ads-account.g.ap8yon1iwz0h9l6rda434b6db,CyberPower,,SB,501364882562485,C.Keyword.Video.SB.UPS.IntelligentLCD.CP1500AVRLCD3.B0BCMLLSHL,USD,783,4,8.85,1,199.95
16-Jan-26,amzn1.ads-account.g.ap8yon1iwz0h9l6rda434b6db,CyberPower,,SD,382929702717487,B00429N18S_SD_Awareness_AUDT-Complementary category views remarketing_vcpm_20251230,USD,117935,158,931.14,1,239.95
3-Dec-25,amzn1.ads-account.g.ap8yon1iwz0h9l6rda434b6db,CyberPower,,SB,490434522578484,C.Keyword.Video.SB.UPS.PFCSinewave.CP1500PFCLCD.B00429N19W,USD,408,1,3.09,0,0
18-Dec-25,amzn1.ads-account.g.ap8yon1iwz0h9l6rda434b6db,CyberPower,,SB,425328024590643,C.Keyword.Products.SB.UPS.1500units,USD,11698,60,108.58,7,1409.65
29-Jan-26,amzn1.ads-account.g.ap8yon1iwz0h9l6rda434b6db,CyberPower,,SD,414479380999065,B00429N18S_SD_Defense_CXT-Category-Segmented category brand_vcpm_20251230,USD,27172,22,150.32,4,555.74
11-Dec-25,amzn1.ads-account.g.ap8yon1iwz0h9l6rda434b6db,CyberPower,,SD,263494384088815,C.SD.Product.UPS.Ecologic.EC850LCD.B00DBAA696,USD,311600,220,1001.47,53,12368.27
6-Feb-26,amzn1.ads-account.g.ap8yon1iwz0h9l6rda434b6db,CyberPower,,SD,339355478634336,B00429N18S_SD_Consideration_AUDT-Competitive brands views remarketing_cpc_20251230,USD,0,0,0,0,0
22-Dec-25,amzn1.ads-account.g.ap8yon1iwz0h9l6rda434b6db,CyberPower,,SB,362619829731385,B.Keyword.Video.SB.UPS.IntelligentLCD.CP1500AVRLCD3.B0BCMLLSHL,USD,2372,16,80.53,6,2249.45
3-Jan-26,amzn1.ads-account.g.ap8yon1iwz0h9l6rda434b6db,CyberPower,,SB,517243732232070,B.RSOV.Products.SB.UPS.1500units,USD,0,0,0,0,0
19-Feb-26,amzn1.ads-account.g.ap8yon1iwz0h9l6rda434b6db,CyberPower,,SB,520121709405886,C.Keyword.Video.SB.PFCSinewave.2026.CP1500PFCLCD,USD,5756,16,39.45,2,372.9
28-Dec-25,amzn1.ads-account.g.ap8yon1iwz0h9l6rda434b6db,CyberPower,,SB,501364882562485,C.Keyword.Video.SB.UPS.IntelligentLCD.CP1500AVRLCD3.B0BCMLLSHL,USD,305,0,0,0,0
31-Dec-25,amzn1.ads-account.g.ap8yon1iwz0h9l6rda434b6db,CyberPower,,SD,401081905525372,C.Competitor.Consumer.SD.UPS.PFCSineWave.CP1500PFCRM2U.B0B354X985,USD,0,0,0,0,0
25-Jan-26,amzn1.ads-account.g.ap8yon1iwz0h9l6rda434b6db,CyberPower,,SD,441244082318393,B00429N18S_SD_Awareness_CXT-Complementary category_vcpm_20251230,USD,0,0,0,0,0
28-Jan-26,amzn1.ads-account.g.ap8yon1iwz0h9l6rda434b6db,CyberPower,,SD,414479380999065,B00429N18S_SD_Defense_CXT-Category-Segmented category brand_vcpm_20251230,USD,17536,10,65.26,4,401.08
21-Dec-25,amzn1.ads-account.g.ap8yon1iwz0h9l6rda434b6db,CyberPower,,SB,517243732232070,B.RSOV.Products.SB.UPS.1500units,USD,996,32,0,5,1099.75
11-Feb-26,amzn1.ads-account.g.ap8yon1iwz0h9l6rda434b6db,CyberPower,,SD,425759037435957,B00429N18S_SD_Conversion_AUDT-Promoted product views remarketing_cpc_20251230,USD,0,0,0,0,0
10-Feb-26,amzn1.ads-account.g.ap8yon1iwz0h9l6rda434b6db,CyberPower,,SB,436092719312252,B.Keyword.Video.SB.UPS.2026.StoreSpotlight,USD,8383,49,216.11,6,2344.14
21-Feb-26,amzn1.ads-account.g.ap8yon1iwz0h9l6rda434b6db,CyberPower,,SB,496257674867474,N.Keyword.Video.SB.UPS.PFCSinewave.2026.CP1500PFCLCD.B00429N19W,USD,2360,17,30.22,1,239.95
7-Dec-25,amzn1.ads-account.g.ap8yon1iwz0h9l6rda434b6db,CyberPower,,SD,38365855708871,C.SD.Product.UPS.SmartAppLCD.B000XJLLKG.OR700LCDRM1U,USD,3493,4,12.4,4,210.92
27-Dec-25,amzn1.ads-account.g.ap8yon1iwz0h9l6rda434b6db,CyberPower,,SB,425328024590643,C.Keyword.Products.SB.UPS.1500units,USD,11381,48,151.7,6,1387.7
30-Dec-25,amzn1.ads-account.g.ap8yon1iwz0h9l6rda434b6db,CyberPower,,SD,296198269696664,C.SD.Keyword.UPS.IntelligentLCD.CP1500AVRLCD3.B0BCMLLSHL,USD,35756,51,118.73,0,0
15-Dec-25,amzn1.ads-account.g.ap8yon1iwz0h9l6rda434b6db,CyberPower,,SD,287421757846510,C.Keyword.Consumer.SD.UPS.PFCSineWave.CP1500PFCRM2U.B0B354X985,USD,4196,10,28.63,0,0
21-Feb-26,amzn1.ads-account.g.ap8yon1iwz0h9l6rda434b6db,CyberPower,,SB,422752340317837,B.Keyword.Store.SB.UPS.2026.StoreSpotlight,USD,123298,231,1087.41,22,6718.48
26-Feb-26,amzn1.ads-account.g.ap8yon1iwz0h9l6rda434b6db,CyberPower,,SB,520121709405886,C.Keyword.Video.SB.PFCSinewave.2026.CP1500PFCLCD,USD,4170,8,17.31,1,227.95
26-Jan-26,amzn1.ads-account.g.ap8yon1iwz0h9l6rda434b6db,CyberPower,,SD,425759037435957,B00429N18S_SD_Conversion_AUDT-Promoted product views remarketing_cpc_20251230,USD,0,0,0,0,0
23-Dec-25,amzn1.ads-account.g.ap8yon1iwz0h9l6rda434b6db,CyberPower,,SB,501364882562485,C.Keyword.Video.SB.UPS.IntelligentLCD.CP1500AVRLCD3.B0BCMLLSHL,USD,333,1,2.19,0,0
27-Feb-26,amzn1.ads-account.g.ap8yon1iwz0h9l6rda434b6db,CyberPower,,SB,496257674867474,N.Keyword.Video.SB.UPS.PFCSinewave.2026.CP1500PFCLCD.B00429N19W,USD,2320,12,20.78,2,467.9
24-Jan-26,amzn1.ads-account.g.ap8yon1iwz0h9l6rda434b6db,CyberPower,,SD,382929702717487,B00429N18S_SD_Awareness_AUDT-Complementary category views remarketing_vcpm_20251230,USD,0,0,0,0,0
28-Jan-26,amzn1.ads-account.g.ap8yon1iwz0h9l6rda434b6db,CyberPower,,SD,318904892472489,B00429N18S_SD_Consideration_CXT-Category-Competitive brands_cpc_20251230,USD,12446,19,180.91,1,239.95
2-Dec-25,amzn1.ads-account.g.ap8yon1iwz0h9l6rda434b6db,CyberPower,,SB,516203922618177,N.Keyword.Store.SB.UPS.StoreSpotlight,USD,90290,282,870.29,30,6053.15
27-Dec-25,amzn1.ads-account.g.ap8yon1iwz0h9l6rda434b6db,CyberPower,,SD,296198269696664,C.SD.Keyword.UPS.IntelligentLCD.CP1500AVRLCD3.B0BCMLLSHL,USD,69552,182,239.07,1,199.95
19-Dec-25,amzn1.ads-account.g.ap8yon1iwz0h9l6rda434b6db,CyberPower,,SD,296198269696664,C.SD.Keyword.UPS.IntelligentLCD.CP1500AVRLCD3.B0BCMLLSHL,USD,80825,123,197.14,0,0
23-Jan-26,amzn1.ads-account.g.ap8yon1iwz0h9l6rda434b6db,CyberPower,,SD,382929702717487,B00429N18S_SD_Awareness_AUDT-Complementary category views remarketing_vcpm_20251230,USD,0,0,0,0,0
17-Jan-26,amzn1.ads-account.g.ap8yon1iwz0h9l6rda434b6db,CyberPower,,SB,298664655817372,C.Keyword.Video.SB.PFCSinewave.2026.CP1500AVRLCD3,USD,81690,466,4750.1,14,2532.49
13-Jan-26,amzn1.ads-account.g.ap8yon1iwz0h9l6rda434b6db,CyberPower,,SD,170474248246250,C.SD.Product.UPS.IntelligentLCD.CP1500AVRLCD3.B0BCMLLSHL,USD,0,0,0,0,0
14-Jan-26,amzn1.ads-account.g.ap8yon1iwz0h9l6rda434b6db,CyberPower,,SB,436092719312252,B.Keyword.Video.SB.UPS.2026.StoreSpotlight,USD,10964,46,315.06,3,619.85
15-Dec-25,amzn1.ads-account.g.ap8yon1iwz0h9l6rda434b6db,CyberPower,,SB,335733425531216,N.Keyword.Video.SB.UPS.PFCSinewave.CP1500PFCLCD.B00429N19W,USD,6625,55,158.84,7,1457.65
8-Jan-26,amzn1.ads-account.g.ap8yon1iwz0h9l6rda434b6db,CyberPower,,SD,462435011616528,B00429N18S_SD_Consideration_AUDT-Promoted category views remarketing_cpc_20251230,USD,0,0,0,0,0
10-Jan-26,amzn1.ads-account.g.ap8yon1iwz0h9l6rda434b6db,CyberPower,,SD,263494384088815,C.SD.Product.UPS.Ecologic.EC850LCD.B00DBAA696,USD,0,0,0,0,0
24-Feb-26,amzn1.ads-account.g.ap8yon1iwz0h9l6rda434b6db,CyberPower,,SD,170474248246250,C.SD.Product.UPS.IntelligentLCD.CP1500AVRLCD3.B0BCMLLSHL,USD,148354,154,280.84,8,2565.79
20-Jan-26,amzn1.ads-account.g.ap8yon1iwz0h9l6rda434b6db,CyberPower,,SD,378661668519490,B00429N18S_SD_Consideration_AUDT-Similar products views remarketing_cpc_20251230,USD,0,0,0,0,0
6-Dec-25,amzn1.ads-account.g.ap8yon1iwz0h9l6rda434b6db,CyberPower,,SB,362619829731385,B.Keyword.Video.SB.UPS.IntelligentLCD.CP1500AVRLCD3.B0BCMLLSHL,USD,2752,22,173.37,2,479.9
11-Jan-26,amzn1.ads-account.g.ap8yon1iwz0h9l6rda434b6db,CyberPower,,SB,298664655817372,C.Keyword.Video.SB.PFCSinewave.2026.CP1500AVRLCD3,USD,10,0,0,0,0
19-Dec-25,amzn1.ads-account.g.ap8yon1iwz0h9l6rda434b6db,CyberPower,,SB,517243732232070,B.RSOV.Products.SB.UPS.1500units,USD,1224,21,0,8,2187.4
2-Feb-26,amzn1.ads-account.g.ap8yon1iwz0h9l6rda434b6db,CyberPower,,SD,303378536736811,B00429N18S_SD_Consideration_AUDT-Promoted brand views remarketing_cpc_20251230,USD,124214,100,262.62,2,359.9
10-Jan-26,amzn1.ads-account.g.ap8yon1iwz0h9l6rda434b6db,CyberPower,,SD,339355478634336,B00429N18S_SD_Consideration_AUDT-Competitive brands views remarketing_cpc_20251230,USD,0,0,0,0,0
20-Dec-25,amzn1.ads-account.g.ap8yon1iwz0h9l6rda434b6db,CyberPower,,SD,38365855708871,C.SD.Product.UPS.SmartAppLCD.B000XJLLKG.OR700LCDRM1U,USD,1808,3,8.27,3,397.86
30-Jan-26,amzn1.ads-account.g.ap8yon1iwz0h9l6rda434b6db,CyberPower,,SD,318904892472489,B00429N18S_SD_Consideration_CXT-Category-Competitive brands_cpc_20251230,USD,4492,5,54.72,1,239.95
16-Dec-25,amzn1.ads-account.g.ap8yon1iwz0h9l6rda434b6db,CyberPower,,SB,362619829731385,B.Keyword.Video.SB.UPS.IntelligentLCD.CP1500AVRLCD3.B0BCMLLSHL,USD,2526,14,84.36,4,799.8
14-Feb-26,amzn1.ads-account.g.ap8yon1iwz0h9l6rda434b6db,CyberPower,,SB,520121709405886,C.Keyword.Video.SB.PFCSinewave.2026.CP1500PFCLCD,USD,4961,12,31.68,2,239.95
3-Dec-25,amzn1.ads-account.g.ap8yon1iwz0h9l6rda434b6db,CyberPower,,SB,450441693358033,B2B - B.Keyword.Products.SB.UPS.1500units,USD,0,0,0,0,0
11-Feb-26,amzn1.ads-account.g.ap8yon1iwz0h9l6rda434b6db,CyberPower,,SB,410331745640501,N.Keyword.Video.SB.UPS.2026.StoreSpotlight,USD,3717,15,37.92,1,119.9
10-Dec-25,amzn1.ads-account.g.ap8yon1iwz0h9l6rda434b6db,CyberPower,,SD,170474248246250,C.SD.Product.UPS.IntelligentLCD.CP1500AVRLCD3.B0BCMLLSHL,USD,27864,35,63.46,6,1259.88
28-Jan-26,amzn1.ads-account.g.ap8yon1iwz0h9l6rda434b6db,CyberPower,,SD,462435011616528,B00429N18S_SD_Consideration_AUDT-Promoted category views remarketing_cpc_20251230,USD,180826,164,925.07,2,2159.7
23-Jan-26,amzn1.ads-account.g.ap8yon1iwz0h9l6rda434b6db,CyberPower,,SB,410331745640501,N.Keyword.Video.SB.UPS.2026.StoreSpotlight,USD,47381,177,736.12,10,2755.3
15-Feb-26,amzn1.ads-account.g.ap8yon1iwz0h9l6rda434b6db,CyberPower,,SB,422752340317837,B.Keyword.Store.SB.UPS.2026.StoreSpotlight,USD,19094,83,257.6,7,1112.65
15-Jan-26,amzn1.ads-account.g.ap8yon1iwz0h9l6rda434b6db,CyberPower,,SB,496257674867474,N.Keyword.Video.SB.UPS.PFCSinewave.2026.CP1500PFCLCD.B00429N19W,USD,60581,306,2368.35,22,5258.75
11-Jan-26,amzn1.ads-account.g.ap8yon1iwz0h9l6rda434b6db,CyberPower,,SD,296198269696664,C.SD.Keyword.UPS.IntelligentLCD.CP1500AVRLCD3.B0BCMLLSHL,USD,0,0,0,0,0
10-Dec-25,amzn1.ads-account.g.ap8yon1iwz0h9l6rda434b6db,CyberPower,,SD,296198269696664,C.SD.Keyword.UPS.IntelligentLCD.CP1500AVRLCD3.B0BCMLLSHL,USD,76373,98,190.67,1,239.95
12-Dec-25,amzn1.ads-account.g.ap8yon1iwz0h9l6rda434b6db,CyberPower,,SB,425328024590643,C.Keyword.Products.SB.UPS.1500units,USD,10298,51,110.8,9,1804.55
21-Dec-25,amzn1.ads-account.g.ap8yon1iwz0h9l6rda434b6db,CyberPower,,SD,287421757846510,C.Keyword.Consumer.SD.UPS.PFCSineWave.CP1500PFCRM2U.B0B354X985,USD,12827,36,70.97,0,0
4-Jan-26,amzn1.ads-account.g.ap8yon1iwz0h9l6rda434b6db,CyberPower,,SD,38365855708871,C.SD.Product.UPS.SmartAppLCD.B000XJLLKG.OR700LCDRM1U,USD,0,0,0,0,0
23-Jan-26,amzn1.ads-account.g.ap8yon1iwz0h9l6rda434b6db,CyberPower,,SB,422752340317837,B.Keyword.Store.SB.UPS.2026.StoreSpotlight,USD,134158,260,750.31,30,5358.4
24-Jan-26,amzn1.ads-account.g.ap8yon1iwz0h9l6rda434b6db,CyberPower,,SD,560720574941385,B00429N18S_SD_Conversion_AUDT-purchase remarketing-promoted products-key promoted products_cpc_20251230,USD,0,0,0,0,0
6-Dec-25,amzn1.ads-account.g.ap8yon1iwz0h9l6rda434b6db,CyberPower,,SD,401081905525372,C.Competitor.Consumer.SD.UPS.PFCSineWave.CP1500PFCRM2U.B0B354X985,USD,16221,52,103.76,1,599.75
28-Jan-26,amzn1.ads-account.g.ap8yon1iwz0h9l6rda434b6db,CyberPower,,SD,288879984637562,B00429N18S_SD_Consideration_CXT-Strong competitive ASIN_cpc_20251230,USD,22,0,0,0,0
22-Dec-25,amzn1.ads-account.g.ap8yon1iwz0h9l6rda434b6db,CyberPower,,SD,401081905525372,C.Competitor.Consumer.SD.UPS.PFCSineWave.CP1500PFCRM2U.B0B354X985,USD,12375,28,20.92,0,0
23-Jan-26,amzn1.ads-account.g.ap8yon1iwz0h9l6rda434b6db,CyberPower,,SB,436092719312252,B.Keyword.Video.SB.UPS.2026.StoreSpotlight,USD,20656,161,523.9,19,3572.25
20-Dec-25,amzn1.ads-account.g.ap8yon1iwz0h9l6rda434b6db,CyberPower,,SB,300358990869228,B.Keyword.Store.SB.UPS.StoreSpotlight,USD,510,7,6.69,11,2840.04
2-Dec-25,amzn1.ads-account.g.ap8yon1iwz0h9l6rda434b6db,CyberPower,,SB,300358990869228,B.Keyword.Store.SB.UPS.StoreSpotlight,USD,1059,13,10.31,7,2539.76
6-Jan-26,amzn1.ads-account.g.ap8yon1iwz0h9l6rda434b6db,CyberPower,,SD,413728361555554,B00429N18S_SD_Consideration_CXT-Competitive products recommended by Xnurta_cpc_20251230,USD,2202,3,9.64,0,0
20-Jan-26,amzn1.ads-account.g.ap8yon1iwz0h9l6rda434b6db,CyberPower,,SD,414479380999065,B00429N18S_SD_Defense_CXT-Category-Segmented category brand_vcpm_20251230,USD,0,0,0,0,0
31-Dec-25,amzn1.ads-account.g.ap8yon1iwz0h9l6rda434b6db,CyberPower,,SD,339355478634336,B00429N18S_SD_Consideration_AUDT-Competitive brands views remarketing_cpc_20251230,USD,40,3,1.53,0,0
27-Jan-26,amzn1.ads-account.g.ap8yon1iwz0h9l6rda434b6db,CyberPower,,SD,339355478634336,B00429N18S_SD_Consideration_AUDT-Competitive brands views remarketing_cpc_20251230,USD,205814,198,467.23,0,0
6-Jan-26,amzn1.ads-account.g.ap8yon1iwz0h9l6rda434b6db,CyberPower,,SD,520906012389097,B00429N18S_SD_Consideration_CXT-Similar products_cpc_20251230,USD,44513,54,156.59,1,212.5
11-Dec-25,amzn1.ads-account.g.ap8yon1iwz0h9l6rda434b6db,CyberPower,,SD,401081905525372,C.Competitor.Consumer.SD.UPS.PFCSineWave.CP1500PFCRM2U.B0B354X985,USD,16363,49,65.01,0,0
4-Dec-25,amzn1.ads-account.g.ap8yon1iwz0h9l6rda434b6db,CyberPower,,SB,293529288726869,B.Keyword.Video.SB.UPS.PFCSinewave.CP1500PFCLCD.B00429N19W,USD,97,0,0,0,0
19-Feb-26,amzn1.ads-account.g.ap8yon1iwz0h9l6rda434b6db,CyberPower,,SB,436092719312252,B.Keyword.Video.SB.UPS.2026.StoreSpotlight,USD,9326,77,335.79,17,4165.02
10-Feb-26,amzn1.ads-account.g.ap8yon1iwz0h9l6rda434b6db,CyberPower,,SD,382929702717487,B00429N18S_SD_Awareness_AUDT-Complementary category views remarketing_vcpm_20251230,USD,0,0,0,0,0
2-Feb-26,amzn1.ads-account.g.ap8yon1iwz0h9l6rda434b6db,CyberPower,,SD,288879984637562,B00429N18S_SD_Consideration_CXT-Strong competitive ASIN_cpc_20251230,USD,16,0,0,0,0
26-Jan-26,amzn1.ads-account.g.ap8yon1iwz0h9l6rda434b6db,CyberPower,,SD,303378536736811,B00429N18S_SD_Consideration_AUDT-Promoted brand views remarketing_cpc_20251230,USD,0,0,0,0,0
7-Feb-26,amzn1.ads-account.g.ap8yon1iwz0h9l6rda434b6db,CyberPower,,SB,298664655817372,C.Keyword.Video.SB.PFCSinewave.2026.CP1500AVRLCD3,USD,15463,95,174.81,5,1119.75
28-Jan-26,amzn1.ads-account.g.ap8yon1iwz0h9l6rda434b6db,CyberPower,,SB,298664655817372,C.Keyword.Video.SB.PFCSinewave.2026.CP1500AVRLCD3,USD,40737,313,932.59,20,4300.99
14-Feb-26,amzn1.ads-account.g.ap8yon1iwz0h9l6rda434b6db,CyberPower,,SD,170474248246250,C.SD.Product.UPS.IntelligentLCD.CP1500AVRLCD3.B0BCMLLSHL,USD,12338,26,41.78,0,0
12-Dec-25,amzn1.ads-account.g.ap8yon1iwz0h9l6rda434b6db,CyberPower,,SB,362619829731385,B.Keyword.Video.SB.UPS.IntelligentLCD.CP1500AVRLCD3.B0BCMLLSHL,USD,2258,7,31.4,0,0
21-Feb-26,amzn1.ads-account.g.ap8yon1iwz0h9l6rda434b6db,CyberPower,,SD,296198269696664,C.SD.Keyword.UPS.IntelligentLCD.CP1500AVRLCD3.B0BCMLLSHL,USD,0,0,0,0,0
22-Dec-25,amzn1.ads-account.g.ap8yon1iwz0h9l6rda434b6db,CyberPower,,SB,501364882562485,C.Keyword.Video.SB.UPS.IntelligentLCD.CP1500AVRLCD3.B0BCMLLSHL,USD,255,0,0,0,0
18-Feb-26,amzn1.ads-account.g.ap8yon1iwz0h9l6rda434b6db,CyberPower,,SB,410331745640501,N.Keyword.Video.SB.UPS.2026.StoreSpotlight,USD,4850,25,82.53,2,398.9
22-Dec-25,amzn1.ads-account.g.ap8yon1iwz0h9l6rda434b6db,CyberPower,,SD,296198269696664,C.SD.Keyword.UPS.IntelligentLCD.CP1500AVRLCD3.B0BCMLLSHL,USD,41851,106,195.28,1,96.95
11-Jan-26,amzn1.ads-account.g.ap8yon1iwz0h9l6rda434b6db,CyberPower,,SB,335733425531216,N.Keyword.Video.SB.UPS.PFCSinewave.CP1500PFCLCD.B00429N19W,USD,0,0,0,0,0
26-Jan-26,amzn1.ads-account.g.ap8yon1iwz0h9l6rda434b6db,CyberPower,,SD,560720574941385,B00429N18S_SD_Conversion_AUDT-purchase remarketing-promoted products-key promoted products_cpc_20251230,USD,0,0,0,0,0
20-Dec-25,amzn1.ads-account.g.ap8yon1iwz0h9l6rda434b6db,CyberPower,,SD,170474248246250,C.SD.Product.UPS.IntelligentLCD.CP1500AVRLCD3.B0BCMLLSHL,USD,15654,29,47.01,10,1190
23-Dec-25,amzn1.ads-account.g.ap8yon1iwz0h9l6rda434b6db,CyberPower,,SD,124438051163565,C.SD.Product.UPS.PFCSinewave.CP1500PFCLCD.B00429N19W,USD,0,0,0,0,0
12-Dec-25,amzn1.ads-account.g.ap8yon1iwz0h9l6rda434b6db,CyberPower,,SD,287421757846510,C.Keyword.Consumer.SD.UPS.PFCSineWave.CP1500PFCRM2U.B0B354X985,USD,6719,19,36.19,0,0
30-Jan-26,amzn1.ads-account.g.ap8yon1iwz0h9l6rda434b6db,CyberPower,,SD,296198269696664,C.SD.Keyword.UPS.IntelligentLCD.CP1500AVRLCD3.B0BCMLLSHL,USD,0,0,0,0,0
7-Jan-26,amzn1.ads-account.g.ap8yon1iwz0h9l6rda434b6db,CyberPower,,SB,84817009251939,C.Keyword.Video.SB.PFCSinewave.CP1500PFCRM2U.B0B354X985,USD,0,0,0,0,0
11-Feb-26,amzn1.ads-account.g.ap8yon1iwz0h9l6rda434b6db,CyberPower,,SD,170474248246250,C.SD.Product.UPS.IntelligentLCD.CP1500AVRLCD3.B0BCMLLSHL,USD,20749,23,77.81,3,239.84
6-Feb-26,amzn1.ads-account.g.ap8yon1iwz0h9l6rda434b6db,CyberPower,,SB,436092719312252,B.Keyword.Video.SB.UPS.2026.StoreSpotlight,USD,7436,49,221.22,5,1389.79
2-Feb-26,amzn1.ads-account.g.ap8yon1iwz0h9l6rda434b6db,CyberPower,,SD,378661668519490,B00429N18S_SD_Consideration_AUDT-Similar products views remarketing_cpc_20251230,USD,108102,124,454.81,2,329.9
29-Dec-25,amzn1.ads-account.g.ap8yon1iwz0h9l6rda434b6db,CyberPower,,SB,84817009251939,C.Keyword.Video.SB.PFCSinewave.CP1500PFCRM2U.B0B354X985,USD,4978,28,77.17,1,359.95
15-Dec-25,amzn1.ads-account.g.ap8yon1iwz0h9l6rda434b6db,CyberPower,,SD,38365855708871,C.SD.Product.UPS.SmartAppLCD.B000XJLLKG.OR700LCDRM1U,USD,6250,6,25.71,5,1199.7
2-Feb-26,amzn1.ads-account.g.ap8yon1iwz0h9l6rda434b6db,CyberPower,,SD,560720574941385,B00429N18S_SD_Conversion_AUDT-purchase remarketing-promoted products-key promoted products_cpc_20251230,USD,10253,10,12.01,2,399.94
30-Jan-26,amzn1.ads-account.g.ap8yon1iwz0h9l6rda434b6db,CyberPower,,SD,288879984637562,B00429N18S_SD_Consideration_CXT-Strong competitive ASIN_cpc_20251230,USD,6,0,0,0,0
31-Dec-25,amzn1.ads-account.g.ap8yon1iwz0h9l6rda434b6db,CyberPower,,SD,560720574941385,B00429N18S_SD_Conversion_AUDT-purchase remarketing-promoted products-key promoted products_cpc_20251230,USD,54,0,0,0,0
12-Jan-26,amzn1.ads-account.g.ap8yon1iwz0h9l6rda434b6db,CyberPower,,SB,517243732232070,B.RSOV.Products.SB.UPS.1500units,USD,0,0,0,0,0
29-Jan-26,amzn1.ads-account.g.ap8yon1iwz0h9l6rda434b6db,CyberPower,,SD,425759037435957,B00429N18S_SD_Conversion_AUDT-Promoted product views remarketing_cpc_20251230,USD,169298,217,900.9,1,239.95
16-Jan-26,amzn1.ads-account.g.ap8yon1iwz0h9l6rda434b6db,CyberPower,,SD,303378536736811,B00429N18S_SD_Consideration_AUDT-Promoted brand views remarketing_cpc_20251230,USD,119094,175,1083.35,0,0
23-Jan-26,amzn1.ads-account.g.ap8yon1iwz0h9l6rda434b6db,CyberPower,,SD,441244082318393,B00429N18S_SD_Awareness_CXT-Complementary category_vcpm_20251230,USD,0,0,0,0,0
3-Feb-26,amzn1.ads-account.g.ap8yon1iwz0h9l6rda434b6db,CyberPower,,SD,520906012389097,B00429N18S_SD_Consideration_CXT-Similar products_cpc_20251230,USD,0,0,0,0,0
27-Jan-26,amzn1.ads-account.g.ap8yon1iwz0h9l6rda434b6db,CyberPower,,SB,410331745640501,N.Keyword.Video.SB.UPS.2026.StoreSpotlight,USD,27755,75,225.24,4,965.75
22-Jan-26,amzn1.ads-account.g.ap8yon1iwz0h9l6rda434b6db,CyberPower,,SD,382929702717487,B00429N18S_SD_Awareness_AUDT-Complementary category views remarketing_vcpm_20251230,USD,99532,111,934.15,7,1021.68
12-Feb-26,amzn1.ads-account.g.ap8yon1iwz0h9l6rda434b6db,CyberPower,,SD,441244082318393,B00429N18S_SD_Awareness_CXT-Complementary category_vcpm_20251230,USD,0,0,0,0,0
17-Jan-26,amzn1.ads-account.g.ap8yon1iwz0h9l6rda434b6db,CyberPower,,SD,382929702717487,B00429N18S_SD_Awareness_AUDT-Complementary category views remarketing_vcpm_20251230,USD,0,0,0,0,0
19-Dec-25,amzn1.ads-account.g.ap8yon1iwz0h9l6rda434b6db,CyberPower,,SB,490434522578484,C.Keyword.Video.SB.UPS.PFCSinewave.CP1500PFCLCD.B00429N19W,USD,205,0,0,0,0
1-Dec-25,amzn1.ads-account.g.ap8yon1iwz0h9l6rda434b6db,CyberPower,,SD,170474248246250,C.SD.Product.UPS.IntelligentLCD.CP1500AVRLCD3.B0BCMLLSHL,USD,15809,18,69.06,0,0
18-Jan-26,amzn1.ads-account.g.ap8yon1iwz0h9l6rda434b6db,CyberPower,,SD,425759037435957,B00429N18S_SD_Conversion_AUDT-Promoted product views remarketing_cpc_20251230,USD,0,0,0,0,0
4-Feb-26,amzn1.ads-account.g.ap8yon1iwz0h9l6rda434b6db,CyberPower,,SB,520121709405886,C.Keyword.Video.SB.PFCSinewave.2026.CP1500PFCLCD,USD,13391,44,125.61,1,399.9
5-Feb-26,amzn1.ads-account.g.ap8yon1iwz0h9l6rda434b6db,CyberPower,,SB,496257674867474,N.Keyword.Video.SB.UPS.PFCSinewave.2026.CP1500PFCLCD.B00429N19W,USD,4907,34,51.69,4,942.79
25-Dec-25,amzn1.ads-account.g.ap8yon1iwz0h9l6rda434b6db,CyberPower,,SD,296198269696664,C.SD.Keyword.UPS.IntelligentLCD.CP1500AVRLCD3.B0BCMLLSHL,USD,44072,98,194.14,0,0
1-Jan-26,amzn1.ads-account.g.ap8yon1iwz0h9l6rda434b6db,CyberPower,,SD,296198269696664,C.SD.Keyword.UPS.IntelligentLCD.CP1500AVRLCD3.B0BCMLLSHL,USD,0,0,0,0,0
31-Dec-25,amzn1.ads-account.g.ap8yon1iwz0h9l6rda434b6db,CyberPower,,SD,38365855708871,C.SD.Product.UPS.SmartAppLCD.B000XJLLKG.OR700LCDRM1U,USD,0,0,0,0,0
10-Dec-25,amzn1.ads-account.g.ap8yon1iwz0h9l6rda434b6db,CyberPower,,SB,362619829731385,B.Keyword.Video.SB.UPS.IntelligentLCD.CP1500AVRLCD3.B0BCMLLSHL,USD,3406,30,164.7,2,348.9
3-Jan-26,amzn1.ads-account.g.ap8yon1iwz0h9l6rda434b6db,CyberPower,,SB,490434522578484,C.Keyword.Video.SB.UPS.PFCSinewave.CP1500PFCLCD.B00429N19W,USD,0,0,0,0,0
3-Jan-26,amzn1.ads-account.g.ap8yon1iwz0h9l6rda434b6db,CyberPower,,SD,170474248246250,C.SD.Product.UPS.IntelligentLCD.CP1500AVRLCD3.B0BCMLLSHL,USD,0,0,0,0,0
24-Dec-25,amzn1.ads-account.g.ap8yon1iwz0h9l6rda434b6db,CyberPower,,SB,362619829731385,B.Keyword.Video.SB.UPS.IntelligentLCD.CP1500AVRLCD3.B0BCMLLSHL,USD,1787,13,36.84,1,108.95
4-Jan-26,amzn1.ads-account.g.ap8yon1iwz0h9l6rda434b6db,CyberPower,,SD,263494384088815,C.SD.Product.UPS.Ecologic.EC850LCD.B00DBAA696,USD,0,0,0,0,0
9-Dec-25,amzn1.ads-account.g.ap8yon1iwz0h9l6rda434b6db,CyberPower,,SB,293529288726869,B.Keyword.Video.SB.UPS.PFCSinewave.CP1500PFCLCD.B00429N19W,USD,454,3,18.34,0,0
20-Feb-26,amzn1.ads-account.g.ap8yon1iwz0h9l6rda434b6db,CyberPower,,SD,263494384088815,C.SD.Product.UPS.Ecologic.EC850LCD.B00DBAA696,USD,69585,44,256.87,10,2080.63
23-Jan-26,amzn1.ads-account.g.ap8yon1iwz0h9l6rda434b6db,CyberPower,,SB,298664655817372,C.Keyword.Video.SB.PFCSinewave.2026.CP1500AVRLCD3,USD,88703,1037,3460.02,59,12254.95
30-Dec-25,amzn1.ads-account.g.ap8yon1iwz0h9l6rda434b6db,CyberPower,,SB,516203922618177,N.Keyword.Store.SB.UPS.StoreSpotlight,USD,19075,84,251.37,18,3290.75
24-Feb-26,amzn1.ads-account.g.ap8yon1iwz0h9l6rda434b6db,CyberPower,,SB,496257674867474,N.Keyword.Video.SB.UPS.PFCSinewave.2026.CP1500PFCLCD.B00429N19W,USD,2783,14,24.32,2,529.9
15-Dec-25,amzn1.ads-account.g.ap8yon1iwz0h9l6rda434b6db,CyberPower,,SB,425328024590643,C.Keyword.Products.SB.UPS.1500units,USD,14836,56,116.96,6,1939.5
17-Feb-26,amzn1.ads-account.g.ap8yon1iwz0h9l6rda434b6db,CyberPower,,SB,422752340317837,B.Keyword.Store.SB.UPS.2026.StoreSpotlight,USD,53451,145,396.65,22,5040.68
24-Dec-25,amzn1.ads-account.g.ap8yon1iwz0h9l6rda434b6db,CyberPower,,SB,84817009251939,C.Keyword.Video.SB.PFCSinewave.CP1500PFCRM2U.B0B354X985,USD,2142,14,38.26,1,881.04
1-Dec-25,amzn1.ads-account.g.ap8yon1iwz0h9l6rda434b6db,CyberPower,,SB,450441693358033,B2B - B.Keyword.Products.SB.UPS.1500units,USD,1687,2,2.37,0,0
18-Feb-26,amzn1.ads-account.g.ap8yon1iwz0h9l6rda434b6db,CyberPower,,SB,520121709405886,C.Keyword.Video.SB.PFCSinewave.2026.CP1500PFCLCD,USD,6081,20,50.73,0,0
15-Dec-25,amzn1.ads-account.g.ap8yon1iwz0h9l6rda434b6db,CyberPower,,SB,517243732232070,B.RSOV.Products.SB.UPS.1500units,USD,1235,38,0,10,3052.85
27-Jan-26,amzn1.ads-account.g.ap8yon1iwz0h9l6rda434b6db,CyberPower,,SD,560720574941385,B00429N18S_SD_Conversion_AUDT-purchase remarketing-promoted products-key promoted products_cpc_20251230,USD,18068,13,18.31,0,0
13-Feb-26,amzn1.ads-account.g.ap8yon1iwz0h9l6rda434b6db,CyberPower,,SD,303378536736811,B00429N18S_SD_Consideration_AUDT-Promoted brand views remarketing_cpc_20251230,USD,0,0,0,0,0
17-Jan-26,amzn1.ads-account.g.ap8yon1iwz0h9l6rda434b6db,CyberPower,,SB,436092719312252,B.Keyword.Video.SB.UPS.2026.StoreSpotlight,USD,27708,112,1658.4,10,2629.5
6-Jan-26,amzn1.ads-account.g.ap8yon1iwz0h9l6rda434b6db,CyberPower,,SD,124438051163565,C.SD.Product.UPS.PFCSinewave.CP1500PFCLCD.B00429N19W,USD,118079,39,516.22,6,712.81
5-Jan-26,amzn1.ads-account.g.ap8yon1iwz0h9l6rda434b6db,CyberPower,,SB,335733425531216,N.Keyword.Video.SB.UPS.PFCSinewave.CP1500PFCLCD.B00429N19W,USD,0,0,0,0,0
18-Feb-26,amzn1.ads-account.g.ap8yon1iwz0h9l6rda434b6db,CyberPower,,SB,422752340317837,B.Keyword.Store.SB.UPS.2026.StoreSpotlight,USD,54465,134,392.78,20,3463.7
10-Jan-26,amzn1.ads-account.g.ap8yon1iwz0h9l6rda434b6db,CyberPower,,SD,425759037435957,B00429N18S_SD_Conversion_AUDT-Promoted product views remarketing_cpc_20251230,USD,0,0,0,0,0
10-Dec-25,amzn1.ads-account.g.ap8yon1iwz0h9l6rda434b6db,CyberPower,,SB,425328024590643,C.Keyword.Products.SB.UPS.1500units,USD,12898,43,90.57,5,1056.75
6-Jan-26,amzn1.ads-account.g.ap8yon1iwz0h9l6rda434b6db,CyberPower,,SB,517243732232070,B.RSOV.Products.SB.UPS.1500units,USD,0,0,0,0,0
7-Dec-25,amzn1.ads-account.g.ap8yon1iwz0h9l6rda434b6db,CyberPower,,SD,263494384088815,C.SD.Product.UPS.Ecologic.EC850LCD.B00DBAA696,USD,288743,207,997.49,46,6201.34
4-Jan-26,amzn1.ads-account.g.ap8yon1iwz0h9l6rda434b6db,CyberPower,,SB,517243732232070,B.RSOV.Products.SB.UPS.1500units,USD,0,0,0,0,0
3-Dec-25,amzn1.ads-account.g.ap8yon1iwz0h9l6rda434b6db,CyberPower,,SB,335733425531216,N.Keyword.Video.SB.UPS.PFCSinewave.CP1500PFCLCD.B00429N19W,USD,5021,35,96.55,7,1720.44
12-Feb-26,amzn1.ads-account.g.ap8yon1iwz0h9l6rda434b6db,CyberPower,,SD,339355478634336,B00429N18S_SD_Consideration_AUDT-Competitive brands views remarketing_cpc_20251230,USD,0,0,0,0,0
15-Jan-26,amzn1.ads-account.g.ap8yon1iwz0h9l6rda434b6db,CyberPower,,SB,410331745640501,N.Keyword.Video.SB.UPS.2026.StoreSpotlight,USD,41233,140,1121.8,2,429.9
1-Jan-26,amzn1.ads-account.g.ap8yon1iwz0h9l6rda434b6db,CyberPower,,SB,501364882562485,C.Keyword.Video.SB.UPS.IntelligentLCD.CP1500AVRLCD3.B0BCMLLSHL,USD,10,0,0,0,0
20-Dec-25,amzn1.ads-account.g.ap8yon1iwz0h9l6rda434b6db,CyberPower,,SD,51640494101738,C.Product.Consumer.SP.UPS.PFCSineWave.CP1500PFCRM2U.B0B354X985,USD,652,0,0,0,0
26-Dec-25,amzn1.ads-account.g.ap8yon1iwz0h9l6rda434b6db,CyberPower,,SB,501364882562485,C.Keyword.Video.SB.UPS.IntelligentLCD.CP1500AVRLCD3.B0BCMLLSHL,USD,260,0,0,0,0
15-Feb-26,amzn1.ads-account.g.ap8yon1iwz0h9l6rda434b6db,CyberPower,,SB,298664655817372,C.Keyword.Video.SB.PFCSinewave.2026.CP1500AVRLCD3,USD,16495,133,288.38,7,1529.6
10-Feb-26,amzn1.ads-account.g.ap8yon1iwz0h9l6rda434b6db,CyberPower,,SD,263494384088815,C.SD.Product.UPS.Ecologic.EC850LCD.B00DBAA696,USD,75454,67,208.23,4,659.7
27-Dec-25,amzn1.ads-account.g.ap8yon1iwz0h9l6rda434b6db,CyberPower,,SD,51640494101738,C.Product.Consumer.SP.UPS.PFCSineWave.CP1500PFCRM2U.B0B354X985,USD,379,0,0,0,0
3-Feb-26,amzn1.ads-account.g.ap8yon1iwz0h9l6rda434b6db,CyberPower,,SD,414479380999065,B00429N18S_SD_Defense_CXT-Category-Segmented category brand_vcpm_20251230,USD,0,0,0,0,0
17-Jan-26,amzn1.ads-account.g.ap8yon1iwz0h9l6rda434b6db,CyberPower,,SD,560720574941385,B00429N18S_SD_Conversion_AUDT-purchase remarketing-promoted products-key promoted products_cpc_20251230,USD,0,0,0,0,0
1-Feb-26,amzn1.ads-account.g.ap8yon1iwz0h9l6rda434b6db,CyberPower,,SB,496257674867474,N.Keyword.Video.SB.UPS.PFCSinewave.2026.CP1500PFCLCD.B00429N19W,USD,31314,162,470.66,7,1254.7
1-Jan-26,amzn1.ads-account.g.ap8yon1iwz0h9l6rda434b6db,CyberPower,,SD,401081905525372,C.Competitor.Consumer.SD.UPS.PFCSineWave.CP1500PFCRM2U.B0B354X985,USD,0,0,0,0,0
23-Jan-26,amzn1.ads-account.g.ap8yon1iwz0h9l6rda434b6db,CyberPower,,SB,496257674867474,N.Keyword.Video.SB.UPS.PFCSinewave.2026.CP1500PFCLCD.B00429N19W,USD,62975,511,2750.55,31,8078.3
9-Jan-26,amzn1.ads-account.g.ap8yon1iwz0h9l6rda434b6db,CyberPower,,SD,170474248246250,C.SD.Product.UPS.IntelligentLCD.CP1500AVRLCD3.B0BCMLLSHL,USD,0,0,0,0,0
25-Jan-26,amzn1.ads-account.g.ap8yon1iwz0h9l6rda434b6db,CyberPower,,SD,303378536736811,B00429N18S_SD_Consideration_AUDT-Promoted brand views remarketing_cpc_20251230,USD,0,0,0,0,0
23-Feb-26,amzn1.ads-account.g.ap8yon1iwz0h9l6rda434b6db,CyberPower,,SD,170474248246250,C.SD.Product.UPS.IntelligentLCD.CP1500AVRLCD3.B0BCMLLSHL,USD,88834,88,200.87,5,622.34
23-Feb-26,amzn1.ads-account.g.ap8yon1iwz0h9l6rda434b6db,CyberPower,,SD,263494384088815,C.SD.Product.UPS.Ecologic.EC850LCD.B00DBAA696,USD,101900,99,273.64,8,904.68
11-Dec-25,amzn1.ads-account.g.ap8yon1iwz0h9l6rda434b6db,CyberPower,,SB,362619829731385,B.Keyword.Video.SB.UPS.IntelligentLCD.CP1500AVRLCD3.B0BCMLLSHL,USD,2781,18,151.46,3,639.85
14-Feb-26,amzn1.ads-account.g.ap8yon1iwz0h9l6rda434b6db,CyberPower,,SB,410331745640501,N.Keyword.Video.SB.UPS.2026.StoreSpotlight,USD,2811,11,32.28,3,740.85
4-Feb-26,amzn1.ads-account.g.ap8yon1iwz0h9l6rda434b6db,CyberPower,,SD,339355478634336,B00429N18S_SD_Consideration_AUDT-Competitive brands views remarketing_cpc_20251230,USD,0,0,0,0,0
20-Dec-25,amzn1.ads-account.g.ap8yon1iwz0h9l6rda434b6db,CyberPower,,SB,362619829731385,B.Keyword.Video.SB.UPS.IntelligentLCD.CP1500AVRLCD3.B0BCMLLSHL,USD,2246,17,87.8,3,519.85
2-Dec-25,amzn1.ads-account.g.ap8yon1iwz0h9l6rda434b6db,CyberPower,,SD,51640494101738,C.Product.Consumer.SP.UPS.PFCSineWave.CP1500PFCRM2U.B0B354X985,USD,34,0,0,0,0
8-Jan-26,amzn1.ads-account.g.ap8yon1iwz0h9l6rda434b6db,CyberPower,,SD,263494384088815,C.SD.Product.UPS.Ecologic.EC850LCD.B00DBAA696,USD,0,0,0,0,0
14-Jan-26,amzn1.ads-account.g.ap8yon1iwz0h9l6rda434b6db,CyberPower,,SB,496257674867474,N.Keyword.Video.SB.UPS.PFCSinewave.2026.CP1500PFCLCD.B00429N19W,USD,65361,364,2794.82,30,8066.2
16-Dec-25,amzn1.ads-account.g.ap8yon1iwz0h9l6rda434b6db,CyberPower,,SD,170474248246250,C.SD.Product.UPS.IntelligentLCD.CP1500AVRLCD3.B0BCMLLSHL,USD,7040,6,22.56,2,119.38
22-Jan-26,amzn1.ads-account.g.ap8yon1iwz0h9l6rda434b6db,CyberPower,,SB,520121709405886,C.Keyword.Video.SB.PFCSinewave.2026.CP1500PFCLCD,USD,31987,247,846.66,10,3539.25
14-Jan-26,amzn1.ads-account.g.ap8yon1iwz0h9l6rda434b6db,CyberPower,,SD,339355478634336,B00429N18S_SD_Consideration_AUDT-Competitive brands views remarketing_cpc_20251230,USD,0,0,0,0,0
31-Dec-25,amzn1.ads-account.g.ap8yon1iwz0h9l6rda434b6db,CyberPower,,SD,287421757846510,C.Keyword.Consumer.SD.UPS.PFCSineWave.CP1500PFCRM2U.B0B354X985,USD,0,0,0,0,0
5-Feb-26,amzn1.ads-account.g.ap8yon1iwz0h9l6rda434b6db,CyberPower,,SD,303378536736811,B00429N18S_SD_Consideration_AUDT-Promoted brand views remarketing_cpc_20251230,USD,0,0,0,0,0
13-Jan-26,amzn1.ads-account.g.ap8yon1iwz0h9l6rda434b6db,CyberPower,,SB,520121709405886,C.Keyword.Video.SB.PFCSinewave.2026.CP1500PFCLCD,USD,9723,43,416.44,1,239.95
12-Jan-26,amzn1.ads-account.g.ap8yon1iwz0h9l6rda434b6db,CyberPower,,SB,496257674867474,N.Keyword.Video.SB.UPS.PFCSinewave.2026.CP1500PFCLCD.B00429N19W,USD,65766,318,2899.07,21,6195.8
16-Dec-25,amzn1.ads-account.g.ap8yon1iwz0h9l6rda434b6db,CyberPower,,SD,401081905525372,C.Competitor.Consumer.SD.UPS.PFCSineWave.CP1500PFCRM2U.B0B354X985,USD,7914,35,29.56,1,218.19
29-Jan-26,amzn1.ads-account.g.ap8yon1iwz0h9l6rda434b6db,CyberPower,,SD,318904892472489,B00429N18S_SD_Consideration_CXT-Category-Competitive brands_cpc_20251230,USD,10358,16,177.86,3,719.85
22-Dec-25,amzn1.ads-account.g.ap8yon1iwz0h9l6rda434b6db,CyberPower,,SB,300358990869228,B.Keyword.Store.SB.UPS.StoreSpotlight,USD,441,6,6.7,8,1357.9
28-Jan-26,amzn1.ads-account.g.ap8yon1iwz0h9l6rda434b6db,CyberPower,,SD,441244082318393,B00429N18S_SD_Awareness_CXT-Complementary category_vcpm_20251230,USD,68771,47,288.85,6,1039.7
2-Jan-26,amzn1.ads-account.g.ap8yon1iwz0h9l6rda434b6db,CyberPower,,SB,362619829731385,B.Keyword.Video.SB.UPS.IntelligentLCD.CP1500AVRLCD3.B0BCMLLSHL,USD,0,0,0,0,0
18-Feb-26,amzn1.ads-account.g.ap8yon1iwz0h9l6rda434b6db,CyberPower,,SD,339355478634336,B00429N18S_SD_Consideration_AUDT-Competitive brands views remarketing_cpc_20251230,USD,0,0,0,0,0
25-Jan-26,amzn1.ads-account.g.ap8yon1iwz0h9l6rda434b6db,CyberPower,,SB,436092719312252,B.Keyword.Video.SB.UPS.2026.StoreSpotlight,USD,12180,84,245.08,15,3376.29
6-Dec-25,amzn1.ads-account.g.ap8yon1iwz0h9l6rda434b6db,CyberPower,,SB,517243732232070,B.RSOV.Products.SB.UPS.1500units,USD,973,23,0,5,785.75
