Date,Campaign ID,Campaign name,Campaign currency code,Campaign budget amount,Campaign budget type,Campaign delivery status,Budget currency,Impressions,Clicks,Total cost,Sales,Purchases,Units sold,Purchases (new to brand),Sales (new to brand),Units sold (new to brand),Detail page views,Brand store page views,Add to cart,5-second views (video ad),Complete views (video ad),Viewable impressions
"Sep 06, 2025","=""400654489506156""",B.Keyword.Products.SB.UPS.BestSellers,,250,DAILY_BUDGET,PAUSED,USD,58586,52,511.95,847.73,7,7,5,659.79,5,126,107,10,0,0,16867
"Oct 14, 2025","=""300358990869228""",B.Keyword.Store.SB.UPS.StoreSpotlight,,250,DAILY_BUDGET,ENABLED,USD,47176,183,1995.93,24720.2,89,136,56,9344.19,65,1090,262,168,0,0,29499
"Nov 19, 2025","=""490434522578484""",C.Keyword.Video.SB.UPS.PFCSinewave.CP1500PFCLCD.B00429N19W,,250,DAILY_BUDGET,ENABLED,USD,656,3,16.38,0.0,0,0,0,0.0,0,1,1,0,91,29,128
"Sep 15, 2025","=""293529288726869""",B.Keyword.Video.SB.UPS.PFCSinewave.CP1500PFCLCD.B00429N19W,,250,DAILY_BUDGET,ENABLED,USD,972,10,233.37,359.95,1,1,1,359.95,1,21,11,1,188,60,232
"Oct 15, 2025","=""335733425531216""",N.Keyword.Video.SB.UPS.PFCSinewave.CP1500PFCLCD.B00429N19W,,250,DAILY_BUDGET,ENABLED,USD,3939,27,74.15,239.95,1,1,1,239.95,1,67,58,1,540,167,724
"Nov 10, 2025","=""327967099369911""",N.Keyword.Products.SB.UPS.1500units,,250,DAILY_BUDGET,PAUSED,USD,0,0,0.0,0.0,0,0,0,0.0,0,0,0,0,0,0,0
"Nov 03, 2025","=""353873361287335""",B2B - B.Keyword.Store.SB.UPS.StoreSpotlight,,250,DAILY_BUDGET,ENABLED,USD,369,7,16.35,3120.4,9,10,1,227.95,1,15,8,11,0,0,179
"Sep 12, 2025","=""300358990869228""",B.Keyword.Store.SB.UPS.StoreSpotlight,,250,DAILY_BUDGET,ENABLED,USD,453,4,9.47,187.33,3,3,2,127.38,2,85,10,17,0,0,317
"Sep 05, 2025","=""353873361287335""",B2B - B.Keyword.Store.SB.UPS.StoreSpotlight,,250,DAILY_BUDGET,ENABLED,USD,220,1,45.78,0.0,0,0,0,0.0,0,4,1,0,0,0,119
"Nov 11, 2025","=""450441693358033""",B2B - B.Keyword.Products.SB.UPS.1500units,,250,DAILY_BUDGET,ENABLED,USD,2957,3,12.59,708.75,3,5,1,195.95,1,15,1,4,0,0,108
"Oct 17, 2025","=""300358990869228""",B.Keyword.Store.SB.UPS.StoreSpotlight,,250,DAILY_BUDGET,ENABLED,USD,44214,147,1817.92,13175.7,39,63,21,3678.47,26,598,211,69,0,0,27000
"Nov 26, 2025","=""450441693358033""",B2B - B.Keyword.Products.SB.UPS.1500units,,250,DAILY_BUDGET,ENABLED,USD,1228,3,10.9,1044.75,5,5,2,417.9,2,8,0,6,0,0,105
"Sep 05, 2025","=""516203922618177""",N.Keyword.Store.SB.UPS.StoreSpotlight,,250,DAILY_BUDGET,ENABLED,USD,0,0,0.0,0.0,0,0,0,0.0,0,0,0,0,0,0,0
"Sep 26, 2025","=""501364882562485""",C.Keyword.Video.SB.UPS.IntelligentLCD.CP1500AVRLCD3.B0BCMLLSHL,,250,DAILY_BUDGET,ENABLED,USD,1405,8,153.55,519.85,2,3,2,519.85,3,18,2,4,303,75,378
"Nov 10, 2025","=""362619829731385""",B.Keyword.Video.SB.UPS.IntelligentLCD.CP1500AVRLCD3.B0BCMLLSHL,,250,DAILY_BUDGET,ENABLED,USD,3547,37,349.74,950.7,5,6,2,379.85,3,96,9,13,505,99,746
"Aug 29, 2025","=""501138070676838""",N.SB.Products.SB.UPS.AVR,,250,DAILY_BUDGET,PAUSED,USD,9405,28,52.98,96.95,1,1,1,96.95,1,21,25,3,0,0,1503
"Nov 20, 2025","=""450441693358033""",B2B - B.Keyword.Products.SB.UPS.1500units,,250,DAILY_BUDGET,ENABLED,USD,2038,10,56.43,265.9,1,2,1,265.9,2,56,0,1,0,0,146
"Oct 09, 2025","=""353873361287335""",B2B - B.Keyword.Store.SB.UPS.StoreSpotlight,,250,DAILY_BUDGET,ENABLED,USD,352,3,6.2,1594.87,4,5,2,819.9,2,26,4,4,0,0,177
"Sep 11, 2025","=""300358990869228""",B.Keyword.Store.SB.UPS.StoreSpotlight,,250,DAILY_BUDGET,ENABLED,USD,4170,16,1949.85,388.9,2,2,2,388.9,2,89,35,42,0,0,3384
"Oct 18, 2025","=""288898439745613""",B2B - N.Keyword.Products.SB.UPS.1500units,,250,DAILY_BUDGET,ENABLED,USD,1392,10,46.18,341.95,1,1,1,341.95,1,14,9,2,0,0,375
"Sep 24, 2025","=""490434522578484""",C.Keyword.Video.SB.UPS.PFCSinewave.CP1500PFCLCD.B00429N19W,,250,DAILY_BUDGET,ENABLED,USD,907,3,39.41,0.0,0,0,0,0.0,0,1,1,0,137,36,203
"Sep 14, 2025","=""533624646611887""",C.Keyword.Store.SB.UPS.StoreSpotlight,,250,DAILY_BUDGET,PAUSED,USD,0,0,0.0,0.0,0,0,0,0.0,0,0,0,0,0,0,0
"Oct 24, 2025","=""293529288726869""",B.Keyword.Video.SB.UPS.PFCSinewave.CP1500PFCLCD.B00429N19W,,250,DAILY_BUDGET,ENABLED,USD,119,1,14.31,0.0,0,0,0,0.0,0,1,0,0,19,8,32
"Nov 06, 2025","=""353873361287335""",B2B - B.Keyword.Store.SB.UPS.StoreSpotlight,,250,DAILY_BUDGET,ENABLED,USD,418,3,29.92,341.95,1,1,1,341.95,1,5,3,2,0,0,203
"Nov 11, 2025","=""501364882562485""",C.Keyword.Video.SB.UPS.IntelligentLCD.CP1500AVRLCD3.B0BCMLLSHL,,250,DAILY_BUDGET,ENABLED,USD,782,3,16.97,0.0,0,0,0,0.0,0,7,2,0,119,21,172
"Oct 16, 2025","=""438623516658807""",N.Keyword.Video.SB.UPS.IntelligentLCD.CP1500AVRLCD3.B0BCMLLSHL,,250,DAILY_BUDGET,PAUSED,USD,34720,183,1309.04,1144.85,5,6,4,744.95,4,316,0,14,3168,388,5844
"Oct 14, 2025","=""400654489506156""",B.Keyword.Products.SB.UPS.BestSellers,,250,DAILY_BUDGET,PAUSED,USD,60295,76,659.8,1119.01,6,7,6,1119.01,7,155,99,10,0,0,20668
"Oct 26, 2025","=""362619829731385""",B.Keyword.Video.SB.UPS.IntelligentLCD.CP1500AVRLCD3.B0BCMLLSHL,,250,DAILY_BUDGET,ENABLED,USD,3123,37,310.13,879.75,5,5,5,879.75,5,113,37,9,485,95,687
"Oct 30, 2025","=""501364882562485""",C.Keyword.Video.SB.UPS.IntelligentLCD.CP1500AVRLCD3.B0BCMLLSHL,,250,DAILY_BUDGET,ENABLED,USD,1280,5,26.51,0.0,0,0,0,0.0,0,3,2,0,208,47,291
"Sep 05, 2025","=""450441693358033""",B2B - B.Keyword.Products.SB.UPS.1500units,,250,DAILY_BUDGET,ENABLED,USD,1900,1,45.69,0.0,0,0,0,0.0,0,13,0,0,0,0,86
"Oct 15, 2025","=""288898439745613""",B2B - N.Keyword.Products.SB.UPS.1500units,,250,DAILY_BUDGET,ENABLED,USD,4128,6,39.66,360.85,2,3,1,208.95,1,45,7,3,0,0,981
"Oct 12, 2025","=""293529288726869""",B.Keyword.Video.SB.UPS.PFCSinewave.CP1500PFCLCD.B00429N19W,,250,DAILY_BUDGET,ENABLED,USD,830,8,163.28,0.0,0,0,0,0.0,0,17,13,0,164,56,206
"Nov 23, 2025","=""288898439745613""",B2B - N.Keyword.Products.SB.UPS.1500units,,250,DAILY_BUDGET,ENABLED,USD,1760,10,94.66,1567.75,5,5,3,883.85,3,20,1,5,0,0,596
"Sep 21, 2025","=""293529288726869""",B.Keyword.Video.SB.UPS.PFCSinewave.CP1500PFCLCD.B00429N19W,,250,DAILY_BUDGET,ENABLED,USD,785,15,293.87,629.9,2,2,1,409.95,1,53,8,11,150,54,206
"Nov 16, 2025","=""425328024590643""",C.Keyword.Products.SB.UPS.1500units,,250,DAILY_BUDGET,ENABLED,USD,6764,20,52.04,1939.5,4,10,3,679.85,3,59,8,5,0,0,2383
"Sep 12, 2025","=""450441693358033""",B2B - B.Keyword.Products.SB.UPS.1500units,,250,DAILY_BUDGET,ENABLED,USD,1160,3,26.61,0.0,0,0,0,0.0,0,7,2,2,0,0,73
"Aug 30, 2025","=""450441693358033""",B2B - B.Keyword.Products.SB.UPS.1500units,,250,DAILY_BUDGET,ENABLED,USD,380,0,0.0,0.0,0,0,0,0.0,0,0,0,0,0,0,23
"Sep 19, 2025","=""501364882562485""",C.Keyword.Video.SB.UPS.IntelligentLCD.CP1500AVRLCD3.B0BCMLLSHL,,250,DAILY_BUDGET,ENABLED,USD,1527,6,56.79,199.95,1,1,0,0.0,0,3,3,1,311,70,385
"Sep 08, 2025","=""349078398145277""",N.SB.Products.SB.UPS.Eco,,250,DAILY_BUDGET,PAUSED,USD,0,0,0.0,0.0,0,0,0,0.0,0,0,0,0,0,0,0
"Oct 31, 2025","=""516203922618177""",N.Keyword.Store.SB.UPS.StoreSpotlight,,250,DAILY_BUDGET,ENABLED,USD,122031,259,1256.77,2699.34,14,14,12,2299.4,12,298,322,27,0,0,38525
"Nov 16, 2025","=""288898439745613""",B2B - N.Keyword.Products.SB.UPS.1500units,,250,DAILY_BUDGET,ENABLED,USD,1566,6,12.85,189.95,1,1,1,189.95,1,17,4,1,0,0,532
"Nov 19, 2025","=""335733425531216""",N.Keyword.Video.SB.UPS.PFCSinewave.CP1500PFCLCD.B00429N19W,,250,DAILY_BUDGET,ENABLED,USD,4215,21,53.39,599.85,3,3,3,599.85,3,91,4,5,573,170,834
"Oct 19, 2025","=""369323377946560""",B2B - N.Keyword.Store.SB.UPS.StoreSpotlight,,250,DAILY_BUDGET,ENABLED,USD,1261,1,7.82,0.0,0,0,0,0.0,0,0,1,0,0,0,487
"Sep 20, 2025","=""288898439745613""",B2B - N.Keyword.Products.SB.UPS.1500units,,250,DAILY_BUDGET,ENABLED,USD,5373,19,219.97,119.95,1,1,1,119.95,1,21,17,2,0,0,1878
"Sep 02, 2025","=""516203922618177""",N.Keyword.Store.SB.UPS.StoreSpotlight,,250,DAILY_BUDGET,ENABLED,USD,992,5,5.72,0.0,0,0,0,0.0,0,6,4,2,0,0,338
"Oct 08, 2025","=""400654489506156""",B.Keyword.Products.SB.UPS.BestSellers,,250,DAILY_BUDGET,PAUSED,USD,119026,113,1071.74,1545.37,9,9,8,1425.42,8,217,183,14,0,0,40205
"Nov 28, 2025","=""490434522578484""",C.Keyword.Video.SB.UPS.PFCSinewave.CP1500PFCLCD.B00429N19W,,250,DAILY_BUDGET,ENABLED,USD,635,3,9.43,239.95,1,1,1,239.95,1,2,0,1,98,25,141
"Sep 28, 2025","=""293529288726869""",B.Keyword.Video.SB.UPS.PFCSinewave.CP1500PFCLCD.B00429N19W,,250,DAILY_BUDGET,ENABLED,USD,744,15,291.66,704.9,3,3,1,105.0,1,23,16,9,141,56,182
"Nov 16, 2025","=""353873361287335""",B2B - B.Keyword.Store.SB.UPS.StoreSpotlight,,250,DAILY_BUDGET,ENABLED,USD,128,3,4.64,320.44,2,2,2,320.44,2,8,3,2,0,0,68
"Nov 24, 2025","=""300358990869228""",B.Keyword.Store.SB.UPS.StoreSpotlight,,250,DAILY_BUDGET,ENABLED,USD,1225,5,15.05,417.84,4,4,3,247.89,3,151,14,24,0,0,690
"Sep 28, 2025","=""450441693358033""",B2B - B.Keyword.Products.SB.UPS.1500units,,250,DAILY_BUDGET,ENABLED,USD,441,1,39.94,0.0,0,0,0,0.0,0,2,0,1,0,0,36
"Sep 05, 2025","=""335733425531216""",N.Keyword.Video.SB.UPS.PFCSinewave.CP1500PFCLCD.B00429N19W,,250,DAILY_BUDGET,ENABLED,USD,9028,89,315.51,2775.56,9,10,7,2415.66,8,166,53,17,2099,723,2724
"Nov 06, 2025","=""335733425531216""",N.Keyword.Video.SB.UPS.PFCSinewave.CP1500PFCLCD.B00429N19W,,250,DAILY_BUDGET,ENABLED,USD,4957,33,89.31,2082.0,9,9,9,2082.0,9,82,14,12,569,163,923
"Nov 10, 2025","=""438623516658807""",N.Keyword.Video.SB.UPS.IntelligentLCD.CP1500AVRLCD3.B0BCMLLSHL,,250,DAILY_BUDGET,PAUSED,USD,0,0,0.0,0.0,0,0,0,0.0,0,0,0,0,0,0,0
"Nov 01, 2025","=""438623516658807""",N.Keyword.Video.SB.UPS.IntelligentLCD.CP1500AVRLCD3.B0BCMLLSHL,,250,DAILY_BUDGET,PAUSED,USD,151787,959,5696.43,4456.85,23,23,20,3829.0,20,1468,45,68,13900,1234,29525
"Sep 01, 2025","=""327967099369911""",N.Keyword.Products.SB.UPS.1500units,,250,DAILY_BUDGET,PAUSED,USD,1668,3,4.29,0.0,0,0,0,0.0,0,3,1,0,0,0,259
"Oct 05, 2025","=""288898439745613""",B2B - N.Keyword.Products.SB.UPS.1500units,,250,DAILY_BUDGET,ENABLED,USD,1696,12,74.65,0.0,0,0,0,0.0,0,31,6,1,0,0,517
"Sep 09, 2025","=""367333782614376""",N.SB.Products.SB.UPS.PFCRM,,250,DAILY_BUDGET,PAUSED,USD,0,0,0.0,0.0,0,0,0,0.0,0,0,0,0,0,0,0
"Sep 13, 2025","=""400654489506156""",B.Keyword.Products.SB.UPS.BestSellers,,250,DAILY_BUDGET,PAUSED,USD,60351,80,747.38,1804.58,9,9,8,1699.64,8,158,108,11,0,0,17068
"Sep 20, 2025","=""353873361287335""",B2B - B.Keyword.Store.SB.UPS.StoreSpotlight,,250,DAILY_BUDGET,ENABLED,USD,95,1,0.99,195.95,1,1,1,195.95,1,1,1,1,0,0,54
"Sep 07, 2025","=""456008348744441""",N.SB.Products.SB.UPS.PFC,,250,DAILY_BUDGET,PAUSED,USD,0,0,0.0,0.0,0,0,0,0.0,0,0,0,0,0,0,0
"Oct 16, 2025","=""490434522578484""",C.Keyword.Video.SB.UPS.PFCSinewave.CP1500PFCLCD.B00429N19W,,250,DAILY_BUDGET,ENABLED,USD,573,0,0.0,0.0,0,0,0,0.0,0,0,0,0,104,32,126
"Oct 15, 2025","=""353873361287335""",B2B - B.Keyword.Store.SB.UPS.StoreSpotlight,,250,DAILY_BUDGET,ENABLED,USD,347,2,16.47,113.95,1,1,1,113.95,1,5,3,1,0,0,156
"Nov 19, 2025","=""293529288726869""",B.Keyword.Video.SB.UPS.PFCSinewave.CP1500PFCLCD.B00429N19W,,250,DAILY_BUDGET,ENABLED,USD,126,1,0.81,0.0,0,0,0,0.0,0,1,0,0,29,19,36
"Sep 18, 2025","=""490434522578484""",C.Keyword.Video.SB.UPS.PFCSinewave.CP1500PFCLCD.B00429N19W,,250,DAILY_BUDGET,ENABLED,USD,989,2,31.68,0.0,0,0,0,0.0,0,2,2,0,175,49,217
"Nov 30, 2025","=""516203922618177""",N.Keyword.Store.SB.UPS.StoreSpotlight,,250,DAILY_BUDGET,ENABLED,USD,129913,380,1165.64,4210.49,30,31,25,3313.74,26,706,517,56,0,0,35529
"Sep 01, 2025","=""501364882562485""",C.Keyword.Video.SB.UPS.IntelligentLCD.CP1500AVRLCD3.B0BCMLLSHL,,250,DAILY_BUDGET,ENABLED,USD,931,7,84.12,0.0,0,0,0,0.0,0,9,3,0,154,26,232
"Nov 22, 2025","=""353873361287335""",B2B - B.Keyword.Store.SB.UPS.StoreSpotlight,,250,DAILY_BUDGET,ENABLED,USD,145,2,1.07,531.9,1,2,0,0.0,0,1,5,1,0,0,64
"Aug 30, 2025","=""349078398145277""",N.SB.Products.SB.UPS.Eco,,250,DAILY_BUDGET,PAUSED,USD,29716,141,349.71,1490.03,13,17,10,1058.28,12,208,100,25,0,0,8054
"Oct 21, 2025","=""400654489506156""",B.Keyword.Products.SB.UPS.BestSellers,,250,DAILY_BUDGET,PAUSED,USD,0,0,0.0,0.0,0,0,0,0.0,0,0,0,0,0,0,0
"Sep 25, 2025","=""369323377946560""",B2B - N.Keyword.Store.SB.UPS.StoreSpotlight,,250,DAILY_BUDGET,ENABLED,USD,4390,17,226.56,2654.8,3,4,3,2654.8,4,32,23,6,0,0,1788
"Sep 03, 2025","=""452338404496050""",B.SB.Products.SB.UPS.PFC,,250,DAILY_BUDGET,PAUSED,USD,6242,42,266.91,881.78,6,6,6,881.78,6,90,34,6,0,0,2317
"Oct 21, 2025","=""293529288726869""",B.Keyword.Video.SB.UPS.PFCSinewave.CP1500PFCLCD.B00429N19W,,250,DAILY_BUDGET,ENABLED,USD,115,1,19.74,0.0,0,0,0,0.0,0,1,0,0,7,3,15
"Oct 28, 2025","=""327967099369911""",N.Keyword.Products.SB.UPS.1500units,,250,DAILY_BUDGET,PAUSED,USD,255128,435,4458.38,9257.44,32,47,28,8242.59,43,637,246,64,0,0,78801
"Nov 11, 2025","=""490434522578484""",C.Keyword.Video.SB.UPS.PFCSinewave.CP1500PFCLCD.B00429N19W,,250,DAILY_BUDGET,ENABLED,USD,935,2,12.21,0.0,0,0,0,0.0,0,0,2,0,153,42,201
"Sep 18, 2025","=""353873361287335""",B2B - B.Keyword.Store.SB.UPS.StoreSpotlight,,250,DAILY_BUDGET,ENABLED,USD,333,4,121.16,0.0,0,0,0,0.0,0,9,7,1,0,0,163
"Nov 14, 2025","=""362619829731385""",B.Keyword.Video.SB.UPS.IntelligentLCD.CP1500AVRLCD3.B0BCMLLSHL,,250,DAILY_BUDGET,ENABLED,USD,3202,31,283.62,549.85,3,3,2,399.9,2,82,14,7,474,88,665
"Oct 20, 2025","=""490434522578484""",C.Keyword.Video.SB.UPS.PFCSinewave.CP1500PFCLCD.B00429N19W,,250,DAILY_BUDGET,ENABLED,USD,402,1,4.45,0.0,0,0,0,0.0,0,1,0,0,61,13,88
"Nov 04, 2025","=""425328024590643""",C.Keyword.Products.SB.UPS.1500units,,250,DAILY_BUDGET,ENABLED,USD,8931,13,41.84,539.85,3,3,2,479.9,2,92,31,6,0,0,2131
"Oct 22, 2025","=""490434522578484""",C.Keyword.Video.SB.UPS.PFCSinewave.CP1500PFCLCD.B00429N19W,,250,DAILY_BUDGET,ENABLED,USD,627,1,11.32,0.0,0,0,0,0.0,0,0,1,0,111,27,153
"Nov 29, 2025","=""300358990869228""",B.Keyword.Store.SB.UPS.StoreSpotlight,,250,DAILY_BUDGET,ENABLED,USD,961,8,10.78,489.8,4,4,4,489.8,4,56,11,10,0,0,588
"Sep 15, 2025","=""369323377946560""",B2B - N.Keyword.Store.SB.UPS.StoreSpotlight,,250,DAILY_BUDGET,ENABLED,USD,4917,20,344.29,1795.7,3,6,1,1439.8,4,13,26,4,0,0,1897
"Sep 08, 2025","=""288898439745613""",B2B - N.Keyword.Products.SB.UPS.1500units,,250,DAILY_BUDGET,ENABLED,USD,12512,28,322.43,2658.6,7,8,1,239.95,1,48,25,10,0,0,4005
"Nov 10, 2025","=""335733425531216""",N.Keyword.Video.SB.UPS.PFCSinewave.CP1500PFCLCD.B00429N19W,,250,DAILY_BUDGET,ENABLED,USD,5266,25,67.69,830.43,4,5,3,799.85,3,78,21,12,639,193,1025
"Aug 29, 2025","=""369323377946560""",B2B - N.Keyword.Store.SB.UPS.StoreSpotlight,,250,DAILY_BUDGET,ENABLED,USD,3980,17,235.71,359.9,2,2,0,0.0,0,10,22,3,0,0,1609
"Nov 09, 2025","=""353873361287335""",B2B - B.Keyword.Store.SB.UPS.StoreSpotlight,,250,DAILY_BUDGET,ENABLED,USD,139,1,1.42,227.95,1,1,1,227.95,1,3,11,0,0,0,72
"Nov 06, 2025","=""490434522578484""",C.Keyword.Video.SB.UPS.PFCSinewave.CP1500PFCLCD.B00429N19W,,250,DAILY_BUDGET,ENABLED,USD,1046,2,10.39,239.95,1,1,1,239.95,1,6,2,1,196,47,263
"Nov 15, 2025","=""362619829731385""",B.Keyword.Video.SB.UPS.IntelligentLCD.CP1500AVRLCD3.B0BCMLLSHL,,250,DAILY_BUDGET,ENABLED,USD,2963,38,309.4,239.95,1,1,1,239.95,1,92,15,6,414,87,619
"Sep 04, 2025","=""288898439745613""",B2B - N.Keyword.Products.SB.UPS.1500units,,250,DAILY_BUDGET,ENABLED,USD,13081,23,285.53,5726.66,7,9,3,624.85,3,29,21,6,0,0,4719
"Oct 20, 2025","=""425328024590643""",C.Keyword.Products.SB.UPS.1500units,,250,DAILY_BUDGET,ENABLED,USD,3766,2,6.16,0.0,0,0,0,0.0,0,0,3,0,0,0,1118
"Oct 29, 2025","=""425328024590643""",C.Keyword.Products.SB.UPS.1500units,,250,DAILY_BUDGET,ENABLED,USD,5327,8,56.79,0.0,0,0,0,0.0,0,39,7,2,0,0,1485
"Sep 26, 2025","=""288898439745613""",B2B - N.Keyword.Products.SB.UPS.1500units,,250,DAILY_BUDGET,ENABLED,USD,3378,6,49.28,179.95,1,1,1,179.95,1,1,7,1,0,0,909
"Sep 06, 2025","=""452338404496050""",B.SB.Products.SB.UPS.PFC,,250,DAILY_BUDGET,PAUSED,USD,0,0,0.0,0.0,0,0,0,0.0,0,0,0,0,0,0,0
"Sep 26, 2025","=""300358990869228""",B.Keyword.Store.SB.UPS.StoreSpotlight,,250,DAILY_BUDGET,ENABLED,USD,53370,219,3955.63,22152.69,98,131,64,13116.64,78,1339,336,179,0,0,36339
"Oct 02, 2025","=""353873361287335""",B2B - B.Keyword.Store.SB.UPS.StoreSpotlight,,250,DAILY_BUDGET,ENABLED,USD,393,4,11.2,618.85,3,3,1,68.95,1,12,4,3,0,0,182
"Oct 27, 2025","=""400654489506156""",B.Keyword.Products.SB.UPS.BestSellers,,250,DAILY_BUDGET,PAUSED,USD,0,0,0.0,0.0,0,0,0,0.0,0,0,0,0,0,0,0
"Oct 12, 2025","=""400654489506156""",B.Keyword.Products.SB.UPS.BestSellers,,250,DAILY_BUDGET,PAUSED,USD,50525,70,592.09,149.94,2,2,2,149.94,2,149,122,5,0,0,15628
"Sep 16, 2025","=""293529288726869""",B.Keyword.Video.SB.UPS.PFCSinewave.CP1500PFCLCD.B00429N19W,,250,DAILY_BUDGET,ENABLED,USD,967,10,216.04,337.94,2,2,2,337.94,2,22,13,3,201,78,261
"Nov 29, 2025","=""369323377946560""",B2B - N.Keyword.Store.SB.UPS.StoreSpotlight,,250,DAILY_BUDGET,ENABLED,USD,1261,12,88.37,303.9,2,2,2,303.9,2,54,14,6,0,0,551
"Sep 27, 2025","=""490434522578484""",C.Keyword.Video.SB.UPS.PFCSinewave.CP1500PFCLCD.B00429N19W,,250,DAILY_BUDGET,ENABLED,USD,379,2,31.75,195.98,1,2,1,195.98,2,3,0,1,21,5,44
"Sep 08, 2025","=""335733425531216""",N.Keyword.Video.SB.UPS.PFCSinewave.CP1500PFCLCD.B00429N19W,,250,DAILY_BUDGET,ENABLED,USD,9784,77,298.35,749.8,4,4,4,749.8,4,114,87,6,2131,733,2883
"Sep 05, 2025","=""501364882562485""",C.Keyword.Video.SB.UPS.IntelligentLCD.CP1500AVRLCD3.B0BCMLLSHL,,250,DAILY_BUDGET,ENABLED,USD,1955,4,84.92,0.0,0,0,0,0.0,0,5,6,0,429,75,548
"Nov 12, 2025","=""362619829731385""",B.Keyword.Video.SB.UPS.IntelligentLCD.CP1500AVRLCD3.B0BCMLLSHL,,250,DAILY_BUDGET,ENABLED,USD,3026,51,552.84,1372.45,9,10,9,1372.45,10,123,22,12,471,88,641
"Oct 19, 2025","=""425328024590643""",C.Keyword.Products.SB.UPS.1500units,,250,DAILY_BUDGET,ENABLED,USD,4628,10,37.26,0.0,0,0,0,0.0,0,21,20,0,0,0,1401
"Oct 22, 2025","=""300358990869228""",B.Keyword.Store.SB.UPS.StoreSpotlight,,250,DAILY_BUDGET,ENABLED,USD,26264,83,857.12,3060.18,18,26,10,1171.94,10,390,109,33,0,0,15712
"Sep 03, 2025","=""400654489506156""",B.Keyword.Products.SB.UPS.BestSellers,,250,DAILY_BUDGET,PAUSED,USD,60529,52,633.24,1696.94,8,8,5,807.09,5,89,89,9,0,0,18156
"Nov 28, 2025","=""353873361287335""",B2B - B.Keyword.Store.SB.UPS.StoreSpotlight,,250,DAILY_BUDGET,ENABLED,USD,299,0,0.0,0.0,0,0,0,0.0,0,0,0,0,0,0,124
"Nov 14, 2025","=""353873361287335""",B2B - B.Keyword.Store.SB.UPS.StoreSpotlight,,250,DAILY_BUDGET,ENABLED,USD,327,2,17.16,441.13,2,7,1,128.68,2,4,2,2,0,0,180
"Nov 12, 2025","=""516203922618177""",N.Keyword.Store.SB.UPS.StoreSpotlight,,250,DAILY_BUDGET,ENABLED,USD,142787,375,1428.79,5702.71,34,35,24,4093.8,24,723,472,76,0,0,39913
"Nov 25, 2025","=""353873361287335""",B2B - B.Keyword.Store.SB.UPS.StoreSpotlight,,250,DAILY_BUDGET,ENABLED,USD,323,1,0.22,683.9,2,2,0,0.0,0,2,1,2,0,0,128
"Aug 30, 2025","=""533624646611887""",C.Keyword.Store.SB.UPS.StoreSpotlight,,250,DAILY_BUDGET,PAUSED,USD,10348,58,869.37,370.8,2,4,2,370.8,4,50,66,4,0,0,5110
"Oct 23, 2025","=""362619829731385""",B.Keyword.Video.SB.UPS.IntelligentLCD.CP1500AVRLCD3.B0BCMLLSHL,,250,DAILY_BUDGET,ENABLED,USD,2485,23,176.18,199.95,1,1,1,199.95,1,26,7,3,393,83,511
"Nov 02, 2025","=""450441693358033""",B2B - B.Keyword.Products.SB.UPS.1500units,,250,DAILY_BUDGET,ENABLED,USD,610,3,7.52,947.85,2,3,1,227.95,1,6,0,3,0,0,59
"Oct 22, 2025","=""501364882562485""",C.Keyword.Video.SB.UPS.IntelligentLCD.CP1500AVRLCD3.B0BCMLLSHL,,250,DAILY_BUDGET,ENABLED,USD,909,2,10.55,0.0,0,0,0,0.0,0,2,2,0,168,28,232
"Oct 31, 2025","=""327967099369911""",N.Keyword.Products.SB.UPS.1500units,,250,DAILY_BUDGET,PAUSED,USD,261471,433,4414.15,8560.04,37,45,26,6336.67,29,682,234,62,0,0,76548
"Nov 19, 2025","=""300358990869228""",B.Keyword.Store.SB.UPS.StoreSpotlight,,250,DAILY_BUDGET,ENABLED,USD,3330,21,67.14,1025.85,8,9,7,855.9,8,242,37,72,0,0,2030
"Nov 01, 2025","=""362619829731385""",B.Keyword.Video.SB.UPS.IntelligentLCD.CP1500AVRLCD3.B0BCMLLSHL,,250,DAILY_BUDGET,ENABLED,USD,3122,28,215.05,0.0,0,0,0,0.0,0,64,12,4,500,107,702
"Nov 12, 2025","=""293529288726869""",B.Keyword.Video.SB.UPS.PFCSinewave.CP1500PFCLCD.B00429N19W,,250,DAILY_BUDGET,ENABLED,USD,182,5,50.87,179.95,1,1,0,0.0,0,17,4,3,55,22,60
"Aug 31, 2025","=""327967099369911""",N.Keyword.Products.SB.UPS.1500units,,250,DAILY_BUDGET,PAUSED,USD,2340,1,1.07,0.0,0,0,0,0.0,0,1,1,0,0,0,208
"Sep 19, 2025","=""288898439745613""",B2B - N.Keyword.Products.SB.UPS.1500units,,250,DAILY_BUDGET,ENABLED,USD,9735,15,202.13,477.93,2,3,1,117.98,2,27,10,2,0,0,2985
"Oct 29, 2025","=""438623516658807""",N.Keyword.Video.SB.UPS.IntelligentLCD.CP1500AVRLCD3.B0BCMLLSHL,,250,DAILY_BUDGET,PAUSED,USD,126876,746,5691.56,8884.33,43,44,36,7467.68,37,1301,43,97,12549,1499,24235
"Nov 02, 2025","=""362619829731385""",B.Keyword.Video.SB.UPS.IntelligentLCD.CP1500AVRLCD3.B0BCMLLSHL,,250,DAILY_BUDGET,ENABLED,USD,3144,39,204.99,766.84,4,4,2,337.94,2,88,12,11,471,88,657
"Nov 26, 2025","=""288898439745613""",B2B - N.Keyword.Products.SB.UPS.1500units,,250,DAILY_BUDGET,ENABLED,USD,3964,32,231.89,2974.04,10,10,6,1738.24,6,87,5,17,0,0,1107
"Oct 08, 2025","=""353873361287335""",B2B - B.Keyword.Store.SB.UPS.StoreSpotlight,,250,DAILY_BUDGET,ENABLED,USD,441,6,81.25,684.97,1,1,1,684.97,1,14,7,2,0,0,222
"Oct 23, 2025","=""438623516658807""",N.Keyword.Video.SB.UPS.IntelligentLCD.CP1500AVRLCD3.B0BCMLLSHL,,250,DAILY_BUDGET,PAUSED,USD,117028,679,5015.09,3739.05,17,19,13,2919.25,15,1017,38,80,10658,1310,20878
"Oct 17, 2025","=""450441693358033""",B2B - B.Keyword.Products.SB.UPS.1500units,,250,DAILY_BUDGET,ENABLED,USD,1723,4,43.21,0.0,0,0,0,0.0,0,9,1,0,0,0,122
"Oct 25, 2025","=""438623516658807""",N.Keyword.Video.SB.UPS.IntelligentLCD.CP1500AVRLCD3.B0BCMLLSHL,,250,DAILY_BUDGET,PAUSED,USD,107676,753,5660.29,2166.5,10,10,8,1897.6,8,1126,19,52,10784,1257,21427
"Sep 27, 2025","=""400654489506156""",B.Keyword.Products.SB.UPS.BestSellers,,250,DAILY_BUDGET,PAUSED,USD,46021,58,570.46,880.13,7,7,5,410.23,5,115,98,17,0,0,15246
"Sep 09, 2025","=""335733425531216""",N.Keyword.Video.SB.UPS.PFCSinewave.CP1500PFCLCD.B00429N19W,,250,DAILY_BUDGET,ENABLED,USD,8336,73,269.05,539.89,3,3,2,379.9,2,141,127,56,1747,603,2357
"Oct 26, 2025","=""501364882562485""",C.Keyword.Video.SB.UPS.IntelligentLCD.CP1500AVRLCD3.B0BCMLLSHL,,250,DAILY_BUDGET,ENABLED,USD,1126,3,29.62,0.0,0,0,0,0.0,0,5,1,0,189,36,260
"Sep 18, 2025","=""400654489506156""",B.Keyword.Products.SB.UPS.BestSellers,,250,DAILY_BUDGET,PAUSED,USD,74565,86,844.86,1538.58,8,9,6,1218.68,7,193,147,16,0,0,21014
"Nov 21, 2025","=""288898439745613""",B2B - N.Keyword.Products.SB.UPS.1500units,,250,DAILY_BUDGET,ENABLED,USD,3452,22,144.16,3262.71,12,34,1,227.95,1,37,7,7,0,0,1172
"Nov 14, 2025","=""369323377946560""",B2B - N.Keyword.Store.SB.UPS.StoreSpotlight,,250,DAILY_BUDGET,ENABLED,USD,2750,9,64.24,151.9,1,2,0,0.0,0,3,8,1,0,0,1018
"Nov 15, 2025","=""450441693358033""",B2B - B.Keyword.Products.SB.UPS.1500units,,250,DAILY_BUDGET,ENABLED,USD,471,2,5.31,64.99,1,1,0,0.0,0,8,0,0,0,0,47
"Oct 14, 2025","=""369323377946560""",B2B - N.Keyword.Store.SB.UPS.StoreSpotlight,,250,DAILY_BUDGET,ENABLED,USD,4002,18,176.55,1417.25,3,4,3,1417.25,4,40,23,7,0,0,1297
"Nov 04, 2025","=""450441693358033""",B2B - B.Keyword.Products.SB.UPS.1500units,,250,DAILY_BUDGET,ENABLED,USD,3292,4,28.87,1661.44,3,3,1,703.9,1,12,3,3,0,0,118
"Nov 14, 2025","=""288898439745613""",B2B - N.Keyword.Products.SB.UPS.1500units,,250,DAILY_BUDGET,ENABLED,USD,2651,11,101.13,2928.3,4,14,1,189.95,1,29,3,4,0,0,876
"Sep 27, 2025","=""300358990869228""",B.Keyword.Store.SB.UPS.StoreSpotlight,,250,DAILY_BUDGET,ENABLED,USD,55963,222,3941.73,8555.39,49,54,41,6825.63,46,1159,342,138,0,0,37173
"Oct 15, 2025","=""425328024590643""",C.Keyword.Products.SB.UPS.1500units,,250,DAILY_BUDGET,ENABLED,USD,7382,9,44.15,13.99,1,1,1,13.99,1,27,5,1,0,0,1479
"Oct 19, 2025","=""362619829731385""",B.Keyword.Video.SB.UPS.IntelligentLCD.CP1500AVRLCD3.B0BCMLLSHL,,250,DAILY_BUDGET,ENABLED,USD,2271,26,232.97,119.95,1,1,1,119.95,1,93,4,7,337,71,478
"Sep 09, 2025","=""490434522578484""",C.Keyword.Video.SB.UPS.PFCSinewave.CP1500PFCLCD.B00429N19W,,250,DAILY_BUDGET,ENABLED,USD,968,0,0.0,0.0,0,0,0,0.0,0,1,0,0,162,47,243
"Oct 30, 2025","=""288898439745613""",B2B - N.Keyword.Products.SB.UPS.1500units,,250,DAILY_BUDGET,ENABLED,USD,2762,23,192.11,3715.51,9,13,5,1443.75,5,49,7,9,0,0,823
"Oct 24, 2025","=""362619829731385""",B.Keyword.Video.SB.UPS.IntelligentLCD.CP1500AVRLCD3.B0BCMLLSHL,,250,DAILY_BUDGET,ENABLED,USD,2881,32,239.92,1340.8,4,4,2,940.9,2,56,24,5,430,85,590
"Oct 24, 2025","=""353873361287335""",B2B - B.Keyword.Store.SB.UPS.StoreSpotlight,,250,DAILY_BUDGET,ENABLED,USD,238,4,31.25,701.88,2,3,2,701.88,3,13,4,2,0,0,124
"Oct 02, 2025","=""369323377946560""",B2B - N.Keyword.Store.SB.UPS.StoreSpotlight,,250,DAILY_BUDGET,ENABLED,USD,4154,10,131.56,1319.75,3,5,3,1319.75,5,11,12,5,0,0,1397
"Oct 28, 2025","=""425328024590643""",C.Keyword.Products.SB.UPS.1500units,,250,DAILY_BUDGET,ENABLED,USD,4621,13,100.67,479.9,2,2,1,239.95,1,22,2,6,0,0,1149
"Oct 28, 2025","=""516203922618177""",N.Keyword.Store.SB.UPS.StoreSpotlight,,250,DAILY_BUDGET,ENABLED,USD,77406,213,1081.89,2633.24,15,16,10,1793.5,10,491,288,66,0,0,25921
"Nov 28, 2025","=""501364882562485""",C.Keyword.Video.SB.UPS.IntelligentLCD.CP1500AVRLCD3.B0BCMLLSHL,,250,DAILY_BUDGET,ENABLED,USD,823,1,4.28,0.0,0,0,0,0.0,0,1,0,0,127,18,189
"Sep 19, 2025","=""353873361287335""",B2B - B.Keyword.Store.SB.UPS.StoreSpotlight,,250,DAILY_BUDGET,ENABLED,USD,268,6,113.77,1403.65,3,7,1,359.95,1,9,6,4,0,0,145
"Oct 19, 2025","=""288898439745613""",B2B - N.Keyword.Products.SB.UPS.1500units,,250,DAILY_BUDGET,ENABLED,USD,1777,4,15.1,0.0,0,0,0,0.0,0,2,2,0,0,0,463
"Oct 26, 2025","=""293529288726869""",B.Keyword.Video.SB.UPS.PFCSinewave.CP1500PFCLCD.B00429N19W,,250,DAILY_BUDGET,ENABLED,USD,167,0,0.0,0.0,0,0,0,0.0,0,0,0,0,17,3,29
"Oct 15, 2025","=""501364882562485""",C.Keyword.Video.SB.UPS.IntelligentLCD.CP1500AVRLCD3.B0BCMLLSHL,,250,DAILY_BUDGET,ENABLED,USD,1197,3,36.79,239.95,1,1,1,239.95,1,13,0,2,173,30,245
"Nov 27, 2025","=""293529288726869""",B.Keyword.Video.SB.UPS.PFCSinewave.CP1500PFCLCD.B00429N19W,,250,DAILY_BUDGET,ENABLED,USD,78,0,0.0,0.0,0,0,0,0.0,0,0,0,0,11,0,12
"Oct 17, 2025","=""327967099369911""",N.Keyword.Products.SB.UPS.1500units,,250,DAILY_BUDGET,PAUSED,USD,385935,466,4403.42,3469.0,19,20,15,2639.2,16,570,302,47,0,0,120459
"Sep 14, 2025","=""452338404496050""",B.SB.Products.SB.UPS.PFC,,250,DAILY_BUDGET,PAUSED,USD,0,0,0.0,0.0,0,0,0,0.0,0,0,0,0,0,0,0
"Sep 04, 2025","=""369323377946560""",B2B - N.Keyword.Store.SB.UPS.StoreSpotlight,,250,DAILY_BUDGET,ENABLED,USD,4617,17,260.36,439.9,2,2,2,439.9,2,18,22,4,0,0,2098
"Oct 28, 2025","=""400654489506156""",B.Keyword.Products.SB.UPS.BestSellers,,250,DAILY_BUDGET,PAUSED,USD,0,0,0.0,0.0,0,0,0,0.0,0,0,0,0,0,0,0
"Oct 17, 2025","=""353873361287335""",B2B - B.Keyword.Store.SB.UPS.StoreSpotlight,,250,DAILY_BUDGET,ENABLED,USD,301,4,6.16,0.0,0,0,0,0.0,0,13,5,1,0,0,152
"Oct 11, 2025","=""490434522578484""",C.Keyword.Video.SB.UPS.PFCSinewave.CP1500PFCLCD.B00429N19W,,250,DAILY_BUDGET,ENABLED,USD,492,0,0.0,0.0,0,0,0,0.0,0,0,0,0,55,11,71
"Oct 21, 2025","=""369323377946560""",B2B - N.Keyword.Store.SB.UPS.StoreSpotlight,,250,DAILY_BUDGET,ENABLED,USD,3745,13,97.67,1076.79,4,5,1,479.9,2,12,14,5,0,0,1349
"Nov 18, 2025","=""300358990869228""",B.Keyword.Store.SB.UPS.StoreSpotlight,,250,DAILY_BUDGET,ENABLED,USD,2887,20,51.41,3454.64,10,18,6,2025.19,7,225,36,30,0,0,1691
"Oct 16, 2025","=""293529288726869""",B.Keyword.Video.SB.UPS.PFCSinewave.CP1500PFCLCD.B00429N19W,,250,DAILY_BUDGET,ENABLED,USD,351,1,22.79,0.0,0,0,0,0.0,0,3,0,0,84,37,109
"Sep 19, 2025","=""369323377946560""",B2B - N.Keyword.Store.SB.UPS.StoreSpotlight,,250,DAILY_BUDGET,ENABLED,USD,3232,13,139.28,825.69,4,7,0,0.0,0,22,23,4,0,0,1334
"Sep 11, 2025","=""533624646611887""",C.Keyword.Store.SB.UPS.StoreSpotlight,,250,DAILY_BUDGET,PAUSED,USD,0,0,0.0,0.0,0,0,0,0.0,0,0,0,0,0,0,0
"Oct 22, 2025","=""450441693358033""",B2B - B.Keyword.Products.SB.UPS.1500units,,250,DAILY_BUDGET,ENABLED,USD,1654,2,12.23,0.0,0,0,0,0.0,0,2,0,0,0,0,170
"Nov 16, 2025","=""362619829731385""",B.Keyword.Video.SB.UPS.IntelligentLCD.CP1500AVRLCD3.B0BCMLLSHL,,250,DAILY_BUDGET,ENABLED,USD,3586,45,311.76,1209.74,5,6,4,969.79,5,161,26,19,529,97,782
"Nov 21, 2025","=""293529288726869""",B.Keyword.Video.SB.UPS.PFCSinewave.CP1500PFCLCD.B00429N19W,,250,DAILY_BUDGET,ENABLED,USD,95,2,11.89,0.0,0,0,0,0.0,0,15,1,1,21,8,24
"Nov 20, 2025","=""490434522578484""",C.Keyword.Video.SB.UPS.PFCSinewave.CP1500PFCLCD.B00429N19W,,250,DAILY_BUDGET,ENABLED,USD,762,3,27.9,0.0,0,0,0,0.0,0,5,0,0,115,43,155
"Nov 08, 2025","=""516203922618177""",N.Keyword.Store.SB.UPS.StoreSpotlight,,250,DAILY_BUDGET,ENABLED,USD,145113,336,1428.54,3835.43,25,26,19,3156.78,19,490,450,50,0,0,42686
"Nov 20, 2025","=""293529288726869""",B.Keyword.Video.SB.UPS.PFCSinewave.CP1500PFCLCD.B00429N19W,,250,DAILY_BUDGET,ENABLED,USD,217,3,15.46,0.0,0,0,0,0.0,0,5,3,0,41,16,55
"Oct 02, 2025","=""490434522578484""",C.Keyword.Video.SB.UPS.PFCSinewave.CP1500PFCLCD.B00429N19W,,250,DAILY_BUDGET,ENABLED,USD,411,0,0.0,0.0,0,0,0,0.0,0,0,0,0,29,9,53
"Oct 06, 2025","=""501364882562485""",C.Keyword.Video.SB.UPS.IntelligentLCD.CP1500AVRLCD3.B0BCMLLSHL,,250,DAILY_BUDGET,ENABLED,USD,1274,8,88.59,0.0,0,0,0,0.0,0,9,1,2,206,31,294
"Oct 27, 2025","=""501364882562485""",C.Keyword.Video.SB.UPS.IntelligentLCD.CP1500AVRLCD3.B0BCMLLSHL,,250,DAILY_BUDGET,ENABLED,USD,1496,3,31.13,0.0,0,0,0,0.0,0,1,3,0,264,64,380
"Sep 22, 2025","=""369323377946560""",B2B - N.Keyword.Store.SB.UPS.StoreSpotlight,,250,DAILY_BUDGET,ENABLED,USD,4926,17,268.82,979.8,4,4,3,859.85,3,19,23,6,0,0,1979
"Nov 01, 2025","=""335733425531216""",N.Keyword.Video.SB.UPS.PFCSinewave.CP1500PFCLCD.B00429N19W,,250,DAILY_BUDGET,ENABLED,USD,3572,9,29.39,0.0,0,0,0,0.0,0,13,2,1,294,96,527
"Sep 18, 2025","=""335733425531216""",N.Keyword.Video.SB.UPS.PFCSinewave.CP1500PFCLCD.B00429N19W,,250,DAILY_BUDGET,ENABLED,USD,7820,76,252.81,1223.39,6,6,6,1223.39,6,217,91,16,1743,578,2249
"Sep 06, 2025","=""353873361287335""",B2B - B.Keyword.Store.SB.UPS.StoreSpotlight,,250,DAILY_BUDGET,ENABLED,USD,130,1,5.32,0.0,0,0,0,0.0,0,6,1,2,0,0,62
"Oct 17, 2025","=""288898439745613""",B2B - N.Keyword.Products.SB.UPS.1500units,,250,DAILY_BUDGET,ENABLED,USD,2753,13,112.1,930.75,3,5,3,930.75,5,21,6,3,0,0,774
"Nov 24, 2025","=""425328024590643""",C.Keyword.Products.SB.UPS.1500units,,250,DAILY_BUDGET,ENABLED,USD,8549,14,42.54,639.85,3,3,2,439.9,2,32,9,3,0,0,2947
"Nov 04, 2025","=""362619829731385""",B.Keyword.Video.SB.UPS.IntelligentLCD.CP1500AVRLCD3.B0BCMLLSHL,,250,DAILY_BUDGET,ENABLED,USD,3276,44,283.21,917.69,7,7,5,629.75,5,208,13,88,440,115,657
"Oct 04, 2025","=""501364882562485""",C.Keyword.Video.SB.UPS.IntelligentLCD.CP1500AVRLCD3.B0BCMLLSHL,,250,DAILY_BUDGET,ENABLED,USD,616,10,115.83,0.0,0,0,0,0.0,0,14,3,0,103,22,126
"Nov 15, 2025","=""516203922618177""",N.Keyword.Store.SB.UPS.StoreSpotlight,,250,DAILY_BUDGET,ENABLED,USD,96232,284,1017.39,4103.01,29,35,22,3192.23,23,680,398,75,0,0,26943
"Nov 14, 2025","=""501364882562485""",C.Keyword.Video.SB.UPS.IntelligentLCD.CP1500AVRLCD3.B0BCMLLSHL,,250,DAILY_BUDGET,ENABLED,USD,571,2,7.35,0.0,0,0,0,0.0,0,1,1,0,71,15,115
"Nov 19, 2025","=""425328024590643""",C.Keyword.Products.SB.UPS.1500units,,250,DAILY_BUDGET,ENABLED,USD,9172,15,38.62,635.13,5,5,2,239.94,2,219,16,16,0,0,3114
"Oct 23, 2025","=""335733425531216""",N.Keyword.Video.SB.UPS.PFCSinewave.CP1500PFCLCD.B00429N19W,,250,DAILY_BUDGET,ENABLED,USD,2900,10,28.87,0.0,0,0,0,0.0,0,34,29,3,270,68,468
"Nov 10, 2025","=""450441693358033""",B2B - B.Keyword.Products.SB.UPS.1500units,,250,DAILY_BUDGET,ENABLED,USD,3637,4,59.81,227.95,1,1,0,0.0,0,19,2,3,0,0,152
"Sep 03, 2025","=""327967099369911""",N.Keyword.Products.SB.UPS.1500units,,250,DAILY_BUDGET,PAUSED,USD,1735,7,4.28,0.0,0,0,0,0.0,0,5,4,0,0,0,293
"Sep 27, 2025","=""501364882562485""",C.Keyword.Video.SB.UPS.IntelligentLCD.CP1500AVRLCD3.B0BCMLLSHL,,250,DAILY_BUDGET,ENABLED,USD,974,4,83.55,0.0,0,0,0,0.0,0,3,1,0,192,54,245
"Sep 11, 2025","=""456008348744441""",N.SB.Products.SB.UPS.PFC,,250,DAILY_BUDGET,PAUSED,USD,0,0,0.0,0.0,0,0,0,0.0,0,0,0,0,0,0,0
"Nov 07, 2025","=""369323377946560""",B2B - N.Keyword.Store.SB.UPS.StoreSpotlight,,250,DAILY_BUDGET,ENABLED,USD,2172,8,75.04,0.0,0,0,0,0.0,0,7,9,1,0,0,876
"Sep 07, 2025","=""450441693358033""",B2B - B.Keyword.Products.SB.UPS.1500units,,250,DAILY_BUDGET,ENABLED,USD,542,2,39.89,0.0,0,0,0,0.0,0,10,0,2,0,0,29
"Sep 16, 2025","=""450441693358033""",B2B - B.Keyword.Products.SB.UPS.1500units,,250,DAILY_BUDGET,ENABLED,USD,923,6,136.48,1059.85,2,3,1,239.95,1,11,5,5,0,0,114
"Aug 29, 2025","=""367333782614376""",N.SB.Products.SB.UPS.PFCRM,,250,DAILY_BUDGET,PAUSED,USD,36065,89,242.71,624.89,3,3,3,624.89,3,146,89,10,0,0,7113
"Nov 16, 2025","=""369323377946560""",B2B - N.Keyword.Store.SB.UPS.StoreSpotlight,,250,DAILY_BUDGET,ENABLED,USD,1418,5,46.03,0.0,0,0,0,0.0,0,8,5,0,0,0,550
"Oct 15, 2025","=""293529288726869""",B.Keyword.Video.SB.UPS.PFCSinewave.CP1500PFCLCD.B00429N19W,,250,DAILY_BUDGET,ENABLED,USD,708,11,152.61,419.9,2,2,2,419.9,2,87,40,3,154,51,188
"Oct 21, 2025","=""335733425531216""",N.Keyword.Video.SB.UPS.PFCSinewave.CP1500PFCLCD.B00429N19W,,250,DAILY_BUDGET,ENABLED,USD,1659,4,11.72,0.0,0,0,0,0.0,0,10,7,0,160,32,298
"Aug 31, 2025","=""425328024590643""",C.Keyword.Products.SB.UPS.1500units,,250,DAILY_BUDGET,ENABLED,USD,1020,0,0.0,0.0,0,0,0,0.0,0,0,0,0,0,0,281
"Sep 03, 2025","=""300358990869228""",B.Keyword.Store.SB.UPS.StoreSpotlight,,250,DAILY_BUDGET,ENABLED,USD,124,1,1.14,1088.55,4,9,2,494.9,2,5,2,3,0,0,84
"Oct 16, 2025","=""501364882562485""",C.Keyword.Video.SB.UPS.IntelligentLCD.CP1500AVRLCD3.B0BCMLLSHL,,250,DAILY_BUDGET,ENABLED,USD,914,2,10.41,0.0,0,0,0,0.0,0,4,0,0,170,41,245
"Oct 31, 2025","=""438623516658807""",N.Keyword.Video.SB.UPS.IntelligentLCD.CP1500AVRLCD3.B0BCMLLSHL,,250,DAILY_BUDGET,PAUSED,USD,133087,815,5675.26,11363.8,38,49,33,7098.2,36,1337,42,101,12718,1558,24550
"Oct 27, 2025","=""425328024590643""",C.Keyword.Products.SB.UPS.1500units,,250,DAILY_BUDGET,ENABLED,USD,4880,9,25.95,359.95,1,1,1,359.95,1,13,11,2,0,0,1417
"Sep 16, 2025","=""300358990869228""",B.Keyword.Store.SB.UPS.StoreSpotlight,,250,DAILY_BUDGET,ENABLED,USD,456,5,8.24,1164.64,7,7,5,994.7,5,82,10,11,0,0,310
"Nov 03, 2025","=""490434522578484""",C.Keyword.Video.SB.UPS.PFCSinewave.CP1500PFCLCD.B00429N19W,,250,DAILY_BUDGET,ENABLED,USD,1643,2,22.54,0.0,0,0,0,0.0,0,1,1,0,278,80,388
"Sep 03, 2025","=""369323377946560""",B2B - N.Keyword.Store.SB.UPS.StoreSpotlight,,250,DAILY_BUDGET,ENABLED,USD,4717,15,194.58,439.9,2,2,1,79.95,1,17,23,4,0,0,2084
"Oct 12, 2025","=""450441693358033""",B2B - B.Keyword.Products.SB.UPS.1500units,,250,DAILY_BUDGET,ENABLED,USD,484,1,35.5,0.0,0,0,0,0.0,0,2,1,0,0,0,44
"Oct 05, 2025","=""293529288726869""",B.Keyword.Video.SB.UPS.PFCSinewave.CP1500PFCLCD.B00429N19W,,250,DAILY_BUDGET,ENABLED,USD,784,15,173.49,239.95,1,1,0,0.0,0,40,13,4,158,49,210
"Nov 01, 2025","=""288898439745613""",B2B - N.Keyword.Products.SB.UPS.1500units,,250,DAILY_BUDGET,ENABLED,USD,998,5,16.27,911.85,3,3,1,341.95,1,22,0,7,0,0,330
"Sep 03, 2025","=""490434522578484""",C.Keyword.Video.SB.UPS.PFCSinewave.CP1500PFCLCD.B00429N19W,,250,DAILY_BUDGET,ENABLED,USD,939,1,21.3,0.0,0,0,0,0.0,0,3,0,0,128,34,199
"Sep 10, 2025","=""516203922618177""",N.Keyword.Store.SB.UPS.StoreSpotlight,,250,DAILY_BUDGET,ENABLED,USD,0,0,0.0,0.0,0,0,0,0.0,0,0,0,0,0,0,0
"Nov 17, 2025","=""362619829731385""",B.Keyword.Video.SB.UPS.IntelligentLCD.CP1500AVRLCD3.B0BCMLLSHL,,250,DAILY_BUDGET,ENABLED,USD,3955,37,313.31,1039.75,5,5,2,399.9,2,109,27,13,499,99,686
"Sep 02, 2025","=""353873361287335""",B2B - B.Keyword.Store.SB.UPS.StoreSpotlight,,250,DAILY_BUDGET,ENABLED,USD,328,2,4.29,635.27,2,9,1,35.52,4,5,3,2,0,0,179
"Sep 28, 2025","=""300358990869228""",B.Keyword.Store.SB.UPS.StoreSpotlight,,250,DAILY_BUDGET,ENABLED,USD,56823,199,3945.66,8782.61,59,66,39,5985.82,44,1128,297,137,0,0,37223
"Sep 17, 2025","=""501364882562485""",C.Keyword.Video.SB.UPS.IntelligentLCD.CP1500AVRLCD3.B0BCMLLSHL,,250,DAILY_BUDGET,ENABLED,USD,1753,7,66.2,0.0,0,0,0,0.0,0,6,3,1,376,62,491
"Nov 08, 2025","=""288898439745613""",B2B - N.Keyword.Products.SB.UPS.1500units,,250,DAILY_BUDGET,ENABLED,USD,1279,9,52.12,341.95,1,1,0,0.0,0,25,5,1,0,0,455
"Oct 06, 2025","=""300358990869228""",B.Keyword.Store.SB.UPS.StoreSpotlight,,250,DAILY_BUDGET,ENABLED,USD,36929,135,1990.59,12803.68,58,63,34,5907.53,35,803,196,125,0,0,23748
"Nov 16, 2025","=""293529288726869""",B.Keyword.Video.SB.UPS.PFCSinewave.CP1500PFCLCD.B00429N19W,,250,DAILY_BUDGET,ENABLED,USD,169,4,25.48,0.0,0,0,0,0.0,0,2,2,0,36,12,41
"Oct 29, 2025","=""353873361287335""",B2B - B.Keyword.Store.SB.UPS.StoreSpotlight,,250,DAILY_BUDGET,ENABLED,USD,396,5,21.26,2432.85,7,7,2,389.9,2,14,6,6,0,0,192
"Oct 09, 2025","=""450441693358033""",B2B - B.Keyword.Products.SB.UPS.1500units,,250,DAILY_BUDGET,ENABLED,USD,580,4,20.73,153.64,1,1,0,0.0,0,20,4,5,0,0,99
"Oct 23, 2025","=""353873361287335""",B2B - B.Keyword.Store.SB.UPS.StoreSpotlight,,250,DAILY_BUDGET,ENABLED,USD,312,3,6.98,189.95,1,1,0,0.0,0,11,3,2,0,0,168
"Oct 11, 2025","=""369323377946560""",B2B - N.Keyword.Store.SB.UPS.StoreSpotlight,,250,DAILY_BUDGET,ENABLED,USD,1405,7,81.57,409.95,1,1,1,409.95,1,18,12,2,0,0,543
"Oct 25, 2025","=""293529288726869""",B.Keyword.Video.SB.UPS.PFCSinewave.CP1500PFCLCD.B00429N19W,,250,DAILY_BUDGET,ENABLED,USD,161,3,9.78,0.0,0,0,0,0.0,0,8,2,1,16,2,22
"Sep 20, 2025","=""300358990869228""",B.Keyword.Store.SB.UPS.StoreSpotlight,,250,DAILY_BUDGET,ENABLED,USD,366,4,12.16,712.33,5,5,5,712.33,5,71,7,8,0,0,251
"Nov 19, 2025","=""516203922618177""",N.Keyword.Store.SB.UPS.StoreSpotlight,,250,DAILY_BUDGET,ENABLED,USD,94490,255,867.76,4444.2,30,36,28,4188.3,34,675,343,77,0,0,25271
"Nov 10, 2025","=""353873361287335""",B2B - B.Keyword.Store.SB.UPS.StoreSpotlight,,250,DAILY_BUDGET,ENABLED,USD,443,5,9.82,233.99,1,1,0,0.0,0,8,7,1,0,0,209
"Nov 30, 2025","=""450441693358033""",B2B - B.Keyword.Products.SB.UPS.1500units,,250,DAILY_BUDGET,ENABLED,USD,472,1,1.44,0.0,0,0,0,0.0,0,1,0,0,0,0,41
"Nov 22, 2025","=""335733425531216""",N.Keyword.Video.SB.UPS.PFCSinewave.CP1500PFCLCD.B00429N19W,,250,DAILY_BUDGET,ENABLED,USD,3216,18,47.16,0.0,0,0,0,0.0,0,57,10,0,349,95,567
"Nov 15, 2025","=""288898439745613""",B2B - N.Keyword.Products.SB.UPS.1500units,,250,DAILY_BUDGET,ENABLED,USD,1300,11,82.0,588.85,3,3,3,588.85,3,28,3,5,0,0,480
"Nov 30, 2025","=""501364882562485""",C.Keyword.Video.SB.UPS.IntelligentLCD.CP1500AVRLCD3.B0BCMLLSHL,,250,DAILY_BUDGET,ENABLED,USD,729,2,5.53,0.0,0,0,0,0.0,0,1,1,0,86,15,141
"Nov 20, 2025","=""300358990869228""",B.Keyword.Store.SB.UPS.StoreSpotlight,,250,DAILY_BUDGET,ENABLED,USD,4490,19,82.21,3074.64,14,18,11,2384.76,14,220,38,30,0,0,2595
"Nov 28, 2025","=""517243732232070""",B.RSOV.Products.SB.UPS.1500units,,14507,LIFETIME_BUDGET,ENABLED,USD,2479,54,0.0,2103.6,7,10,6,1993.6,8,181,63,10,0,0,1861
"Nov 09, 2025","=""425328024590643""",C.Keyword.Products.SB.UPS.1500units,,250,DAILY_BUDGET,ENABLED,USD,7823,26,87.03,0.0,0,0,0,0.0,0,37,21,5,0,0,2569
"Oct 10, 2025","=""335733425531216""",N.Keyword.Video.SB.UPS.PFCSinewave.CP1500PFCLCD.B00429N19W,,250,DAILY_BUDGET,ENABLED,USD,6117,33,109.18,0.0,0,0,0,0.0,0,54,42,1,1052,344,1472
"Sep 03, 2025","=""450441693358033""",B2B - B.Keyword.Products.SB.UPS.1500units,,250,DAILY_BUDGET,ENABLED,USD,2078,1,0.67,359.95,1,1,1,359.95,1,1,0,1,0,0,125
"Oct 30, 2025","=""369323377946560""",B2B - N.Keyword.Store.SB.UPS.StoreSpotlight,,250,DAILY_BUDGET,ENABLED,USD,2513,5,48.63,0.0,0,0,0,0.0,0,7,20,1,0,0,939
"Sep 06, 2025","=""335733425531216""",N.Keyword.Video.SB.UPS.PFCSinewave.CP1500PFCLCD.B00429N19W,,250,DAILY_BUDGET,ENABLED,USD,7415,76,255.9,1497.68,8,8,4,699.84,4,122,61,12,1602,575,2109
"Oct 06, 2025","=""353873361287335""",B2B - B.Keyword.Store.SB.UPS.StoreSpotlight,,250,DAILY_BUDGET,ENABLED,USD,395,8,76.78,599.9,2,2,1,189.95,1,10,9,4,0,0,200
"Nov 21, 2025","=""300358990869228""",B.Keyword.Store.SB.UPS.StoreSpotlight,,250,DAILY_BUDGET,ENABLED,USD,1533,6,35.23,1159.74,10,10,6,693.08,6,175,8,25,0,0,890
"Sep 06, 2025","=""349078398145277""",N.SB.Products.SB.UPS.Eco,,250,DAILY_BUDGET,PAUSED,USD,0,0,0.0,0.0,0,0,0,0.0,0,0,0,0,0,0,0
"Sep 13, 2025","=""335733425531216""",N.Keyword.Video.SB.UPS.PFCSinewave.CP1500PFCLCD.B00429N19W,,250,DAILY_BUDGET,ENABLED,USD,4731,48,147.94,1167.69,5,7,3,959.75,5,158,80,9,985,326,1280
"Nov 03, 2025","=""369323377946560""",B2B - N.Keyword.Store.SB.UPS.StoreSpotlight,,250,DAILY_BUDGET,ENABLED,USD,2954,16,208.23,1149.02,6,7,5,909.07,6,22,18,6,0,0,1096
"Sep 16, 2025","=""369323377946560""",B2B - N.Keyword.Store.SB.UPS.StoreSpotlight,,250,DAILY_BUDGET,ENABLED,USD,4978,13,170.75,2730.21,6,11,3,1367.91,5,36,21,5,0,0,2025
"Oct 26, 2025","=""400654489506156""",B.Keyword.Products.SB.UPS.BestSellers,,250,DAILY_BUDGET,PAUSED,USD,0,0,0.0,0.0,0,0,0,0.0,0,0,0,0,0,0,0
"Oct 16, 2025","=""450441693358033""",B2B - B.Keyword.Products.SB.UPS.1500units,,250,DAILY_BUDGET,ENABLED,USD,2370,3,26.37,239.95,1,1,1,239.95,1,10,2,2,0,0,151
"Oct 03, 2025","=""335733425531216""",N.Keyword.Video.SB.UPS.PFCSinewave.CP1500PFCLCD.B00429N19W,,250,DAILY_BUDGET,ENABLED,USD,4630,24,69.75,1843.65,5,6,3,1423.75,4,50,27,9,764,226,1086
"Nov 29, 2025","=""353873361287335""",B2B - B.Keyword.Store.SB.UPS.StoreSpotlight,,250,DAILY_BUDGET,ENABLED,USD,180,1,4.63,0.0,0,0,0,0.0,0,1,2,0,0,0,83
"Nov 20, 2025","=""369323377946560""",B2B - N.Keyword.Store.SB.UPS.StoreSpotlight,,250,DAILY_BUDGET,ENABLED,USD,3159,11,67.04,1438.8,3,9,1,341.9,2,65,12,7,0,0,1211
"Nov 17, 2025","=""490434522578484""",C.Keyword.Video.SB.UPS.PFCSinewave.CP1500PFCLCD.B00429N19W,,250,DAILY_BUDGET,ENABLED,USD,1008,2,14.17,0.0,0,0,0,0.0,0,5,1,0,160,39,207
"Sep 09, 2025","=""300358990869228""",B.Keyword.Store.SB.UPS.StoreSpotlight,,250,DAILY_BUDGET,ENABLED,USD,4008,20,1976.86,684.89,3,3,0,0.0,0,94,43,23,0,0,3259
"Oct 28, 2025","=""438623516658807""",N.Keyword.Video.SB.UPS.IntelligentLCD.CP1500AVRLCD3.B0BCMLLSHL,,250,DAILY_BUDGET,PAUSED,USD,137009,744,5676.84,4889.65,22,27,18,3889.9,22,1156,38,68,13110,1507,25768
"Oct 14, 2025","=""335733425531216""",N.Keyword.Video.SB.UPS.PFCSinewave.CP1500PFCLCD.B00429N19W,,250,DAILY_BUDGET,ENABLED,USD,6009,37,128.63,1052.83,6,6,6,1052.83,6,74,40,8,1016,329,1399
"Nov 01, 2025","=""450441693358033""",B2B - B.Keyword.Products.SB.UPS.1500units,,250,DAILY_BUDGET,ENABLED,USD,354,1,0.36,0.0,0,0,0,0.0,0,0,1,0,0,0,41
"Sep 10, 2025","=""293529288726869""",B.Keyword.Video.SB.UPS.PFCSinewave.CP1500PFCLCD.B00429N19W,,250,DAILY_BUDGET,ENABLED,USD,947,16,419.65,1689.79,4,5,3,1629.84,4,45,19,4,212,59,253
"Nov 28, 2025","=""425328024590643""",C.Keyword.Products.SB.UPS.1500units,,250,DAILY_BUDGET,ENABLED,USD,10158,35,90.05,799.8,4,4,4,799.8,4,105,25,6,0,0,3621
"Oct 08, 2025","=""490434522578484""",C.Keyword.Video.SB.UPS.PFCSinewave.CP1500PFCLCD.B00429N19W,,250,DAILY_BUDGET,ENABLED,USD,1082,9,105.97,419.9,2,2,1,179.95,1,13,7,2,169,37,231
"Nov 29, 2025","=""516203922618177""",N.Keyword.Store.SB.UPS.StoreSpotlight,,250,DAILY_BUDGET,ENABLED,USD,119282,368,1078.3,2813.32,25,28,20,2096.02,22,704,472,62,0,0,31731
"Aug 30, 2025","=""425328024590643""",C.Keyword.Products.SB.UPS.1500units,,250,DAILY_BUDGET,ENABLED,USD,1179,1,0.38,0.0,0,0,0,0.0,0,6,1,0,0,0,321
"Sep 04, 2025","=""452338404496050""",B.SB.Products.SB.UPS.PFC,,250,DAILY_BUDGET,PAUSED,USD,6448,18,155.35,634.85,3,3,3,634.85,3,38,20,3,0,0,2314
"Aug 30, 2025","=""516203922618177""",N.Keyword.Store.SB.UPS.StoreSpotlight,,250,DAILY_BUDGET,ENABLED,USD,1284,11,18.76,235.9,2,2,2,235.9,2,34,12,3,0,0,395
"Nov 05, 2025","=""362619829731385""",B.Keyword.Video.SB.UPS.IntelligentLCD.CP1500AVRLCD3.B0BCMLLSHL,,250,DAILY_BUDGET,ENABLED,USD,3127,30,283.37,199.95,1,1,1,199.95,1,60,15,2,470,95,662
"Oct 24, 2025","=""369323377946560""",B2B - N.Keyword.Store.SB.UPS.StoreSpotlight,,250,DAILY_BUDGET,ENABLED,USD,2163,14,160.19,1326.0,3,4,3,1326.0,4,32,18,5,0,0,886
"Sep 24, 2025","=""300358990869228""",B.Keyword.Store.SB.UPS.StoreSpotlight,,250,DAILY_BUDGET,ENABLED,USD,465,5,9.41,3869.23,14,16,7,1874.69,7,78,9,17,0,0,321
"Sep 10, 2025","=""452338404496050""",B.SB.Products.SB.UPS.PFC,,250,DAILY_BUDGET,PAUSED,USD,0,0,0.0,0.0,0,0,0,0.0,0,0,0,0,0,0,0
"Nov 15, 2025","=""300358990869228""",B.Keyword.Store.SB.UPS.StoreSpotlight,,250,DAILY_BUDGET,ENABLED,USD,3694,29,62.76,897.63,10,11,10,897.63,11,144,47,18,0,0,2065
"Nov 07, 2025","=""300358990869228""",B.Keyword.Store.SB.UPS.StoreSpotlight,,250,DAILY_BUDGET,ENABLED,USD,17355,45,466.05,2743.89,21,23,14,2117.32,16,466,74,52,0,0,10158
"Aug 31, 2025","=""335733425531216""",N.Keyword.Video.SB.UPS.PFCSinewave.CP1500PFCLCD.B00429N19W,,250,DAILY_BUDGET,ENABLED,USD,3467,23,72.62,0.0,0,0,0,0.0,0,31,9,38,517,157,824
"Oct 14, 2025","=""501364882562485""",C.Keyword.Video.SB.UPS.IntelligentLCD.CP1500AVRLCD3.B0BCMLLSHL,,250,DAILY_BUDGET,ENABLED,USD,1387,5,63.05,329.95,1,1,1,329.95,1,5,11,2,246,48,321
"Nov 02, 2025","=""288898439745613""",B2B - N.Keyword.Products.SB.UPS.1500units,,250,DAILY_BUDGET,ENABLED,USD,1365,9,47.23,0.0,0,0,0,0.0,0,20,4,1,0,0,455
"Nov 14, 2025","=""450441693358033""",B2B - B.Keyword.Products.SB.UPS.1500units,,250,DAILY_BUDGET,ENABLED,USD,2039,9,106.41,208.95,1,1,1,208.95,1,35,0,1,0,0,131
"Sep 16, 2025","=""353873361287335""",B2B - B.Keyword.Store.SB.UPS.StoreSpotlight,,250,DAILY_BUDGET,ENABLED,USD,392,7,49.09,3323.68,4,8,0,0.0,0,5,10,2,0,0,202
"Nov 11, 2025","=""438623516658807""",N.Keyword.Video.SB.UPS.IntelligentLCD.CP1500AVRLCD3.B0BCMLLSHL,,250,DAILY_BUDGET,PAUSED,USD,0,0,0.0,0.0,0,0,0,0.0,0,0,0,0,0,0,0
"Aug 31, 2025","=""369323377946560""",B2B - N.Keyword.Store.SB.UPS.StoreSpotlight,,250,DAILY_BUDGET,ENABLED,USD,1480,6,77.48,0.0,0,0,0,0.0,0,7,12,1,0,0,632
"Nov 15, 2025","=""353873361287335""",B2B - B.Keyword.Store.SB.UPS.StoreSpotlight,,250,DAILY_BUDGET,ENABLED,USD,110,0,0.0,0.0,0,0,0,0.0,0,0,0,0,0,0,61
"Oct 30, 2025","=""300358990869228""",B.Keyword.Store.SB.UPS.StoreSpotlight,,250,DAILY_BUDGET,ENABLED,USD,30925,91,1000.18,1900.14,16,16,11,868.35,11,552,118,91,0,0,18187
"Oct 20, 2025","=""327967099369911""",N.Keyword.Products.SB.UPS.1500units,,250,DAILY_BUDGET,PAUSED,USD,291195,416,4358.2,6580.47,26,31,20,5086.87,23,616,262,65,0,0,92477
"Oct 07, 2025","=""400654489506156""",B.Keyword.Products.SB.UPS.BestSellers,,250,DAILY_BUDGET,PAUSED,USD,134320,124,1149.32,1299.65,7,7,5,759.75,5,264,181,17,0,0,46470
"Oct 10, 2025","=""450441693358033""",B2B - B.Keyword.Products.SB.UPS.1500units,,250,DAILY_BUDGET,ENABLED,USD,1178,2,33.27,0.0,0,0,0,0.0,0,4,0,0,0,0,88
"Aug 30, 2025","=""353873361287335""",B2B - B.Keyword.Store.SB.UPS.StoreSpotlight,,250,DAILY_BUDGET,ENABLED,USD,93,1,8.82,0.0,0,0,0,0.0,0,0,1,0,0,0,51
"Oct 05, 2025","=""300358990869228""",B.Keyword.Store.SB.UPS.StoreSpotlight,,250,DAILY_BUDGET,ENABLED,USD,38299,142,2003.84,8568.31,45,53,30,4394.11,37,704,203,77,0,0,24048
"Sep 13, 2025","=""293529288726869""",B.Keyword.Video.SB.UPS.PFCSinewave.CP1500PFCLCD.B00429N19W,,250,DAILY_BUDGET,ENABLED,USD,790,10,244.06,289.9,2,2,2,289.9,2,20,11,2,169,68,221
"Sep 02, 2025","=""300358990869228""",B.Keyword.Store.SB.UPS.StoreSpotlight,,250,DAILY_BUDGET,ENABLED,USD,144,1,1.52,100.99,1,1,1,100.99,1,32,1,1,0,0,97
"Sep 14, 2025","=""300358990869228""",B.Keyword.Store.SB.UPS.StoreSpotlight,,250,DAILY_BUDGET,ENABLED,USD,427,4,10.03,650.73,7,7,6,534.78,6,101,14,13,0,0,280
"Sep 19, 2025","=""300358990869228""",B.Keyword.Store.SB.UPS.StoreSpotlight,,250,DAILY_BUDGET,ENABLED,USD,453,2,7.52,944.66,10,10,6,579.72,6,108,15,13,0,0,310
"Oct 19, 2025","=""450441693358033""",B2B - B.Keyword.Products.SB.UPS.1500units,,250,DAILY_BUDGET,ENABLED,USD,177,2,36.78,208.95,1,1,0,0.0,0,5,0,2,0,0,42
"Oct 21, 2025","=""438623516658807""",N.Keyword.Video.SB.UPS.IntelligentLCD.CP1500AVRLCD3.B0BCMLLSHL,,250,DAILY_BUDGET,PAUSED,USD,125111,697,5629.2,3544.1,18,18,16,2863.2,16,1117,37,52,12290,1547,23087
"Sep 09, 2025","=""349078398145277""",N.SB.Products.SB.UPS.Eco,,250,DAILY_BUDGET,PAUSED,USD,0,0,0.0,0.0,0,0,0,0.0,0,0,0,0,0,0,0
"Nov 09, 2025","=""438623516658807""",N.Keyword.Video.SB.UPS.IntelligentLCD.CP1500AVRLCD3.B0BCMLLSHL,,250,DAILY_BUDGET,PAUSED,USD,0,0,0.0,0.0,0,0,0,0.0,0,0,0,0,0,0,0
"Sep 10, 2025","=""349078398145277""",N.SB.Products.SB.UPS.Eco,,250,DAILY_BUDGET,PAUSED,USD,0,0,0.0,0.0,0,0,0,0.0,0,0,0,0,0,0,0
"Oct 08, 2025","=""300358990869228""",B.Keyword.Store.SB.UPS.StoreSpotlight,,250,DAILY_BUDGET,ENABLED,USD,36545,141,1993.93,7142.32,46,57,34,5682.99,40,792,202,101,0,0,23563
"Sep 22, 2025","=""353873361287335""",B2B - B.Keyword.Store.SB.UPS.StoreSpotlight,,250,DAILY_BUDGET,ENABLED,USD,370,3,30.35,0.0,0,0,0,0.0,0,4,5,0,0,0,192
"Nov 13, 2025","=""353873361287335""",B2B - B.Keyword.Store.SB.UPS.StoreSpotlight,,250,DAILY_BUDGET,ENABLED,USD,389,4,60.87,341.95,1,1,1,341.95,1,15,4,3,0,0,194
"Sep 01, 2025","=""490434522578484""",C.Keyword.Video.SB.UPS.PFCSinewave.CP1500PFCLCD.B00429N19W,,250,DAILY_BUDGET,ENABLED,USD,558,0,0.0,0.0,0,0,0,0.0,0,0,0,0,91,19,122
"Sep 09, 2025","=""456008348744441""",N.SB.Products.SB.UPS.PFC,,250,DAILY_BUDGET,PAUSED,USD,0,0,0.0,0.0,0,0,0,0.0,0,0,0,0,0,0,0
"Nov 19, 2025","=""369323377946560""",B2B - N.Keyword.Store.SB.UPS.StoreSpotlight,,250,DAILY_BUDGET,ENABLED,USD,3513,11,145.59,1053.7,4,6,3,863.75,5,6,13,3,0,0,1134
"Sep 11, 2025","=""293529288726869""",B.Keyword.Video.SB.UPS.PFCSinewave.CP1500PFCLCD.B00429N19W,,250,DAILY_BUDGET,ENABLED,USD,846,10,172.89,185.98,1,2,1,185.98,2,10,5,1,172,54,215
"Oct 11, 2025","=""501364882562485""",C.Keyword.Video.SB.UPS.IntelligentLCD.CP1500AVRLCD3.B0BCMLLSHL,,250,DAILY_BUDGET,ENABLED,USD,1034,6,60.36,0.0,0,0,0,0.0,0,3,2,0,188,40,239
"Sep 26, 2025","=""490434522578484""",C.Keyword.Video.SB.UPS.PFCSinewave.CP1500PFCLCD.B00429N19W,,250,DAILY_BUDGET,ENABLED,USD,884,2,20.64,0.0,0,0,0,0.0,0,0,0,0,72,13,125
"Oct 02, 2025","=""400654489506156""",B.Keyword.Products.SB.UPS.BestSellers,,250,DAILY_BUDGET,PAUSED,USD,61673,76,547.39,1452.69,6,7,5,1052.79,5,122,101,9,0,0,20474
"Oct 13, 2025","=""353873361287335""",B2B - B.Keyword.Store.SB.UPS.StoreSpotlight,,250,DAILY_BUDGET,ENABLED,USD,378,3,2.41,952.84,4,4,2,353.94,2,9,7,3,0,0,182
"Nov 20, 2025","=""353873361287335""",B2B - B.Keyword.Store.SB.UPS.StoreSpotlight,,250,DAILY_BUDGET,ENABLED,USD,432,8,83.97,1050.7,4,6,0,0.0,0,27,9,3,0,0,186
"Aug 31, 2025","=""353873361287335""",B2B - B.Keyword.Store.SB.UPS.StoreSpotlight,,250,DAILY_BUDGET,ENABLED,USD,72,3,9.6,0.0,0,0,0,0.0,0,3,6,0,0,0,41
"Oct 28, 2025","=""300358990869228""",B.Keyword.Store.SB.UPS.StoreSpotlight,,250,DAILY_BUDGET,ENABLED,USD,28872,83,948.33,4628.23,34,48,20,2131.99,24,561,152,70,0,0,17428
"Oct 09, 2025","=""335733425531216""",N.Keyword.Video.SB.UPS.PFCSinewave.CP1500PFCLCD.B00429N19W,,250,DAILY_BUDGET,ENABLED,USD,7512,53,171.04,1175.75,5,5,2,355.9,2,89,68,9,1331,409,1867
"Oct 26, 2025","=""490434522578484""",C.Keyword.Video.SB.UPS.PFCSinewave.CP1500PFCLCD.B00429N19W,,250,DAILY_BUDGET,ENABLED,USD,656,1,1.91,0.0,0,0,0,0.0,0,1,0,0,87,22,117
"Nov 25, 2025","=""362619829731385""",B.Keyword.Video.SB.UPS.IntelligentLCD.CP1500AVRLCD3.B0BCMLLSHL,,250,DAILY_BUDGET,ENABLED,USD,4249,34,295.79,1029.65,6,7,5,869.75,5,123,11,15,535,94,767
"Oct 24, 2025","=""335733425531216""",N.Keyword.Video.SB.UPS.PFCSinewave.CP1500PFCLCD.B00429N19W,,250,DAILY_BUDGET,ENABLED,USD,3410,15,43.48,359.95,1,1,0,0.0,0,25,3,4,314,74,572
"Nov 02, 2025","=""293529288726869""",B.Keyword.Video.SB.UPS.PFCSinewave.CP1500PFCLCD.B00429N19W,,250,DAILY_BUDGET,ENABLED,USD,475,4,43.95,199.95,1,1,1,199.95,1,12,2,2,104,43,144
"Sep 10, 2025","=""335733425531216""",N.Keyword.Video.SB.UPS.PFCSinewave.CP1500PFCLCD.B00429N19W,,250,DAILY_BUDGET,ENABLED,USD,7260,62,208.87,599.85,3,3,2,359.9,2,74,45,3,1538,516,2051
"Oct 26, 2025","=""438623516658807""",N.Keyword.Video.SB.UPS.IntelligentLCD.CP1500AVRLCD3.B0BCMLLSHL,,250,DAILY_BUDGET,PAUSED,USD,100136,784,5704.53,3533.0,15,20,9,1853.5,10,1171,20,60,10294,1112,20364
"Sep 16, 2025","=""367333782614376""",N.SB.Products.SB.UPS.PFCRM,,250,DAILY_BUDGET,PAUSED,USD,0,0,0.0,0.0,0,0,0,0.0,0,0,0,0,0,0,0
"Nov 19, 2025","=""362619829731385""",B.Keyword.Video.SB.UPS.IntelligentLCD.CP1500AVRLCD3.B0BCMLLSHL,,250,DAILY_BUDGET,ENABLED,USD,3443,51,455.36,2459.4,10,12,8,1979.5,10,217,43,19,556,108,784
"Sep 02, 2025","=""288898439745613""",B2B - N.Keyword.Products.SB.UPS.1500units,,250,DAILY_BUDGET,ENABLED,USD,12560,32,258.89,1203.34,6,6,4,938.4,4,60,20,6,0,0,4379
"Oct 25, 2025","=""369323377946560""",B2B - N.Keyword.Store.SB.UPS.StoreSpotlight,,250,DAILY_BUDGET,ENABLED,USD,1086,6,77.35,59.95,1,1,1,59.95,1,7,10,0,0,0,433
"Nov 18, 2025","=""293529288726869""",B.Keyword.Video.SB.UPS.PFCSinewave.CP1500PFCLCD.B00429N19W,,250,DAILY_BUDGET,ENABLED,USD,192,5,51.48,0.0,0,0,0,0.0,0,17,14,2,39,11,55
"Oct 12, 2025","=""288898439745613""",B2B - N.Keyword.Products.SB.UPS.1500units,,250,DAILY_BUDGET,ENABLED,USD,1516,5,57.53,0.0,0,0,0,0.0,0,5,2,0,0,0,458
"Nov 15, 2025","=""425328024590643""",C.Keyword.Products.SB.UPS.1500units,,250,DAILY_BUDGET,ENABLED,USD,6345,23,59.97,239.95,1,1,1,239.95,1,109,15,3,0,0,2202
"Sep 29, 2025","=""490434522578484""",C.Keyword.Video.SB.UPS.PFCSinewave.CP1500PFCLCD.B00429N19W,,250,DAILY_BUDGET,ENABLED,USD,628,0,0.0,0.0,0,0,0,0.0,0,0,0,0,36,6,71
"Oct 29, 2025","=""327967099369911""",N.Keyword.Products.SB.UPS.1500units,,250,DAILY_BUDGET,PAUSED,USD,222789,454,4452.96,9216.75,34,41,28,7843.3,35,775,226,79,0,0,69504
"Sep 02, 2025","=""293529288726869""",B.Keyword.Video.SB.UPS.PFCSinewave.CP1500PFCLCD.B00429N19W,,250,DAILY_BUDGET,ENABLED,USD,681,10,190.74,719.85,3,3,3,719.85,3,10,8,3,127,41,175
"Aug 29, 2025","=""516203922618177""",N.Keyword.Store.SB.UPS.StoreSpotlight,,250,DAILY_BUDGET,ENABLED,USD,845,4,5.36,0.0,0,0,0,0.0,0,15,4,2,0,0,283
"Oct 19, 2025","=""335733425531216""",N.Keyword.Video.SB.UPS.PFCSinewave.CP1500PFCLCD.B00429N19W,,250,DAILY_BUDGET,ENABLED,USD,2248,7,17.18,0.0,0,0,0,0.0,0,9,2,0,246,86,397
"Oct 17, 2025","=""516203922618177""",N.Keyword.Store.SB.UPS.StoreSpotlight,,250,DAILY_BUDGET,ENABLED,USD,516686,274,1464.36,0.0,0,0,0,0.0,0,63,322,3,0,0,167687
"Sep 12, 2025","=""367333782614376""",N.SB.Products.SB.UPS.PFCRM,,250,DAILY_BUDGET,PAUSED,USD,0,0,0.0,0.0,0,0,0,0.0,0,0,0,0,0,0,0
"Nov 26, 2025","=""369323377946560""",B2B - N.Keyword.Store.SB.UPS.StoreSpotlight,,250,DAILY_BUDGET,ENABLED,USD,2274,3,15.07,148.1,1,2,1,148.1,2,0,3,1,0,0,858
"Sep 25, 2025","=""450441693358033""",B2B - B.Keyword.Products.SB.UPS.1500units,,250,DAILY_BUDGET,ENABLED,USD,2261,4,52.2,479.9,2,2,0,0.0,0,8,4,1,0,0,113
"Nov 06, 2025","=""288898439745613""",B2B - N.Keyword.Products.SB.UPS.1500units,,250,DAILY_BUDGET,ENABLED,USD,4066,10,84.03,0.0,0,0,0,0.0,0,22,3,2,0,0,1129
"Sep 17, 2025","=""300358990869228""",B.Keyword.Store.SB.UPS.StoreSpotlight,,250,DAILY_BUDGET,ENABLED,USD,439,3,11.61,976.29,6,7,4,673.85,5,82,7,9,0,0,335
"Sep 21, 2025","=""369323377946560""",B2B - N.Keyword.Store.SB.UPS.StoreSpotlight,,250,DAILY_BUDGET,ENABLED,USD,1370,7,98.25,0.0,0,0,0,0.0,0,7,8,0,0,0,621
"Oct 29, 2025","=""300358990869228""",B.Keyword.Store.SB.UPS.StoreSpotlight,,250,DAILY_BUDGET,ENABLED,USD,24234,86,788.53,3371.15,16,23,11,2151.63,11,490,119,41,0,0,14410
"Nov 17, 2025","=""300358990869228""",B.Keyword.Store.SB.UPS.StoreSpotlight,,250,DAILY_BUDGET,ENABLED,USD,3531,24,66.49,3316.14,15,18,8,1825.49,11,254,41,41,0,0,2073
"Sep 17, 2025","=""452338404496050""",B.SB.Products.SB.UPS.PFC,,250,DAILY_BUDGET,PAUSED,USD,0,0,0.0,0.0,0,0,0,0.0,0,0,0,0,0,0,0
"Nov 11, 2025","=""300358990869228""",B.Keyword.Store.SB.UPS.StoreSpotlight,,250,DAILY_BUDGET,ENABLED,USD,9452,34,213.31,3920.0,21,25,14,2333.27,18,661,61,57,0,0,5536
"Oct 06, 2025","=""293529288726869""",B.Keyword.Video.SB.UPS.PFCSinewave.CP1500PFCLCD.B00429N19W,,250,DAILY_BUDGET,ENABLED,USD,1160,14,183.04,2714.75,5,5,4,2474.8,4,32,11,7,189,57,260
"Oct 01, 2025","=""335733425531216""",N.Keyword.Video.SB.UPS.PFCSinewave.CP1500PFCLCD.B00429N19W,,250,DAILY_BUDGET,ENABLED,USD,6721,47,124.77,1950.7,6,6,4,1350.8,4,125,59,8,1237,393,1683
"Nov 21, 2025","=""501364882562485""",C.Keyword.Video.SB.UPS.IntelligentLCD.CP1500AVRLCD3.B0BCMLLSHL,,250,DAILY_BUDGET,ENABLED,USD,713,2,4.17,0.0,0,0,0,0.0,0,4,0,0,109,16,147
"Oct 29, 2025","=""516203922618177""",N.Keyword.Store.SB.UPS.StoreSpotlight,,250,DAILY_BUDGET,ENABLED,USD,75381,200,1025.46,2242.1,17,17,16,2122.15,16,282,279,32,0,0,24755
"Sep 23, 2025","=""335733425531216""",N.Keyword.Video.SB.UPS.PFCSinewave.CP1500PFCLCD.B00429N19W,,250,DAILY_BUDGET,ENABLED,USD,8951,107,395.6,1179.7,6,6,6,1179.7,6,214,72,13,2086,700,2729
"Oct 02, 2025","=""293529288726869""",B.Keyword.Video.SB.UPS.PFCSinewave.CP1500PFCLCD.B00429N19W,,250,DAILY_BUDGET,ENABLED,USD,970,20,237.37,1099.8,4,4,4,1099.8,4,113,13,7,212,79,249
"Oct 24, 2025","=""425328024590643""",C.Keyword.Products.SB.UPS.1500units,,250,DAILY_BUDGET,ENABLED,USD,3173,3,15.41,0.0,0,0,0,0.0,0,6,4,0,0,0,928
"Sep 22, 2025","=""490434522578484""",C.Keyword.Video.SB.UPS.PFCSinewave.CP1500PFCLCD.B00429N19W,,250,DAILY_BUDGET,ENABLED,USD,935,1,11.03,0.0,0,0,0,0.0,0,0,0,0,123,34,180
"Sep 27, 2025","=""450441693358033""",B2B - B.Keyword.Products.SB.UPS.1500units,,250,DAILY_BUDGET,ENABLED,USD,234,1,7.86,0.0,0,0,0,0.0,0,1,0,0,0,0,17
"Oct 06, 2025","=""400654489506156""",B.Keyword.Products.SB.UPS.BestSellers,,250,DAILY_BUDGET,PAUSED,USD,73657,70,506.31,499.85,2,3,2,499.85,3,122,108,8,0,0,24045
"Oct 09, 2025","=""501364882562485""",C.Keyword.Video.SB.UPS.IntelligentLCD.CP1500AVRLCD3.B0BCMLLSHL,,250,DAILY_BUDGET,ENABLED,USD,1490,7,93.59,0.0,0,0,0,0.0,0,5,3,0,296,65,374
"Sep 16, 2025","=""288898439745613""",B2B - N.Keyword.Products.SB.UPS.1500units,,250,DAILY_BUDGET,ENABLED,USD,10534,22,226.02,1439.8,3,4,2,1079.85,3,37,14,3,0,0,3293
"Sep 14, 2025","=""490434522578484""",C.Keyword.Video.SB.UPS.PFCSinewave.CP1500PFCLCD.B00429N19W,,250,DAILY_BUDGET,ENABLED,USD,546,1,20.09,0.0,0,0,0,0.0,0,0,1,0,69,26,99
"Oct 05, 2025","=""400654489506156""",B.Keyword.Products.SB.UPS.BestSellers,,250,DAILY_BUDGET,PAUSED,USD,51386,59,510.69,542.87,4,5,4,542.87,5,176,99,5,0,0,16975
"Sep 22, 2025","=""288898439745613""",B2B - N.Keyword.Products.SB.UPS.1500units,,250,DAILY_BUDGET,ENABLED,USD,4419,13,62.85,59.95,1,1,0,0.0,0,22,9,4,0,0,1253
"Nov 08, 2025","=""425328024590643""",C.Keyword.Products.SB.UPS.1500units,,250,DAILY_BUDGET,ENABLED,USD,6822,14,35.12,1059.8,3,4,2,819.85,3,56,6,8,0,0,1932
"Nov 26, 2025","=""335733425531216""",N.Keyword.Video.SB.UPS.PFCSinewave.CP1500PFCLCD.B00429N19W,,250,DAILY_BUDGET,ENABLED,USD,5289,51,146.43,2155.55,8,9,6,1455.7,6,93,21,15,709,209,1084
"Nov 01, 2025","=""353873361287335""",B2B - B.Keyword.Store.SB.UPS.StoreSpotlight,,250,DAILY_BUDGET,ENABLED,USD,129,4,47.15,1565.9,2,13,1,900.0,12,11,6,3,0,0,65
"Sep 08, 2025","=""501364882562485""",C.Keyword.Video.SB.UPS.IntelligentLCD.CP1500AVRLCD3.B0BCMLLSHL,,250,DAILY_BUDGET,ENABLED,USD,2151,5,64.61,0.0,0,0,0,0.0,0,3,6,0,475,78,607
"Nov 08, 2025","=""327967099369911""",N.Keyword.Products.SB.UPS.1500units,,250,DAILY_BUDGET,PAUSED,USD,0,0,0.0,0.0,0,0,0,0.0,0,0,0,0,0,0,0
"Sep 09, 2025","=""501364882562485""",C.Keyword.Video.SB.UPS.IntelligentLCD.CP1500AVRLCD3.B0BCMLLSHL,,250,DAILY_BUDGET,ENABLED,USD,2215,7,84.88,399.9,2,2,2,399.9,2,6,9,2,496,84,621
"Nov 04, 2025","=""501364882562485""",C.Keyword.Video.SB.UPS.IntelligentLCD.CP1500AVRLCD3.B0BCMLLSHL,,250,DAILY_BUDGET,ENABLED,USD,631,1,3.83,0.0,0,0,0,0.0,0,0,1,0,87,16,132
"Oct 09, 2025","=""369323377946560""",B2B - N.Keyword.Store.SB.UPS.StoreSpotlight,,250,DAILY_BUDGET,ENABLED,USD,4024,11,113.9,689.34,4,4,1,62.49,1,13,12,5,0,0,1535
"Nov 08, 2025","=""501364882562485""",C.Keyword.Video.SB.UPS.IntelligentLCD.CP1500AVRLCD3.B0BCMLLSHL,,250,DAILY_BUDGET,ENABLED,USD,640,1,3.49,0.0,0,0,0,0.0,0,1,0,0,70,12,99
"Sep 13, 2025","=""367333782614376""",N.SB.Products.SB.UPS.PFCRM,,250,DAILY_BUDGET,PAUSED,USD,0,0,0.0,0.0,0,0,0,0.0,0,0,0,0,0,0,0
"Nov 06, 2025","=""425328024590643""",C.Keyword.Products.SB.UPS.1500units,,250,DAILY_BUDGET,ENABLED,USD,7313,14,29.72,89.99,1,1,1,89.99,1,24,10,2,0,0,2092
"Oct 18, 2025","=""438623516658807""",N.Keyword.Video.SB.UPS.IntelligentLCD.CP1500AVRLCD3.B0BCMLLSHL,,250,DAILY_BUDGET,PAUSED,USD,108839,621,4826.43,2579.4,12,12,10,2099.5,10,903,23,47,10701,1508,19995
"Oct 03, 2025","=""490434522578484""",C.Keyword.Video.SB.UPS.PFCSinewave.CP1500PFCLCD.B00429N19W,,250,DAILY_BUDGET,ENABLED,USD,346,0,0.0,0.0,0,0,0,0.0,0,0,0,0,24,7,38
"Nov 17, 2025","=""438623516658807""",N.Keyword.Video.SB.UPS.IntelligentLCD.CP1500AVRLCD3.B0BCMLLSHL,,250,DAILY_BUDGET,PAUSED,USD,0,0,0.0,0.0,0,0,0,0.0,0,0,0,0,0,0,0
"Oct 24, 2025","=""450441693358033""",B2B - B.Keyword.Products.SB.UPS.1500units,,250,DAILY_BUDGET,ENABLED,USD,1529,3,74.65,0.0,0,0,0,0.0,0,14,0,0,0,0,109
"Oct 17, 2025","=""362619829731385""",B.Keyword.Video.SB.UPS.IntelligentLCD.CP1500AVRLCD3.B0BCMLLSHL,,250,DAILY_BUDGET,ENABLED,USD,2059,17,151.46,399.9,1,2,0,0.0,0,42,6,3,316,77,447
"Nov 18, 2025","=""501364882562485""",C.Keyword.Video.SB.UPS.IntelligentLCD.CP1500AVRLCD3.B0BCMLLSHL,,250,DAILY_BUDGET,ENABLED,USD,832,1,5.46,0.0,0,0,0,0.0,0,2,0,0,103,16,169
"Nov 25, 2025","=""517243732232070""",B.RSOV.Products.SB.UPS.1500units,,14507,LIFETIME_BUDGET,ENABLED,USD,1611,43,0.0,2163.54,12,14,8,1553.65,10,203,38,25,0,0,1225
"Nov 04, 2025","=""438623516658807""",N.Keyword.Video.SB.UPS.IntelligentLCD.CP1500AVRLCD3.B0BCMLLSHL,,250,DAILY_BUDGET,PAUSED,USD,135609,737,4481.05,6254.0,26,40,19,4644.75,25,1143,25,80,12354,1148,25150
"Aug 30, 2025","=""288898439745613""",B2B - N.Keyword.Products.SB.UPS.1500units,,250,DAILY_BUDGET,ENABLED,USD,6206,20,291.04,59.95,1,1,1,59.95,1,26,11,2,0,0,2457
"Oct 02, 2025","=""300358990869228""",B.Keyword.Store.SB.UPS.StoreSpotlight,,250,DAILY_BUDGET,ENABLED,USD,28886,107,1991.18,9626.25,39,49,27,6561.8,31,646,147,75,0,0,19276
"Aug 29, 2025","=""353873361287335""",B2B - B.Keyword.Store.SB.UPS.StoreSpotlight,,250,DAILY_BUDGET,ENABLED,USD,216,4,28.09,199.95,1,1,0,0.0,0,2,6,1,0,0,117
"Sep 15, 2025","=""450441693358033""",B2B - B.Keyword.Products.SB.UPS.1500units,,250,DAILY_BUDGET,ENABLED,USD,1336,3,16.98,124.98,1,2,0,0.0,0,20,1,6,0,0,89
"Oct 07, 2025","=""490434522578484""",C.Keyword.Video.SB.UPS.PFCSinewave.CP1500PFCLCD.B00429N19W,,250,DAILY_BUDGET,ENABLED,USD,1298,2,37.0,0.0,0,0,0,0.0,0,1,1,0,174,42,250
"Oct 19, 2025","=""353873361287335""",B2B - B.Keyword.Store.SB.UPS.StoreSpotlight,,250,DAILY_BUDGET,ENABLED,USD,112,0,0.0,0.0,0,0,0,0.0,0,0,0,0,0,0,60
"Sep 01, 2025","=""369323377946560""",B2B - N.Keyword.Store.SB.UPS.StoreSpotlight,,250,DAILY_BUDGET,ENABLED,USD,2324,7,148.41,239.95,1,1,1,239.95,1,6,8,2,0,0,961
"Nov 17, 2025","=""293529288726869""",B.Keyword.Video.SB.UPS.PFCSinewave.CP1500PFCLCD.B00429N19W,,250,DAILY_BUDGET,ENABLED,USD,235,5,33.65,359.95,1,1,0,0.0,0,36,6,2,46,17,69
"Sep 13, 2025","=""450441693358033""",B2B - B.Keyword.Products.SB.UPS.1500units,,250,DAILY_BUDGET,ENABLED,USD,293,2,61.48,579.9,2,2,0,0.0,0,7,0,2,0,0,28
"Aug 30, 2025","=""327967099369911""",N.Keyword.Products.SB.UPS.1500units,,250,DAILY_BUDGET,PAUSED,USD,1121,1,1.36,0.0,0,0,0,0.0,0,1,2,0,0,0,204
"Sep 30, 2025","=""369323377946560""",B2B - N.Keyword.Store.SB.UPS.StoreSpotlight,,250,DAILY_BUDGET,ENABLED,USD,4389,15,187.09,1529.85,2,3,1,339.95,1,14,24,3,0,0,1685
"Sep 21, 2025","=""300358990869228""",B.Keyword.Store.SB.UPS.StoreSpotlight,,250,DAILY_BUDGET,ENABLED,USD,395,9,8.57,2288.91,10,13,7,1610.6,8,107,18,22,0,0,278
"Sep 12, 2025","=""400654489506156""",B.Keyword.Products.SB.UPS.BestSellers,,250,DAILY_BUDGET,PAUSED,USD,70299,76,829.23,1975.98,11,11,9,1536.08,9,121,120,16,0,0,20100
"Oct 06, 2025","=""490434522578484""",C.Keyword.Video.SB.UPS.PFCSinewave.CP1500PFCLCD.B00429N19W,,250,DAILY_BUDGET,ENABLED,USD,571,1,11.85,0.0,0,0,0,0.0,0,1,0,0,65,21,94
"Aug 29, 2025","=""425328024590643""",C.Keyword.Products.SB.UPS.1500units,,250,DAILY_BUDGET,ENABLED,USD,1474,0,0.0,0.0,0,0,0,0.0,0,0,0,0,0,0,396
"Sep 24, 2025","=""450441693358033""",B2B - B.Keyword.Products.SB.UPS.1500units,,250,DAILY_BUDGET,ENABLED,USD,2086,1,49.0,0.0,0,0,0,0.0,0,3,0,0,0,0,129
"Sep 22, 2025","=""300358990869228""",B.Keyword.Store.SB.UPS.StoreSpotlight,,250,DAILY_BUDGET,ENABLED,USD,520,11,14.17,2970.29,13,13,10,2290.44,10,122,23,20,0,0,368
"Oct 23, 2025","=""501364882562485""",C.Keyword.Video.SB.UPS.IntelligentLCD.CP1500AVRLCD3.B0BCMLLSHL,,250,DAILY_BUDGET,ENABLED,USD,1008,6,62.47,0.0,0,0,0,0.0,0,11,1,0,170,34,240
"Sep 02, 2025","=""400654489506156""",B.Keyword.Products.SB.UPS.BestSellers,,250,DAILY_BUDGET,PAUSED,USD,62027,51,457.94,447.85,3,3,3,447.85,3,102,96,7,0,0,18902
"Oct 13, 2025","=""288898439745613""",B2B - N.Keyword.Products.SB.UPS.1500units,,250,DAILY_BUDGET,ENABLED,USD,4627,21,179.54,2467.55,5,7,4,1059.75,5,72,7,7,0,0,1291
"Sep 24, 2025","=""369323377946560""",B2B - N.Keyword.Store.SB.UPS.StoreSpotlight,,250,DAILY_BUDGET,ENABLED,USD,4416,19,304.73,329.95,1,1,1,329.95,1,4,24,2,0,0,1813
"Sep 08, 2025","=""293529288726869""",B.Keyword.Video.SB.UPS.PFCSinewave.CP1500PFCLCD.B00429N19W,,250,DAILY_BUDGET,ENABLED,USD,1073,11,145.32,0.0,0,0,0,0.0,0,24,5,0,233,94,295
"Sep 25, 2025","=""501364882562485""",C.Keyword.Video.SB.UPS.IntelligentLCD.CP1500AVRLCD3.B0BCMLLSHL,,250,DAILY_BUDGET,ENABLED,USD,1858,6,104.62,199.95,1,1,1,199.95,1,2,9,2,406,87,502
"Nov 15, 2025","=""335733425531216""",N.Keyword.Video.SB.UPS.PFCSinewave.CP1500PFCLCD.B00429N19W,,250,DAILY_BUDGET,ENABLED,USD,3471,23,66.08,239.95,1,1,1,239.95,1,74,7,4,444,120,668
"Sep 05, 2025","=""452338404496050""",B.SB.Products.SB.UPS.PFC,,250,DAILY_BUDGET,PAUSED,USD,477,0,0.0,0.0,0,0,0,0.0,0,0,0,0,0,0,124
"Oct 05, 2025","=""335733425531216""",N.Keyword.Video.SB.UPS.PFCSinewave.CP1500PFCLCD.B00429N19W,,250,DAILY_BUDGET,ENABLED,USD,3901,35,101.4,697.89,3,3,2,337.94,2,103,26,8,554,189,856
"Aug 31, 2025","=""349078398145277""",N.SB.Products.SB.UPS.Eco,,250,DAILY_BUDGET,PAUSED,USD,23675,119,259.29,119.95,1,1,1,119.95,1,135,94,8,0,0,6211
"Nov 03, 2025","=""425328024590643""",C.Keyword.Products.SB.UPS.1500units,,250,DAILY_BUDGET,ENABLED,USD,9798,12,31.56,289.95,1,1,0,0.0,0,27,14,1,0,0,2355
"Nov 12, 2025","=""335733425531216""",N.Keyword.Video.SB.UPS.PFCSinewave.CP1500PFCLCD.B00429N19W,,250,DAILY_BUDGET,ENABLED,USD,4529,26,71.8,699.85,3,3,3,699.85,3,173,17,9,511,133,854
"Nov 24, 2025","=""293529288726869""",B.Keyword.Video.SB.UPS.PFCSinewave.CP1500PFCLCD.B00429N19W,,250,DAILY_BUDGET,ENABLED,USD,64,0,0.0,0.0,0,0,0,0.0,0,0,0,0,6,0,8
"Oct 20, 2025","=""450441693358033""",B2B - B.Keyword.Products.SB.UPS.1500units,,250,DAILY_BUDGET,ENABLED,USD,648,1,3.4,113.95,1,1,1,113.95,1,17,8,5,0,0,58
"Sep 15, 2025","=""349078398145277""",N.SB.Products.SB.UPS.Eco,,250,DAILY_BUDGET,PAUSED,USD,0,0,0.0,0.0,0,0,0,0.0,0,0,0,0,0,0,0
"Nov 23, 2025","=""501364882562485""",C.Keyword.Video.SB.UPS.IntelligentLCD.CP1500AVRLCD3.B0BCMLLSHL,,250,DAILY_BUDGET,ENABLED,USD,601,3,14.9,0.0,0,0,0,0.0,0,4,2,1,61,14,109
"Nov 02, 2025","=""300358990869228""",B.Keyword.Store.SB.UPS.StoreSpotlight,,250,DAILY_BUDGET,ENABLED,USD,25578,58,658.23,2811.5,14,19,10,1833.92,15,510,88,42,0,0,14880
"Oct 23, 2025","=""327967099369911""",N.Keyword.Products.SB.UPS.1500units,,250,DAILY_BUDGET,PAUSED,USD,265361,434,4379.19,9401.24,32,41,19,5664.89,23,736,240,53,0,0,82683
"Oct 15, 2025","=""369323377946560""",B2B - N.Keyword.Store.SB.UPS.StoreSpotlight,,250,DAILY_BUDGET,ENABLED,USD,3893,13,167.55,429.9,2,2,2,429.9,2,17,21,2,0,0,1117
"Oct 25, 2025","=""400654489506156""",B.Keyword.Products.SB.UPS.BestSellers,,250,DAILY_BUDGET,PAUSED,USD,0,0,0.0,0.0,0,0,0,0.0,0,0,0,0,0,0,0
"Nov 23, 2025","=""516203922618177""",N.Keyword.Store.SB.UPS.StoreSpotlight,,250,DAILY_BUDGET,ENABLED,USD,110620,288,941.39,3042.86,24,24,21,2693.01,21,640,420,54,0,0,29013
"Oct 26, 2025","=""369323377946560""",B2B - N.Keyword.Store.SB.UPS.StoreSpotlight,,250,DAILY_BUDGET,ENABLED,USD,1121,5,80.4,398.9,2,2,2,398.9,2,8,5,2,0,0,471
"Sep 18, 2025","=""300358990869228""",B.Keyword.Store.SB.UPS.StoreSpotlight,,250,DAILY_BUDGET,ENABLED,USD,517,6,12.42,2008.06,9,9,6,881.21,6,122,21,20,0,0,371
"Nov 18, 2025","=""288898439745613""",B2B - N.Keyword.Products.SB.UPS.1500units,,250,DAILY_BUDGET,ENABLED,USD,3984,26,139.11,2071.6,6,7,1,189.95,1,65,4,10,0,0,1274
"Oct 10, 2025","=""353873361287335""",B2B - B.Keyword.Store.SB.UPS.StoreSpotlight,,250,DAILY_BUDGET,ENABLED,USD,310,1,7.89,0.0,0,0,0,0.0,0,0,1,0,0,0,155
"Nov 08, 2025","=""293529288726869""",B.Keyword.Video.SB.UPS.PFCSinewave.CP1500PFCLCD.B00429N19W,,250,DAILY_BUDGET,ENABLED,USD,220,1,15.6,0.0,0,0,0,0.0,0,3,1,0,53,19,70
"Sep 04, 2025","=""450441693358033""",B2B - B.Keyword.Products.SB.UPS.1500units,,250,DAILY_BUDGET,ENABLED,USD,2397,3,40.06,309.95,1,1,1,309.95,1,16,2,2,0,0,110
"Oct 29, 2025","=""369323377946560""",B2B - N.Keyword.Store.SB.UPS.StoreSpotlight,,250,DAILY_BUDGET,ENABLED,USD,2539,12,158.67,2509.55,3,7,1,341.95,1,11,14,3,0,0,985
"Nov 27, 2025","=""425328024590643""",C.Keyword.Products.SB.UPS.1500units,,250,DAILY_BUDGET,ENABLED,USD,7499,30,85.41,219.95,1,1,1,219.95,1,68,11,6,0,0,2859
"Sep 03, 2025","=""367333782614376""",N.SB.Products.SB.UPS.PFCRM,,250,DAILY_BUDGET,PAUSED,USD,40752,126,319.9,2443.37,8,13,7,1857.17,7,222,107,11,0,0,8515
"Sep 03, 2025","=""456008348744441""",N.SB.Products.SB.UPS.PFC,,250,DAILY_BUDGET,PAUSED,USD,50472,55,176.67,0.0,0,0,0,0.0,0,30,52,0,0,0,15296
"Sep 23, 2025","=""450441693358033""",B2B - B.Keyword.Products.SB.UPS.1500units,,250,DAILY_BUDGET,ENABLED,USD,1923,6,150.14,1101.63,5,5,1,269.95,1,31,13,9,0,0,150
"Nov 04, 2025","=""335733425531216""",N.Keyword.Video.SB.UPS.PFCSinewave.CP1500PFCLCD.B00429N19W,,250,DAILY_BUDGET,ENABLED,USD,2924,14,29.39,239.95,1,1,1,239.95,1,33,10,1,317,93,503
"Oct 24, 2025","=""327967099369911""",N.Keyword.Products.SB.UPS.1500units,,250,DAILY_BUDGET,PAUSED,USD,219539,417,4343.26,6672.15,32,37,30,6352.25,35,689,301,57,0,0,68965
"Sep 04, 2025","=""300358990869228""",B.Keyword.Store.SB.UPS.StoreSpotlight,,250,DAILY_BUDGET,ENABLED,USD,4110,15,1936.06,1613.94,3,6,2,1493.99,5,81,21,56,0,0,3371
"Sep 06, 2025","=""300358990869228""",B.Keyword.Store.SB.UPS.StoreSpotlight,,250,DAILY_BUDGET,ENABLED,USD,6620,25,3432.67,112.42,3,4,2,95.93,3,140,45,18,0,0,5459
"Oct 23, 2025","=""400654489506156""",B.Keyword.Products.SB.UPS.BestSellers,,250,DAILY_BUDGET,PAUSED,USD,0,0,0.0,0.0,0,0,0,0.0,0,0,0,0,0,0,0
"Nov 04, 2025","=""293529288726869""",B.Keyword.Video.SB.UPS.PFCSinewave.CP1500PFCLCD.B00429N19W,,250,DAILY_BUDGET,ENABLED,USD,333,2,25.34,0.0,0,0,0,0.0,0,5,0,0,73,20,103
"Sep 25, 2025","=""335733425531216""",N.Keyword.Video.SB.UPS.PFCSinewave.CP1500PFCLCD.B00429N19W,,250,DAILY_BUDGET,ENABLED,USD,6782,63,230.31,534.8,4,4,3,474.85,3,102,59,6,1280,417,1834
"Oct 24, 2025","=""438623516658807""",N.Keyword.Video.SB.UPS.IntelligentLCD.CP1500AVRLCD3.B0BCMLLSHL,,250,DAILY_BUDGET,PAUSED,USD,108555,691,5109.38,4542.9,22,23,18,3923.05,19,1044,21,99,10136,1130,20188
"Oct 29, 2025","=""293529288726869""",B.Keyword.Video.SB.UPS.PFCSinewave.CP1500PFCLCD.B00429N19W,,250,DAILY_BUDGET,ENABLED,USD,191,0,0.0,0.0,0,0,0,0.0,0,0,0,0,17,4,32
"Nov 16, 2025","=""438623516658807""",N.Keyword.Video.SB.UPS.IntelligentLCD.CP1500AVRLCD3.B0BCMLLSHL,,250,DAILY_BUDGET,PAUSED,USD,0,0,0.0,0.0,0,0,0,0.0,0,0,0,0,0,0,0
"Oct 06, 2025","=""335733425531216""",N.Keyword.Video.SB.UPS.PFCSinewave.CP1500PFCLCD.B00429N19W,,250,DAILY_BUDGET,ENABLED,USD,6062,51,154.88,1329.75,5,5,3,889.85,3,112,26,8,945,294,1377
"Oct 22, 2025","=""353873361287335""",B2B - B.Keyword.Store.SB.UPS.StoreSpotlight,,250,DAILY_BUDGET,ENABLED,USD,331,3,36.63,524.85,3,3,3,524.85,3,10,6,1,0,0,172
"Sep 10, 2025","=""400654489506156""",B.Keyword.Products.SB.UPS.BestSellers,,250,DAILY_BUDGET,PAUSED,USD,73866,78,862.26,359.9,2,2,2,359.9,2,86,152,7,0,0,21670
"Oct 01, 2025","=""353873361287335""",B2B - B.Keyword.Store.SB.UPS.StoreSpotlight,,250,DAILY_BUDGET,ENABLED,USD,411,7,103.08,2901.05,10,12,3,939.8,4,4,11,9,0,0,203
"Nov 01, 2025","=""425328024590643""",C.Keyword.Products.SB.UPS.1500units,,250,DAILY_BUDGET,ENABLED,USD,6485,11,37.6,239.9,1,2,0,0.0,0,68,17,7,0,0,1634
"Nov 26, 2025","=""490434522578484""",C.Keyword.Video.SB.UPS.PFCSinewave.CP1500PFCLCD.B00429N19W,,250,DAILY_BUDGET,ENABLED,USD,578,2,8.54,0.0,0,0,0,0.0,0,2,0,0,78,18,114
"Sep 01, 2025","=""353873361287335""",B2B - B.Keyword.Store.SB.UPS.StoreSpotlight,,250,DAILY_BUDGET,ENABLED,USD,91,2,0.4,92.06,1,1,0,0.0,0,0,5,0,0,0,50
"Sep 14, 2025","=""293529288726869""",B.Keyword.Video.SB.UPS.PFCSinewave.CP1500PFCLCD.B00429N19W,,250,DAILY_BUDGET,ENABLED,USD,744,8,150.13,757.89,2,3,0,0.0,0,23,4,4,148,47,193
"Nov 20, 2025","=""425328024590643""",C.Keyword.Products.SB.UPS.1500units,,250,DAILY_BUDGET,ENABLED,USD,9664,27,97.1,1089.7,5,6,5,1089.7,6,68,31,7,0,0,3051
"Oct 16, 2025","=""362619829731385""",B.Keyword.Video.SB.UPS.IntelligentLCD.CP1500AVRLCD3.B0BCMLLSHL,,250,DAILY_BUDGET,ENABLED,USD,1956,16,79.7,2479.35,2,13,1,199.95,1,40,5,3,245,38,389
"Oct 13, 2025","=""490434522578484""",C.Keyword.Video.SB.UPS.PFCSinewave.CP1500PFCLCD.B00429N19W,,250,DAILY_BUDGET,ENABLED,USD,898,1,15.69,0.0,0,0,0,0.0,0,4,0,0,110,30,167
"Oct 20, 2025","=""362619829731385""",B.Keyword.Video.SB.UPS.IntelligentLCD.CP1500AVRLCD3.B0BCMLLSHL,,250,DAILY_BUDGET,ENABLED,USD,1710,21,226.27,385.91,2,2,1,185.96,1,54,7,6,268,51,392
"Nov 17, 2025","=""369323377946560""",B2B - N.Keyword.Store.SB.UPS.StoreSpotlight,,250,DAILY_BUDGET,ENABLED,USD,3184,16,122.73,1200.24,5,6,2,453.85,3,29,19,11,0,0,1237
"Nov 06, 2025","=""450441693358033""",B2B - B.Keyword.Products.SB.UPS.1500units,,250,DAILY_BUDGET,ENABLED,USD,3282,2,8.47,0.0,0,0,0,0.0,0,22,5,3,0,0,118
"Sep 17, 2025","=""490434522578484""",C.Keyword.Video.SB.UPS.PFCSinewave.CP1500PFCLCD.B00429N19W,,250,DAILY_BUDGET,ENABLED,USD,858,2,37.84,0.0,0,0,0,0.0,0,1,1,0,140,41,190
"Oct 16, 2025","=""335733425531216""",N.Keyword.Video.SB.UPS.PFCSinewave.CP1500PFCLCD.B00429N19W,,250,DAILY_BUDGET,ENABLED,USD,2924,20,59.57,851.75,4,5,0,0.0,0,38,15,3,463,135,662
"Aug 31, 2025","=""293529288726869""",B.Keyword.Video.SB.UPS.PFCSinewave.CP1500PFCLCD.B00429N19W,,250,DAILY_BUDGET,ENABLED,USD,640,9,111.06,0.0,0,0,0,0.0,0,32,3,1,100,34,145
"Oct 26, 2025","=""516203922618177""",N.Keyword.Store.SB.UPS.StoreSpotlight,,250,DAILY_BUDGET,ENABLED,USD,96804,241,1253.95,3483.97,22,23,20,3124.07,21,376,304,44,0,0,34134
"Nov 26, 2025","=""517243732232070""",B.RSOV.Products.SB.UPS.1500units,,14507,LIFETIME_BUDGET,ENABLED,USD,1757,34,0.0,658.8,3,4,1,179.95,1,108,48,6,0,0,1337
"Oct 06, 2025","=""369323377946560""",B2B - N.Keyword.Store.SB.UPS.StoreSpotlight,,250,DAILY_BUDGET,ENABLED,USD,4265,19,329.97,1572.75,4,5,3,852.85,3,11,22,5,0,0,1657
"Aug 30, 2025","=""300358990869228""",B.Keyword.Store.SB.UPS.StoreSpotlight,,250,DAILY_BUDGET,ENABLED,USD,91,0,0.67,26.69,1,1,1,26.69,1,7,0,0,0,0,62
"Oct 25, 2025","=""288898439745613""",B2B - N.Keyword.Products.SB.UPS.1500units,,250,DAILY_BUDGET,ENABLED,USD,958,5,58.16,189.95,1,1,1,189.95,1,13,2,1,0,0,327
"Sep 28, 2025","=""353873361287335""",B2B - B.Keyword.Store.SB.UPS.StoreSpotlight,,250,DAILY_BUDGET,ENABLED,USD,140,1,4.75,1079.85,1,3,1,1079.85,3,2,1,1,0,0,72
"Nov 16, 2025","=""490434522578484""",C.Keyword.Video.SB.UPS.PFCSinewave.CP1500PFCLCD.B00429N19W,,250,DAILY_BUDGET,ENABLED,USD,798,5,29.45,0.0,0,0,0,0.0,0,27,0,2,129,40,174
"Sep 04, 2025","=""293529288726869""",B.Keyword.Video.SB.UPS.PFCSinewave.CP1500PFCLCD.B00429N19W,,250,DAILY_BUDGET,ENABLED,USD,656,7,73.8,1369.8,4,4,2,649.9,2,38,3,4,111,26,167
"Oct 17, 2025","=""335733425531216""",N.Keyword.Video.SB.UPS.PFCSinewave.CP1500PFCLCD.B00429N19W,,250,DAILY_BUDGET,ENABLED,USD,1393,0,0.0,0.0,0,0,0,0.0,0,2,12,0,139,28,249
"Sep 01, 2025","=""456008348744441""",N.SB.Products.SB.UPS.PFC,,250,DAILY_BUDGET,PAUSED,USD,43754,37,105.96,359.95,1,1,1,359.95,1,29,40,1,0,0,13188
"Oct 16, 2025","=""300358990869228""",B.Keyword.Store.SB.UPS.StoreSpotlight,,250,DAILY_BUDGET,ENABLED,USD,47502,179,1996.52,11099.22,52,73,32,4862.64,45,971,262,157,0,0,29497
"Sep 14, 2025","=""450441693358033""",B2B - B.Keyword.Products.SB.UPS.1500units,,250,DAILY_BUDGET,ENABLED,USD,318,1,1.53,0.0,0,0,0,0.0,0,1,0,2,0,0,27
"Oct 19, 2025","=""490434522578484""",C.Keyword.Video.SB.UPS.PFCSinewave.CP1500PFCLCD.B00429N19W,,250,DAILY_BUDGET,ENABLED,USD,444,3,25.52,239.95,1,1,0,0.0,0,24,1,3,72,19,97
"Oct 09, 2025","=""400654489506156""",B.Keyword.Products.SB.UPS.BestSellers,,250,DAILY_BUDGET,PAUSED,USD,63716,71,682.54,281.99,2,2,2,281.99,2,107,112,5,0,0,19350
"Oct 30, 2025","=""293529288726869""",B.Keyword.Video.SB.UPS.PFCSinewave.CP1500PFCLCD.B00429N19W,,250,DAILY_BUDGET,ENABLED,USD,217,4,24.8,195.9,2,2,1,115.95,1,15,6,2,30,12,50
"Nov 03, 2025","=""335733425531216""",N.Keyword.Video.SB.UPS.PFCSinewave.CP1500PFCLCD.B00429N19W,,250,DAILY_BUDGET,ENABLED,USD,4077,17,46.2,0.0,0,0,0,0.0,0,25,5,1,376,100,674
"Oct 20, 2025","=""501364882562485""",C.Keyword.Video.SB.UPS.IntelligentLCD.CP1500AVRLCD3.B0BCMLLSHL,,250,DAILY_BUDGET,ENABLED,USD,504,0,0.0,0.0,0,0,0,0.0,0,1,0,0,87,20,118
"Sep 18, 2025","=""450441693358033""",B2B - B.Keyword.Products.SB.UPS.1500units,,250,DAILY_BUDGET,ENABLED,USD,1173,2,60.34,0.0,0,0,0,0.0,0,2,0,0,0,0,100
"Sep 14, 2025","=""353873361287335""",B2B - B.Keyword.Store.SB.UPS.StoreSpotlight,,250,DAILY_BUDGET,ENABLED,USD,76,0,0.0,0.0,0,0,0,0.0,0,0,0,0,0,0,38
"Sep 24, 2025","=""293529288726869""",B.Keyword.Video.SB.UPS.PFCSinewave.CP1500PFCLCD.B00429N19W,,250,DAILY_BUDGET,ENABLED,USD,913,10,190.67,439.9,2,2,2,439.9,2,15,10,3,204,68,262
"Oct 13, 2025","=""293529288726869""",B.Keyword.Video.SB.UPS.PFCSinewave.CP1500PFCLCD.B00429N19W,,250,DAILY_BUDGET,ENABLED,USD,1183,12,131.31,0.0,0,0,0,0.0,0,22,3,1,213,62,288
"Sep 21, 2025","=""490434522578484""",C.Keyword.Video.SB.UPS.PFCSinewave.CP1500PFCLCD.B00429N19W,,250,DAILY_BUDGET,ENABLED,USD,576,1,13.28,0.0,0,0,0,0.0,0,3,0,0,94,34,129
"Nov 27, 2025","=""362619829731385""",B.Keyword.Video.SB.UPS.IntelligentLCD.CP1500AVRLCD3.B0BCMLLSHL,,250,DAILY_BUDGET,ENABLED,USD,3985,33,258.3,1089.75,5,5,4,969.8,4,104,8,6,534,89,777
"Sep 01, 2025","=""293529288726869""",B.Keyword.Video.SB.UPS.PFCSinewave.CP1500PFCLCD.B00429N19W,,250,DAILY_BUDGET,ENABLED,USD,644,6,94.51,179.95,1,1,1,179.95,1,44,7,2,119,35,159
"Nov 23, 2025","=""369323377946560""",B2B - N.Keyword.Store.SB.UPS.StoreSpotlight,,250,DAILY_BUDGET,ENABLED,USD,1423,7,56.16,0.0,0,0,0,0.0,0,8,8,0,0,0,559
"Nov 30, 2025","=""425328024590643""",C.Keyword.Products.SB.UPS.1500units,,250,DAILY_BUDGET,ENABLED,USD,9919,33,89.44,119.95,1,1,1,119.95,1,81,17,4,0,0,3773
"Oct 24, 2025","=""300358990869228""",B.Keyword.Store.SB.UPS.StoreSpotlight,,250,DAILY_BUDGET,ENABLED,USD,31657,114,1060.9,5849.15,25,30,18,4468.73,23,590,142,61,0,0,19348
"Nov 03, 2025","=""293529288726869""",B.Keyword.Video.SB.UPS.PFCSinewave.CP1500PFCLCD.B00429N19W,,250,DAILY_BUDGET,ENABLED,USD,547,5,22.26,0.0,0,0,0,0.0,0,22,6,2,143,57,173
"Aug 29, 2025","=""533624646611887""",C.Keyword.Store.SB.UPS.StoreSpotlight,,250,DAILY_BUDGET,PAUSED,USD,13578,67,856.51,1149.4,7,12,7,1149.4,12,62,81,10,0,0,6759
"Sep 05, 2025","=""501138070676838""",N.SB.Products.SB.UPS.AVR,,250,DAILY_BUDGET,PAUSED,USD,0,0,0.0,0.0,0,0,0,0.0,0,0,0,0,0,0,0
"Oct 25, 2025","=""516203922618177""",N.Keyword.Store.SB.UPS.StoreSpotlight,,250,DAILY_BUDGET,ENABLED,USD,87433,255,1266.16,2808.13,18,19,15,2248.28,16,411,310,42,0,0,31103
"Oct 24, 2025","=""288898439745613""",B2B - N.Keyword.Products.SB.UPS.1500units,,250,DAILY_BUDGET,ENABLED,USD,2218,9,77.18,313.4,2,2,1,85.45,1,34,3,4,0,0,704
"Oct 16, 2025","=""327967099369911""",N.Keyword.Products.SB.UPS.1500units,,250,DAILY_BUDGET,PAUSED,USD,322305,302,2865.64,595.85,3,3,3,595.85,3,273,189,10,0,0,96036
"Oct 27, 2025","=""369323377946560""",B2B - N.Keyword.Store.SB.UPS.StoreSpotlight,,250,DAILY_BUDGET,ENABLED,USD,2864,16,214.75,2794.85,3,3,3,2794.85,3,34,23,4,0,0,1096
"Sep 08, 2025","=""456008348744441""",N.SB.Products.SB.UPS.PFC,,250,DAILY_BUDGET,PAUSED,USD,0,0,0.0,0.0,0,0,0,0.0,0,0,0,0,0,0,0
"Aug 31, 2025","=""400654489506156""",B.Keyword.Products.SB.UPS.BestSellers,,250,DAILY_BUDGET,PAUSED,USD,45870,52,675.2,687.27,6,6,3,419.9,3,112,96,11,0,0,13780
"Sep 20, 2025","=""501364882562485""",C.Keyword.Video.SB.UPS.IntelligentLCD.CP1500AVRLCD3.B0BCMLLSHL,,250,DAILY_BUDGET,ENABLED,USD,1284,4,80.79,129.95,1,1,0,0.0,0,27,4,0,293,67,381
"Oct 23, 2025","=""490434522578484""",C.Keyword.Video.SB.UPS.PFCSinewave.CP1500PFCLCD.B00429N19W,,250,DAILY_BUDGET,ENABLED,USD,574,2,12.65,0.0,0,0,0,0.0,0,4,1,0,77,27,118
"Oct 31, 2025","=""288898439745613""",B2B - N.Keyword.Products.SB.UPS.1500units,,250,DAILY_BUDGET,ENABLED,USD,2704,14,52.18,2317.35,6,7,2,670.6,2,35,12,7,0,0,814
"Oct 01, 2025","=""490434522578484""",C.Keyword.Video.SB.UPS.PFCSinewave.CP1500PFCLCD.B00429N19W,,250,DAILY_BUDGET,ENABLED,USD,511,0,0.0,0.0,0,0,0,0.0,0,0,0,0,40,13,74
"Sep 07, 2025","=""353873361287335""",B2B - B.Keyword.Store.SB.UPS.StoreSpotlight,,250,DAILY_BUDGET,ENABLED,USD,96,1,3.6,0.0,0,0,0,0.0,0,0,1,1,0,0,53
"Nov 06, 2025","=""327967099369911""",N.Keyword.Products.SB.UPS.1500units,,250,DAILY_BUDGET,PAUSED,USD,0,0,0.0,0.0,0,0,0,0.0,0,0,0,0,0,0,0
"Sep 06, 2025","=""490434522578484""",C.Keyword.Video.SB.UPS.PFCSinewave.CP1500PFCLCD.B00429N19W,,250,DAILY_BUDGET,ENABLED,USD,858,4,93.98,239.95,1,1,1,239.95,1,15,0,6,165,58,211
"Aug 29, 2025","=""335733425531216""",N.Keyword.Video.SB.UPS.PFCSinewave.CP1500PFCLCD.B00429N19W,,250,DAILY_BUDGET,ENABLED,USD,4011,28,108.21,689.85,3,3,2,449.9,2,40,13,4,698,246,974
"Aug 31, 2025","=""300358990869228""",B.Keyword.Store.SB.UPS.StoreSpotlight,,250,DAILY_BUDGET,ENABLED,USD,145,0,1.25,0.0,0,0,0,0.0,0,0,0,0,0,0,106
"Oct 19, 2025","=""501364882562485""",C.Keyword.Video.SB.UPS.IntelligentLCD.CP1500AVRLCD3.B0BCMLLSHL,,250,DAILY_BUDGET,ENABLED,USD,655,2,17.32,0.0,0,0,0,0.0,0,1,1,0,99,26,144
"Aug 30, 2025","=""501364882562485""",C.Keyword.Video.SB.UPS.IntelligentLCD.CP1500AVRLCD3.B0BCMLLSHL,,250,DAILY_BUDGET,ENABLED,USD,830,0,0.0,0.0,0,0,0,0.0,0,0,0,0,136,24,164
"Sep 19, 2025","=""400654489506156""",B.Keyword.Products.SB.UPS.BestSellers,,250,DAILY_BUDGET,PAUSED,USD,73112,79,787.21,518.85,4,4,2,439.9,2,145,124,7,0,0,19485
"Sep 18, 2025","=""288898439745613""",B2B - N.Keyword.Products.SB.UPS.1500units,,250,DAILY_BUDGET,ENABLED,USD,11166,26,277.09,0.0,0,0,0,0.0,0,46,14,2,0,0,3449
"Nov 28, 2025","=""293529288726869""",B.Keyword.Video.SB.UPS.PFCSinewave.CP1500PFCLCD.B00429N19W,,250,DAILY_BUDGET,ENABLED,USD,113,0,0.0,0.0,0,0,0,0.0,0,0,0,0,13,4,23
"Nov 28, 2025","=""369323377946560""",B2B - N.Keyword.Store.SB.UPS.StoreSpotlight,,250,DAILY_BUDGET,ENABLED,USD,2011,9,86.43,417.9,2,2,2,417.9,2,9,10,2,0,0,843
"Nov 07, 2025","=""425328024590643""",C.Keyword.Products.SB.UPS.1500units,,250,DAILY_BUDGET,ENABLED,USD,6514,13,29.98,0.0,0,0,0,0.0,0,23,7,1,0,0,2189
"Sep 30, 2025","=""288898439745613""",B2B - N.Keyword.Products.SB.UPS.1500units,,250,DAILY_BUDGET,ENABLED,USD,4265,20,93.5,4632.49,12,16,8,2681.89,9,58,13,12,0,0,1196
"Sep 02, 2025","=""501364882562485""",C.Keyword.Video.SB.UPS.IntelligentLCD.CP1500AVRLCD3.B0BCMLLSHL,,250,DAILY_BUDGET,ENABLED,USD,1439,5,97.01,199.95,1,1,1,199.95,1,8,3,2,287,51,385
"Oct 15, 2025","=""327967099369911""",N.Keyword.Products.SB.UPS.1500units,,250,DAILY_BUDGET,PAUSED,USD,318410,342,2980.36,1505.8,3,4,2,1385.85,3,209,216,8,0,0,122108
"Nov 11, 2025","=""353873361287335""",B2B - B.Keyword.Store.SB.UPS.StoreSpotlight,,250,DAILY_BUDGET,ENABLED,USD,433,4,20.67,2427.97,5,9,1,227.95,1,25,11,10,0,0,223
"Oct 22, 2025","=""335733425531216""",N.Keyword.Video.SB.UPS.PFCSinewave.CP1500PFCLCD.B00429N19W,,250,DAILY_BUDGET,ENABLED,USD,2307,7,18.88,0.0,0,0,0,0.0,0,13,8,0,239,68,413
"Oct 18, 2025","=""353873361287335""",B2B - B.Keyword.Store.SB.UPS.StoreSpotlight,,250,DAILY_BUDGET,ENABLED,USD,121,1,22.54,341.95,1,1,0,0.0,0,0,1,1,0,0,62
"Aug 31, 2025","=""450441693358033""",B2B - B.Keyword.Products.SB.UPS.1500units,,250,DAILY_BUDGET,ENABLED,USD,340,2,65.02,0.0,0,0,0,0.0,0,5,0,0,0,0,30
"Sep 10, 2025","=""367333782614376""",N.SB.Products.SB.UPS.PFCRM,,250,DAILY_BUDGET,PAUSED,USD,0,0,0.0,0.0,0,0,0,0.0,0,0,0,0,0,0,0
"Oct 11, 2025","=""300358990869228""",B.Keyword.Store.SB.UPS.StoreSpotlight,,250,DAILY_BUDGET,ENABLED,USD,48176,143,2009.89,10252.45,32,39,24,4609.86,26,872,214,79,0,0,29646
"Oct 28, 2025","=""490434522578484""",C.Keyword.Video.SB.UPS.PFCSinewave.CP1500PFCLCD.B00429N19W,,250,DAILY_BUDGET,ENABLED,USD,945,4,33.18,0.0,0,0,0,0.0,0,1,3,0,129,37,202
"Oct 14, 2025","=""353873361287335""",B2B - B.Keyword.Store.SB.UPS.StoreSpotlight,,250,DAILY_BUDGET,ENABLED,USD,326,3,14.99,491.85,3,3,1,59.95,1,1,3,2,0,0,157
"Nov 11, 2025","=""327967099369911""",N.Keyword.Products.SB.UPS.1500units,,250,DAILY_BUDGET,PAUSED,USD,0,0,0.0,0.0,0,0,0,0.0,0,0,0,0,0,0,0
"Nov 09, 2025","=""327967099369911""",N.Keyword.Products.SB.UPS.1500units,,250,DAILY_BUDGET,PAUSED,USD,0,0,0.0,0.0,0,0,0,0.0,0,0,0,0,0,0,0
"Oct 17, 2025","=""400654489506156""",B.Keyword.Products.SB.UPS.BestSellers,,250,DAILY_BUDGET,PAUSED,USD,0,0,0.0,0.0,0,0,0,0.0,0,0,0,0,0,0,0
"Nov 07, 2025","=""362619829731385""",B.Keyword.Video.SB.UPS.IntelligentLCD.CP1500AVRLCD3.B0BCMLLSHL,,250,DAILY_BUDGET,ENABLED,USD,3035,32,295.0,1498.4,6,8,6,1498.4,8,63,27,11,447,78,669
"Sep 06, 2025","=""456008348744441""",N.SB.Products.SB.UPS.PFC,,250,DAILY_BUDGET,PAUSED,USD,0,0,0.0,0.0,0,0,0,0.0,0,0,0,0,0,0,0
"Nov 23, 2025","=""362619829731385""",B.Keyword.Video.SB.UPS.IntelligentLCD.CP1500AVRLCD3.B0BCMLLSHL,,250,DAILY_BUDGET,ENABLED,USD,3927,27,195.82,219.95,1,1,1,219.95,1,85,8,3,507,105,714
"Aug 31, 2025","=""490434522578484""",C.Keyword.Video.SB.UPS.PFCSinewave.CP1500PFCLCD.B00429N19W,,250,DAILY_BUDGET,ENABLED,USD,530,1,6.47,0.0,0,0,0,0.0,0,0,0,0,74,25,110
"Sep 08, 2025","=""367333782614376""",N.SB.Products.SB.UPS.PFCRM,,250,DAILY_BUDGET,PAUSED,USD,0,0,0.0,0.0,0,0,0,0.0,0,0,0,0,0,0,0
"Nov 12, 2025","=""300358990869228""",B.Keyword.Store.SB.UPS.StoreSpotlight,,250,DAILY_BUDGET,ENABLED,USD,8678,42,189.22,5014.48,32,37,24,2916.35,27,334,60,41,0,0,4973
"Oct 22, 2025","=""293529288726869""",B.Keyword.Video.SB.UPS.PFCSinewave.CP1500PFCLCD.B00429N19W,,250,DAILY_BUDGET,ENABLED,USD,115,1,25.32,0.0,0,0,0,0.0,0,0,0,0,7,3,10
"Sep 06, 2025","=""501138070676838""",N.SB.Products.SB.UPS.AVR,,250,DAILY_BUDGET,PAUSED,USD,0,0,0.0,0.0,0,0,0,0.0,0,0,0,0,0,0,0
"Sep 08, 2025","=""516203922618177""",N.Keyword.Store.SB.UPS.StoreSpotlight,,250,DAILY_BUDGET,ENABLED,USD,0,0,0.0,0.0,0,0,0,0.0,0,0,0,0,0,0,0
"Sep 29, 2025","=""293529288726869""",B.Keyword.Video.SB.UPS.PFCSinewave.CP1500PFCLCD.B00429N19W,,250,DAILY_BUDGET,ENABLED,USD,1048,14,164.7,719.85,2,3,1,239.95,1,31,8,4,169,51,237
"Sep 15, 2025","=""367333782614376""",N.SB.Products.SB.UPS.PFCRM,,250,DAILY_BUDGET,PAUSED,USD,0,0,0.0,0.0,0,0,0,0.0,0,0,0,0,0,0,0
"Nov 16, 2025","=""327967099369911""",N.Keyword.Products.SB.UPS.1500units,,250,DAILY_BUDGET,PAUSED,USD,0,0,0.0,0.0,0,0,0,0.0,0,0,0,0,0,0,0
"Nov 04, 2025","=""490434522578484""",C.Keyword.Video.SB.UPS.PFCSinewave.CP1500PFCLCD.B00429N19W,,250,DAILY_BUDGET,ENABLED,USD,1012,1,2.28,0.0,0,0,0,0.0,0,0,0,0,193,49,264
"Oct 27, 2025","=""438623516658807""",N.Keyword.Video.SB.UPS.IntelligentLCD.CP1500AVRLCD3.B0BCMLLSHL,,250,DAILY_BUDGET,PAUSED,USD,136472,812,5790.21,7639.14,34,37,25,5085.69,27,1261,32,87,13103,1540,25353
"Oct 04, 2025","=""288898439745613""",B2B - N.Keyword.Products.SB.UPS.1500units,,250,DAILY_BUDGET,ENABLED,USD,1424,9,77.4,507.19,3,3,2,287.24,2,18,7,2,0,0,475
"Oct 03, 2025","=""353873361287335""",B2B - B.Keyword.Store.SB.UPS.StoreSpotlight,,250,DAILY_BUDGET,ENABLED,USD,219,4,47.19,0.0,0,0,0,0.0,0,3,4,0,0,0,107
"Nov 07, 2025","=""335733425531216""",N.Keyword.Video.SB.UPS.PFCSinewave.CP1500PFCLCD.B00429N19W,,250,DAILY_BUDGET,ENABLED,USD,3453,17,46.38,239.95,1,1,1,239.95,1,18,2,3,382,111,627
"Nov 14, 2025","=""425328024590643""",C.Keyword.Products.SB.UPS.1500units,,250,DAILY_BUDGET,ENABLED,USD,6486,18,44.17,334.9,2,2,1,134.95,1,39,9,2,0,0,2165
"Oct 23, 2025","=""288898439745613""",B2B - N.Keyword.Products.SB.UPS.1500units,,250,DAILY_BUDGET,ENABLED,USD,2392,10,70.1,1501.0,5,10,3,1175.75,5,32,12,6,0,0,689
"Oct 12, 2025","=""300358990869228""",B.Keyword.Store.SB.UPS.StoreSpotlight,,250,DAILY_BUDGET,ENABLED,USD,47586,132,2005.46,4513.51,33,36,26,2936.04,27,687,204,73,0,0,29599
"Nov 12, 2025","=""450441693358033""",B2B - B.Keyword.Products.SB.UPS.1500units,,250,DAILY_BUDGET,ENABLED,USD,3162,2,10.44,0.0,0,0,0,0.0,0,6,1,2,0,0,117
"Nov 28, 2025","=""300358990869228""",B.Keyword.Store.SB.UPS.StoreSpotlight,,250,DAILY_BUDGET,ENABLED,USD,2121,7,27.14,1462.5,10,10,10,1462.5,10,229,16,28,0,0,1209
"Oct 30, 2025","=""438623516658807""",N.Keyword.Video.SB.UPS.IntelligentLCD.CP1500AVRLCD3.B0BCMLLSHL,,250,DAILY_BUDGET,PAUSED,USD,137325,773,5636.78,7649.49,35,37,32,7260.64,34,1229,27,82,13066,1537,25531
"Nov 21, 2025","=""362619829731385""",B.Keyword.Video.SB.UPS.IntelligentLCD.CP1500AVRLCD3.B0BCMLLSHL,,250,DAILY_BUDGET,ENABLED,USD,3824,50,412.64,789.8,4,4,4,789.8,4,137,21,14,630,146,903
"Sep 08, 2025","=""452338404496050""",B.SB.Products.SB.UPS.PFC,,250,DAILY_BUDGET,PAUSED,USD,0,0,0.0,0.0,0,0,0,0.0,0,0,0,0,0,0,0
"Sep 22, 2025","=""400654489506156""",B.Keyword.Products.SB.UPS.BestSellers,,250,DAILY_BUDGET,PAUSED,USD,85462,92,771.54,890.24,6,6,5,781.29,5,249,165,13,0,0,26076
"Nov 05, 2025","=""335733425531216""",N.Keyword.Video.SB.UPS.PFCSinewave.CP1500PFCLCD.B00429N19W,,250,DAILY_BUDGET,ENABLED,USD,4936,25,77.76,227.95,1,1,1,227.95,1,54,12,7,552,155,900
"Sep 30, 2025","=""490434522578484""",C.Keyword.Video.SB.UPS.PFCSinewave.CP1500PFCLCD.B00429N19W,,250,DAILY_BUDGET,ENABLED,USD,700,2,26.24,0.0,0,0,0,0.0,0,2,0,0,71,11,96
"Sep 29, 2025","=""501364882562485""",C.Keyword.Video.SB.UPS.IntelligentLCD.CP1500AVRLCD3.B0BCMLLSHL,,250,DAILY_BUDGET,ENABLED,USD,1614,9,179.81,199.95,1,1,1,199.95,1,12,3,1,244,66,340
"Oct 22, 2025","=""288898439745613""",B2B - N.Keyword.Products.SB.UPS.1500units,,250,DAILY_BUDGET,ENABLED,USD,3178,5,72.15,341.95,1,1,0,0.0,0,25,4,6,0,0,954
"Nov 02, 2025","=""353873361287335""",B2B - B.Keyword.Store.SB.UPS.StoreSpotlight,,250,DAILY_BUDGET,ENABLED,USD,175,1,2.43,0.0,0,0,0,0.0,0,2,1,0,0,0,84
"Nov 01, 2025","=""327967099369911""",N.Keyword.Products.SB.UPS.1500units,,250,DAILY_BUDGET,PAUSED,USD,210070,491,4432.44,6108.65,27,27,24,5448.8,24,981,333,66,0,0,67856
"Sep 11, 2025","=""349078398145277""",N.SB.Products.SB.UPS.Eco,,250,DAILY_BUDGET,PAUSED,USD,0,0,0.0,0.0,0,0,0,0.0,0,0,0,0,0,0,0
"Oct 07, 2025","=""450441693358033""",B2B - B.Keyword.Products.SB.UPS.1500units,,250,DAILY_BUDGET,ENABLED,USD,2013,4,80.62,1078.54,4,4,2,708.6,2,12,3,3,0,0,157
"Oct 30, 2025","=""327967099369911""",N.Keyword.Products.SB.UPS.1500units,,250,DAILY_BUDGET,PAUSED,USD,240315,464,4497.01,10650.81,36,44,29,7396.21,36,741,248,64,0,0,73222
"Nov 24, 2025","=""369323377946560""",B2B - N.Keyword.Store.SB.UPS.StoreSpotlight,,250,DAILY_BUDGET,ENABLED,USD,2694,12,135.8,1850.64,7,8,4,967.34,4,19,13,10,0,0,1002
"Sep 05, 2025","=""369323377946560""",B2B - N.Keyword.Store.SB.UPS.StoreSpotlight,,250,DAILY_BUDGET,ENABLED,USD,3967,18,178.39,0.0,0,0,0,0.0,0,18,26,1,0,0,1819
"Sep 05, 2025","=""490434522578484""",C.Keyword.Video.SB.UPS.PFCSinewave.CP1500PFCLCD.B00429N19W,,250,DAILY_BUDGET,ENABLED,USD,1035,6,97.29,0.0,0,0,0,0.0,0,19,3,1,207,62,272
"Nov 05, 2025","=""300358990869228""",B.Keyword.Store.SB.UPS.StoreSpotlight,,250,DAILY_BUDGET,ENABLED,USD,22716,63,591.35,5838.96,29,40,18,3228.71,19,585,112,56,0,0,13010
"Oct 07, 2025","=""293529288726869""",B.Keyword.Video.SB.UPS.PFCSinewave.CP1500PFCLCD.B00429N19W,,250,DAILY_BUDGET,ENABLED,USD,2070,36,509.49,719.85,2,3,1,239.95,1,90,21,7,362,120,458
"Sep 19, 2025","=""490434522578484""",C.Keyword.Video.SB.UPS.PFCSinewave.CP1500PFCLCD.B00429N19W,,250,DAILY_BUDGET,ENABLED,USD,824,1,2.59,0.0,0,0,0,0.0,0,1,2,11,107,22,175
"Nov 25, 2025","=""300358990869228""",B.Keyword.Store.SB.UPS.StoreSpotlight,,250,DAILY_BUDGET,ENABLED,USD,1070,7,14.16,281.89,3,3,1,96.95,1,151,24,27,0,0,627
"Oct 10, 2025","=""300358990869228""",B.Keyword.Store.SB.UPS.StoreSpotlight,,250,DAILY_BUDGET,ENABLED,USD,46770,147,1992.12,12969.4,55,70,36,7170.11,44,917,267,101,0,0,29209
"Nov 06, 2025","=""300358990869228""",B.Keyword.Store.SB.UPS.StoreSpotlight,,250,DAILY_BUDGET,ENABLED,USD,19494,62,512.75,5451.63,29,31,19,3496.11,19,520,100,65,0,0,11120
"Oct 21, 2025","=""300358990869228""",B.Keyword.Store.SB.UPS.StoreSpotlight,,250,DAILY_BUDGET,ENABLED,USD,31040,99,1018.22,5428.64,26,33,14,2623.87,15,441,122,42,0,0,18603
"Sep 16, 2025","=""452338404496050""",B.SB.Products.SB.UPS.PFC,,250,DAILY_BUDGET,PAUSED,USD,0,0,0.0,0.0,0,0,0,0.0,0,0,0,0,0,0,0
"Oct 06, 2025","=""288898439745613""",B2B - N.Keyword.Products.SB.UPS.1500units,,250,DAILY_BUDGET,ENABLED,USD,4582,12,95.26,985.85,3,3,3,985.85,3,23,2,3,0,0,1211
"Nov 07, 2025","=""353873361287335""",B2B - B.Keyword.Store.SB.UPS.StoreSpotlight,,250,DAILY_BUDGET,ENABLED,USD,307,4,12.66,0.0,0,0,0,0.0,0,12,6,2,0,0,152
"Sep 05, 2025","=""288898439745613""",B2B - N.Keyword.Products.SB.UPS.1500units,,250,DAILY_BUDGET,ENABLED,USD,11594,28,360.17,447.42,2,2,1,87.47,1,26,15,4,0,0,4005
"Oct 08, 2025","=""501364882562485""",C.Keyword.Video.SB.UPS.IntelligentLCD.CP1500AVRLCD3.B0BCMLLSHL,,250,DAILY_BUDGET,ENABLED,USD,2145,9,100.88,239.95,1,1,0,0.0,0,7,4,2,393,76,537
"Oct 31, 2025","=""450441693358033""",B2B - B.Keyword.Products.SB.UPS.1500units,,250,DAILY_BUDGET,ENABLED,USD,2272,5,65.89,132.95,1,1,1,132.95,1,11,0,2,0,0,108
"Nov 18, 2025","=""369323377946560""",B2B - N.Keyword.Store.SB.UPS.StoreSpotlight,,250,DAILY_BUDGET,ENABLED,USD,3603,16,154.29,1946.8,5,14,1,341.95,1,22,18,6,0,0,1264
"Sep 04, 2025","=""327967099369911""",N.Keyword.Products.SB.UPS.1500units,,250,DAILY_BUDGET,PAUSED,USD,262,0,0.0,0.0,0,0,0,0.0,0,0,0,0,0,0,32
"Nov 26, 2025","=""300358990869228""",B.Keyword.Store.SB.UPS.StoreSpotlight,,250,DAILY_BUDGET,ENABLED,USD,1110,8,12.58,1032.63,6,6,6,1032.63,6,86,14,9,0,0,622
"Oct 17, 2025","=""438623516658807""",N.Keyword.Video.SB.UPS.IntelligentLCD.CP1500AVRLCD3.B0BCMLLSHL,,250,DAILY_BUDGET,PAUSED,USD,64021,377,2858.81,3019.24,14,16,11,2479.35,13,618,19,36,6007,909,11040
"Sep 09, 2025","=""450441693358033""",B2B - B.Keyword.Products.SB.UPS.1500units,,250,DAILY_BUDGET,ENABLED,USD,1957,3,76.85,1401.8,2,4,1,681.9,2,15,0,4,0,0,158
"Nov 18, 2025","=""425328024590643""",C.Keyword.Products.SB.UPS.1500units,,250,DAILY_BUDGET,ENABLED,USD,8203,17,55.3,319.9,2,2,2,319.9,2,37,8,4,0,0,2503
"Sep 15, 2025","=""353873361287335""",B2B - B.Keyword.Store.SB.UPS.StoreSpotlight,,250,DAILY_BUDGET,ENABLED,USD,463,5,50.65,243.9,2,2,1,134.95,1,17,5,3,0,0,236
"Oct 29, 2025","=""335733425531216""",N.Keyword.Video.SB.UPS.PFCSinewave.CP1500PFCLCD.B00429N19W,,250,DAILY_BUDGET,ENABLED,USD,3999,13,39.57,595.85,3,3,3,595.85,3,34,8,3,355,95,604
"Nov 26, 2025","=""353873361287335""",B2B - B.Keyword.Store.SB.UPS.StoreSpotlight,,250,DAILY_BUDGET,ENABLED,USD,334,3,30.89,336.19,2,2,1,227.95,1,6,3,3,0,0,132
"Sep 16, 2025","=""349078398145277""",N.SB.Products.SB.UPS.Eco,,250,DAILY_BUDGET,PAUSED,USD,0,0,0.0,0.0,0,0,0,0.0,0,0,0,0,0,0,0
"Aug 30, 2025","=""369323377946560""",B2B - N.Keyword.Store.SB.UPS.StoreSpotlight,,250,DAILY_BUDGET,ENABLED,USD,1657,10,141.41,0.0,0,0,0,0.0,0,21,10,3,0,0,692
"Nov 22, 2025","=""490434522578484""",C.Keyword.Video.SB.UPS.PFCSinewave.CP1500PFCLCD.B00429N19W,,250,DAILY_BUDGET,ENABLED,USD,352,3,22.27,159.99,1,1,1,159.99,1,8,2,1,48,15,85
"Sep 27, 2025","=""369323377946560""",B2B - N.Keyword.Store.SB.UPS.StoreSpotlight,,250,DAILY_BUDGET,ENABLED,USD,1432,9,129.72,0.0,0,0,0,0.0,0,5,9,0,0,0,583
"Oct 03, 2025","=""369323377946560""",B2B - N.Keyword.Store.SB.UPS.StoreSpotlight,,250,DAILY_BUDGET,ENABLED,USD,2934,16,180.19,2198.65,5,7,2,667.85,3,30,17,5,0,0,1177
"Oct 18, 2025","=""450441693358033""",B2B - B.Keyword.Products.SB.UPS.1500units,,250,DAILY_BUDGET,ENABLED,USD,252,0,0.0,0.0,0,0,0,0.0,0,0,0,0,0,0,33
"Nov 09, 2025","=""450441693358033""",B2B - B.Keyword.Products.SB.UPS.1500units,,250,DAILY_BUDGET,ENABLED,USD,581,0,0.0,0.0,0,0,0,0.0,0,0,0,0,0,0,37
"Oct 20, 2025","=""353873361287335""",B2B - B.Keyword.Store.SB.UPS.StoreSpotlight,,250,DAILY_BUDGET,ENABLED,USD,158,3,43.59,250.02,1,1,1,250.02,1,4,5,2,0,0,83
"Nov 11, 2025","=""362619829731385""",B.Keyword.Video.SB.UPS.IntelligentLCD.CP1500AVRLCD3.B0BCMLLSHL,,250,DAILY_BUDGET,ENABLED,USD,3297,42,381.51,1882.74,11,12,10,1802.79,11,119,32,20,481,91,671
"Sep 04, 2025","=""516203922618177""",N.Keyword.Store.SB.UPS.StoreSpotlight,,250,DAILY_BUDGET,ENABLED,USD,226,0,0.0,0.0,0,0,0,0.0,0,0,0,0,0,0,52
"Sep 27, 2025","=""293529288726869""",B.Keyword.Video.SB.UPS.PFCSinewave.CP1500PFCLCD.B00429N19W,,250,DAILY_BUDGET,ENABLED,USD,866,15,284.75,0.0,0,0,0,0.0,0,29,35,3,182,72,243
"Sep 03, 2025","=""288898439745613""",B2B - N.Keyword.Products.SB.UPS.1500units,,250,DAILY_BUDGET,ENABLED,USD,14074,23,255.71,126.56,1,1,1,126.56,1,13,16,1,0,0,5001
"Oct 31, 2025","=""490434522578484""",C.Keyword.Video.SB.UPS.PFCSinewave.CP1500PFCLCD.B00429N19W,,250,DAILY_BUDGET,ENABLED,USD,1102,4,30.81,0.0,0,0,0,0.0,0,5,0,0,166,56,234
"Sep 10, 2025","=""288898439745613""",B2B - N.Keyword.Products.SB.UPS.1500units,,250,DAILY_BUDGET,ENABLED,USD,12030,16,183.63,159.99,1,1,1,159.99,1,43,7,2,0,0,3811
"Nov 23, 2025","=""450441693358033""",B2B - B.Keyword.Products.SB.UPS.1500units,,250,DAILY_BUDGET,ENABLED,USD,454,1,2.26,683.9,1,2,1,683.9,2,8,1,1,0,0,34
"Nov 14, 2025","=""293529288726869""",B.Keyword.Video.SB.UPS.PFCSinewave.CP1500PFCLCD.B00429N19W,,250,DAILY_BUDGET,ENABLED,USD,167,2,13.37,96.95,1,1,1,96.95,1,12,0,2,38,13,50
"Sep 04, 2025","=""367333782614376""",N.SB.Products.SB.UPS.PFCRM,,250,DAILY_BUDGET,PAUSED,USD,44251,133,398.8,781.8,4,4,2,525.9,2,195,145,13,0,0,9054
"Sep 29, 2025","=""335733425531216""",N.Keyword.Video.SB.UPS.PFCSinewave.CP1500PFCLCD.B00429N19W,,250,DAILY_BUDGET,ENABLED,USD,6751,61,194.48,3386.27,13,17,7,2319.45,11,136,51,25,1097,334,1570
"Oct 21, 2025","=""288898439745613""",B2B - N.Keyword.Products.SB.UPS.1500units,,250,DAILY_BUDGET,ENABLED,USD,3271,11,79.28,1750.8,3,9,1,275.8,4,18,3,3,0,0,1032
"Sep 04, 2025","=""353873361287335""",B2B - B.Keyword.Store.SB.UPS.StoreSpotlight,,250,DAILY_BUDGET,ENABLED,USD,249,7,48.15,419.9,2,2,0,0.0,0,25,12,4,0,0,136
"Sep 11, 2025","=""452338404496050""",B.SB.Products.SB.UPS.PFC,,250,DAILY_BUDGET,PAUSED,USD,0,0,0.0,0.0,0,0,0,0.0,0,0,0,0,0,0,0
"Oct 03, 2025","=""450441693358033""",B2B - B.Keyword.Products.SB.UPS.1500units,,250,DAILY_BUDGET,ENABLED,USD,962,0,0.0,0.0,0,0,0,0.0,0,0,0,0,0,0,69
"Oct 05, 2025","=""450441693358033""",B2B - B.Keyword.Products.SB.UPS.1500units,,250,DAILY_BUDGET,ENABLED,USD,530,3,67.66,161.45,1,1,0,0.0,0,12,4,2,0,0,48
"Nov 25, 2025","=""369323377946560""",B2B - N.Keyword.Store.SB.UPS.StoreSpotlight,,250,DAILY_BUDGET,ENABLED,USD,2578,16,166.09,1406.75,2,5,0,0.0,0,14,19,5,0,0,997
"Oct 10, 2025","=""501364882562485""",C.Keyword.Video.SB.UPS.IntelligentLCD.CP1500AVRLCD3.B0BCMLLSHL,,250,DAILY_BUDGET,ENABLED,USD,1227,5,55.57,0.0,0,0,0,0.0,0,10,2,0,220,42,281
"Aug 30, 2025","=""367333782614376""",N.SB.Products.SB.UPS.PFCRM,,250,DAILY_BUDGET,PAUSED,USD,38057,105,285.43,3604.49,9,11,2,539.9,2,260,110,19,0,0,7185
"Oct 07, 2025","=""335733425531216""",N.Keyword.Video.SB.UPS.PFCSinewave.CP1500PFCLCD.B00429N19W,,250,DAILY_BUDGET,ENABLED,USD,13129,112,369.4,2288.55,10,10,9,1878.6,9,274,80,17,2253,708,3249
"Sep 22, 2025","=""501364882562485""",C.Keyword.Video.SB.UPS.IntelligentLCD.CP1500AVRLCD3.B0BCMLLSHL,,250,DAILY_BUDGET,ENABLED,USD,2414,9,176.44,0.0,0,0,0,0.0,0,6,6,0,524,96,674
"Nov 21, 2025","=""369323377946560""",B2B - N.Keyword.Store.SB.UPS.StoreSpotlight,,250,DAILY_BUDGET,ENABLED,USD,2407,14,139.13,1663.2,4,5,1,703.9,1,44,15,6,0,0,883
"Oct 31, 2025","=""369323377946560""",B2B - N.Keyword.Store.SB.UPS.StoreSpotlight,,250,DAILY_BUDGET,ENABLED,USD,2021,7,63.7,1027.8,3,4,2,343.9,2,36,9,6,0,0,735
"Oct 02, 2025","=""288898439745613""",B2B - N.Keyword.Products.SB.UPS.1500units,,250,DAILY_BUDGET,ENABLED,USD,4732,14,92.1,1635.8,3,4,1,819.9,2,36,5,4,0,0,1016
"Sep 30, 2025","=""300358990869228""",B.Keyword.Store.SB.UPS.StoreSpotlight,,250,DAILY_BUDGET,ENABLED,USD,56028,250,3942.81,28359.88,120,158,74,14090.29,88,1321,328,220,0,0,38361
"Nov 16, 2025","=""501364882562485""",C.Keyword.Video.SB.UPS.IntelligentLCD.CP1500AVRLCD3.B0BCMLLSHL,,250,DAILY_BUDGET,ENABLED,USD,455,6,25.59,0.0,0,0,0,0.0,0,3,2,0,58,12,87
"Aug 30, 2025","=""456008348744441""",N.SB.Products.SB.UPS.PFC,,250,DAILY_BUDGET,PAUSED,USD,47115,48,154.6,419.9,2,2,2,419.9,2,36,56,4,0,0,14012
"Sep 21, 2025","=""450441693358033""",B2B - B.Keyword.Products.SB.UPS.1500units,,250,DAILY_BUDGET,ENABLED,USD,337,3,50.77,0.0,0,0,0,0.0,0,3,2,0,0,0,32
"Nov 10, 2025","=""288898439745613""",B2B - N.Keyword.Products.SB.UPS.1500units,,250,DAILY_BUDGET,ENABLED,USD,3605,18,114.27,2076.99,7,7,5,1432.79,5,106,12,11,0,0,1092
"Oct 19, 2025","=""293529288726869""",B.Keyword.Video.SB.UPS.PFCSinewave.CP1500PFCLCD.B00429N19W,,250,DAILY_BUDGET,ENABLED,USD,102,1,0.71,0.0,0,0,0,0.0,0,1,0,0,8,3,18
"Nov 19, 2025","=""288898439745613""",B2B - N.Keyword.Products.SB.UPS.1500units,,250,DAILY_BUDGET,ENABLED,USD,3742,22,138.06,1865.69,6,7,4,953.84,4,60,2,14,0,0,1200
"Sep 26, 2025","=""335733425531216""",N.Keyword.Video.SB.UPS.PFCSinewave.CP1500PFCLCD.B00429N19W,,250,DAILY_BUDGET,ENABLED,USD,6399,54,182.79,549.8,3,4,3,549.8,4,89,50,5,1146,379,1647
"Oct 21, 2025","=""501364882562485""",C.Keyword.Video.SB.UPS.IntelligentLCD.CP1500AVRLCD3.B0BCMLLSHL,,250,DAILY_BUDGET,ENABLED,USD,674,2,23.23,0.0,0,0,0,0.0,0,1,1,0,90,20,132
"Sep 21, 2025","=""353873361287335""",B2B - B.Keyword.Store.SB.UPS.StoreSpotlight,,250,DAILY_BUDGET,ENABLED,USD,121,1,49.0,0.0,0,0,0,0.0,0,0,1,1,0,0,64
"Nov 26, 2025","=""362619829731385""",B.Keyword.Video.SB.UPS.IntelligentLCD.CP1500AVRLCD3.B0BCMLLSHL,,250,DAILY_BUDGET,ENABLED,USD,4092,35,283.14,1039.75,4,5,0,0.0,0,157,14,12,512,101,753
"Sep 04, 2025","=""490434522578484""",C.Keyword.Video.SB.UPS.PFCSinewave.CP1500PFCLCD.B00429N19W,,250,DAILY_BUDGET,ENABLED,USD,910,1,31.97,0.0,0,0,0,0.0,0,0,1,0,132,39,197
"Nov 05, 2025","=""438623516658807""",N.Keyword.Video.SB.UPS.IntelligentLCD.CP1500AVRLCD3.B0BCMLLSHL,,250,DAILY_BUDGET,PAUSED,USD,0,0,0.0,0.0,0,0,0,0.0,0,0,0,0,0,0,0
"Oct 10, 2025","=""369323377946560""",B2B - N.Keyword.Store.SB.UPS.StoreSpotlight,,250,DAILY_BUDGET,ENABLED,USD,3145,15,225.33,839.85,3,3,2,599.9,2,20,17,5,0,0,1147
"Nov 07, 2025","=""327967099369911""",N.Keyword.Products.SB.UPS.1500units,,250,DAILY_BUDGET,PAUSED,USD,0,0,0.0,0.0,0,0,0,0.0,0,0,0,0,0,0,0
"Oct 23, 2025","=""293529288726869""",B.Keyword.Video.SB.UPS.PFCSinewave.CP1500PFCLCD.B00429N19W,,250,DAILY_BUDGET,ENABLED,USD,150,2,14.41,0.0,0,0,0,0.0,0,11,2,0,21,5,29
"Oct 04, 2025","=""490434522578484""",C.Keyword.Video.SB.UPS.PFCSinewave.CP1500PFCLCD.B00429N19W,,250,DAILY_BUDGET,ENABLED,USD,278,3,19.41,0.0,0,0,0,0.0,0,0,1,0,21,6,28
"Oct 11, 2025","=""335733425531216""",N.Keyword.Video.SB.UPS.PFCSinewave.CP1500PFCLCD.B00429N19W,,250,DAILY_BUDGET,ENABLED,USD,4717,36,111.62,534.89,3,3,3,534.89,3,86,58,3,796,270,1139
"Sep 28, 2025","=""400654489506156""",B.Keyword.Products.SB.UPS.BestSellers,,250,DAILY_BUDGET,PAUSED,USD,47520,70,639.36,897.85,3,3,2,837.9,2,124,108,16,0,0,15355
"Nov 26, 2025","=""425328024590643""",C.Keyword.Products.SB.UPS.1500units,,250,DAILY_BUDGET,ENABLED,USD,7672,20,55.46,519.85,3,3,3,519.85,3,75,7,5,0,0,2553
"Oct 29, 2025","=""362619829731385""",B.Keyword.Video.SB.UPS.IntelligentLCD.CP1500AVRLCD3.B0BCMLLSHL,,250,DAILY_BUDGET,ENABLED,USD,3667,28,146.39,2181.64,13,13,8,1233.85,8,127,19,18,583,110,791
"Oct 13, 2025","=""400654489506156""",B.Keyword.Products.SB.UPS.BestSellers,,250,DAILY_BUDGET,PAUSED,USD,60496,74,672.21,787.78,5,6,4,547.83,5,205,125,13,0,0,19909
"Oct 09, 2025","=""293529288726869""",B.Keyword.Video.SB.UPS.PFCSinewave.CP1500PFCLCD.B00429N19W,,250,DAILY_BUDGET,ENABLED,USD,1047,13,79.44,0.0,0,0,0,0.0,0,25,15,0,192,64,269
"Sep 05, 2025","=""293529288726869""",B.Keyword.Video.SB.UPS.PFCSinewave.CP1500PFCLCD.B00429N19W,,250,DAILY_BUDGET,ENABLED,USD,1008,9,124.48,239.95,1,1,1,239.95,1,21,15,3,226,69,297
"Aug 31, 2025","=""456008348744441""",N.SB.Products.SB.UPS.PFC,,250,DAILY_BUDGET,PAUSED,USD,41954,46,143.36,0.0,0,0,0,0.0,0,21,48,1,0,0,12577
"Sep 12, 2025","=""501138070676838""",N.SB.Products.SB.UPS.AVR,,250,DAILY_BUDGET,PAUSED,USD,0,0,0.0,0.0,0,0,0,0.0,0,0,0,0,0,0,0
"Sep 08, 2025","=""533624646611887""",C.Keyword.Store.SB.UPS.StoreSpotlight,,250,DAILY_BUDGET,PAUSED,USD,0,0,0.0,0.0,0,0,0,0.0,0,0,0,0,0,0,0
"Sep 04, 2025","=""425328024590643""",C.Keyword.Products.SB.UPS.1500units,,250,DAILY_BUDGET,ENABLED,USD,440,3,37.95,0.0,0,0,0,0.0,0,7,2,0,0,0,113
"Oct 27, 2025","=""288898439745613""",B2B - N.Keyword.Products.SB.UPS.1500units,,250,DAILY_BUDGET,ENABLED,USD,3784,11,75.99,893.85,2,2,2,893.85,2,26,11,5,0,0,933
"Nov 17, 2025","=""501364882562485""",C.Keyword.Video.SB.UPS.IntelligentLCD.CP1500AVRLCD3.B0BCMLLSHL,,250,DAILY_BUDGET,ENABLED,USD,671,2,6.68,0.0,0,0,0,0.0,0,3,0,0,64,10,106
"Oct 27, 2025","=""335733425531216""",N.Keyword.Video.SB.UPS.PFCSinewave.CP1500PFCLCD.B00429N19W,,250,DAILY_BUDGET,ENABLED,USD,4514,14,45.85,0.0,0,0,0,0.0,0,39,5,1,370,99,654
"Oct 07, 2025","=""369323377946560""",B2B - N.Keyword.Store.SB.UPS.StoreSpotlight,,250,DAILY_BUDGET,ENABLED,USD,6148,26,370.76,621.8,3,4,3,621.8,4,30,35,4,0,0,2240
"Oct 19, 2025","=""400654489506156""",B.Keyword.Products.SB.UPS.BestSellers,,250,DAILY_BUDGET,PAUSED,USD,0,0,0.0,0.0,0,0,0,0.0,0,0,0,0,0,0,0
"Sep 24, 2025","=""501364882562485""",C.Keyword.Video.SB.UPS.IntelligentLCD.CP1500AVRLCD3.B0BCMLLSHL,,250,DAILY_BUDGET,ENABLED,USD,2089,6,90.91,0.0,0,0,0,0.0,0,11,3,1,482,104,593
"Sep 23, 2025","=""288898439745613""",B2B - N.Keyword.Products.SB.UPS.1500units,,250,DAILY_BUDGET,ENABLED,USD,5111,27,176.14,889.85,3,3,1,119.95,1,46,15,3,0,0,1467
"Aug 30, 2025","=""400654489506156""",B.Keyword.Products.SB.UPS.BestSellers,,250,DAILY_BUDGET,PAUSED,USD,44573,54,592.17,359.9,2,2,2,359.9,2,82,58,5,0,0,13403
"Sep 05, 2025","=""367333782614376""",N.SB.Products.SB.UPS.PFCRM,,250,DAILY_BUDGET,PAUSED,USD,0,0,0.0,0.0,0,0,0,0.0,0,0,0,0,0,0,0
"Sep 04, 2025","=""501364882562485""",C.Keyword.Video.SB.UPS.IntelligentLCD.CP1500AVRLCD3.B0BCMLLSHL,,250,DAILY_BUDGET,ENABLED,USD,1487,5,107.06,199.95,1,1,1,199.95,1,5,2,1,261,46,356
"Oct 01, 2025","=""450441693358033""",B2B - B.Keyword.Products.SB.UPS.1500units,,250,DAILY_BUDGET,ENABLED,USD,2200,5,41.01,529.9,2,2,0,0.0,0,13,0,2,0,0,96
"Nov 30, 2025","=""369323377946560""",B2B - N.Keyword.Store.SB.UPS.StoreSpotlight,,250,DAILY_BUDGET,ENABLED,USD,1395,3,30.59,149.95,1,1,1,149.95,1,14,4,1,0,0,579
"Sep 21, 2025","=""288898439745613""",B2B - N.Keyword.Products.SB.UPS.1500units,,250,DAILY_BUDGET,ENABLED,USD,1808,6,42.53,71.42,2,4,1,12.95,1,37,20,7,0,0,575
"Oct 05, 2025","=""490434522578484""",C.Keyword.Video.SB.UPS.PFCSinewave.CP1500PFCLCD.B00429N19W,,250,DAILY_BUDGET,ENABLED,USD,266,0,0.0,0.0,0,0,0,0.0,0,0,0,0,18,4,35
"Oct 15, 2025","=""438623516658807""",N.Keyword.Video.SB.UPS.IntelligentLCD.CP1500AVRLCD3.B0BCMLLSHL,,250,DAILY_BUDGET,PAUSED,USD,46885,183,1514.36,1914.5,6,10,5,964.75,5,291,11,16,3106,482,5270
"Sep 07, 2025","=""335733425531216""",N.Keyword.Video.SB.UPS.PFCSinewave.CP1500PFCLCD.B00429N19W,,250,DAILY_BUDGET,ENABLED,USD,7154,83,272.69,1378.64,7,8,5,948.79,5,187,84,15,1610,589,2115
"Oct 10, 2025","=""293529288726869""",B.Keyword.Video.SB.UPS.PFCSinewave.CP1500PFCLCD.B00429N19W,,250,DAILY_BUDGET,ENABLED,USD,869,9,53.04,1876.85,3,3,3,1876.85,3,22,6,6,152,58,206
"Nov 03, 2025","=""288898439745613""",B2B - N.Keyword.Products.SB.UPS.1500units,,250,DAILY_BUDGET,ENABLED,USD,3180,18,109.81,2089.6,8,8,5,1481.75,5,47,7,11,0,0,970
"Nov 07, 2025","=""501364882562485""",C.Keyword.Video.SB.UPS.IntelligentLCD.CP1500AVRLCD3.B0BCMLLSHL,,250,DAILY_BUDGET,ENABLED,USD,750,2,12.67,0.0,0,0,0,0.0,0,3,0,0,108,22,151
"Oct 26, 2025","=""450441693358033""",B2B - B.Keyword.Products.SB.UPS.1500units,,250,DAILY_BUDGET,ENABLED,USD,496,1,35.5,0.0,0,0,0,0.0,0,1,0,0,0,0,38
"Oct 08, 2025","=""369323377946560""",B2B - N.Keyword.Store.SB.UPS.StoreSpotlight,,250,DAILY_BUDGET,ENABLED,USD,5686,25,390.36,514.89,3,3,2,274.94,2,27,31,5,0,0,1984
"Oct 03, 2025","=""501364882562485""",C.Keyword.Video.SB.UPS.IntelligentLCD.CP1500AVRLCD3.B0BCMLLSHL,,250,DAILY_BUDGET,ENABLED,USD,977,6,91.74,0.0,0,0,0,0.0,0,5,1,0,155,40,214
"Sep 01, 2025","=""300358990869228""",B.Keyword.Store.SB.UPS.StoreSpotlight,,250,DAILY_BUDGET,ENABLED,USD,203,0,1.72,0.0,0,0,0,0.0,0,3,1,0,0,0,153
"Sep 14, 2025","=""501364882562485""",C.Keyword.Video.SB.UPS.IntelligentLCD.CP1500AVRLCD3.B0BCMLLSHL,,250,DAILY_BUDGET,ENABLED,USD,991,6,112.14,0.0,0,0,0,0.0,0,8,2,0,213,45,244
"Nov 10, 2025","=""293529288726869""",B.Keyword.Video.SB.UPS.PFCSinewave.CP1500PFCLCD.B00429N19W,,250,DAILY_BUDGET,ENABLED,USD,244,5,40.58,289.9,2,2,1,89.95,1,20,3,2,61,18,72
"Nov 18, 2025","=""362619829731385""",B.Keyword.Video.SB.UPS.IntelligentLCD.CP1500AVRLCD3.B0BCMLLSHL,,250,DAILY_BUDGET,ENABLED,USD,3628,34,299.9,1329.7,6,6,4,789.8,4,118,19,9,562,115,785
"Nov 02, 2025","=""490434522578484""",C.Keyword.Video.SB.UPS.PFCSinewave.CP1500PFCLCD.B00429N19W,,250,DAILY_BUDGET,ENABLED,USD,1226,4,32.48,0.0,0,0,0,0.0,0,4,3,0,206,72,256
"Oct 01, 2025","=""300358990869228""",B.Keyword.Store.SB.UPS.StoreSpotlight,,250,DAILY_BUDGET,ENABLED,USD,29137,93,1976.04,8733.08,50,103,29,4529.37,57,529,104,70,0,0,19267
"Oct 27, 2025","=""362619829731385""",B.Keyword.Video.SB.UPS.IntelligentLCD.CP1500AVRLCD3.B0BCMLLSHL,,250,DAILY_BUDGET,ENABLED,USD,3557,25,183.76,1107.74,6,6,2,389.9,2,57,7,10,557,111,768
"Nov 23, 2025","=""517243732232070""",B.RSOV.Products.SB.UPS.1500units,,14507,LIFETIME_BUDGET,ENABLED,USD,1464,32,0.0,519.85,3,3,3,519.85,3,129,26,13,0,0,1104
"Sep 10, 2025","=""369323377946560""",B2B - N.Keyword.Store.SB.UPS.StoreSpotlight,,250,DAILY_BUDGET,ENABLED,USD,4597,12,183.79,179.95,1,1,0,0.0,0,8,12,3,0,0,2010
"Nov 22, 2025","=""369323377946560""",B2B - N.Keyword.Store.SB.UPS.StoreSpotlight,,250,DAILY_BUDGET,ENABLED,USD,1286,6,52.25,341.95,1,1,0,0.0,0,6,9,1,0,0,499
"Nov 05, 2025","=""288898439745613""",B2B - N.Keyword.Products.SB.UPS.1500units,,250,DAILY_BUDGET,ENABLED,USD,4494,15,136.61,531.9,2,2,0,0.0,0,25,7,4,0,0,1187
"Sep 20, 2025","=""335733425531216""",N.Keyword.Video.SB.UPS.PFCSinewave.CP1500PFCLCD.B00429N19W,,250,DAILY_BUDGET,ENABLED,USD,4863,69,240.23,979.7,6,6,5,919.75,5,146,63,21,1019,364,1337
"Oct 18, 2025","=""362619829731385""",B.Keyword.Video.SB.UPS.IntelligentLCD.CP1500AVRLCD3.B0BCMLLSHL,,250,DAILY_BUDGET,ENABLED,USD,1888,30,260.83,629.85,3,3,3,629.85,3,73,18,7,319,66,419
"Sep 02, 2025","=""369323377946560""",B2B - N.Keyword.Store.SB.UPS.StoreSpotlight,,250,DAILY_BUDGET,ENABLED,USD,5057,26,307.97,2660.65,4,7,4,2660.65,7,20,28,8,0,0,2221
"Sep 17, 2025","=""288898439745613""",B2B - N.Keyword.Products.SB.UPS.1500units,,250,DAILY_BUDGET,ENABLED,USD,10524,21,238.01,1839.66,7,8,3,889.85,3,34,11,10,0,0,3149
"Sep 14, 2025","=""335733425531216""",N.Keyword.Video.SB.UPS.PFCSinewave.CP1500PFCLCD.B00429N19W,,250,DAILY_BUDGET,ENABLED,USD,4497,43,137.87,5018.39,10,13,9,3939.44,12,102,85,10,864,302,1159
"Nov 11, 2025","=""369323377946560""",B2B - N.Keyword.Store.SB.UPS.StoreSpotlight,,250,DAILY_BUDGET,ENABLED,USD,2540,10,134.39,379.9,2,2,2,379.9,2,9,10,2,0,0,1053
"Oct 31, 2025","=""300358990869228""",B.Keyword.Store.SB.UPS.StoreSpotlight,,250,DAILY_BUDGET,ENABLED,USD,26492,92,829.45,3464.55,23,23,18,2515.18,18,517,126,49,0,0,15335
"Nov 10, 2025","=""300358990869228""",B.Keyword.Store.SB.UPS.StoreSpotlight,,250,DAILY_BUDGET,ENABLED,USD,9682,39,213.95,4504.74,20,37,15,3175.59,30,403,55,60,0,0,5590
"Oct 24, 2025","=""516203922618177""",N.Keyword.Store.SB.UPS.StoreSpotlight,,250,DAILY_BUDGET,ENABLED,USD,73609,180,881.44,2000.0,13,13,13,2000.0,13,336,249,33,0,0,24998
"Sep 02, 2025","=""450441693358033""",B2B - B.Keyword.Products.SB.UPS.1500units,,250,DAILY_BUDGET,ENABLED,USD,2114,6,72.88,359.95,1,1,0,0.0,0,16,1,5,0,0,152
"Oct 19, 2025","=""300358990869228""",B.Keyword.Store.SB.UPS.StoreSpotlight,,250,DAILY_BUDGET,ENABLED,USD,33611,81,1100.29,1625.46,16,17,11,1048.02,12,474,142,53,0,0,20355
"Sep 19, 2025","=""293529288726869""",B.Keyword.Video.SB.UPS.PFCSinewave.CP1500PFCLCD.B00429N19W,,250,DAILY_BUDGET,ENABLED,USD,1035,21,477.61,767.75,5,5,2,419.9,2,69,19,7,231,84,282
"Sep 17, 2025","=""335733425531216""",N.Keyword.Video.SB.UPS.PFCSinewave.CP1500PFCLCD.B00429N19W,,250,DAILY_BUDGET,ENABLED,USD,7018,74,249.66,6040.7,14,26,4,959.8,4,164,88,14,1615,549,2120
"Oct 27, 2025","=""300358990869228""",B.Keyword.Store.SB.UPS.StoreSpotlight,,250,DAILY_BUDGET,ENABLED,USD,30815,117,1003.37,8915.65,31,51,22,4399.25,26,517,148,63,0,0,18397
"Sep 18, 2025","=""367333782614376""",N.SB.Products.SB.UPS.PFCRM,,250,DAILY_BUDGET,PAUSED,USD,0,0,0.0,0.0,0,0,0,0.0,0,0,0,0,0,0,0
"Nov 02, 2025","=""438623516658807""",N.Keyword.Video.SB.UPS.IntelligentLCD.CP1500AVRLCD3.B0BCMLLSHL,,250,DAILY_BUDGET,PAUSED,USD,153206,943,5642.21,2259.35,13,13,11,1999.45,11,1496,40,64,14966,1374,30932
"Sep 14, 2025","=""349078398145277""",N.SB.Products.SB.UPS.Eco,,250,DAILY_BUDGET,PAUSED,USD,0,0,0.0,0.0,0,0,0,0.0,0,0,0,0,0,0,0
"Nov 22, 2025","=""293529288726869""",B.Keyword.Video.SB.UPS.PFCSinewave.CP1500PFCLCD.B00429N19W,,250,DAILY_BUDGET,ENABLED,USD,59,0,0.0,0.0,0,0,0,0.0,0,0,0,0,11,1,17
"Oct 02, 2025","=""450441693358033""",B2B - B.Keyword.Products.SB.UPS.1500units,,250,DAILY_BUDGET,ENABLED,USD,1367,2,6.27,359.95,1,1,1,359.95,1,7,0,2,0,0,77
"Nov 25, 2025","=""490434522578484""",C.Keyword.Video.SB.UPS.PFCSinewave.CP1500PFCLCD.B00429N19W,,250,DAILY_BUDGET,ENABLED,USD,700,0,0.0,0.0,0,0,0,0.0,0,0,0,0,98,17,141
"Sep 05, 2025","=""349078398145277""",N.SB.Products.SB.UPS.Eco,,250,DAILY_BUDGET,PAUSED,USD,0,0,0.0,0.0,0,0,0,0.0,0,0,0,0,0,0,0
"Nov 09, 2025","=""369323377946560""",B2B - N.Keyword.Store.SB.UPS.StoreSpotlight,,250,DAILY_BUDGET,ENABLED,USD,1122,5,19.57,550.9,2,2,0,0.0,0,14,8,4,0,0,521
"Nov 30, 2025","=""300358990869228""",B.Keyword.Store.SB.UPS.StoreSpotlight,,250,DAILY_BUDGET,ENABLED,USD,2331,13,23.3,264.64,3,3,3,264.64,3,79,21,9,0,0,1580
"Oct 26, 2025","=""425328024590643""",C.Keyword.Products.SB.UPS.1500units,,250,DAILY_BUDGET,ENABLED,USD,3665,12,23.84,0.0,0,0,0,0.0,0,22,11,1,0,0,1172
"Sep 13, 2025","=""452338404496050""",B.SB.Products.SB.UPS.PFC,,250,DAILY_BUDGET,PAUSED,USD,0,0,0.0,0.0,0,0,0,0.0,0,0,0,0,0,0,0
"Oct 18, 2025","=""369323377946560""",B2B - N.Keyword.Store.SB.UPS.StoreSpotlight,,250,DAILY_BUDGET,ENABLED,USD,1213,5,73.98,607.85,2,3,2,607.85,3,4,6,2,0,0,465
"Nov 28, 2025","=""335733425531216""",N.Keyword.Video.SB.UPS.PFCSinewave.CP1500PFCLCD.B00429N19W,,250,DAILY_BUDGET,ENABLED,USD,7263,47,129.2,1819.65,7,8,5,1099.75,5,140,16,8,994,281,1427
"Sep 01, 2025","=""335733425531216""",N.Keyword.Video.SB.UPS.PFCSinewave.CP1500PFCLCD.B00429N19W,,250,DAILY_BUDGET,ENABLED,USD,3842,28,91.25,609.85,3,3,3,609.85,3,50,16,3,608,226,884
"Sep 26, 2025","=""293529288726869""",B.Keyword.Video.SB.UPS.PFCSinewave.CP1500PFCLCD.B00429N19W,,250,DAILY_BUDGET,ENABLED,USD,949,13,229.86,0.0,0,0,0,0.0,0,36,11,0,183,56,247
"Sep 02, 2025","=""456008348744441""",N.SB.Products.SB.UPS.PFC,,250,DAILY_BUDGET,PAUSED,USD,41705,53,155.1,0.0,0,0,0,0.0,0,47,48,0,0,0,12859
"Sep 05, 2025","=""533624646611887""",C.Keyword.Store.SB.UPS.StoreSpotlight,,250,DAILY_BUDGET,PAUSED,USD,0,0,0.0,0.0,0,0,0,0.0,0,0,0,0,0,0,0
"Nov 22, 2025","=""362619829731385""",B.Keyword.Video.SB.UPS.IntelligentLCD.CP1500AVRLCD3.B0BCMLLSHL,,250,DAILY_BUDGET,ENABLED,USD,3073,29,239.29,55.0,1,1,0,0.0,0,79,3,3,418,75,586
"Aug 30, 2025","=""490434522578484""",C.Keyword.Video.SB.UPS.PFCSinewave.CP1500PFCLCD.B00429N19W,,250,DAILY_BUDGET,ENABLED,USD,399,2,7.2,0.0,0,0,0,0.0,0,0,0,0,49,11,88
"Nov 18, 2025","=""516203922618177""",N.Keyword.Store.SB.UPS.StoreSpotlight,,250,DAILY_BUDGET,ENABLED,USD,99631,277,979.82,4516.63,23,29,20,4030.84,24,439,404,53,0,0,25615
"Nov 10, 2025","=""369323377946560""",B2B - N.Keyword.Store.SB.UPS.StoreSpotlight,,250,DAILY_BUDGET,ENABLED,USD,2938,9,88.74,1063.65,3,7,3,1063.65,7,24,19,4,0,0,1190
"Sep 23, 2025","=""300358990869228""",B.Keyword.Store.SB.UPS.StoreSpotlight,,250,DAILY_BUDGET,ENABLED,USD,495,5,10.61,1476.7,5,6,4,1116.75,5,62,5,11,0,0,326
"Oct 27, 2025","=""450441693358033""",B2B - B.Keyword.Products.SB.UPS.1500units,,250,DAILY_BUDGET,ENABLED,USD,2701,3,17.82,341.95,1,1,0,0.0,0,5,2,1,0,0,146
"Nov 14, 2025","=""335733425531216""",N.Keyword.Video.SB.UPS.PFCSinewave.CP1500PFCLCD.B00429N19W,,250,DAILY_BUDGET,ENABLED,USD,4184,35,87.85,609.85,3,3,2,459.9,2,101,23,10,530,149,828
"Nov 03, 2025","=""501364882562485""",C.Keyword.Video.SB.UPS.IntelligentLCD.CP1500AVRLCD3.B0BCMLLSHL,,250,DAILY_BUDGET,ENABLED,USD,956,6,50.57,239.95,1,1,0,0.0,0,10,4,1,164,36,223
"Nov 25, 2025","=""450441693358033""",B2B - B.Keyword.Products.SB.UPS.1500units,,250,DAILY_BUDGET,ENABLED,USD,1419,5,27.1,0.0,0,0,0,0.0,0,16,0,0,0,0,111
"Oct 31, 2025","=""353873361287335""",B2B - B.Keyword.Store.SB.UPS.StoreSpotlight,,250,DAILY_BUDGET,ENABLED,USD,239,4,3.14,703.9,1,1,0,0.0,0,11,5,2,0,0,119
"Nov 16, 2025","=""335733425531216""",N.Keyword.Video.SB.UPS.PFCSinewave.CP1500PFCLCD.B00429N19W,,250,DAILY_BUDGET,ENABLED,USD,4132,28,80.08,0.0,0,0,0,0.0,0,137,4,4,546,159,820
"Nov 05, 2025","=""516203922618177""",N.Keyword.Store.SB.UPS.StoreSpotlight,,250,DAILY_BUDGET,ENABLED,USD,147367,425,1841.97,6714.78,43,48,38,5855.63,41,652,552,70,0,0,44887
"Nov 24, 2025","=""353873361287335""",B2B - B.Keyword.Store.SB.UPS.StoreSpotlight,,250,DAILY_BUDGET,ENABLED,USD,387,1,2.61,151.9,1,2,1,151.9,2,0,1,0,0,0,154
"Nov 11, 2025","=""425328024590643""",C.Keyword.Products.SB.UPS.1500units,,250,DAILY_BUDGET,ENABLED,USD,8376,23,57.34,439.9,2,2,1,239.95,1,55,15,4,0,0,2658
"Oct 11, 2025","=""400654489506156""",B.Keyword.Products.SB.UPS.BestSellers,,250,DAILY_BUDGET,PAUSED,USD,45762,64,476.51,601.8,3,4,2,431.85,3,93,74,6,0,0,14193
"Sep 11, 2025","=""288898439745613""",B2B - N.Keyword.Products.SB.UPS.1500units,,250,DAILY_BUDGET,ENABLED,USD,9461,28,243.95,5554.04,10,20,4,811.45,4,61,28,14,0,0,3057
"Nov 03, 2025","=""516203922618177""",N.Keyword.Store.SB.UPS.StoreSpotlight,,250,DAILY_BUDGET,ENABLED,USD,104910,244,1052.07,4597.25,22,35,18,4067.55,29,306,327,33,0,0,29588
"Oct 13, 2025","=""335733425531216""",N.Keyword.Video.SB.UPS.PFCSinewave.CP1500PFCLCD.B00429N19W,,250,DAILY_BUDGET,ENABLED,USD,6968,52,166.74,2497.44,12,12,9,1897.59,9,135,46,15,1194,347,1666
"Sep 19, 2025","=""335733425531216""",N.Keyword.Video.SB.UPS.PFCSinewave.CP1500PFCLCD.B00429N19W,,250,DAILY_BUDGET,ENABLED,USD,6971,63,221.04,960.79,4,5,4,960.79,5,114,102,11,1544,521,2042
"Nov 13, 2025","=""335733425531216""",N.Keyword.Video.SB.UPS.PFCSinewave.CP1500PFCLCD.B00429N19W,,250,DAILY_BUDGET,ENABLED,USD,4324,15,35.16,199.95,1,1,1,199.95,1,62,9,4,491,121,871
"Nov 12, 2025","=""425328024590643""",C.Keyword.Products.SB.UPS.1500units,,250,DAILY_BUDGET,ENABLED,USD,6560,18,41.96,0.0,0,0,0,0.0,0,66,11,2,0,0,2156
"Oct 25, 2025","=""353873361287335""",B2B - B.Keyword.Store.SB.UPS.StoreSpotlight,,250,DAILY_BUDGET,ENABLED,USD,123,0,0.0,0.0,0,0,0,0.0,0,0,0,0,0,0,79
"Sep 23, 2025","=""369323377946560""",B2B - N.Keyword.Store.SB.UPS.StoreSpotlight,,250,DAILY_BUDGET,ENABLED,USD,5168,21,301.25,1532.28,4,7,4,1532.28,7,15,21,6,0,0,1941
"Nov 12, 2025","=""369323377946560""",B2B - N.Keyword.Store.SB.UPS.StoreSpotlight,,250,DAILY_BUDGET,ENABLED,USD,2915,16,176.95,360.9,2,2,1,132.95,1,18,20,4,0,0,1216
"Sep 01, 2025","=""450441693358033""",B2B - B.Keyword.Products.SB.UPS.1500units,,250,DAILY_BUDGET,ENABLED,USD,635,2,24.0,0.0,0,0,0,0.0,0,10,0,1,0,0,29
"Oct 18, 2025","=""490434522578484""",C.Keyword.Video.SB.UPS.PFCSinewave.CP1500PFCLCD.B00429N19W,,250,DAILY_BUDGET,ENABLED,USD,352,1,7.01,0.0,0,0,0,0.0,0,1,0,0,75,23,98
"Sep 14, 2025","=""288898439745613""",B2B - N.Keyword.Products.SB.UPS.1500units,,250,DAILY_BUDGET,ENABLED,USD,5009,6,28.05,1976.75,2,30,0,0.0,0,11,5,3,0,0,1862
"Oct 08, 2025","=""288898439745613""",B2B - N.Keyword.Products.SB.UPS.1500units,,250,DAILY_BUDGET,ENABLED,USD,5961,27,236.31,2372.75,5,5,1,359.95,1,47,14,8,0,0,1530
"Nov 28, 2025","=""516203922618177""",N.Keyword.Store.SB.UPS.StoreSpotlight,,250,DAILY_BUDGET,ENABLED,USD,159327,485,1764.6,7120.5,44,50,32,5311.1,38,1018,650,88,0,0,41919
"Nov 14, 2025","=""490434522578484""",C.Keyword.Video.SB.UPS.PFCSinewave.CP1500PFCLCD.B00429N19W,,250,DAILY_BUDGET,ENABLED,USD,789,3,25.89,0.0,0,0,0,0.0,0,4,0,0,142,35,197
"Sep 07, 2025","=""490434522578484""",C.Keyword.Video.SB.UPS.PFCSinewave.CP1500PFCLCD.B00429N19W,,250,DAILY_BUDGET,ENABLED,USD,806,5,105.71,239.95,1,1,0,0.0,0,30,9,1,135,48,190
"Oct 26, 2025","=""335733425531216""",N.Keyword.Video.SB.UPS.PFCSinewave.CP1500PFCLCD.B00429N19W,,250,DAILY_BUDGET,ENABLED,USD,4230,14,37.56,179.95,1,1,1,179.95,1,15,12,1,411,97,721
"Nov 11, 2025","=""516203922618177""",N.Keyword.Store.SB.UPS.StoreSpotlight,,250,DAILY_BUDGET,ENABLED,USD,148000,395,1497.11,4294.01,30,32,22,3314.41,24,599,524,60,0,0,42131
"Oct 25, 2025","=""300358990869228""",B.Keyword.Store.SB.UPS.StoreSpotlight,,250,DAILY_BUDGET,ENABLED,USD,33616,106,1104.16,4157.88,28,33,20,2610.33,22,770,170,74,0,0,20355
"Nov 22, 2025","=""517243732232070""",B.RSOV.Products.SB.UPS.1500units,,14507,LIFETIME_BUDGET,ENABLED,USD,1286,36,0.0,549.85,3,3,3,549.85,3,106,33,7,0,0,958
"Aug 29, 2025","=""349078398145277""",N.SB.Products.SB.UPS.Eco,,250,DAILY_BUDGET,PAUSED,USD,34547,127,309.3,326.85,3,3,3,326.85,3,197,95,9,0,0,8846
"Sep 15, 2025","=""300358990869228""",B.Keyword.Store.SB.UPS.StoreSpotlight,,250,DAILY_BUDGET,ENABLED,USD,477,9,13.61,1540.65,16,16,16,1540.65,16,101,19,21,0,0,323
"Nov 24, 2025","=""490434522578484""",C.Keyword.Video.SB.UPS.PFCSinewave.CP1500PFCLCD.B00429N19W,,250,DAILY_BUDGET,ENABLED,USD,695,6,55.41,0.0,0,0,0,0.0,0,26,3,2,99,29,162
"Sep 21, 2025","=""400654489506156""",B.Keyword.Products.SB.UPS.BestSellers,,250,DAILY_BUDGET,PAUSED,USD,69749,76,693.89,158.9,2,2,2,158.9,2,155,110,11,0,0,18501
"Nov 03, 2025","=""438623516658807""",N.Keyword.Video.SB.UPS.IntelligentLCD.CP1500AVRLCD3.B0BCMLLSHL,,250,DAILY_BUDGET,PAUSED,USD,191034,998,5907.55,4926.74,23,26,17,3767.04,20,1431,33,77,17294,1721,35571
"Nov 16, 2025","=""516203922618177""",N.Keyword.Store.SB.UPS.StoreSpotlight,,250,DAILY_BUDGET,ENABLED,USD,126280,339,1194.64,4003.12,27,28,24,3573.27,25,603,435,70,0,0,34894
"Nov 14, 2025","=""300358990869228""",B.Keyword.Store.SB.UPS.StoreSpotlight,,250,DAILY_BUDGET,ENABLED,USD,3065,10,57.41,1059.27,8,9,4,519.84,4,187,22,22,0,0,1769
"Oct 12, 2025","=""353873361287335""",B2B - B.Keyword.Store.SB.UPS.StoreSpotlight,,250,DAILY_BUDGET,ENABLED,USD,123,2,9.25,0.0,0,0,0,0.0,0,2,5,0,0,0,56
"Sep 02, 2025","=""349078398145277""",N.SB.Products.SB.UPS.Eco,,250,DAILY_BUDGET,PAUSED,USD,36763,154,347.31,1478.35,7,13,6,758.65,7,187,123,14,0,0,9299
"Nov 22, 2025","=""300358990869228""",B.Keyword.Store.SB.UPS.StoreSpotlight,,250,DAILY_BUDGET,ENABLED,USD,1520,3,18.17,179.95,1,1,1,179.95,1,105,12,13,0,0,906
"Oct 31, 2025","=""425328024590643""",C.Keyword.Products.SB.UPS.1500units,,250,DAILY_BUDGET,ENABLED,USD,6605,12,24.12,89.95,1,1,1,89.95,1,29,4,2,0,0,1660
"Oct 11, 2025","=""293529288726869""",B.Keyword.Video.SB.UPS.PFCSinewave.CP1500PFCLCD.B00429N19W,,250,DAILY_BUDGET,ENABLED,USD,739,11,166.39,0.0,0,0,0,0.0,0,31,7,0,122,47,158
"Nov 06, 2025","=""438623516658807""",N.Keyword.Video.SB.UPS.IntelligentLCD.CP1500AVRLCD3.B0BCMLLSHL,,250,DAILY_BUDGET,PAUSED,USD,0,0,0.0,0.0,0,0,0,0.0,0,0,0,0,0,0,0
"Nov 27, 2025","=""490434522578484""",C.Keyword.Video.SB.UPS.PFCSinewave.CP1500PFCLCD.B00429N19W,,250,DAILY_BUDGET,ENABLED,USD,447,0,0.0,0.0,0,0,0,0.0,0,0,0,0,62,24,93
"Sep 03, 2025","=""516203922618177""",N.Keyword.Store.SB.UPS.StoreSpotlight,,250,DAILY_BUDGET,ENABLED,USD,984,2,3.02,0.0,0,0,0,0.0,0,2,2,0,0,0,273
"Nov 27, 2025","=""288898439745613""",B2B - N.Keyword.Products.SB.UPS.1500units,,250,DAILY_BUDGET,ENABLED,USD,1648,7,113.77,746.79,3,5,3,746.79,5,15,1,3,0,0,530
"Oct 26, 2025","=""288898439745613""",B2B - N.Keyword.Products.SB.UPS.1500units,,250,DAILY_BUDGET,ENABLED,USD,1067,6,48.83,1234.8,3,4,1,341.95,1,8,2,5,0,0,377
"Nov 18, 2025","=""450441693358033""",B2B - B.Keyword.Products.SB.UPS.1500units,,250,DAILY_BUDGET,ENABLED,USD,2501,4,69.03,2512.62,6,8,1,227.95,1,60,0,9,0,0,115
"Sep 08, 2025","=""501138070676838""",N.SB.Products.SB.UPS.AVR,,250,DAILY_BUDGET,PAUSED,USD,0,0,0.0,0.0,0,0,0,0.0,0,0,0,0,0,0,0
"Oct 20, 2025","=""438623516658807""",N.Keyword.Video.SB.UPS.IntelligentLCD.CP1500AVRLCD3.B0BCMLLSHL,,250,DAILY_BUDGET,PAUSED,USD,75764,436,3449.9,2549.4,12,12,11,2349.45,11,753,21,42,7308,941,13817
"Oct 08, 2025","=""293529288726869""",B.Keyword.Video.SB.UPS.PFCSinewave.CP1500PFCLCD.B00429N19W,,250,DAILY_BUDGET,ENABLED,USD,1711,23,288.96,239.95,1,1,1,239.95,1,51,16,7,310,102,414
"Sep 07, 2025","=""533624646611887""",C.Keyword.Store.SB.UPS.StoreSpotlight,,250,DAILY_BUDGET,PAUSED,USD,0,0,0.0,0.0,0,0,0,0.0,0,0,0,0,0,0,0
"Nov 13, 2025","=""327967099369911""",N.Keyword.Products.SB.UPS.1500units,,250,DAILY_BUDGET,PAUSED,USD,0,0,0.0,0.0,0,0,0,0.0,0,0,0,0,0,0,0
"Nov 21, 2025","=""425328024590643""",C.Keyword.Products.SB.UPS.1500units,,250,DAILY_BUDGET,ENABLED,USD,9653,17,44.04,119.95,1,1,1,119.95,1,39,4,4,0,0,2703
"Oct 03, 2025","=""288898439745613""",B2B - N.Keyword.Products.SB.UPS.1500units,,250,DAILY_BUDGET,ENABLED,USD,4307,12,59.19,359.95,1,1,0,0.0,0,30,12,3,0,0,968
"Oct 20, 2025","=""300358990869228""",B.Keyword.Store.SB.UPS.StoreSpotlight,,250,DAILY_BUDGET,ENABLED,USD,23471,63,757.44,2815.32,15,16,8,1535.64,8,364,109,54,0,0,13840
"Oct 25, 2025","=""490434522578484""",C.Keyword.Video.SB.UPS.PFCSinewave.CP1500PFCLCD.B00429N19W,,250,DAILY_BUDGET,ENABLED,USD,645,0,0.0,0.0,0,0,0,0.0,0,0,0,0,78,25,121
"Sep 07, 2025","=""425328024590643""",C.Keyword.Products.SB.UPS.1500units,,250,DAILY_BUDGET,ENABLED,USD,0,0,0.0,0.0,0,0,0,0.0,0,0,0,0,0,0,0
"Sep 10, 2025","=""300358990869228""",B.Keyword.Store.SB.UPS.StoreSpotlight,,250,DAILY_BUDGET,ENABLED,USD,3972,13,2020.34,515.85,3,3,3,515.85,3,90,27,15,0,0,3283
"Oct 04, 2025","=""450441693358033""",B2B - B.Keyword.Products.SB.UPS.1500units,,250,DAILY_BUDGET,ENABLED,USD,417,0,0.0,0.0,0,0,0,0.0,0,0,0,0,0,0,21
"Sep 02, 2025","=""490434522578484""",C.Keyword.Video.SB.UPS.PFCSinewave.CP1500PFCLCD.B00429N19W,,250,DAILY_BUDGET,ENABLED,USD,914,1,9.95,0.0,0,0,0,0.0,0,1,0,0,131,21,198
"Oct 05, 2025","=""353873361287335""",B2B - B.Keyword.Store.SB.UPS.StoreSpotlight,,250,DAILY_BUDGET,ENABLED,USD,116,1,4.91,1116.85,3,4,0,0.0,0,13,1,5,0,0,61
"Nov 02, 2025","=""516203922618177""",N.Keyword.Store.SB.UPS.StoreSpotlight,,250,DAILY_BUDGET,ENABLED,USD,122059,256,1167.32,1691.38,13,14,12,1611.43,13,389,323,28,0,0,36553
"Sep 20, 2025","=""400654489506156""",B.Keyword.Products.SB.UPS.BestSellers,,250,DAILY_BUDGET,PAUSED,USD,64340,74,781.72,1739.6,8,8,6,1369.7,6,171,115,11,0,0,17120
"Nov 28, 2025","=""288898439745613""",B2B - N.Keyword.Products.SB.UPS.1500units,,250,DAILY_BUDGET,ENABLED,USD,2782,12,147.67,1025.85,3,3,0,0.0,0,46,7,5,0,0,941
"Oct 04, 2025","=""400654489506156""",B.Keyword.Products.SB.UPS.BestSellers,,250,DAILY_BUDGET,PAUSED,USD,45347,73,587.08,587.81,5,7,5,587.81,7,135,139,11,0,0,15392
"Oct 15, 2025","=""300358990869228""",B.Keyword.Store.SB.UPS.StoreSpotlight,,250,DAILY_BUDGET,ENABLED,USD,53062,181,1993.93,11813.91,62,87,41,7342.08,58,942,276,123,0,0,29368
"Nov 05, 2025","=""501364882562485""",C.Keyword.Video.SB.UPS.IntelligentLCD.CP1500AVRLCD3.B0BCMLLSHL,,250,DAILY_BUDGET,ENABLED,USD,1088,6,26.31,0.0,0,0,0,0.0,0,5,1,0,156,40,209
"Nov 14, 2025","=""516203922618177""",N.Keyword.Store.SB.UPS.StoreSpotlight,,250,DAILY_BUDGET,ENABLED,USD,93741,314,1168.49,3685.45,23,36,20,2540.05,24,527,412,61,0,0,26199
"Nov 07, 2025","=""288898439745613""",B2B - N.Keyword.Products.SB.UPS.1500units,,250,DAILY_BUDGET,ENABLED,USD,2701,8,31.37,417.9,2,2,2,417.9,2,21,4,4,0,0,763
"Aug 30, 2025","=""335733425531216""",N.Keyword.Video.SB.UPS.PFCSinewave.CP1500PFCLCD.B00429N19W,,250,DAILY_BUDGET,ENABLED,USD,3419,19,64.03,0.0,0,0,0,0.0,0,50,9,5,566,177,815
"Sep 26, 2025","=""450441693358033""",B2B - B.Keyword.Products.SB.UPS.1500units,,250,DAILY_BUDGET,ENABLED,USD,1572,1,33.87,0.0,0,0,0,0.0,0,1,0,0,0,0,92
"Aug 29, 2025","=""490434522578484""",C.Keyword.Video.SB.UPS.PFCSinewave.CP1500PFCLCD.B00429N19W,,250,DAILY_BUDGET,ENABLED,USD,700,2,24.44,0.0,0,0,0,0.0,0,2,1,0,96,21,168
"Nov 04, 2025","=""369323377946560""",B2B - N.Keyword.Store.SB.UPS.StoreSpotlight,,250,DAILY_BUDGET,ENABLED,USD,2605,14,147.8,645.85,3,3,2,417.9,2,14,15,4,0,0,1072
"Sep 23, 2025","=""400654489506156""",B.Keyword.Products.SB.UPS.BestSellers,,250,DAILY_BUDGET,PAUSED,USD,72980,85,771.78,2024.34,9,14,6,1386.5,10,221,116,19,0,0,24282
"Sep 29, 2025","=""400654489506156""",B.Keyword.Products.SB.UPS.BestSellers,,250,DAILY_BUDGET,PAUSED,USD,63472,60,468.0,459.8,4,4,4,459.8,4,155,80,11,0,0,19012
"Oct 21, 2025","=""516203922618177""",N.Keyword.Store.SB.UPS.StoreSpotlight,,250,DAILY_BUDGET,ENABLED,USD,141016,237,1193.48,1242.35,11,13,7,868.6,8,260,289,20,0,0,45526
"Sep 06, 2025","=""501364882562485""",C.Keyword.Video.SB.UPS.IntelligentLCD.CP1500AVRLCD3.B0BCMLLSHL,,250,DAILY_BUDGET,ENABLED,USD,1415,6,149.76,239.95,1,1,1,239.95,1,17,9,2,316,71,350
"Sep 12, 2025","=""335733425531216""",N.Keyword.Video.SB.UPS.PFCSinewave.CP1500PFCLCD.B00429N19W,,250,DAILY_BUDGET,ENABLED,USD,6323,48,155.37,2238.64,8,8,6,1638.74,6,103,46,12,1366,472,1802
"Nov 08, 2025","=""335733425531216""",N.Keyword.Video.SB.UPS.PFCSinewave.CP1500PFCLCD.B00429N19W,,250,DAILY_BUDGET,ENABLED,USD,3304,17,44.46,799.85,3,3,2,439.9,2,41,8,8,357,95,568
"Oct 12, 2025","=""335733425531216""",N.Keyword.Video.SB.UPS.PFCSinewave.CP1500PFCLCD.B00429N19W,,250,DAILY_BUDGET,ENABLED,USD,4853,29,85.2,269.9,2,2,1,179.95,1,78,39,3,748,229,1123
"Sep 15, 2025","=""452338404496050""",B.SB.Products.SB.UPS.PFC,,250,DAILY_BUDGET,PAUSED,USD,0,0,0.0,0.0,0,0,0,0.0,0,0,0,0,0,0,0
"Sep 01, 2025","=""367333782614376""",N.SB.Products.SB.UPS.PFCRM,,250,DAILY_BUDGET,PAUSED,USD,36066,115,289.12,359.95,1,1,1,359.95,1,215,122,16,0,0,7280
"Oct 31, 2025","=""335733425531216""",N.Keyword.Video.SB.UPS.PFCSinewave.CP1500PFCLCD.B00429N19W,,250,DAILY_BUDGET,ENABLED,USD,3138,18,47.54,239.95,1,1,1,239.95,1,31,10,2,270,67,488
"Nov 25, 2025","=""335733425531216""",N.Keyword.Video.SB.UPS.PFCSinewave.CP1500PFCLCD.B00429N19W,,250,DAILY_BUDGET,ENABLED,USD,5744,37,88.73,1129.49,6,6,4,769.84,4,105,21,12,737,212,1187
"Nov 08, 2025","=""450441693358033""",B2B - B.Keyword.Products.SB.UPS.1500units,,250,DAILY_BUDGET,ENABLED,USD,548,0,0.0,0.0,0,0,0,0.0,0,0,0,0,0,0,38
"Nov 01, 2025","=""490434522578484""",C.Keyword.Video.SB.UPS.PFCSinewave.CP1500PFCLCD.B00429N19W,,250,DAILY_BUDGET,ENABLED,USD,855,1,6.93,0.0,0,0,0,0.0,0,1,0,0,123,28,186
"Sep 13, 2025","=""369323377946560""",B2B - N.Keyword.Store.SB.UPS.StoreSpotlight,,250,DAILY_BUDGET,ENABLED,USD,1430,11,146.67,309.9,2,2,2,309.9,2,16,12,2,0,0,605
"Sep 30, 2025","=""335733425531216""",N.Keyword.Video.SB.UPS.PFCSinewave.CP1500PFCLCD.B00429N19W,,250,DAILY_BUDGET,ENABLED,USD,6795,52,164.26,1429.74,6,6,3,719.85,3,154,43,12,1068,351,1541
"Oct 07, 2025","=""501364882562485""",C.Keyword.Video.SB.UPS.IntelligentLCD.CP1500AVRLCD3.B0BCMLLSHL,,250,DAILY_BUDGET,ENABLED,USD,2572,7,87.29,0.0,0,0,0,0.0,0,7,9,0,422,65,583
"Sep 10, 2025","=""490434522578484""",C.Keyword.Video.SB.UPS.PFCSinewave.CP1500PFCLCD.B00429N19W,,250,DAILY_BUDGET,ENABLED,USD,900,2,25.89,269.85,1,3,1,269.85,3,4,0,1,149,34,207
"Oct 24, 2025","=""400654489506156""",B.Keyword.Products.SB.UPS.BestSellers,,250,DAILY_BUDGET,PAUSED,USD,0,0,0.0,0.0,0,0,0,0.0,0,0,0,0,0,0,0
"Nov 09, 2025","=""335733425531216""",N.Keyword.Video.SB.UPS.PFCSinewave.CP1500PFCLCD.B00429N19W,,250,DAILY_BUDGET,ENABLED,USD,4054,31,77.06,729.84,3,4,3,729.84,4,67,13,5,447,144,742
"Oct 16, 2025","=""425328024590643""",C.Keyword.Products.SB.UPS.1500units,,250,DAILY_BUDGET,ENABLED,USD,8429,12,34.5,0.0,0,0,0,0.0,0,9,7,0,0,0,2185
"Nov 25, 2025","=""425328024590643""",C.Keyword.Products.SB.UPS.1500units,,250,DAILY_BUDGET,ENABLED,USD,8904,23,44.81,199.95,1,1,1,199.95,1,54,14,3,0,0,3050
"Nov 11, 2025","=""293529288726869""",B.Keyword.Video.SB.UPS.PFCSinewave.CP1500PFCLCD.B00429N19W,,250,DAILY_BUDGET,ENABLED,USD,265,5,61.57,0.0,0,0,0,0.0,0,16,2,2,69,26,85
"Oct 23, 2025","=""450441693358033""",B2B - B.Keyword.Products.SB.UPS.1500units,,250,DAILY_BUDGET,ENABLED,USD,1514,6,20.63,2550.54,8,10,0,0.0,0,37,0,5,0,0,135
"Oct 18, 2025","=""501364882562485""",C.Keyword.Video.SB.UPS.IntelligentLCD.CP1500AVRLCD3.B0BCMLLSHL,,250,DAILY_BUDGET,ENABLED,USD,455,2,27.6,0.0,0,0,0,0.0,0,1,1,0,102,19,134
"Nov 08, 2025","=""369323377946560""",B2B - N.Keyword.Store.SB.UPS.StoreSpotlight,,250,DAILY_BUDGET,ENABLED,USD,850,2,9.85,227.95,1,1,0,0.0,0,19,2,1,0,0,380
"Nov 19, 2025","=""501364882562485""",C.Keyword.Video.SB.UPS.IntelligentLCD.CP1500AVRLCD3.B0BCMLLSHL,,250,DAILY_BUDGET,ENABLED,USD,852,2,13.01,0.0,0,0,0,0.0,0,2,0,1,110,16,173
"Nov 15, 2025","=""327967099369911""",N.Keyword.Products.SB.UPS.1500units,,250,DAILY_BUDGET,PAUSED,USD,0,0,0.0,0.0,0,0,0,0.0,0,0,0,0,0,0,0
"Oct 25, 2025","=""450441693358033""",B2B - B.Keyword.Products.SB.UPS.1500units,,250,DAILY_BUDGET,ENABLED,USD,293,0,0.0,0.0,0,0,0,0.0,0,0,0,0,0,0,28
"Sep 08, 2025","=""300358990869228""",B.Keyword.Store.SB.UPS.StoreSpotlight,,250,DAILY_BUDGET,ENABLED,USD,4219,15,2040.23,940.9,2,2,1,199.95,1,124,29,29,0,0,3408
"Sep 09, 2025","=""288898439745613""",B2B - N.Keyword.Products.SB.UPS.1500units,,250,DAILY_BUDGET,ENABLED,USD,14338,30,255.52,769.9,2,2,1,409.95,1,44,22,3,0,0,4889
"Oct 19, 2025","=""327967099369911""",N.Keyword.Products.SB.UPS.1500units,,250,DAILY_BUDGET,PAUSED,USD,372273,420,4330.08,1715.8,8,8,7,1355.85,7,521,298,28,0,0,117500
"Oct 20, 2025","=""400654489506156""",B.Keyword.Products.SB.UPS.BestSellers,,250,DAILY_BUDGET,PAUSED,USD,0,0,0.0,0.0,0,0,0,0.0,0,0,0,0,0,0,0
"Sep 04, 2025","=""456008348744441""",N.SB.Products.SB.UPS.PFC,,250,DAILY_BUDGET,PAUSED,USD,41749,46,153.88,79.95,1,1,1,79.95,1,22,43,1,0,0,12386
"Sep 20, 2025","=""369323377946560""",B2B - N.Keyword.Store.SB.UPS.StoreSpotlight,,250,DAILY_BUDGET,ENABLED,USD,1220,10,154.36,238.5,1,1,1,238.5,1,13,17,3,0,0,540
"Oct 23, 2025","=""300358990869228""",B.Keyword.Store.SB.UPS.StoreSpotlight,,250,DAILY_BUDGET,ENABLED,USD,33912,109,1118.89,2886.35,18,23,11,1863.22,12,470,145,67,0,0,20430
"Nov 21, 2025","=""450441693358033""",B2B - B.Keyword.Products.SB.UPS.1500units,,250,DAILY_BUDGET,ENABLED,USD,1760,7,92.66,1816.65,7,7,2,493.9,2,10,1,7,0,0,161
"Nov 29, 2025","=""362619829731385""",B.Keyword.Video.SB.UPS.IntelligentLCD.CP1500AVRLCD3.B0BCMLLSHL,,250,DAILY_BUDGET,ENABLED,USD,3970,28,180.86,519.85,3,3,3,519.85,3,76,11,11,491,91,750
"Oct 01, 2025","=""400654489506156""",B.Keyword.Products.SB.UPS.BestSellers,,250,DAILY_BUDGET,PAUSED,USD,68928,54,451.69,0.0,0,0,0,0.0,0,156,101,4,0,0,21913
"Sep 27, 2025","=""335733425531216""",N.Keyword.Video.SB.UPS.PFCSinewave.CP1500PFCLCD.B00429N19W,,250,DAILY_BUDGET,ENABLED,USD,4646,56,169.75,1663.64,8,8,6,1333.74,6,141,63,17,847,304,1211
"Oct 14, 2025","=""288898439745613""",B2B - N.Keyword.Products.SB.UPS.1500units,,250,DAILY_BUDGET,ENABLED,USD,4462,15,112.05,1127.75,5,5,2,348.9,2,41,7,10,0,0,1230
"Oct 15, 2025","=""450441693358033""",B2B - B.Keyword.Products.SB.UPS.1500units,,250,DAILY_BUDGET,ENABLED,USD,2197,4,108.25,1265.8,4,4,1,239.95,1,19,0,4,0,0,127
"Oct 21, 2025","=""327967099369911""",N.Keyword.Products.SB.UPS.1500units,,250,DAILY_BUDGET,PAUSED,USD,369584,428,4361.55,2390.55,9,9,9,2390.55,9,474,280,32,0,0,112186
"Nov 17, 2025","=""516203922618177""",N.Keyword.Store.SB.UPS.StoreSpotlight,,250,DAILY_BUDGET,ENABLED,USD,112062,377,1441.99,4074.47,31,33,25,3082.78,26,780,480,68,0,0,31293
"Nov 29, 2025","=""425328024590643""",C.Keyword.Products.SB.UPS.1500units,,250,DAILY_BUDGET,ENABLED,USD,9294,32,94.28,1009.79,5,5,4,919.8,4,109,27,6,0,0,3652
"Oct 13, 2025","=""300358990869228""",B.Keyword.Store.SB.UPS.StoreSpotlight,,250,DAILY_BUDGET,ENABLED,USD,46553,175,1999.46,21865.51,70,96,46,12302.87,58,947,244,134,0,0,29395
"Oct 30, 2025","=""450441693358033""",B2B - B.Keyword.Products.SB.UPS.1500units,,250,DAILY_BUDGET,ENABLED,USD,2089,2,1.8,239.95,1,1,1,239.95,1,2,2,1,0,0,117
"Sep 08, 2025","=""450441693358033""",B2B - B.Keyword.Products.SB.UPS.1500units,,250,DAILY_BUDGET,ENABLED,USD,2524,6,12.09,1044.92,2,2,2,1044.92,2,24,0,5,0,0,153
"Nov 12, 2025","=""353873361287335""",B2B - B.Keyword.Store.SB.UPS.StoreSpotlight,,250,DAILY_BUDGET,ENABLED,USD,355,6,17.54,644.85,2,3,2,644.85,3,18,14,3,0,0,186
"Sep 02, 2025","=""533624646611887""",C.Keyword.Store.SB.UPS.StoreSpotlight,,250,DAILY_BUDGET,PAUSED,USD,16088,91,1032.29,789.75,5,5,4,729.8,4,88,134,39,0,0,7734
"Oct 09, 2025","=""288898439745613""",B2B - N.Keyword.Products.SB.UPS.1500units,,250,DAILY_BUDGET,ENABLED,USD,5243,16,166.37,451.94,2,2,0,0.0,0,19,7,4,0,0,1274
"Nov 23, 2025","=""425328024590643""",C.Keyword.Products.SB.UPS.1500units,,250,DAILY_BUDGET,ENABLED,USD,7251,22,80.18,0.0,0,0,0,0.0,0,41,6,4,0,0,2713
"Sep 12, 2025","=""353873361287335""",B2B - B.Keyword.Store.SB.UPS.StoreSpotlight,,250,DAILY_BUDGET,ENABLED,USD,342,4,30.0,2217.5,6,10,2,1499.7,6,21,5,8,0,0,179
"Oct 22, 2025","=""438623516658807""",N.Keyword.Video.SB.UPS.IntelligentLCD.CP1500AVRLCD3.B0BCMLLSHL,,250,DAILY_BUDGET,PAUSED,USD,107936,638,5013.29,3174.15,15,17,12,2344.4,12,993,35,67,10789,1437,20042
"Oct 16, 2025","=""369323377946560""",B2B - N.Keyword.Store.SB.UPS.StoreSpotlight,,250,DAILY_BUDGET,ENABLED,USD,3749,14,242.73,1289.7,3,6,0,0.0,0,9,15,3,0,0,1209
"Sep 28, 2025","=""490434522578484""",C.Keyword.Video.SB.UPS.PFCSinewave.CP1500PFCLCD.B00429N19W,,250,DAILY_BUDGET,ENABLED,USD,467,3,43.87,0.0,0,0,0,0.0,0,3,1,0,45,15,60
"Oct 18, 2025","=""327967099369911""",N.Keyword.Products.SB.UPS.1500units,,250,DAILY_BUDGET,PAUSED,USD,307211,366,4015.91,2575.38,13,14,10,2097.49,11,465,276,31,0,0,93373
"Sep 08, 2025","=""353873361287335""",B2B - B.Keyword.Store.SB.UPS.StoreSpotlight,,250,DAILY_BUDGET,ENABLED,USD,372,6,36.1,1100.9,2,2,0,0.0,0,9,9,2,0,0,192
"Nov 22, 2025","=""501364882562485""",C.Keyword.Video.SB.UPS.IntelligentLCD.CP1500AVRLCD3.B0BCMLLSHL,,250,DAILY_BUDGET,ENABLED,USD,444,2,4.9,0.0,0,0,0,0.0,0,2,0,0,49,5,64
"Sep 24, 2025","=""353873361287335""",B2B - B.Keyword.Store.SB.UPS.StoreSpotlight,,250,DAILY_BUDGET,ENABLED,USD,313,9,139.88,1649.59,5,6,3,1399.8,4,22,13,5,0,0,175
"Oct 28, 2025","=""450441693358033""",B2B - B.Keyword.Products.SB.UPS.1500units,,250,DAILY_BUDGET,ENABLED,USD,2054,6,124.66,683.9,2,2,0,0.0,0,10,0,3,0,0,98
"Oct 18, 2025","=""516203922618177""",N.Keyword.Store.SB.UPS.StoreSpotlight,,250,DAILY_BUDGET,ENABLED,USD,239859,252,1338.21,2136.3,11,14,10,1736.4,12,324,304,25,0,0,79289
"Nov 20, 2025","=""362619829731385""",B.Keyword.Video.SB.UPS.IntelligentLCD.CP1500AVRLCD3.B0BCMLLSHL,,250,DAILY_BUDGET,ENABLED,USD,4818,66,547.91,2107.79,9,10,6,1289.7,6,209,25,15,676,111,905
"Oct 25, 2025","=""362619829731385""",B.Keyword.Video.SB.UPS.IntelligentLCD.CP1500AVRLCD3.B0BCMLLSHL,,250,DAILY_BUDGET,ENABLED,USD,3136,44,352.28,1539.6,6,8,6,1539.6,8,87,11,9,522,117,739
"Sep 06, 2025","=""367333782614376""",N.SB.Products.SB.UPS.PFCRM,,250,DAILY_BUDGET,PAUSED,USD,0,0,0.0,0.0,0,0,0,0.0,0,0,0,0,0,0,0
"Sep 06, 2025","=""293529288726869""",B.Keyword.Video.SB.UPS.PFCSinewave.CP1500PFCLCD.B00429N19W,,250,DAILY_BUDGET,ENABLED,USD,942,9,140.18,0.0,0,0,0,0.0,0,5,12,0,200,70,265
"Nov 14, 2025","=""327967099369911""",N.Keyword.Products.SB.UPS.1500units,,250,DAILY_BUDGET,PAUSED,USD,0,0,0.0,0.0,0,0,0,0.0,0,0,0,0,0,0,0
"Sep 07, 2025","=""516203922618177""",N.Keyword.Store.SB.UPS.StoreSpotlight,,250,DAILY_BUDGET,ENABLED,USD,0,0,0.0,0.0,0,0,0,0.0,0,0,0,0,0,0,0
"Oct 01, 2025","=""293529288726869""",B.Keyword.Video.SB.UPS.PFCSinewave.CP1500PFCLCD.B00429N19W,,250,DAILY_BUDGET,ENABLED,USD,964,9,102.39,0.0,0,0,0,0.0,0,13,3,0,175,61,223
"Sep 03, 2025","=""425328024590643""",C.Keyword.Products.SB.UPS.1500units,,250,DAILY_BUDGET,ENABLED,USD,1525,3,25.44,0.0,0,0,0,0.0,0,3,1,0,0,0,396
"Sep 30, 2025","=""501364882562485""",C.Keyword.Video.SB.UPS.IntelligentLCD.CP1500AVRLCD3.B0BCMLLSHL,,250,DAILY_BUDGET,ENABLED,USD,1300,3,41.17,0.0,0,0,0,0.0,0,3,1,0,195,43,269
"Oct 20, 2025","=""335733425531216""",N.Keyword.Video.SB.UPS.PFCSinewave.CP1500PFCLCD.B00429N19W,,250,DAILY_BUDGET,ENABLED,USD,1901,5,11.74,0.0,0,0,0,0.0,0,7,0,0,162,42,319
"Nov 12, 2025","=""438623516658807""",N.Keyword.Video.SB.UPS.IntelligentLCD.CP1500AVRLCD3.B0BCMLLSHL,,250,DAILY_BUDGET,PAUSED,USD,0,0,0.0,0.0,0,0,0,0.0,0,0,0,0,0,0,0
"Nov 02, 2025","=""501364882562485""",C.Keyword.Video.SB.UPS.IntelligentLCD.CP1500AVRLCD3.B0BCMLLSHL,,250,DAILY_BUDGET,ENABLED,USD,986,5,22.51,0.0,0,0,0,0.0,0,8,0,0,137,34,173
"Sep 14, 2025","=""400654489506156""",B.Keyword.Products.SB.UPS.BestSellers,,250,DAILY_BUDGET,PAUSED,USD,60460,72,674.72,1505.6,8,9,8,1505.6,9,382,104,83,0,0,17404
"Nov 30, 2025","=""335733425531216""",N.Keyword.Video.SB.UPS.PFCSinewave.CP1500PFCLCD.B00429N19W,,250,DAILY_BUDGET,ENABLED,USD,5841,36,100.73,479.9,2,2,2,479.9,2,118,16,7,834,230,1225
"Nov 04, 2025","=""516203922618177""",N.Keyword.Store.SB.UPS.StoreSpotlight,,250,DAILY_BUDGET,ENABLED,USD,113052,271,1264.21,2819.03,21,22,17,2088.28,17,432,389,66,0,0,33483
"Nov 03, 2025","=""450441693358033""",B2B - B.Keyword.Products.SB.UPS.1500units,,250,DAILY_BUDGET,ENABLED,USD,3725,7,72.35,1062.75,4,5,2,683.85,3,22,0,5,0,0,118
"Nov 23, 2025","=""490434522578484""",C.Keyword.Video.SB.UPS.PFCSinewave.CP1500PFCLCD.B00429N19W,,250,DAILY_BUDGET,ENABLED,USD,463,1,9.87,0.0,0,0,0,0.0,0,0,1,0,64,14,91
"Sep 16, 2025","=""490434522578484""",C.Keyword.Video.SB.UPS.PFCSinewave.CP1500PFCLCD.B00429N19W,,250,DAILY_BUDGET,ENABLED,USD,902,1,13.01,0.0,0,0,0,0.0,0,10,2,0,139,40,200
"Nov 03, 2025","=""362619829731385""",B.Keyword.Video.SB.UPS.IntelligentLCD.CP1500AVRLCD3.B0BCMLLSHL,,250,DAILY_BUDGET,ENABLED,USD,3672,40,289.71,1267.64,7,8,5,887.74,6,110,16,11,553,107,773
"Nov 17, 2025","=""425328024590643""",C.Keyword.Products.SB.UPS.1500units,,250,DAILY_BUDGET,ENABLED,USD,8971,19,50.93,97.99,1,1,1,97.99,1,43,8,4,0,0,3076
"Oct 23, 2025","=""516203922618177""",N.Keyword.Store.SB.UPS.StoreSpotlight,,250,DAILY_BUDGET,ENABLED,USD,94083,189,897.14,1176.95,10,11,9,1080.0,10,282,235,22,0,0,30920
"Sep 28, 2025","=""335733425531216""",N.Keyword.Video.SB.UPS.PFCSinewave.CP1500PFCLCD.B00429N19W,,250,DAILY_BUDGET,ENABLED,USD,4729,44,145.57,239.95,1,1,1,239.95,1,57,47,6,819,274,1195
"Oct 16, 2025","=""400654489506156""",B.Keyword.Products.SB.UPS.BestSellers,,250,DAILY_BUDGET,PAUSED,USD,0,0,0.0,0.0,0,0,0,0.0,0,0,0,0,0,0,0
"Oct 21, 2025","=""353873361287335""",B2B - B.Keyword.Store.SB.UPS.StoreSpotlight,,250,DAILY_BUDGET,ENABLED,USD,305,2,2.71,0.0,0,0,0,0.0,0,2,2,2,0,0,156
"Nov 29, 2025","=""517243732232070""",B.RSOV.Products.SB.UPS.1500units,,14507,LIFETIME_BUDGET,ENABLED,USD,1845,42,0.0,1999.55,9,9,6,1209.7,6,193,49,16,0,0,1354
"Nov 26, 2025","=""516203922618177""",N.Keyword.Store.SB.UPS.StoreSpotlight,,250,DAILY_BUDGET,ENABLED,USD,101638,324,1142.51,5331.86,33,35,29,4719.01,31,765,434,81,0,0,25890
"Sep 15, 2025","=""490434522578484""",C.Keyword.Video.SB.UPS.PFCSinewave.CP1500PFCLCD.B00429N19W,,250,DAILY_BUDGET,ENABLED,USD,834,1,23.24,0.0,0,0,0,0.0,0,1,1,0,135,36,186
"Nov 27, 2025","=""501364882562485""",C.Keyword.Video.SB.UPS.IntelligentLCD.CP1500AVRLCD3.B0BCMLLSHL,,250,DAILY_BUDGET,ENABLED,USD,467,1,1.02,0.0,0,0,0,0.0,0,6,0,0,68,14,102
"Sep 11, 2025","=""400654489506156""",B.Keyword.Products.SB.UPS.BestSellers,,250,DAILY_BUDGET,PAUSED,USD,73038,76,697.52,1450.55,7,9,5,1210.65,7,135,116,10,0,0,20895
"Nov 20, 2025","=""516203922618177""",N.Keyword.Store.SB.UPS.StoreSpotlight,,250,DAILY_BUDGET,ENABLED,USD,119076,411,1450.32,6480.62,39,53,29,3879.98,34,860,580,80,0,0,30887
"Sep 25, 2025","=""293529288726869""",B.Keyword.Video.SB.UPS.PFCSinewave.CP1500PFCLCD.B00429N19W,,250,DAILY_BUDGET,ENABLED,USD,1045,11,234.41,539.85,2,3,2,539.85,3,19,7,3,207,63,277
"Oct 11, 2025","=""450441693358033""",B2B - B.Keyword.Products.SB.UPS.1500units,,250,DAILY_BUDGET,ENABLED,USD,613,3,38.25,700.9,2,2,0,0.0,0,4,2,2,0,0,39
"Oct 28, 2025","=""288898439745613""",B2B - N.Keyword.Products.SB.UPS.1500units,,250,DAILY_BUDGET,ENABLED,USD,3839,7,37.8,189.95,1,1,1,189.95,1,15,2,2,0,0,915
"Sep 16, 2025","=""456008348744441""",N.SB.Products.SB.UPS.PFC,,250,DAILY_BUDGET,PAUSED,USD,0,0,0.0,0.0,0,0,0,0.0,0,0,0,0,0,0,0
"Sep 11, 2025","=""369323377946560""",B2B - N.Keyword.Store.SB.UPS.StoreSpotlight,,250,DAILY_BUDGET,ENABLED,USD,3899,12,156.89,3003.03,5,7,1,193.9,2,17,16,6,0,0,1709
"Sep 14, 2025","=""369323377946560""",B2B - N.Keyword.Store.SB.UPS.StoreSpotlight,,250,DAILY_BUDGET,ENABLED,USD,1611,4,66.5,0.0,0,0,0,0.0,0,8,7,2,0,0,678
"Sep 08, 2025","=""369323377946560""",B2B - N.Keyword.Store.SB.UPS.StoreSpotlight,,250,DAILY_BUDGET,ENABLED,USD,4863,24,273.09,614.85,3,3,3,614.85,3,16,32,6,0,0,2150
"Aug 29, 2025","=""501364882562485""",C.Keyword.Video.SB.UPS.IntelligentLCD.CP1500AVRLCD3.B0BCMLLSHL,,250,DAILY_BUDGET,ENABLED,USD,1018,2,24.91,0.0,0,0,0,0.0,0,1,1,0,189,47,255
"Nov 10, 2025","=""490434522578484""",C.Keyword.Video.SB.UPS.PFCSinewave.CP1500PFCLCD.B00429N19W,,250,DAILY_BUDGET,ENABLED,USD,1095,5,39.36,0.0,0,0,0,0.0,0,20,2,4,192,49,255
"Sep 06, 2025","=""533624646611887""",C.Keyword.Store.SB.UPS.StoreSpotlight,,250,DAILY_BUDGET,PAUSED,USD,0,0,0.0,0.0,0,0,0,0.0,0,0,0,0,0,0,0
"Oct 10, 2025","=""288898439745613""",B2B - N.Keyword.Products.SB.UPS.1500units,,250,DAILY_BUDGET,ENABLED,USD,4491,16,93.19,1024.85,2,2,1,358.95,1,31,9,4,0,0,1122
"Aug 31, 2025","=""501138070676838""",N.SB.Products.SB.UPS.AVR,,250,DAILY_BUDGET,PAUSED,USD,9059,17,31.17,0.0,0,0,0,0.0,0,26,28,1,0,0,1352
"Oct 15, 2025","=""362619829731385""",B.Keyword.Video.SB.UPS.IntelligentLCD.CP1500AVRLCD3.B0BCMLLSHL,,250,DAILY_BUDGET,ENABLED,USD,1659,11,48.02,77.95,1,1,1,77.95,1,30,0,2,101,14,174
"Oct 17, 2025","=""501364882562485""",C.Keyword.Video.SB.UPS.IntelligentLCD.CP1500AVRLCD3.B0BCMLLSHL,,250,DAILY_BUDGET,ENABLED,USD,766,1,5.06,0.0,0,0,0,0.0,0,1,0,0,158,36,216
"Oct 30, 2025","=""353873361287335""",B2B - B.Keyword.Store.SB.UPS.StoreSpotlight,,250,DAILY_BUDGET,ENABLED,USD,384,8,29.39,189.95,1,1,1,189.95,1,12,11,1,0,0,174
"Oct 23, 2025","=""369323377946560""",B2B - N.Keyword.Store.SB.UPS.StoreSpotlight,,250,DAILY_BUDGET,ENABLED,USD,2356,13,176.84,937.79,5,5,4,577.84,4,31,41,7,0,0,895
"Sep 21, 2025","=""335733425531216""",N.Keyword.Video.SB.UPS.PFCSinewave.CP1500PFCLCD.B00429N19W,,250,DAILY_BUDGET,ENABLED,USD,5925,60,216.39,1219.7,6,6,6,1219.7,6,138,39,13,1281,450,1719
"Nov 22, 2025","=""450441693358033""",B2B - B.Keyword.Products.SB.UPS.1500units,,250,DAILY_BUDGET,ENABLED,USD,450,0,0.0,0.0,0,0,0,0.0,0,0,0,0,0,0,30
"Sep 02, 2025","=""501138070676838""",N.SB.Products.SB.UPS.AVR,,250,DAILY_BUDGET,PAUSED,USD,10969,19,39.34,164.95,1,1,1,164.95,1,41,21,4,0,0,1565
"Nov 13, 2025","=""450441693358033""",B2B - B.Keyword.Products.SB.UPS.1500units,,250,DAILY_BUDGET,ENABLED,USD,2974,9,124.08,1640.7,4,5,0,0.0,0,32,0,11,0,0,140
"Nov 16, 2025","=""450441693358033""",B2B - B.Keyword.Products.SB.UPS.1500units,,250,DAILY_BUDGET,ENABLED,USD,529,3,27.52,341.95,1,1,1,341.95,1,97,0,8,0,0,51
"Sep 01, 2025","=""349078398145277""",N.SB.Products.SB.UPS.Eco,,250,DAILY_BUDGET,PAUSED,USD,33620,131,302.36,1030.55,8,9,7,910.6,8,170,89,18,0,0,8405
"Nov 17, 2025","=""335733425531216""",N.Keyword.Video.SB.UPS.PFCSinewave.CP1500PFCLCD.B00429N19W,,250,DAILY_BUDGET,ENABLED,USD,5484,30,85.77,719.85,2,3,1,479.9,2,58,13,5,639,165,1009
"Nov 27, 2025","=""450441693358033""",B2B - B.Keyword.Products.SB.UPS.1500units,,250,DAILY_BUDGET,ENABLED,USD,573,0,0.0,0.0,0,0,0,0.0,0,0,0,0,0,0,59
"Aug 29, 2025","=""450441693358033""",B2B - B.Keyword.Products.SB.UPS.1500units,,250,DAILY_BUDGET,ENABLED,USD,1462,3,76.33,559.9,2,2,1,359.95,1,3,0,2,0,0,92
"Oct 27, 2025","=""353873361287335""",B2B - B.Keyword.Store.SB.UPS.StoreSpotlight,,250,DAILY_BUDGET,ENABLED,USD,434,7,15.38,1405.65,4,7,1,759.8,4,151,14,2,0,0,220
"Nov 06, 2025","=""369323377946560""",B2B - N.Keyword.Store.SB.UPS.StoreSpotlight,,250,DAILY_BUDGET,ENABLED,USD,2762,8,77.69,407.8,2,4,2,407.8,4,11,9,2,0,0,1153
"Oct 02, 2025","=""501364882562485""",C.Keyword.Video.SB.UPS.IntelligentLCD.CP1500AVRLCD3.B0BCMLLSHL,,250,DAILY_BUDGET,ENABLED,USD,1247,4,51.42,0.0,0,0,0,0.0,0,2,3,0,235,52,310
"Sep 28, 2025","=""369323377946560""",B2B - N.Keyword.Store.SB.UPS.StoreSpotlight,,250,DAILY_BUDGET,ENABLED,USD,1375,10,83.19,719.9,2,2,1,359.95,1,11,12,2,0,0,576
"Aug 31, 2025","=""516203922618177""",N.Keyword.Store.SB.UPS.StoreSpotlight,,250,DAILY_BUDGET,ENABLED,USD,970,3,6.43,199.95,1,1,1,199.95,1,1,2,1,0,0,287
"Nov 24, 2025","=""501364882562485""",C.Keyword.Video.SB.UPS.IntelligentLCD.CP1500AVRLCD3.B0BCMLLSHL,,250,DAILY_BUDGET,ENABLED,USD,716,0,0.0,0.0,0,0,0,0.0,0,0,0,0,93,19,125
"Nov 07, 2025","=""293529288726869""",B.Keyword.Video.SB.UPS.PFCSinewave.CP1500PFCLCD.B00429N19W,,250,DAILY_BUDGET,ENABLED,USD,259,3,33.0,239.95,1,1,0,0.0,0,10,1,1,66,20,94
"Nov 20, 2025","=""335733425531216""",N.Keyword.Video.SB.UPS.PFCSinewave.CP1500PFCLCD.B00429N19W,,250,DAILY_BUDGET,ENABLED,USD,5258,39,110.1,372.56,3,3,2,359.94,2,86,12,6,688,199,1021
"Oct 18, 2025","=""300358990869228""",B.Keyword.Store.SB.UPS.StoreSpotlight,,250,DAILY_BUDGET,ENABLED,USD,28271,64,916.08,3122.48,11,15,7,2602.78,9,375,136,44,0,0,16926
"Oct 15, 2025","=""400654489506156""",B.Keyword.Products.SB.UPS.BestSellers,,250,DAILY_BUDGET,PAUSED,USD,18929,30,239.23,539.85,3,3,2,299.9,2,65,58,4,0,0,6434
"Sep 10, 2025","=""501364882562485""",C.Keyword.Video.SB.UPS.IntelligentLCD.CP1500AVRLCD3.B0BCMLLSHL,,250,DAILY_BUDGET,ENABLED,USD,1767,2,35.72,0.0,0,0,0,0.0,0,2,0,0,373,74,483
"Sep 27, 2025","=""353873361287335""",B2B - B.Keyword.Store.SB.UPS.StoreSpotlight,,250,DAILY_BUDGET,ENABLED,USD,104,1,9.31,0.0,0,0,0,0.0,0,0,1,0,0,0,58
"Oct 27, 2025","=""293529288726869""",B.Keyword.Video.SB.UPS.PFCSinewave.CP1500PFCLCD.B00429N19W,,250,DAILY_BUDGET,ENABLED,USD,217,0,0.0,0.0,0,0,0,0.0,0,0,0,0,30,6,41
"Sep 07, 2025","=""501364882562485""",C.Keyword.Video.SB.UPS.IntelligentLCD.CP1500AVRLCD3.B0BCMLLSHL,,250,DAILY_BUDGET,ENABLED,USD,1384,4,100.33,0.0,0,0,0,0.0,0,8,0,0,292,81,369
"Nov 29, 2025","=""490434522578484""",C.Keyword.Video.SB.UPS.PFCSinewave.CP1500PFCLCD.B00429N19W,,250,DAILY_BUDGET,ENABLED,USD,411,1,11.66,239.95,1,1,1,239.95,1,4,0,0,61,20,82
"Oct 04, 2025","=""335733425531216""",N.Keyword.Video.SB.UPS.PFCSinewave.CP1500PFCLCD.B00429N19W,,250,DAILY_BUDGET,ENABLED,USD,3335,35,102.49,1579.6,8,8,6,1099.7,6,98,19,11,496,145,756
"Oct 21, 2025","=""490434522578484""",C.Keyword.Video.SB.UPS.PFCSinewave.CP1500PFCLCD.B00429N19W,,250,DAILY_BUDGET,ENABLED,USD,585,2,13.13,0.0,0,0,0,0.0,0,2,0,0,94,23,146
"Nov 18, 2025","=""353873361287335""",B2B - B.Keyword.Store.SB.UPS.StoreSpotlight,,250,DAILY_BUDGET,ENABLED,USD,363,5,35.87,985.39,4,4,2,602.95,2,11,5,8,0,0,192
"Oct 16, 2025","=""353873361287335""",B2B - B.Keyword.Store.SB.UPS.StoreSpotlight,,250,DAILY_BUDGET,ENABLED,USD,336,6,12.14,0.0,0,0,0,0.0,0,7,15,1,0,0,167
"Aug 31, 2025","=""501364882562485""",C.Keyword.Video.SB.UPS.IntelligentLCD.CP1500AVRLCD3.B0BCMLLSHL,,250,DAILY_BUDGET,ENABLED,USD,851,1,27.85,0.0,0,0,0,0.0,0,0,0,0,129,28,191
"Aug 30, 2025","=""501138070676838""",N.SB.Products.SB.UPS.AVR,,250,DAILY_BUDGET,PAUSED,USD,11798,15,25.12,959.8,1,4,1,959.8,4,19,19,3,0,0,1632
"Sep 20, 2025","=""490434522578484""",C.Keyword.Video.SB.UPS.PFCSinewave.CP1500PFCLCD.B00429N19W,,250,DAILY_BUDGET,ENABLED,USD,457,3,38.45,0.0,0,0,0,0.0,0,1,1,0,58,19,80
"Nov 24, 2025","=""288898439745613""",B2B - N.Keyword.Products.SB.UPS.1500units,,250,DAILY_BUDGET,ENABLED,USD,4209,21,149.77,1329.75,5,5,4,987.8,4,40,13,7,0,0,1324
"Sep 25, 2025","=""353873361287335""",B2B - B.Keyword.Store.SB.UPS.StoreSpotlight,,250,DAILY_BUDGET,ENABLED,USD,393,6,91.63,1810.21,3,7,1,590.51,1,12,8,3,0,0,192
"Nov 27, 2025","=""335733425531216""",N.Keyword.Video.SB.UPS.PFCSinewave.CP1500PFCLCD.B00429N19W,,250,DAILY_BUDGET,ENABLED,USD,4863,26,64.57,479.9,2,2,2,479.9,2,56,7,6,644,207,949
"Oct 17, 2025","=""293529288726869""",B.Keyword.Video.SB.UPS.PFCSinewave.CP1500PFCLCD.B00429N19W,,250,DAILY_BUDGET,ENABLED,USD,139,0,0.0,0.0,0,0,0,0.0,0,0,0,0,18,5,29
"Sep 17, 2025","=""400654489506156""",B.Keyword.Products.SB.UPS.BestSellers,,250,DAILY_BUDGET,PAUSED,USD,79524,82,763.91,679.75,5,5,3,499.85,3,144,119,11,0,0,23727
"Nov 13, 2025","=""516203922618177""",N.Keyword.Store.SB.UPS.StoreSpotlight,,250,DAILY_BUDGET,ENABLED,USD,141122,316,1219.05,5934.94,38,43,29,4074.49,31,429,437,54,0,0,38589
"Nov 02, 2025","=""425328024590643""",C.Keyword.Products.SB.UPS.1500units,,250,DAILY_BUDGET,ENABLED,USD,7276,11,34.13,0.0,0,0,0,0.0,0,23,7,1,0,0,1955
"Aug 29, 2025","=""452338404496050""",B.SB.Products.SB.UPS.PFC,,250,DAILY_BUDGET,PAUSED,USD,6150,38,306.95,1354.64,8,8,4,637.84,4,100,34,16,0,0,2122
"Sep 27, 2025","=""288898439745613""",B2B - N.Keyword.Products.SB.UPS.1500units,,250,DAILY_BUDGET,ENABLED,USD,1440,5,34.46,2159.7,1,6,0,0.0,0,5,1,3,0,0,398
"Oct 10, 2025","=""490434522578484""",C.Keyword.Video.SB.UPS.PFCSinewave.CP1500PFCLCD.B00429N19W,,250,DAILY_BUDGET,ENABLED,USD,594,1,13.62,0.0,0,0,0,0.0,0,0,1,0,91,18,129
"Sep 04, 2025","=""349078398145277""",N.SB.Products.SB.UPS.Eco,,250,DAILY_BUDGET,PAUSED,USD,32479,133,305.29,1565.8,13,14,10,1089.5,10,198,112,22,0,0,8462
"Sep 05, 2025","=""300358990869228""",B.Keyword.Store.SB.UPS.StoreSpotlight,,250,DAILY_BUDGET,ENABLED,USD,4003,16,1942.64,0.0,0,0,0,0.0,0,65,24,16,0,0,3307
"Sep 11, 2025","=""353873361287335""",B2B - B.Keyword.Store.SB.UPS.StoreSpotlight,,250,DAILY_BUDGET,ENABLED,USD,419,6,64.97,0.0,0,0,0,0.0,0,19,10,2,0,0,218
"Nov 25, 2025","=""516203922618177""",N.Keyword.Store.SB.UPS.StoreSpotlight,,250,DAILY_BUDGET,ENABLED,USD,104211,334,1113.26,6817.6,35,47,28,5470.95,40,708,422,68,0,0,26615
"Sep 10, 2025","=""450441693358033""",B2B - B.Keyword.Products.SB.UPS.1500units,,250,DAILY_BUDGET,ENABLED,USD,1702,1,12.44,59.95,1,1,1,59.95,1,0,1,1,0,0,104
"Sep 01, 2025","=""516203922618177""",N.Keyword.Store.SB.UPS.StoreSpotlight,,250,DAILY_BUDGET,ENABLED,USD,1197,3,5.92,0.0,0,0,0,0.0,0,4,3,0,0,0,393
"Sep 15, 2025","=""335733425531216""",N.Keyword.Video.SB.UPS.PFCSinewave.CP1500PFCLCD.B00429N19W,,250,DAILY_BUDGET,ENABLED,USD,6780,54,176.62,2206.46,8,14,2,719.85,3,126,79,9,1449,480,1911
"Nov 29, 2025","=""335733425531216""",N.Keyword.Video.SB.UPS.PFCSinewave.CP1500PFCLCD.B00429N19W,,250,DAILY_BUDGET,ENABLED,USD,5306,31,78.54,239.95,1,1,1,239.95,1,117,11,7,702,215,1048
"Nov 11, 2025","=""288898439745613""",B2B - N.Keyword.Products.SB.UPS.1500units,,250,DAILY_BUDGET,ENABLED,USD,3733,14,86.57,1017.8,4,4,4,1017.8,4,44,5,5,0,0,1109
"Sep 07, 2025","=""501138070676838""",N.SB.Products.SB.UPS.AVR,,250,DAILY_BUDGET,PAUSED,USD,0,0,0.0,0.0,0,0,0,0.0,0,0,0,0,0,0,0
"Nov 06, 2025","=""501364882562485""",C.Keyword.Video.SB.UPS.IntelligentLCD.CP1500AVRLCD3.B0BCMLLSHL,,250,DAILY_BUDGET,ENABLED,USD,898,2,13.62,0.0,0,0,0,0.0,0,3,0,0,115,18,157
"Sep 06, 2025","=""516203922618177""",N.Keyword.Store.SB.UPS.StoreSpotlight,,250,DAILY_BUDGET,ENABLED,USD,0,0,0.0,0.0,0,0,0,0.0,0,0,0,0,0,0,0
"Sep 28, 2025","=""501364882562485""",C.Keyword.Video.SB.UPS.IntelligentLCD.CP1500AVRLCD3.B0BCMLLSHL,,250,DAILY_BUDGET,ENABLED,USD,858,7,121.17,0.0,0,0,0,0.0,0,7,2,0,162,37,220
"Sep 26, 2025","=""369323377946560""",B2B - N.Keyword.Store.SB.UPS.StoreSpotlight,,250,DAILY_BUDGET,ENABLED,USD,3816,15,272.71,1012.81,4,4,3,652.86,3,37,19,6,0,0,1526
"Nov 15, 2025","=""293529288726869""",B.Keyword.Video.SB.UPS.PFCSinewave.CP1500PFCLCD.B00429N19W,,250,DAILY_BUDGET,ENABLED,USD,160,3,8.26,0.0,0,0,0,0.0,0,4,6,0,32,15,38
"Oct 31, 2025","=""362619829731385""",B.Keyword.Video.SB.UPS.IntelligentLCD.CP1500AVRLCD3.B0BCMLLSHL,,250,DAILY_BUDGET,ENABLED,USD,3535,25,107.69,1028.75,5,5,3,639.85,3,45,7,5,555,109,786
"Oct 13, 2025","=""450441693358033""",B2B - B.Keyword.Products.SB.UPS.1500units,,250,DAILY_BUDGET,ENABLED,USD,2038,4,44.11,81.99,1,1,0,0.0,0,8,2,1,0,0,146
"Oct 27, 2025","=""327967099369911""",N.Keyword.Products.SB.UPS.1500units,,250,DAILY_BUDGET,PAUSED,USD,259589,474,4798.58,6855.51,26,34,23,6025.86,27,661,281,59,0,0,79978
"Sep 13, 2025","=""490434522578484""",C.Keyword.Video.SB.UPS.PFCSinewave.CP1500PFCLCD.B00429N19W,,250,DAILY_BUDGET,ENABLED,USD,594,1,21.69,0.0,0,0,0,0.0,0,1,0,0,82,34,108
"Sep 16, 2025","=""335733425531216""",N.Keyword.Video.SB.UPS.PFCSinewave.CP1500PFCLCD.B00429N19W,,250,DAILY_BUDGET,ENABLED,USD,7000,59,200.06,2643.21,8,9,4,819.8,4,100,54,9,1523,503,2014
"Nov 29, 2025","=""450441693358033""",B2B - B.Keyword.Products.SB.UPS.1500units,,250,DAILY_BUDGET,ENABLED,USD,400,1,13.39,0.0,0,0,0,0.0,0,3,0,0,0,0,46
"Nov 23, 2025","=""293529288726869""",B.Keyword.Video.SB.UPS.PFCSinewave.CP1500PFCLCD.B00429N19W,,250,DAILY_BUDGET,ENABLED,USD,80,2,1.19,0.0,0,0,0,0.0,0,12,3,0,9,2,11
"Oct 30, 2025","=""335733425531216""",N.Keyword.Video.SB.UPS.PFCSinewave.CP1500PFCLCD.B00429N19W,,250,DAILY_BUDGET,ENABLED,USD,3233,15,41.86,359.95,1,1,1,359.95,1,14,8,1,292,85,493
"Aug 29, 2025","=""288898439745613""",B2B - N.Keyword.Products.SB.UPS.1500units,,250,DAILY_BUDGET,ENABLED,USD,10625,27,390.44,485.94,3,4,1,119.95,1,33,19,6,0,0,4011
"Sep 13, 2025","=""288898439745613""",B2B - N.Keyword.Products.SB.UPS.1500units,,250,DAILY_BUDGET,ENABLED,USD,4477,17,237.01,529.9,2,2,1,119.95,1,30,9,2,0,0,1598
"Sep 13, 2025","=""300358990869228""",B.Keyword.Store.SB.UPS.StoreSpotlight,,250,DAILY_BUDGET,ENABLED,USD,389,2,8.12,1061.09,7,7,6,869.09,6,80,2,11,0,0,252
"Sep 12, 2025","=""533624646611887""",C.Keyword.Store.SB.UPS.StoreSpotlight,,250,DAILY_BUDGET,PAUSED,USD,0,0,0.0,0.0,0,0,0,0.0,0,0,0,0,0,0,0
"Sep 02, 2025","=""425328024590643""",C.Keyword.Products.SB.UPS.1500units,,250,DAILY_BUDGET,ENABLED,USD,1359,5,9.65,0.0,0,0,0,0.0,0,8,6,1,0,0,389
"Nov 10, 2025","=""501364882562485""",C.Keyword.Video.SB.UPS.IntelligentLCD.CP1500AVRLCD3.B0BCMLLSHL,,250,DAILY_BUDGET,ENABLED,USD,822,5,23.76,139.95,1,1,1,139.95,1,21,4,1,103,21,155
"Nov 05, 2025","=""327967099369911""",N.Keyword.Products.SB.UPS.1500units,,250,DAILY_BUDGET,PAUSED,USD,0,0,0.0,0.0,0,0,0,0.0,0,0,0,0,0,0,0
"Oct 28, 2025","=""293529288726869""",B.Keyword.Video.SB.UPS.PFCSinewave.CP1500PFCLCD.B00429N19W,,250,DAILY_BUDGET,ENABLED,USD,157,0,0.0,0.0,0,0,0,0.0,0,0,0,0,17,4,26
"Nov 17, 2025","=""327967099369911""",N.Keyword.Products.SB.UPS.1500units,,250,DAILY_BUDGET,PAUSED,USD,0,0,0.0,0.0,0,0,0,0.0,0,0,0,0,0,0,0
"Nov 04, 2025","=""327967099369911""",N.Keyword.Products.SB.UPS.1500units,,250,DAILY_BUDGET,PAUSED,USD,182785,429,3865.97,8790.33,32,40,28,7676.56,35,733,229,65,0,0,62276
"Oct 07, 2025","=""353873361287335""",B2B - B.Keyword.Store.SB.UPS.StoreSpotlight,,250,DAILY_BUDGET,ENABLED,USD,477,6,67.67,422.44,2,2,0,0.0,0,10,7,5,0,0,237
"Oct 29, 2025","=""490434522578484""",C.Keyword.Video.SB.UPS.PFCSinewave.CP1500PFCLCD.B00429N19W,,250,DAILY_BUDGET,ENABLED,USD,946,7,63.55,0.0,0,0,0,0.0,0,7,2,0,138,33,192
"Sep 30, 2025","=""400654489506156""",B.Keyword.Products.SB.UPS.BestSellers,,250,DAILY_BUDGET,PAUSED,USD,61806,46,454.45,47.95,1,1,1,47.95,1,99,86,3,0,0,17989
"Aug 31, 2025","=""367333782614376""",N.SB.Products.SB.UPS.PFCRM,,250,DAILY_BUDGET,PAUSED,USD,34138,100,254.43,1514.88,5,6,3,817.46,3,208,83,13,0,0,6427
"Oct 18, 2025","=""293529288726869""",B.Keyword.Video.SB.UPS.PFCSinewave.CP1500PFCLCD.B00429N19W,,250,DAILY_BUDGET,ENABLED,USD,131,1,3.1,0.0,0,0,0,0.0,0,1,1,0,10,4,20
"Nov 09, 2025","=""516203922618177""",N.Keyword.Store.SB.UPS.StoreSpotlight,,250,DAILY_BUDGET,ENABLED,USD,163945,425,1976.78,8593.55,33,39,26,4132.15,27,738,546,75,0,0,50178
"Sep 12, 2025","=""369323377946560""",B2B - N.Keyword.Store.SB.UPS.StoreSpotlight,,250,DAILY_BUDGET,ENABLED,USD,3422,17,200.54,770.85,3,3,2,410.9,2,24,21,5,0,0,1311
"Oct 28, 2025","=""353873361287335""",B2B - B.Keyword.Store.SB.UPS.StoreSpotlight,,250,DAILY_BUDGET,ENABLED,USD,404,4,3.28,2652.84,6,28,0,0.0,0,24,4,4,0,0,198
"Sep 11, 2025","=""367333782614376""",N.SB.Products.SB.UPS.PFCRM,,250,DAILY_BUDGET,PAUSED,USD,0,0,0.0,0.0,0,0,0,0.0,0,0,0,0,0,0,0
"Sep 12, 2025","=""349078398145277""",N.SB.Products.SB.UPS.Eco,,250,DAILY_BUDGET,PAUSED,USD,0,0,0.0,0.0,0,0,0,0.0,0,0,0,0,0,0,0
"Oct 04, 2025","=""300358990869228""",B.Keyword.Store.SB.UPS.StoreSpotlight,,250,DAILY_BUDGET,ENABLED,USD,38131,130,1993.25,3402.84,27,30,20,2727.27,23,739,190,78,0,0,23851
"Nov 09, 2025","=""490434522578484""",C.Keyword.Video.SB.UPS.PFCSinewave.CP1500PFCLCD.B00429N19W,,250,DAILY_BUDGET,ENABLED,USD,846,2,17.49,0.0,0,0,0,0.0,0,1,1,0,153,51,197
"Sep 29, 2025","=""300358990869228""",B.Keyword.Store.SB.UPS.StoreSpotlight,,250,DAILY_BUDGET,ENABLED,USD,54922,260,3945.28,23658.86,92,119,58,11484.03,65,1403,388,216,0,0,37578
"Sep 08, 2025","=""490434522578484""",C.Keyword.Video.SB.UPS.PFCSinewave.CP1500PFCLCD.B00429N19W,,250,DAILY_BUDGET,ENABLED,USD,982,2,60.27,0.0,0,0,0,0.0,0,7,0,0,188,46,257
"Nov 20, 2025","=""288898439745613""",B2B - N.Keyword.Products.SB.UPS.1500units,,250,DAILY_BUDGET,ENABLED,USD,3909,16,133.16,1014.84,4,4,2,501.94,2,51,2,5,0,0,1196
"Sep 14, 2025","=""367333782614376""",N.SB.Products.SB.UPS.PFCRM,,250,DAILY_BUDGET,PAUSED,USD,0,0,0.0,0.0,0,0,0,0.0,0,0,0,0,0,0,0
"Oct 22, 2025","=""369323377946560""",B2B - N.Keyword.Store.SB.UPS.StoreSpotlight,,250,DAILY_BUDGET,ENABLED,USD,2959,5,66.24,227.95,1,1,0,0.0,0,4,10,0,0,0,1151
"Sep 17, 2025","=""293529288726869""",B.Keyword.Video.SB.UPS.PFCSinewave.CP1500PFCLCD.B00429N19W,,250,DAILY_BUDGET,ENABLED,USD,1089,13,226.83,1681.9,2,2,2,1681.9,2,29,7,2,224,68,301
"Oct 22, 2025","=""425328024590643""",C.Keyword.Products.SB.UPS.1500units,,250,DAILY_BUDGET,ENABLED,USD,5010,10,23.58,199.95,1,1,1,199.95,1,7,9,1,0,0,1276
"Sep 25, 2025","=""490434522578484""",C.Keyword.Video.SB.UPS.PFCSinewave.CP1500PFCLCD.B00429N19W,,250,DAILY_BUDGET,ENABLED,USD,979,1,12.48,0.0,0,0,0,0.0,0,2,1,0,169,54,215
"Nov 01, 2025","=""501364882562485""",C.Keyword.Video.SB.UPS.IntelligentLCD.CP1500AVRLCD3.B0BCMLLSHL,,250,DAILY_BUDGET,ENABLED,USD,594,1,3.73,0.0,0,0,0,0.0,0,1,0,0,89,10,109
"Sep 18, 2025","=""501364882562485""",C.Keyword.Video.SB.UPS.IntelligentLCD.CP1500AVRLCD3.B0BCMLLSHL,,250,DAILY_BUDGET,ENABLED,USD,1881,8,83.04,369.9,2,2,2,369.9,2,13,5,2,387,86,482
"Sep 03, 2025","=""353873361287335""",B2B - B.Keyword.Store.SB.UPS.StoreSpotlight,,250,DAILY_BUDGET,ENABLED,USD,273,3,0.67,2152.8,4,4,1,905.95,1,7,3,4,0,0,144
"Sep 15, 2025","=""288898439745613""",B2B - N.Keyword.Products.SB.UPS.1500units,,250,DAILY_BUDGET,ENABLED,USD,9800,21,253.79,2639.5,4,10,2,839.85,3,27,18,6,0,0,3215
"Sep 07, 2025","=""367333782614376""",N.SB.Products.SB.UPS.PFCRM,,250,DAILY_BUDGET,PAUSED,USD,0,0,0.0,0.0,0,0,0,0.0,0,0,0,0,0,0,0
"Oct 19, 2025","=""516203922618177""",N.Keyword.Store.SB.UPS.StoreSpotlight,,250,DAILY_BUDGET,ENABLED,USD,176204,278,1307.99,2272.35,13,13,11,2032.45,11,340,341,33,0,0,59019
"Nov 29, 2025","=""293529288726869""",B.Keyword.Video.SB.UPS.PFCSinewave.CP1500PFCLCD.B00429N19W,,250,DAILY_BUDGET,ENABLED,USD,77,0,0.0,0.0,0,0,0,0.0,0,0,0,0,10,6,15
"Sep 23, 2025","=""501364882562485""",C.Keyword.Video.SB.UPS.IntelligentLCD.CP1500AVRLCD3.B0BCMLLSHL,,250,DAILY_BUDGET,ENABLED,USD,2055,7,126.07,0.0,0,0,0,0.0,0,8,5,0,455,94,566
"Sep 03, 2025","=""533624646611887""",C.Keyword.Store.SB.UPS.StoreSpotlight,,250,DAILY_BUDGET,PAUSED,USD,14935,66,871.33,491.79,3,3,3,491.79,3,118,72,10,0,0,7208
"Nov 05, 2025","=""353873361287335""",B2B - B.Keyword.Store.SB.UPS.StoreSpotlight,,250,DAILY_BUDGET,ENABLED,USD,455,9,33.75,417.9,2,2,2,417.9,2,10,10,2,0,0,225
"Nov 24, 2025","=""516203922618177""",N.Keyword.Store.SB.UPS.StoreSpotlight,,250,DAILY_BUDGET,ENABLED,USD,102112,333,1168.24,6994.05,37,42,28,4143.21,32,771,477,77,0,0,26769
"Sep 03, 2025","=""501138070676838""",N.SB.Products.SB.UPS.AVR,,250,DAILY_BUDGET,PAUSED,USD,9586,19,36.97,259.9,2,2,1,119.95,1,40,20,3,0,0,1742
"Nov 13, 2025","=""288898439745613""",B2B - N.Keyword.Products.SB.UPS.1500units,,250,DAILY_BUDGET,ENABLED,USD,2987,13,38.4,2006.2,6,6,4,674.3,4,73,11,7,0,0,903
"Oct 26, 2025","=""353873361287335""",B2B - B.Keyword.Store.SB.UPS.StoreSpotlight,,250,DAILY_BUDGET,ENABLED,USD,129,1,0.2,0.0,0,0,0,0.0,0,2,2,0,0,0,62
"Nov 21, 2025","=""335733425531216""",N.Keyword.Video.SB.UPS.PFCSinewave.CP1500PFCLCD.B00429N19W,,250,DAILY_BUDGET,ENABLED,USD,3966,25,74.03,1331.8,2,2,2,1331.8,2,52,18,4,523,154,787
"Oct 20, 2025","=""369323377946560""",B2B - N.Keyword.Store.SB.UPS.StoreSpotlight,,250,DAILY_BUDGET,ENABLED,USD,1790,12,201.86,2194.29,6,13,4,816.7,6,18,20,6,0,0,719
"Sep 02, 2025","=""452338404496050""",B.SB.Products.SB.UPS.PFC,,250,DAILY_BUDGET,PAUSED,USD,6873,40,473.17,1263.27,5,5,3,567.37,3,74,38,6,0,0,2468
"Oct 29, 2025","=""450441693358033""",B2B - B.Keyword.Products.SB.UPS.1500units,,250,DAILY_BUDGET,ENABLED,USD,2681,3,10.0,0.0,0,0,0,0.0,0,8,0,1,0,0,138
"Sep 11, 2025","=""490434522578484""",C.Keyword.Video.SB.UPS.PFCSinewave.CP1500PFCLCD.B00429N19W,,250,DAILY_BUDGET,ENABLED,USD,712,3,56.8,0.0,0,0,0,0.0,0,3,1,0,116,31,160
"Sep 25, 2025","=""400654489506156""",B.Keyword.Products.SB.UPS.BestSellers,,250,DAILY_BUDGET,PAUSED,USD,71669,80,789.4,337.89,3,3,3,337.89,3,137,165,7,0,0,22532
"Oct 22, 2025","=""400654489506156""",B.Keyword.Products.SB.UPS.BestSellers,,250,DAILY_BUDGET,PAUSED,USD,0,0,0.0,0.0,0,0,0,0.0,0,0,0,0,0,0,0
"Oct 29, 2025","=""288898439745613""",B2B - N.Keyword.Products.SB.UPS.1500units,,250,DAILY_BUDGET,ENABLED,USD,2997,11,51.57,199.95,1,1,0,0.0,0,15,16,1,0,0,925
"Sep 23, 2025","=""353873361287335""",B2B - B.Keyword.Store.SB.UPS.StoreSpotlight,,250,DAILY_BUDGET,ENABLED,USD,414,12,93.13,1199.8,3,4,2,839.85,3,23,26,3,0,0,241
"Sep 13, 2025","=""501364882562485""",C.Keyword.Video.SB.UPS.IntelligentLCD.CP1500AVRLCD3.B0BCMLLSHL,,250,DAILY_BUDGET,ENABLED,USD,1184,5,59.98,0.0,0,0,0,0.0,0,4,2,0,245,72,296
"Aug 30, 2025","=""452338404496050""",B.SB.Products.SB.UPS.PFC,,250,DAILY_BUDGET,PAUSED,USD,6029,43,530.91,0.0,0,0,0,0.0,0,97,59,4,0,0,2321
"Sep 07, 2025","=""369323377946560""",B2B - N.Keyword.Store.SB.UPS.StoreSpotlight,,250,DAILY_BUDGET,ENABLED,USD,1713,9,117.17,759.85,2,3,2,759.85,3,16,11,2,0,0,769
"Oct 25, 2025","=""327967099369911""",N.Keyword.Products.SB.UPS.1500units,,250,DAILY_BUDGET,PAUSED,USD,224361,383,4380.44,4049.05,20,20,19,3809.1,19,547,229,46,0,0,72693
"Sep 17, 2025","=""450441693358033""",B2B - B.Keyword.Products.SB.UPS.1500units,,250,DAILY_BUDGET,ENABLED,USD,1219,1,0.69,359.95,1,1,1,359.95,1,1,0,1,0,0,76
"Sep 11, 2025","=""501364882562485""",C.Keyword.Video.SB.UPS.IntelligentLCD.CP1500AVRLCD3.B0BCMLLSHL,,250,DAILY_BUDGET,ENABLED,USD,1525,5,91.52,0.0,0,0,0,0.0,0,7,0,0,308,58,405
"Oct 16, 2025","=""288898439745613""",B2B - N.Keyword.Products.SB.UPS.1500units,,250,DAILY_BUDGET,ENABLED,USD,3476,16,90.97,2180.19,7,7,5,1470.25,5,41,7,10,0,0,1111
"Aug 30, 2025","=""293529288726869""",B.Keyword.Video.SB.UPS.PFCSinewave.CP1500PFCLCD.B00429N19W,,250,DAILY_BUDGET,ENABLED,USD,516,6,105.33,0.0,0,0,0,0.0,0,15,3,0,78,20,114
"Nov 22, 2025","=""425328024590643""",C.Keyword.Products.SB.UPS.1500units,,250,DAILY_BUDGET,ENABLED,USD,7161,25,63.77,299.9,2,2,1,239.95,1,64,16,3,0,0,2432
"Aug 29, 2025","=""300358990869228""",B.Keyword.Store.SB.UPS.StoreSpotlight,,250,DAILY_BUDGET,ENABLED,USD,106,0,1.26,221.41,3,3,3,221.41,3,3,3,3,0,0,88
"Nov 23, 2025","=""300358990869228""",B.Keyword.Store.SB.UPS.StoreSpotlight,,250,DAILY_BUDGET,ENABLED,USD,1704,3,18.76,329.89,3,3,3,329.89,3,77,13,8,0,0,965
"Oct 27, 2025","=""490434522578484""",C.Keyword.Video.SB.UPS.PFCSinewave.CP1500PFCLCD.B00429N19W,,250,DAILY_BUDGET,ENABLED,USD,969,2,25.58,0.0,0,0,0,0.0,0,5,0,1,116,27,174
"Sep 01, 2025","=""425328024590643""",C.Keyword.Products.SB.UPS.1500units,,250,DAILY_BUDGET,ENABLED,USD,1082,2,36.54,0.0,0,0,0,0.0,0,1,2,0,0,0,277
"Nov 07, 2025","=""490434522578484""",C.Keyword.Video.SB.UPS.PFCSinewave.CP1500PFCLCD.B00429N19W,,250,DAILY_BUDGET,ENABLED,USD,839,6,48.46,239.95,1,1,1,239.95,1,14,1,2,129,40,192
"Sep 12, 2025","=""501364882562485""",C.Keyword.Video.SB.UPS.IntelligentLCD.CP1500AVRLCD3.B0BCMLLSHL,,250,DAILY_BUDGET,ENABLED,USD,1574,4,65.27,239.95,1,1,1,239.95,1,7,7,1,313,66,368
"Oct 25, 2025","=""335733425531216""",N.Keyword.Video.SB.UPS.PFCSinewave.CP1500PFCLCD.B00429N19W,,250,DAILY_BUDGET,ENABLED,USD,3817,16,34.13,700.95,1,1,1,700.95,1,17,8,1,358,96,664
"Nov 27, 2025","=""300358990869228""",B.Keyword.Store.SB.UPS.StoreSpotlight,,250,DAILY_BUDGET,ENABLED,USD,1397,13,17.72,839.74,4,6,3,757.75,5,124,19,13,0,0,773
"Sep 13, 2025","=""349078398145277""",N.SB.Products.SB.UPS.Eco,,250,DAILY_BUDGET,PAUSED,USD,0,0,0.0,0.0,0,0,0,0.0,0,0,0,0,0,0,0
"Nov 13, 2025","=""501364882562485""",C.Keyword.Video.SB.UPS.IntelligentLCD.CP1500AVRLCD3.B0BCMLLSHL,,250,DAILY_BUDGET,ENABLED,USD,736,4,23.62,199.95,1,1,1,199.95,1,15,0,2,107,23,149
"Sep 12, 2025","=""288898439745613""",B2B - N.Keyword.Products.SB.UPS.1500units,,250,DAILY_BUDGET,ENABLED,USD,7815,17,181.42,359.95,1,1,1,359.95,1,26,10,5,0,0,2530
"Aug 29, 2025","=""327967099369911""",N.Keyword.Products.SB.UPS.1500units,,250,DAILY_BUDGET,PAUSED,USD,1261,3,1.0,0.0,0,0,0,0.0,0,4,3,0,0,0,162
"Sep 06, 2025","=""450441693358033""",B2B - B.Keyword.Products.SB.UPS.1500units,,250,DAILY_BUDGET,ENABLED,USD,557,2,0.88,0.0,0,0,0,0.0,0,6,0,0,0,0,40
"Sep 09, 2025","=""293529288726869""",B.Keyword.Video.SB.UPS.PFCSinewave.CP1500PFCLCD.B00429N19W,,250,DAILY_BUDGET,ENABLED,USD,985,7,133.18,132.22,1,1,1,132.22,1,23,3,4,198,77,256
"Nov 08, 2025","=""300358990869228""",B.Keyword.Store.SB.UPS.StoreSpotlight,,250,DAILY_BUDGET,ENABLED,USD,19404,62,516.76,2223.91,18,20,13,1468.12,15,476,97,48,0,0,11264
"Nov 13, 2025","=""293529288726869""",B.Keyword.Video.SB.UPS.PFCSinewave.CP1500PFCLCD.B00429N19W,,250,DAILY_BUDGET,ENABLED,USD,319,4,40.0,0.0,0,0,0,0.0,0,4,8,0,63,18,88
"Sep 15, 2025","=""400654489506156""",B.Keyword.Products.SB.UPS.BestSellers,,250,DAILY_BUDGET,PAUSED,USD,68270,64,601.21,2515.05,7,9,7,2515.05,9,193,120,17,0,0,18593
"Sep 08, 2025","=""400654489506156""",B.Keyword.Products.SB.UPS.BestSellers,,250,DAILY_BUDGET,PAUSED,USD,65237,63,690.73,497.84,3,4,3,497.84,4,109,101,7,0,0,18527
"Nov 17, 2025","=""353873361287335""",B2B - B.Keyword.Store.SB.UPS.StoreSpotlight,,250,DAILY_BUDGET,ENABLED,USD,528,2,10.37,227.95,1,1,0,0.0,0,3,3,1,0,0,286
"Oct 03, 2025","=""293529288726869""",B.Keyword.Video.SB.UPS.PFCSinewave.CP1500PFCLCD.B00429N19W,,250,DAILY_BUDGET,ENABLED,USD,978,9,158.77,0.0,0,0,0,0.0,0,20,12,0,199,57,276
"Oct 30, 2025","=""490434522578484""",C.Keyword.Video.SB.UPS.PFCSinewave.CP1500PFCLCD.B00429N19W,,250,DAILY_BUDGET,ENABLED,USD,984,3,15.17,0.0,0,0,0,0.0,0,3,11,0,145,36,206
"Sep 19, 2025","=""450441693358033""",B2B - B.Keyword.Products.SB.UPS.1500units,,250,DAILY_BUDGET,ENABLED,USD,863,2,35.95,0.0,0,0,0,0.0,0,6,0,0,0,0,74
"Nov 13, 2025","=""490434522578484""",C.Keyword.Video.SB.UPS.PFCSinewave.CP1500PFCLCD.B00429N19W,,250,DAILY_BUDGET,ENABLED,USD,1011,4,25.0,0.0,0,0,0,0.0,0,7,1,0,146,31,231
"Nov 01, 2025","=""369323377946560""",B2B - N.Keyword.Store.SB.UPS.StoreSpotlight,,250,DAILY_BUDGET,ENABLED,USD,1071,3,31.83,683.85,1,3,1,683.85,3,0,3,1,0,0,468
"Nov 12, 2025","=""288898439745613""",B2B - N.Keyword.Products.SB.UPS.1500units,,250,DAILY_BUDGET,ENABLED,USD,3627,11,102.77,626.85,3,3,0,0.0,0,23,3,3,0,0,1030
"Nov 04, 2025","=""353873361287335""",B2B - B.Keyword.Store.SB.UPS.StoreSpotlight,,250,DAILY_BUDGET,ENABLED,USD,402,6,59.64,227.95,1,1,1,227.95,1,4,7,2,0,0,205
"Sep 04, 2025","=""533624646611887""",C.Keyword.Store.SB.UPS.StoreSpotlight,,250,DAILY_BUDGET,PAUSED,USD,12996,61,1065.92,2166.2,9,16,7,1686.3,14,116,85,12,0,0,6209
"Nov 14, 2025","=""438623516658807""",N.Keyword.Video.SB.UPS.IntelligentLCD.CP1500AVRLCD3.B0BCMLLSHL,,250,DAILY_BUDGET,PAUSED,USD,0,0,0.0,0.0,0,0,0,0.0,0,0,0,0,0,0,0
"Nov 08, 2025","=""353873361287335""",B2B - B.Keyword.Store.SB.UPS.StoreSpotlight,,250,DAILY_BUDGET,ENABLED,USD,148,1,0.72,341.95,1,1,1,341.95,1,6,1,0,0,0,77
"Nov 08, 2025","=""490434522578484""",C.Keyword.Video.SB.UPS.PFCSinewave.CP1500PFCLCD.B00429N19W,,250,DAILY_BUDGET,ENABLED,USD,629,4,30.3,239.95,1,1,1,239.95,1,4,2,2,102,33,133
"Sep 12, 2025","=""293529288726869""",B.Keyword.Video.SB.UPS.PFCSinewave.CP1500PFCLCD.B00429N19W,,250,DAILY_BUDGET,ENABLED,USD,934,17,419.87,359.95,1,1,1,359.95,1,34,18,3,175,59,217
"Nov 09, 2025","=""293529288726869""",B.Keyword.Video.SB.UPS.PFCSinewave.CP1500PFCLCD.B00429N19W,,250,DAILY_BUDGET,ENABLED,USD,213,5,62.09,835.8,4,4,0,0.0,0,21,10,4,43,13,54
"Sep 01, 2025","=""400654489506156""",B.Keyword.Products.SB.UPS.BestSellers,,250,DAILY_BUDGET,PAUSED,USD,51194,51,598.16,115.95,1,1,1,115.95,1,90,123,5,0,0,15283
"Oct 03, 2025","=""300358990869228""",B.Keyword.Store.SB.UPS.StoreSpotlight,,250,DAILY_BUDGET,ENABLED,USD,29505,113,2002.77,14687.08,49,60,34,8293.72,40,624,174,89,0,0,19432
"Nov 29, 2025","=""288898439745613""",B2B - N.Keyword.Products.SB.UPS.1500units,,250,DAILY_BUDGET,ENABLED,USD,2081,14,81.22,1425.4,5,6,3,571.8,4,45,3,11,0,0,708
"Sep 04, 2025","=""501138070676838""",N.SB.Products.SB.UPS.AVR,,250,DAILY_BUDGET,PAUSED,USD,6823,27,53.77,0.0,0,0,0,0.0,0,47,43,1,0,0,1360
"Oct 07, 2025","=""288898439745613""",B2B - N.Keyword.Products.SB.UPS.1500units,,250,DAILY_BUDGET,ENABLED,USD,6481,16,150.6,208.24,1,1,1,208.24,1,18,8,1,0,0,1800
"Sep 10, 2025","=""456008348744441""",N.SB.Products.SB.UPS.PFC,,250,DAILY_BUDGET,PAUSED,USD,0,0,0.0,0.0,0,0,0,0.0,0,0,0,0,0,0,0
"Oct 28, 2025","=""501364882562485""",C.Keyword.Video.SB.UPS.IntelligentLCD.CP1500AVRLCD3.B0BCMLLSHL,,250,DAILY_BUDGET,ENABLED,USD,1352,7,56.77,0.0,0,0,0,0.0,0,10,3,0,232,50,332
"Nov 27, 2025","=""516203922618177""",N.Keyword.Store.SB.UPS.StoreSpotlight,,250,DAILY_BUDGET,ENABLED,USD,103825,338,1135.03,5916.95,40,50,36,5242.1,46,754,437,96,0,0,28209
"Oct 13, 2025","=""501364882562485""",C.Keyword.Video.SB.UPS.IntelligentLCD.CP1500AVRLCD3.B0BCMLLSHL,,250,DAILY_BUDGET,ENABLED,USD,1534,8,75.51,0.0,0,0,0,0.0,0,12,3,0,236,48,334
"Sep 09, 2025","=""400654489506156""",B.Keyword.Products.SB.UPS.BestSellers,,250,DAILY_BUDGET,PAUSED,USD,73746,73,692.7,299.85,3,3,2,179.9,2,126,111,9,0,0,19983
"Sep 01, 2025","=""452338404496050""",B.SB.Products.SB.UPS.PFC,,250,DAILY_BUDGET,PAUSED,USD,6433,34,433.16,219.95,1,1,1,219.95,1,97,54,11,0,0,2383
"Oct 20, 2025","=""293529288726869""",B.Keyword.Video.SB.UPS.PFCSinewave.CP1500PFCLCD.B00429N19W,,250,DAILY_BUDGET,ENABLED,USD,114,1,17.92,0.0,0,0,0,0.0,0,10,0,0,12,2,20
"Oct 31, 2025","=""293529288726869""",B.Keyword.Video.SB.UPS.PFCSinewave.CP1500PFCLCD.B00429N19W,,250,DAILY_BUDGET,ENABLED,USD,255,6,61.89,0.0,0,0,0,0.0,0,12,1,1,43,17,51
"Oct 29, 2025","=""501364882562485""",C.Keyword.Video.SB.UPS.IntelligentLCD.CP1500AVRLCD3.B0BCMLLSHL,,250,DAILY_BUDGET,ENABLED,USD,1388,3,25.7,0.0,0,0,0,0.0,0,1,2,0,198,38,320
"Oct 21, 2025","=""450441693358033""",B2B - B.Keyword.Products.SB.UPS.1500units,,250,DAILY_BUDGET,ENABLED,USD,1781,2,4.93,0.0,0,0,0,0.0,0,4,1,0,0,0,128
"Sep 25, 2025","=""300358990869228""",B.Keyword.Store.SB.UPS.StoreSpotlight,,250,DAILY_BUDGET,ENABLED,USD,53688,250,3930.01,14902.4,73,90,52,7462.04,63,1235,366,163,0,0,36553
"Sep 10, 2025","=""353873361287335""",B2B - B.Keyword.Store.SB.UPS.StoreSpotlight,,250,DAILY_BUDGET,ENABLED,USD,312,4,7.87,0.0,0,0,0,0.0,0,2,6,1,0,0,152
"Nov 27, 2025","=""517243732232070""",B.RSOV.Products.SB.UPS.1500units,,14507,LIFETIME_BUDGET,ENABLED,USD,1500,37,0.0,439.9,2,2,1,199.95,1,101,24,6,0,0,1097
"Nov 21, 2025","=""516203922618177""",N.Keyword.Store.SB.UPS.StoreSpotlight,,250,DAILY_BUDGET,ENABLED,USD,99281,316,1175.82,6235.7,39,42,35,5375.9,38,695,455,80,0,0,24250
"Oct 26, 2025","=""300358990869228""",B.Keyword.Store.SB.UPS.StoreSpotlight,,250,DAILY_BUDGET,ENABLED,USD,35528,110,1171.5,3388.92,20,24,15,2334.23,17,666,170,51,0,0,21531
"Nov 21, 2025","=""353873361287335""",B2B - B.Keyword.Store.SB.UPS.StoreSpotlight,,250,DAILY_BUDGET,ENABLED,USD,381,4,6.82,1059.95,3,5,1,148.1,2,5,5,2,0,0,178
"Oct 09, 2025","=""490434522578484""",C.Keyword.Video.SB.UPS.PFCSinewave.CP1500PFCLCD.B00429N19W,,250,DAILY_BUDGET,ENABLED,USD,892,1,16.96,0.0,0,0,0,0.0,0,3,0,0,107,26,161
"Sep 15, 2025","=""501364882562485""",C.Keyword.Video.SB.UPS.IntelligentLCD.CP1500AVRLCD3.B0BCMLLSHL,,250,DAILY_BUDGET,ENABLED,USD,1782,7,105.4,0.0,0,0,0,0.0,0,14,1,1,375,78,477
"Sep 10, 2025","=""533624646611887""",C.Keyword.Store.SB.UPS.StoreSpotlight,,250,DAILY_BUDGET,PAUSED,USD,0,0,0.0,0.0,0,0,0,0.0,0,0,0,0,0,0,0
"Oct 12, 2025","=""369323377946560""",B2B - N.Keyword.Store.SB.UPS.StoreSpotlight,,250,DAILY_BUDGET,ENABLED,USD,1228,5,22.47,0.0,0,0,0,0.0,0,4,5,0,0,0,442
"Nov 03, 2025","=""300358990869228""",B.Keyword.Store.SB.UPS.StoreSpotlight,,250,DAILY_BUDGET,ENABLED,USD,21750,53,560.1,4257.06,19,22,10,1184.64,12,433,70,46,0,0,12440
"Oct 27, 2025","=""516203922618177""",N.Keyword.Store.SB.UPS.StoreSpotlight,,250,DAILY_BUDGET,ENABLED,USD,93368,210,1087.63,2566.17,15,19,14,2366.22,18,382,255,41,0,0,30682
"Oct 05, 2025","=""369323377946560""",B2B - N.Keyword.Store.SB.UPS.StoreSpotlight,,250,DAILY_BUDGET,ENABLED,USD,1248,3,39.16,558.07,2,3,0,0.0,0,6,4,2,0,0,511
"Nov 30, 2025","=""362619829731385""",B.Keyword.Video.SB.UPS.IntelligentLCD.CP1500AVRLCD3.B0BCMLLSHL,,250,DAILY_BUDGET,ENABLED,USD,4077,39,223.63,849.29,5,5,4,609.34,4,114,11,7,506,101,783
"Oct 18, 2025","=""425328024590643""",C.Keyword.Products.SB.UPS.1500units,,250,DAILY_BUDGET,ENABLED,USD,5093,11,44.85,23.01,1,1,1,23.01,1,41,1,1,0,0,1344
"Sep 30, 2025","=""450441693358033""",B2B - B.Keyword.Products.SB.UPS.1500units,,250,DAILY_BUDGET,ENABLED,USD,2393,4,45.45,280.99,2,2,0,0.0,0,10,7,2,0,0,104
"Oct 05, 2025","=""501364882562485""",C.Keyword.Video.SB.UPS.IntelligentLCD.CP1500AVRLCD3.B0BCMLLSHL,,250,DAILY_BUDGET,ENABLED,USD,698,2,40.42,0.0,0,0,0,0.0,0,2,0,0,141,32,184
"Nov 13, 2025","=""438623516658807""",N.Keyword.Video.SB.UPS.IntelligentLCD.CP1500AVRLCD3.B0BCMLLSHL,,250,DAILY_BUDGET,PAUSED,USD,0,0,0.0,0.0,0,0,0,0.0,0,0,0,0,0,0,0
"Nov 21, 2025","=""490434522578484""",C.Keyword.Video.SB.UPS.PFCSinewave.CP1500PFCLCD.B00429N19W,,250,DAILY_BUDGET,ENABLED,USD,530,3,19.88,0.0,0,0,0,0.0,0,6,1,0,86,28,114
"Sep 22, 2025","=""293529288726869""",B.Keyword.Video.SB.UPS.PFCSinewave.CP1500PFCLCD.B00429N19W,,250,DAILY_BUDGET,ENABLED,USD,1062,18,214.18,413.22,3,3,3,413.22,3,44,8,5,229,73,303
"Aug 31, 2025","=""452338404496050""",B.SB.Products.SB.UPS.PFC,,250,DAILY_BUDGET,PAUSED,USD,6157,46,517.78,464.91,4,4,3,224.96,3,74,49,7,0,0,2327
"Aug 31, 2025","=""288898439745613""",B2B - N.Keyword.Products.SB.UPS.1500units,,250,DAILY_BUDGET,ENABLED,USD,6077,15,159.65,0.0,0,0,0,0.0,0,8,14,0,0,0,2465
"Sep 26, 2025","=""400654489506156""",B.Keyword.Products.SB.UPS.BestSellers,,250,DAILY_BUDGET,PAUSED,USD,54944,59,629.59,519.85,3,3,3,519.85,3,71,131,8,0,0,18464
"Nov 13, 2025","=""369323377946560""",B2B - N.Keyword.Store.SB.UPS.StoreSpotlight,,250,DAILY_BUDGET,ENABLED,USD,2787,9,121.42,531.9,2,2,0,0.0,0,15,16,1,0,0,1070
"Sep 17, 2025","=""353873361287335""",B2B - B.Keyword.Store.SB.UPS.StoreSpotlight,,250,DAILY_BUDGET,ENABLED,USD,310,2,3.28,0.0,0,0,0,0.0,0,0,2,0,0,0,168
"Sep 03, 2025","=""293529288726869""",B.Keyword.Video.SB.UPS.PFCSinewave.CP1500PFCLCD.B00429N19W,,250,DAILY_BUDGET,ENABLED,USD,684,7,23.13,0.0,0,0,0,0.0,0,17,11,0,129,44,185
"Nov 30, 2025","=""293529288726869""",B.Keyword.Video.SB.UPS.PFCSinewave.CP1500PFCLCD.B00429N19W,,250,DAILY_BUDGET,ENABLED,USD,52,1,0.26,0.0,0,0,0,0.0,0,2,0,0,7,0,10
"Oct 02, 2025","=""335733425531216""",N.Keyword.Video.SB.UPS.PFCSinewave.CP1500PFCLCD.B00429N19W,,250,DAILY_BUDGET,ENABLED,USD,5243,33,94.3,0.0,0,0,0,0.0,0,52,23,2,848,265,1231
"Nov 24, 2025","=""517243732232070""",B.RSOV.Products.SB.UPS.1500units,,14507,LIFETIME_BUDGET,ENABLED,USD,1687,40,0.0,1416.7,6,6,4,887.8,4,165,46,21,0,0,1266
"Nov 13, 2025","=""300358990869228""",B.Keyword.Store.SB.UPS.StoreSpotlight,,250,DAILY_BUDGET,ENABLED,USD,8151,37,186.13,6983.43,22,34,11,3843.3,16,347,69,48,0,0,4750
"Sep 12, 2025","=""490434522578484""",C.Keyword.Video.SB.UPS.PFCSinewave.CP1500PFCLCD.B00429N19W,,250,DAILY_BUDGET,ENABLED,USD,708,3,16.05,179.95,1,1,1,179.95,1,4,0,1,114,31,168
"Oct 25, 2025","=""501364882562485""",C.Keyword.Video.SB.UPS.IntelligentLCD.CP1500AVRLCD3.B0BCMLLSHL,,250,DAILY_BUDGET,ENABLED,USD,1125,6,37.18,0.0,0,0,0,0.0,0,10,0,1,184,30,273
"Sep 17, 2025","=""369323377946560""",B2B - N.Keyword.Store.SB.UPS.StoreSpotlight,,250,DAILY_BUDGET,ENABLED,USD,4509,17,286.19,439.9,2,2,1,239.95,1,9,22,2,0,0,1882
"Oct 08, 2025","=""335733425531216""",N.Keyword.Video.SB.UPS.PFCSinewave.CP1500PFCLCD.B00429N19W,,250,DAILY_BUDGET,ENABLED,USD,9663,65,221.48,1397.42,6,9,5,977.57,6,110,54,10,1640,500,2272
"Oct 13, 2025","=""369323377946560""",B2B - N.Keyword.Store.SB.UPS.StoreSpotlight,,250,DAILY_BUDGET,ENABLED,USD,3624,11,241.0,6113.4,10,12,2,481.1,2,32,20,9,0,0,1268
"Sep 10, 2025","=""425328024590643""",C.Keyword.Products.SB.UPS.1500units,,250,DAILY_BUDGET,ENABLED,USD,0,0,0.0,0.0,0,0,0,0.0,0,0,0,0,0,0,0
"Oct 14, 2025","=""450441693358033""",B2B - B.Keyword.Products.SB.UPS.1500units,,250,DAILY_BUDGET,ENABLED,USD,2201,4,14.77,2509.4,5,12,0,0.0,0,12,2,3,0,0,117
"Oct 22, 2025","=""362619829731385""",B.Keyword.Video.SB.UPS.IntelligentLCD.CP1500AVRLCD3.B0BCMLLSHL,,250,DAILY_BUDGET,ENABLED,USD,2372,19,134.98,669.19,4,5,3,549.24,4,37,8,8,361,84,481
"Oct 14, 2025","=""293529288726869""",B.Keyword.Video.SB.UPS.PFCSinewave.CP1500PFCLCD.B00429N19W,,250,DAILY_BUDGET,ENABLED,USD,1007,12,230.07,179.95,1,1,0,0.0,0,15,12,2,167,58,238
"Sep 09, 2025","=""501138070676838""",N.SB.Products.SB.UPS.AVR,,250,DAILY_BUDGET,PAUSED,USD,0,0,0.0,0.0,0,0,0,0.0,0,0,0,0,0,0,0
"Oct 21, 2025","=""362619829731385""",B.Keyword.Video.SB.UPS.IntelligentLCD.CP1500AVRLCD3.B0BCMLLSHL,,250,DAILY_BUDGET,ENABLED,USD,2208,20,172.13,1771.62,5,8,4,1571.67,7,42,9,5,339,65,448
"Sep 24, 2025","=""288898439745613""",B2B - N.Keyword.Products.SB.UPS.1500units,,250,DAILY_BUDGET,ENABLED,USD,5138,22,170.26,962.93,2,3,2,962.93,3,28,11,4,0,0,1380
"Nov 25, 2025","=""501364882562485""",C.Keyword.Video.SB.UPS.IntelligentLCD.CP1500AVRLCD3.B0BCMLLSHL,,250,DAILY_BUDGET,ENABLED,USD,716,2,12.05,0.0,0,0,0,0.0,0,6,0,0,87,13,127
"Nov 09, 2025","=""300358990869228""",B.Keyword.Store.SB.UPS.StoreSpotlight,,250,DAILY_BUDGET,ENABLED,USD,21743,72,581.38,4359.6,31,37,22,2106.21,24,610,111,69,0,0,12589
"Sep 07, 2025","=""400654489506156""",B.Keyword.Products.SB.UPS.BestSellers,,250,DAILY_BUDGET,PAUSED,USD,59463,60,633.25,677.74,5,10,5,677.74,10,107,71,9,0,0,18251
"Sep 07, 2025","=""452338404496050""",B.SB.Products.SB.UPS.PFC,,250,DAILY_BUDGET,PAUSED,USD,0,0,0.0,0.0,0,0,0,0.0,0,0,0,0,0,0,0
"Sep 02, 2025","=""335733425531216""",N.Keyword.Video.SB.UPS.PFCSinewave.CP1500PFCLCD.B00429N19W,,250,DAILY_BUDGET,ENABLED,USD,5436,42,152.76,419.9,2,2,2,419.9,2,74,34,3,961,314,1368
"Sep 01, 2025","=""288898439745613""",B2B - N.Keyword.Products.SB.UPS.1500units,,250,DAILY_BUDGET,ENABLED,USD,6906,14,162.93,424.95,1,1,1,424.95,1,16,9,1,0,0,2670
"Sep 01, 2025","=""501138070676838""",N.SB.Products.SB.UPS.AVR,,250,DAILY_BUDGET,PAUSED,USD,13569,24,49.92,164.95,1,1,1,164.95,1,52,22,4,0,0,1715
"Sep 04, 2025","=""335733425531216""",N.Keyword.Video.SB.UPS.PFCSinewave.CP1500PFCLCD.B00429N19W,,250,DAILY_BUDGET,ENABLED,USD,5904,36,126.2,1289.75,5,5,2,559.9,2,111,25,12,1093,388,1475
"Sep 09, 2025","=""369323377946560""",B2B - N.Keyword.Store.SB.UPS.StoreSpotlight,,250,DAILY_BUDGET,ENABLED,USD,5349,18,298.42,1353.67,5,9,3,919.87,5,15,23,6,0,0,2312
"Nov 11, 2025","=""335733425531216""",N.Keyword.Video.SB.UPS.PFCSinewave.CP1500PFCLCD.B00429N19W,,250,DAILY_BUDGET,ENABLED,USD,5108,30,78.59,1063.74,6,6,6,1063.74,6,104,19,7,715,220,1098
"Nov 23, 2025","=""353873361287335""",B2B - B.Keyword.Store.SB.UPS.StoreSpotlight,,250,DAILY_BUDGET,ENABLED,USD,123,1,11.85,189.95,1,1,1,189.95,1,4,1,1,0,0,48
"Nov 24, 2025","=""362619829731385""",B.Keyword.Video.SB.UPS.IntelligentLCD.CP1500AVRLCD3.B0BCMLLSHL,,250,DAILY_BUDGET,ENABLED,USD,4226,30,184.36,389.9,2,2,1,149.95,1,77,11,5,508,99,750
"Nov 02, 2025","=""335733425531216""",N.Keyword.Video.SB.UPS.PFCSinewave.CP1500PFCLCD.B00429N19W,,250,DAILY_BUDGET,ENABLED,USD,5961,10,33.97,239.95,1,1,1,239.95,1,26,6,1,486,142,869
"Oct 30, 2025","=""425328024590643""",C.Keyword.Products.SB.UPS.1500units,,250,DAILY_BUDGET,ENABLED,USD,5011,10,45.7,639.85,2,3,2,639.85,3,27,14,2,0,0,1278
"Nov 19, 2025","=""353873361287335""",B2B - B.Keyword.Store.SB.UPS.StoreSpotlight,,250,DAILY_BUDGET,ENABLED,USD,408,5,42.66,189.95,1,1,1,189.95,1,15,12,1,0,0,197
"Oct 08, 2025","=""450441693358033""",B2B - B.Keyword.Products.SB.UPS.1500units,,250,DAILY_BUDGET,ENABLED,USD,1003,9,123.27,2721.97,7,9,0,0.0,0,35,0,12,0,0,154
"Sep 26, 2025","=""353873361287335""",B2B - B.Keyword.Store.SB.UPS.StoreSpotlight,,250,DAILY_BUDGET,ENABLED,USD,327,1,3.26,0.0,0,0,0,0.0,0,0,1,0,0,0,167
"Nov 25, 2025","=""293529288726869""",B.Keyword.Video.SB.UPS.PFCSinewave.CP1500PFCLCD.B00429N19W,,250,DAILY_BUDGET,ENABLED,USD,84,1,0.76,259.44,2,2,0,0.0,0,9,3,2,20,6,25
"Nov 07, 2025","=""516203922618177""",N.Keyword.Store.SB.UPS.StoreSpotlight,,250,DAILY_BUDGET,ENABLED,USD,142663,364,1659.44,5176.95,39,41,33,4527.3,34,630,542,65,0,0,41768
"Oct 15, 2025","=""490434522578484""",C.Keyword.Video.SB.UPS.PFCSinewave.CP1500PFCLCD.B00429N19W,,250,DAILY_BUDGET,ENABLED,USD,680,1,10.3,0.0,0,0,0,0.0,0,6,0,0,76,18,113
"Oct 20, 2025","=""516203922618177""",N.Keyword.Store.SB.UPS.StoreSpotlight,,250,DAILY_BUDGET,ENABLED,USD,91037,188,949.03,1704.85,12,12,10,1444.95,10,204,224,23,0,0,30731
"Nov 03, 2025","=""327967099369911""",N.Keyword.Products.SB.UPS.1500units,,250,DAILY_BUDGET,PAUSED,USD,248010,488,4569.86,9297.77,33,40,24,6095.22,30,903,267,75,0,0,74929
"Nov 10, 2025","=""425328024590643""",C.Keyword.Products.SB.UPS.1500units,,250,DAILY_BUDGET,ENABLED,USD,9561,34,92.43,979.75,4,5,4,979.75,5,74,19,8,0,0,3245
"Oct 22, 2025","=""327967099369911""",N.Keyword.Products.SB.UPS.1500units,,250,DAILY_BUDGET,PAUSED,USD,365891,454,4441.0,9761.2,26,36,18,6369.7,26,678,349,50,0,0,110575
"Nov 04, 2025","=""300358990869228""",B.Keyword.Store.SB.UPS.StoreSpotlight,,250,DAILY_BUDGET,ENABLED,USD,22601,50,563.21,3991.28,19,28,13,1989.71,17,341,73,38,0,0,12696
"Sep 09, 2025","=""533624646611887""",C.Keyword.Store.SB.UPS.StoreSpotlight,,250,DAILY_BUDGET,PAUSED,USD,0,0,0.0,0.0,0,0,0,0.0,0,0,0,0,0,0,0
"Sep 20, 2025","=""293529288726869""",B.Keyword.Video.SB.UPS.PFCSinewave.CP1500PFCLCD.B00429N19W,,250,DAILY_BUDGET,ENABLED,USD,806,30,592.06,1337.22,4,5,3,431.27,4,84,30,14,174,63,228
"Oct 04, 2025","=""369323377946560""",B2B - N.Keyword.Store.SB.UPS.StoreSpotlight,,250,DAILY_BUDGET,ENABLED,USD,1169,7,71.9,870.95,1,1,0,0.0,0,13,8,1,0,0,487
"Sep 24, 2025","=""400654489506156""",B.Keyword.Products.SB.UPS.BestSellers,,250,DAILY_BUDGET,PAUSED,USD,72782,77,654.1,297.94,2,2,2,297.94,2,202,116,13,0,0,23664
"Oct 04, 2025","=""353873361287335""",B2B - B.Keyword.Store.SB.UPS.StoreSpotlight,,250,DAILY_BUDGET,ENABLED,USD,136,1,10.22,0.0,0,0,0,0.0,0,0,1,0,0,0,66
"Sep 29, 2025","=""288898439745613""",B2B - N.Keyword.Products.SB.UPS.1500units,,250,DAILY_BUDGET,ENABLED,USD,3840,22,124.67,900.74,5,6,1,119.95,1,37,18,7,0,0,1051
"Nov 15, 2025","=""501364882562485""",C.Keyword.Video.SB.UPS.IntelligentLCD.CP1500AVRLCD3.B0BCMLLSHL,,250,DAILY_BUDGET,ENABLED,USD,451,0,0.0,0.0,0,0,0,0.0,0,0,0,0,54,10,83
"Sep 14, 2025","=""456008348744441""",N.SB.Products.SB.UPS.PFC,,250,DAILY_BUDGET,PAUSED,USD,0,0,0.0,0.0,0,0,0,0.0,0,0,0,0,0,0,0
"Oct 24, 2025","=""490434522578484""",C.Keyword.Video.SB.UPS.PFCSinewave.CP1500PFCLCD.B00429N19W,,250,DAILY_BUDGET,ENABLED,USD,773,2,11.15,0.0,0,0,0,0.0,0,8,1,0,87,18,143
"Oct 10, 2025","=""400654489506156""",B.Keyword.Products.SB.UPS.BestSellers,,250,DAILY_BUDGET,PAUSED,USD,50400,58,590.38,239.9,2,2,2,239.9,2,140,118,4,0,0,15274
"Oct 01, 2025","=""288898439745613""",B2B - N.Keyword.Products.SB.UPS.1500units,,250,DAILY_BUDGET,ENABLED,USD,4007,9,46.13,1369.75,2,5,1,959.8,4,13,5,3,0,0,1042
"Sep 20, 2025","=""450441693358033""",B2B - B.Keyword.Products.SB.UPS.1500units,,250,DAILY_BUDGET,ENABLED,USD,332,1,0.2,0.0,0,0,0,0.0,0,0,2,0,0,0,21
"Oct 03, 2025","=""400654489506156""",B.Keyword.Products.SB.UPS.BestSellers,,250,DAILY_BUDGET,PAUSED,USD,59435,60,512.89,913.24,6,6,5,673.29,5,168,139,9,0,0,19274
"Nov 05, 2025","=""425328024590643""",C.Keyword.Products.SB.UPS.1500units,,250,DAILY_BUDGET,ENABLED,USD,10383,11,33.16,695.75,2,5,1,239.95,1,22,18,3,0,0,2737
"Sep 05, 2025","=""456008348744441""",N.SB.Products.SB.UPS.PFC,,250,DAILY_BUDGET,PAUSED,USD,0,0,0.0,0.0,0,0,0,0.0,0,0,0,0,0,0,0
"Oct 25, 2025","=""425328024590643""",C.Keyword.Products.SB.UPS.1500units,,250,DAILY_BUDGET,ENABLED,USD,3186,8,26.35,0.0,0,0,0,0.0,0,16,6,0,0,0,1017
"Sep 02, 2025","=""327967099369911""",N.Keyword.Products.SB.UPS.1500units,,250,DAILY_BUDGET,PAUSED,USD,1162,4,4.12,0.0,0,0,0,0.0,0,3,2,0,0,0,252
"Nov 17, 2025","=""288898439745613""",B2B - N.Keyword.Products.SB.UPS.1500units,,250,DAILY_BUDGET,ENABLED,USD,3838,16,104.67,598.35,3,3,2,256.4,2,40,1,3,0,0,1249
"Sep 28, 2025","=""288898439745613""",B2B - N.Keyword.Products.SB.UPS.1500units,,250,DAILY_BUDGET,ENABLED,USD,1234,3,28.25,0.0,0,0,0,0.0,0,2,1,0,0,0,378
"Sep 07, 2025","=""293529288726869""",B.Keyword.Video.SB.UPS.PFCSinewave.CP1500PFCLCD.B00429N19W,,250,DAILY_BUDGET,ENABLED,USD,809,11,172.76,199.95,1,1,1,199.95,1,34,15,1,180,85,242
"Oct 11, 2025","=""353873361287335""",B2B - B.Keyword.Store.SB.UPS.StoreSpotlight,,250,DAILY_BUDGET,ENABLED,USD,117,0,0.0,0.0,0,0,0,0.0,0,0,0,0,0,0,62
"Oct 11, 2025","=""288898439745613""",B2B - N.Keyword.Products.SB.UPS.1500units,,250,DAILY_BUDGET,ENABLED,USD,1744,11,107.32,0.0,0,0,0,0.0,0,8,7,0,0,0,518
"Nov 10, 2025","=""516203922618177""",N.Keyword.Store.SB.UPS.StoreSpotlight,,250,DAILY_BUDGET,ENABLED,USD,132478,373,1498.25,4012.81,32,33,23,2976.98,23,538,493,56,0,0,39071
"Nov 09, 2025","=""288898439745613""",B2B - N.Keyword.Products.SB.UPS.1500units,,250,DAILY_BUDGET,ENABLED,USD,1291,8,73.58,227.95,1,1,1,227.95,1,18,2,3,0,0,422
"Nov 18, 2025","=""490434522578484""",C.Keyword.Video.SB.UPS.PFCSinewave.CP1500PFCLCD.B00429N19W,,250,DAILY_BUDGET,ENABLED,USD,724,2,11.19,239.95,1,1,1,239.95,1,13,0,0,104,16,135
"Sep 03, 2025","=""335733425531216""",N.Keyword.Video.SB.UPS.PFCSinewave.CP1500PFCLCD.B00429N19W,,250,DAILY_BUDGET,ENABLED,USD,5303,35,114.1,269.95,1,1,1,269.95,1,69,19,10,932,301,1314
"Sep 13, 2025","=""533624646611887""",C.Keyword.Store.SB.UPS.StoreSpotlight,,250,DAILY_BUDGET,PAUSED,USD,0,0,0.0,0.0,0,0,0,0.0,0,0,0,0,0,0,0
"Oct 22, 2025","=""516203922618177""",N.Keyword.Store.SB.UPS.StoreSpotlight,,250,DAILY_BUDGET,ENABLED,USD,108965,215,1016.97,2956.84,21,24,16,2372.09,19,278,266,36,0,0,35556
"Nov 01, 2025","=""293529288726869""",B.Keyword.Video.SB.UPS.PFCSinewave.CP1500PFCLCD.B00429N19W,,250,DAILY_BUDGET,ENABLED,USD,331,9,43.71,353.69,3,3,2,258.7,2,42,16,8,70,24,98
"Sep 09, 2025","=""452338404496050""",B.SB.Products.SB.UPS.PFC,,250,DAILY_BUDGET,PAUSED,USD,0,0,0.0,0.0,0,0,0,0.0,0,0,0,0,0,0,0
"Oct 28, 2025","=""335733425531216""",N.Keyword.Video.SB.UPS.PFCSinewave.CP1500PFCLCD.B00429N19W,,250,DAILY_BUDGET,ENABLED,USD,3901,10,23.58,359.9,2,2,2,359.9,2,13,4,3,336,93,640
"Nov 08, 2025","=""362619829731385""",B.Keyword.Video.SB.UPS.IntelligentLCD.CP1500AVRLCD3.B0BCMLLSHL,,250,DAILY_BUDGET,ENABLED,USD,2892,45,308.99,1619.6,7,8,7,1619.6,8,109,41,11,482,97,684
"Nov 09, 2025","=""362619829731385""",B.Keyword.Video.SB.UPS.IntelligentLCD.CP1500AVRLCD3.B0BCMLLSHL,,250,DAILY_BUDGET,ENABLED,USD,2945,42,488.02,479.89,3,3,2,329.94,2,107,18,10,490,82,683
"Nov 26, 2025","=""293529288726869""",B.Keyword.Video.SB.UPS.PFCSinewave.CP1500PFCLCD.B00429N19W,,250,DAILY_BUDGET,ENABLED,USD,120,1,1.14,0.0,0,0,0,0.0,0,2,0,0,20,8,30
"Sep 17, 2025","=""367333782614376""",N.SB.Products.SB.UPS.PFCRM,,250,DAILY_BUDGET,PAUSED,USD,0,0,0.0,0.0,0,0,0,0.0,0,0,0,0,0,0,0
"Nov 05, 2025","=""369323377946560""",B2B - N.Keyword.Store.SB.UPS.StoreSpotlight,,250,DAILY_BUDGET,ENABLED,USD,3070,22,191.36,2555.75,9,15,3,458.8,4,42,31,10,0,0,1201
"Oct 07, 2025","=""300358990869228""",B.Keyword.Store.SB.UPS.StoreSpotlight,,250,DAILY_BUDGET,ENABLED,USD,38858,133,2011.95,10270.81,37,64,25,4518.86,31,741,196,73,0,0,24101
"Nov 06, 2025","=""516203922618177""",N.Keyword.Store.SB.UPS.StoreSpotlight,,250,DAILY_BUDGET,ENABLED,USD,141058,442,1984.99,6248.04,45,48,37,5405.43,39,681,580,108,0,0,41854
"Nov 09, 2025","=""501364882562485""",C.Keyword.Video.SB.UPS.IntelligentLCD.CP1500AVRLCD3.B0BCMLLSHL,,250,DAILY_BUDGET,ENABLED,USD,779,5,29.94,0.0,0,0,0,0.0,0,8,2,1,107,27,145
"Nov 06, 2025","=""362619829731385""",B.Keyword.Video.SB.UPS.IntelligentLCD.CP1500AVRLCD3.B0BCMLLSHL,,250,DAILY_BUDGET,ENABLED,USD,3223,39,261.2,1537.05,8,9,7,1337.1,8,126,17,11,437,75,652
"Sep 24, 2025","=""335733425531216""",N.Keyword.Video.SB.UPS.PFCSinewave.CP1500PFCLCD.B00429N19W,,250,DAILY_BUDGET,ENABLED,USD,8167,62,220.66,824.74,5,5,3,464.84,3,149,39,11,1854,604,2418
"Sep 16, 2025","=""501364882562485""",C.Keyword.Video.SB.UPS.IntelligentLCD.CP1500AVRLCD3.B0BCMLLSHL,,250,DAILY_BUDGET,ENABLED,USD,1720,8,133.19,0.0,0,0,0,0.0,0,7,3,1,343,64,436
"Nov 01, 2025","=""300358990869228""",B.Keyword.Store.SB.UPS.StoreSpotlight,,250,DAILY_BUDGET,ENABLED,USD,21319,56,546.15,3666.56,19,23,15,3018.37,16,341,87,29,0,0,12279
"Nov 07, 2025","=""438623516658807""",N.Keyword.Video.SB.UPS.IntelligentLCD.CP1500AVRLCD3.B0BCMLLSHL,,250,DAILY_BUDGET,PAUSED,USD,0,0,0.0,0.0,0,0,0,0.0,0,0,0,0,0,0,0
"Sep 10, 2025","=""501138070676838""",N.SB.Products.SB.UPS.AVR,,250,DAILY_BUDGET,PAUSED,USD,0,0,0.0,0.0,0,0,0,0.0,0,0,0,0,0,0,0
"Sep 23, 2025","=""490434522578484""",C.Keyword.Video.SB.UPS.PFCSinewave.CP1500PFCLCD.B00429N19W,,250,DAILY_BUDGET,ENABLED,USD,964,2,28.37,0.0,0,0,0,0.0,0,1,1,0,173,42,240
"Sep 18, 2025","=""349078398145277""",N.SB.Products.SB.UPS.Eco,,250,DAILY_BUDGET,PAUSED,USD,0,0,0.0,0.0,0,0,0,0.0,0,0,0,0,0,0,0
"Oct 30, 2025","=""362619829731385""",B.Keyword.Video.SB.UPS.IntelligentLCD.CP1500AVRLCD3.B0BCMLLSHL,,250,DAILY_BUDGET,ENABLED,USD,3900,33,242.97,1359.7,4,6,3,1119.75,5,76,12,19,571,119,773
"Sep 07, 2025","=""349078398145277""",N.SB.Products.SB.UPS.Eco,,250,DAILY_BUDGET,PAUSED,USD,0,0,0.0,0.0,0,0,0,0.0,0,0,0,0,0,0,0
"Nov 28, 2025","=""450441693358033""",B2B - B.Keyword.Products.SB.UPS.1500units,,250,DAILY_BUDGET,ENABLED,USD,849,1,1.22,0.0,0,0,0,0.0,0,1,0,0,0,0,55
"Oct 18, 2025","=""400654489506156""",B.Keyword.Products.SB.UPS.BestSellers,,250,DAILY_BUDGET,PAUSED,USD,0,0,0.0,0.0,0,0,0,0.0,0,0,0,0,0,0,0
"Oct 01, 2025","=""369323377946560""",B2B - N.Keyword.Store.SB.UPS.StoreSpotlight,,250,DAILY_BUDGET,ENABLED,USD,4628,16,171.5,1035.75,4,5,1,399.9,2,14,21,5,0,0,1644
"Nov 19, 2025","=""450441693358033""",B2B - B.Keyword.Products.SB.UPS.1500units,,250,DAILY_BUDGET,ENABLED,USD,2342,6,40.2,214.95,1,1,1,214.95,1,8,0,2,0,0,158
"Nov 12, 2025","=""490434522578484""",C.Keyword.Video.SB.UPS.PFCSinewave.CP1500PFCLCD.B00429N19W,,250,DAILY_BUDGET,ENABLED,USD,887,3,23.07,0.0,0,0,0,0.0,0,12,1,2,130,40,201
"Oct 09, 2025","=""300358990869228""",B.Keyword.Store.SB.UPS.StoreSpotlight,,250,DAILY_BUDGET,ENABLED,USD,37003,147,1982.08,12289.98,48,65,33,5653.54,35,648,215,97,0,0,23619
"Nov 25, 2025","=""288898439745613""",B2B - N.Keyword.Products.SB.UPS.1500units,,250,DAILY_BUDGET,ENABLED,USD,4617,17,201.8,5818.11,13,24,3,797.75,5,40,3,12,0,0,1233
"Sep 09, 2025","=""353873361287335""",B2B - B.Keyword.Store.SB.UPS.StoreSpotlight,,250,DAILY_BUDGET,ENABLED,USD,450,8,130.85,872.9,3,3,2,512.95,2,14,10,4,0,0,223
"Nov 30, 2025","=""353873361287335""",B2B - B.Keyword.Store.SB.UPS.StoreSpotlight,,250,DAILY_BUDGET,ENABLED,USD,149,0,0.0,0.0,0,0,0,0.0,0,0,0,0,0,0,75
"Oct 28, 2025","=""362619829731385""",B.Keyword.Video.SB.UPS.IntelligentLCD.CP1500AVRLCD3.B0BCMLLSHL,,250,DAILY_BUDGET,ENABLED,USD,3537,45,316.58,1399.7,5,6,5,1399.7,6,83,21,7,597,124,801
"Sep 30, 2025","=""293529288726869""",B.Keyword.Video.SB.UPS.PFCSinewave.CP1500PFCLCD.B00429N19W,,250,DAILY_BUDGET,ENABLED,USD,1069,16,328.66,169.95,1,1,1,169.95,1,34,13,3,181,64,266
"Sep 07, 2025","=""300358990869228""",B.Keyword.Store.SB.UPS.StoreSpotlight,,250,DAILY_BUDGET,ENABLED,USD,4070,13,2051.85,242.94,2,2,2,242.94,2,53,28,3,0,0,3330
"Nov 20, 2025","=""501364882562485""",C.Keyword.Video.SB.UPS.IntelligentLCD.CP1500AVRLCD3.B0BCMLLSHL,,250,DAILY_BUDGET,ENABLED,USD,836,3,8.17,0.0,0,0,0,0.0,0,8,1,0,104,17,149
"Oct 04, 2025","=""293529288726869""",B.Keyword.Video.SB.UPS.PFCSinewave.CP1500PFCLCD.B00429N19W,,250,DAILY_BUDGET,ENABLED,USD,812,8,73.83,1226.48,2,4,1,1091.9,2,18,1,1,164,60,221
"Nov 02, 2025","=""369323377946560""",B2B - N.Keyword.Store.SB.UPS.StoreSpotlight,,250,DAILY_BUDGET,ENABLED,USD,1110,9,90.78,132.95,1,1,1,132.95,1,18,12,1,0,0,462
"Sep 13, 2025","=""353873361287335""",B2B - B.Keyword.Store.SB.UPS.StoreSpotlight,,250,DAILY_BUDGET,ENABLED,USD,105,0,0.0,0.0,0,0,0,0.0,0,0,0,0,0,0,49
"Sep 02, 2025","=""367333782614376""",N.SB.Products.SB.UPS.PFCRM,,250,DAILY_BUDGET,PAUSED,USD,42775,147,388.08,1366.13,5,5,5,1366.13,5,263,131,43,0,0,9162
"Oct 20, 2025","=""288898439745613""",B2B - N.Keyword.Products.SB.UPS.1500units,,250,DAILY_BUDGET,ENABLED,USD,2197,2,9.8,0.0,0,0,0,0.0,0,4,1,0,0,0,602
"Sep 03, 2025","=""349078398145277""",N.SB.Products.SB.UPS.Eco,,250,DAILY_BUDGET,PAUSED,USD,43162,113,257.11,696.75,5,5,5,696.75,5,152,103,12,0,0,9807
"Nov 30, 2025","=""288898439745613""",B2B - N.Keyword.Products.SB.UPS.1500units,,250,DAILY_BUDGET,ENABLED,USD,2186,9,62.25,665.8,4,4,0,0.0,0,26,7,6,0,0,702
"Nov 29, 2025","=""501364882562485""",C.Keyword.Video.SB.UPS.IntelligentLCD.CP1500AVRLCD3.B0BCMLLSHL,,250,DAILY_BUDGET,ENABLED,USD,674,2,4.56,0.0,0,0,0,0.0,0,2,2,0,81,12,110
"Sep 29, 2025","=""450441693358033""",B2B - B.Keyword.Products.SB.UPS.1500units,,250,DAILY_BUDGET,ENABLED,USD,2249,3,9.78,359.9,2,2,0,0.0,0,5,2,1,0,0,116
"Nov 13, 2025","=""425328024590643""",C.Keyword.Products.SB.UPS.1500units,,250,DAILY_BUDGET,ENABLED,USD,5084,15,30.07,239.9,2,2,2,239.9,2,25,12,4,0,0,1678
"Sep 11, 2025","=""335733425531216""",N.Keyword.Video.SB.UPS.PFCSinewave.CP1500PFCLCD.B00429N19W,,250,DAILY_BUDGET,ENABLED,USD,6435,43,141.58,1504.64,6,7,5,1399.7,6,80,48,11,1397,463,1838
"Nov 30, 2025","=""517243732232070""",B.RSOV.Products.SB.UPS.1500units,,14507,LIFETIME_BUDGET,ENABLED,USD,1743,38,0.0,1045.14,8,8,7,805.19,7,105,30,11,0,0,1307
"Sep 14, 2025","=""501138070676838""",N.SB.Products.SB.UPS.AVR,,250,DAILY_BUDGET,PAUSED,USD,0,0,0.0,0.0,0,0,0,0.0,0,0,0,0,0,0,0
"Oct 17, 2025","=""369323377946560""",B2B - N.Keyword.Store.SB.UPS.StoreSpotlight,,250,DAILY_BUDGET,ENABLED,USD,2778,7,94.22,85.45,1,1,1,85.45,1,9,7,2,0,0,989
"Sep 16, 2025","=""400654489506156""",B.Keyword.Products.SB.UPS.BestSellers,,250,DAILY_BUDGET,PAUSED,USD,76947,68,839.21,859.8,4,4,3,799.85,3,117,95,14,0,0,22505
"Nov 04, 2025","=""288898439745613""",B2B - N.Keyword.Products.SB.UPS.1500units,,250,DAILY_BUDGET,ENABLED,USD,3829,10,80.94,797.85,3,3,2,455.9,2,40,3,7,0,0,964
"Sep 22, 2025","=""335733425531216""",N.Keyword.Video.SB.UPS.PFCSinewave.CP1500PFCLCD.B00429N19W,,250,DAILY_BUDGET,ENABLED,USD,9457,89,306.33,1904.53,7,11,3,1159.7,6,148,86,15,2240,709,2883
"Oct 06, 2025","=""450441693358033""",B2B - B.Keyword.Products.SB.UPS.1500units,,250,DAILY_BUDGET,ENABLED,USD,2341,5,50.2,1665.99,3,6,2,1120.04,5,15,1,6,0,0,145
"Nov 01, 2025","=""516203922618177""",N.Keyword.Store.SB.UPS.StoreSpotlight,,250,DAILY_BUDGET,ENABLED,USD,85746,198,876.43,1054.76,13,14,10,899.57,11,245,262,22,0,0,25261
"Sep 29, 2025","=""353873361287335""",B2B - B.Keyword.Store.SB.UPS.StoreSpotlight,,250,DAILY_BUDGET,ENABLED,USD,404,1,10.25,0.0,0,0,0,0.0,0,6,1,0,0,0,199
"Oct 19, 2025","=""438623516658807""",N.Keyword.Video.SB.UPS.IntelligentLCD.CP1500AVRLCD3.B0BCMLLSHL,,250,DAILY_BUDGET,PAUSED,USD,71364,452,3543.22,3077.25,12,15,9,2397.4,12,720,23,39,7194,992,13416
"Nov 02, 2025","=""327967099369911""",N.Keyword.Products.SB.UPS.1500units,,250,DAILY_BUDGET,PAUSED,USD,236981,469,4410.89,5243.0,19,20,16,4297.15,17,743,334,43,0,0,76970
"Sep 11, 2025","=""450441693358033""",B2B - B.Keyword.Products.SB.UPS.1500units,,250,DAILY_BUDGET,ENABLED,USD,1830,4,75.72,819.9,2,2,0,0.0,0,17,0,1,0,0,95
"Sep 29, 2025","=""369323377946560""",B2B - N.Keyword.Store.SB.UPS.StoreSpotlight,,250,DAILY_BUDGET,ENABLED,USD,3859,19,212.86,839.8,2,4,2,839.8,4,21,26,6,0,0,1457
"Sep 23, 2025","=""293529288726869""",B.Keyword.Video.SB.UPS.PFCSinewave.CP1500PFCLCD.B00429N19W,,250,DAILY_BUDGET,ENABLED,USD,1020,15,291.77,287.9,2,2,1,239.95,1,27,9,2,203,66,279
"Aug 29, 2025","=""293529288726869""",B.Keyword.Video.SB.UPS.PFCSinewave.CP1500PFCLCD.B00429N19W,,250,DAILY_BUDGET,ENABLED,USD,777,9,211.71,0.0,0,0,0,0.0,0,8,5,1,156,58,210
"Sep 05, 2025","=""400654489506156""",B.Keyword.Products.SB.UPS.BestSellers,,250,DAILY_BUDGET,PAUSED,USD,17365,18,152.93,335.9,2,2,1,115.95,1,96,63,10,0,0,4663
"Oct 14, 2025","=""490434522578484""",C.Keyword.Video.SB.UPS.PFCSinewave.CP1500PFCLCD.B00429N19W,,250,DAILY_BUDGET,ENABLED,USD,854,1,7.93,239.95,1,1,1,239.95,1,0,1,1,132,43,191
"Oct 28, 2025","=""369323377946560""",B2B - N.Keyword.Store.SB.UPS.StoreSpotlight,,250,DAILY_BUDGET,ENABLED,USD,2660,11,117.1,1952.75,7,9,4,699.0,4,18,14,6,0,0,1058
"Sep 01, 2025","=""533624646611887""",C.Keyword.Store.SB.UPS.StoreSpotlight,,250,DAILY_BUDGET,PAUSED,USD,11497,60,901.25,1446.29,10,13,6,849.59,7,96,87,20,0,0,5664
"Nov 05, 2025","=""293529288726869""",B.Keyword.Video.SB.UPS.PFCSinewave.CP1500PFCLCD.B00429N19W,,250,DAILY_BUDGET,ENABLED,USD,317,2,19.52,0.0,0,0,0,0.0,0,4,9,0,82,23,92
"Nov 06, 2025","=""293529288726869""",B.Keyword.Video.SB.UPS.PFCSinewave.CP1500PFCLCD.B00429N19W,,250,DAILY_BUDGET,ENABLED,USD,332,4,59.82,199.95,1,1,1,199.95,1,13,1,2,70,28,91
"Nov 23, 2025","=""335733425531216""",N.Keyword.Video.SB.UPS.PFCSinewave.CP1500PFCLCD.B00429N19W,,250,DAILY_BUDGET,ENABLED,USD,3846,32,84.35,1289.74,6,6,6,1289.74,6,141,19,11,535,183,803
"Sep 07, 2025","=""288898439745613""",B2B - N.Keyword.Products.SB.UPS.1500units,,250,DAILY_BUDGET,ENABLED,USD,6536,23,319.88,119.95,1,1,1,119.95,1,29,12,3,0,0,2426
"Oct 31, 2025","=""501364882562485""",C.Keyword.Video.SB.UPS.IntelligentLCD.CP1500AVRLCD3.B0BCMLLSHL,,250,DAILY_BUDGET,ENABLED,USD,1120,8,66.6,289.9,2,2,1,199.95,1,17,2,3,201,32,287
"Nov 12, 2025","=""501364882562485""",C.Keyword.Video.SB.UPS.IntelligentLCD.CP1500AVRLCD3.B0BCMLLSHL,,250,DAILY_BUDGET,ENABLED,USD,755,3,12.58,0.0,0,0,0,0.0,0,6,0,1,108,20,157
"Sep 18, 2025","=""369323377946560""",B2B - N.Keyword.Store.SB.UPS.StoreSpotlight,,250,DAILY_BUDGET,ENABLED,USD,4471,7,129.33,265.9,2,2,2,265.9,2,6,8,3,0,0,1885
"Sep 06, 2025","=""369323377946560""",B2B - N.Keyword.Store.SB.UPS.StoreSpotlight,,250,DAILY_BUDGET,ENABLED,USD,1654,8,79.58,428.9,2,2,0,0.0,0,45,12,7,0,0,801
"Nov 13, 2025","=""362619829731385""",B.Keyword.Video.SB.UPS.IntelligentLCD.CP1500AVRLCD3.B0BCMLLSHL,,250,DAILY_BUDGET,ENABLED,USD,3026,47,377.07,2105.6,6,7,4,1319.75,5,181,25,13,439,88,625
"Nov 15, 2025","=""490434522578484""",C.Keyword.Video.SB.UPS.PFCSinewave.CP1500PFCLCD.B00429N19W,,250,DAILY_BUDGET,ENABLED,USD,645,4,24.74,0.0,0,0,0,0.0,0,6,3,1,91,22,125
"Oct 01, 2025","=""501364882562485""",C.Keyword.Video.SB.UPS.IntelligentLCD.CP1500AVRLCD3.B0BCMLLSHL,,250,DAILY_BUDGET,ENABLED,USD,1385,1,10.72,0.0,0,0,0,0.0,0,1,0,0,234,51,298
"Sep 25, 2025","=""288898439745613""",B2B - N.Keyword.Products.SB.UPS.1500units,,250,DAILY_BUDGET,ENABLED,USD,4014,20,166.46,6555.29,6,15,3,1383.74,6,31,8,8,0,0,1149
"Nov 22, 2025","=""288898439745613""",B2B - N.Keyword.Products.SB.UPS.1500units,,250,DAILY_BUDGET,ENABLED,USD,1654,4,21.27,27.2,1,5,1,27.2,5,10,4,1,0,0,586
"Nov 15, 2025","=""369323377946560""",B2B - N.Keyword.Store.SB.UPS.StoreSpotlight,,250,DAILY_BUDGET,ENABLED,USD,1260,5,49.83,0.0,0,0,0,0.0,0,0,5,0,0,0,502
"Oct 30, 2025","=""516203922618177""",N.Keyword.Store.SB.UPS.StoreSpotlight,,250,DAILY_BUDGET,ENABLED,USD,100946,207,1006.49,2925.09,16,19,14,2295.19,17,321,273,39,0,0,31561
"Oct 12, 2025","=""490434522578484""",C.Keyword.Video.SB.UPS.PFCSinewave.CP1500PFCLCD.B00429N19W,,250,DAILY_BUDGET,ENABLED,USD,545,4,37.72,0.0,0,0,0,0.0,0,8,2,0,86,33,125
"Aug 31, 2025","=""533624646611887""",C.Keyword.Store.SB.UPS.StoreSpotlight,,250,DAILY_BUDGET,PAUSED,USD,10110,46,597.11,526.8,4,4,2,206.9,2,74,69,7,0,0,4962
"Sep 18, 2025","=""293529288726869""",B.Keyword.Video.SB.UPS.PFCSinewave.CP1500PFCLCD.B00429N19W,,250,DAILY_BUDGET,ENABLED,USD,960,20,466.23,464.89,2,2,2,464.89,2,39,19,4,194,62,269
"Sep 22, 2025","=""450441693358033""",B2B - B.Keyword.Products.SB.UPS.1500units,,250,DAILY_BUDGET,ENABLED,USD,1405,10,183.59,3998.85,5,23,0,0.0,0,27,14,11,0,0,132
"Nov 28, 2025","=""362619829731385""",B.Keyword.Video.SB.UPS.IntelligentLCD.CP1500AVRLCD3.B0BCMLLSHL,,250,DAILY_BUDGET,ENABLED,USD,6142,49,422.48,2139.5,10,10,8,1699.6,8,178,27,17,783,155,1129
"Nov 24, 2025","=""335733425531216""",N.Keyword.Video.SB.UPS.PFCSinewave.CP1500PFCLCD.B00429N19W,,250,DAILY_BUDGET,ENABLED,USD,5428,37,110.15,1045.2,3,6,1,199.95,1,86,19,9,744,226,1100
"Nov 15, 2025","=""438623516658807""",N.Keyword.Video.SB.UPS.IntelligentLCD.CP1500AVRLCD3.B0BCMLLSHL,,250,DAILY_BUDGET,PAUSED,USD,0,0,0.0,0.0,0,0,0,0.0,0,0,0,0,0,0,0
"Aug 29, 2025","=""400654489506156""",B.Keyword.Products.SB.UPS.BestSellers,,250,DAILY_BUDGET,PAUSED,USD,51764,42,694.89,409.8,3,4,2,229.9,2,99,78,6,0,0,14965
"Nov 05, 2025","=""490434522578484""",C.Keyword.Video.SB.UPS.PFCSinewave.CP1500PFCLCD.B00429N19W,,250,DAILY_BUDGET,ENABLED,USD,1150,3,19.44,159.99,2,2,1,159.99,1,10,2,2,191,43,281
"Sep 06, 2025","=""288898439745613""",B2B - N.Keyword.Products.SB.UPS.1500units,,250,DAILY_BUDGET,ENABLED,USD,6772,28,427.76,1445.8,4,4,3,539.85,3,38,17,1,0,0,2619
"Nov 16, 2025","=""300358990869228""",B.Keyword.Store.SB.UPS.StoreSpotlight,,250,DAILY_BUDGET,ENABLED,USD,4150,22,68.47,779.23,10,10,9,659.28,9,222,39,18,0,0,2383
"Oct 21, 2025","=""425328024590643""",C.Keyword.Products.SB.UPS.1500units,,250,DAILY_BUDGET,ENABLED,USD,5349,10,23.15,284.85,1,3,1,284.85,3,9,14,1,0,0,1496
"Nov 12, 2025","=""327967099369911""",N.Keyword.Products.SB.UPS.1500units,,250,DAILY_BUDGET,PAUSED,USD,0,0,0.0,0.0,0,0,0,0.0,0,0,0,0,0,0,0
"Nov 18, 2025","=""335733425531216""",N.Keyword.Video.SB.UPS.PFCSinewave.CP1500PFCLCD.B00429N19W,,250,DAILY_BUDGET,ENABLED,USD,4408,22,56.32,0.0,0,0,0,0.0,0,61,20,7,554,137,900
"Nov 24, 2025","=""450441693358033""",B2B - B.Keyword.Products.SB.UPS.1500units,,250,DAILY_BUDGET,ENABLED,USD,2282,3,15.32,1331.8,1,2,1,1331.8,2,13,1,0,0,0,139
"Oct 17, 2025","=""490434522578484""",C.Keyword.Video.SB.UPS.PFCSinewave.CP1500PFCLCD.B00429N19W,,250,DAILY_BUDGET,ENABLED,USD,595,1,15.28,0.0,0,0,0,0.0,0,1,0,0,103,22,142
"Nov 26, 2025","=""501364882562485""",C.Keyword.Video.SB.UPS.IntelligentLCD.CP1500AVRLCD3.B0BCMLLSHL,,250,DAILY_BUDGET,ENABLED,USD,626,3,15.19,0.0,0,0,0,0.0,0,6,1,0,68,13,111
"Sep 21, 2025","=""501364882562485""",C.Keyword.Video.SB.UPS.IntelligentLCD.CP1500AVRLCD3.B0BCMLLSHL,,250,DAILY_BUDGET,ENABLED,USD,1274,8,100.12,964.75,5,5,4,764.8,4,34,5,6,274,55,350
"Oct 17, 2025","=""425328024590643""",C.Keyword.Products.SB.UPS.1500units,,250,DAILY_BUDGET,ENABLED,USD,5345,4,6.15,508.95,1,5,0,0.0,0,5,0,1,0,0,1218
"Nov 30, 2025","=""490434522578484""",C.Keyword.Video.SB.UPS.PFCSinewave.CP1500PFCLCD.B00429N19W,,250,DAILY_BUDGET,ENABLED,USD,351,4,22.47,239.95,1,1,1,239.95,1,27,7,3,45,13,62
"Nov 27, 2025","=""369323377946560""",B2B - N.Keyword.Store.SB.UPS.StoreSpotlight,,250,DAILY_BUDGET,ENABLED,USD,1031,6,51.5,170.95,1,1,1,170.95,1,17,6,4,0,0,426
"Nov 22, 2025","=""516203922618177""",N.Keyword.Store.SB.UPS.StoreSpotlight,,250,DAILY_BUDGET,ENABLED,USD,100956,298,979.98,3658.17,25,25,22,3283.28,22,706,389,38,0,0,25194
"Oct 12, 2025","=""501364882562485""",C.Keyword.Video.SB.UPS.IntelligentLCD.CP1500AVRLCD3.B0BCMLLSHL,,250,DAILY_BUDGET,ENABLED,USD,1025,2,24.26,0.0,0,0,0,0.0,0,0,2,0,184,29,261
"Oct 24, 2025","=""501364882562485""",C.Keyword.Video.SB.UPS.IntelligentLCD.CP1500AVRLCD3.B0BCMLLSHL,,250,DAILY_BUDGET,ENABLED,USD,1282,6,72.47,0.0,0,0,0,0.0,0,19,1,1,225,33,311
"Nov 07, 2025","=""450441693358033""",B2B - B.Keyword.Products.SB.UPS.1500units,,250,DAILY_BUDGET,ENABLED,USD,2650,3,40.19,341.95,1,1,0,0.0,0,7,1,1,0,0,94
"Oct 26, 2025","=""327967099369911""",N.Keyword.Products.SB.UPS.1500units,,250,DAILY_BUDGET,PAUSED,USD,242405,412,4482.63,2568.3,14,14,13,2471.35,13,678,251,49,0,0,78432
"Oct 23, 2025","=""425328024590643""",C.Keyword.Products.SB.UPS.1500units,,250,DAILY_BUDGET,ENABLED,USD,3618,10,53.61,269.95,2,2,1,219.95,1,25,9,3,0,0,1096
"Oct 18, 2025","=""335733425531216""",N.Keyword.Video.SB.UPS.PFCSinewave.CP1500PFCLCD.B00429N19W,,250,DAILY_BUDGET,ENABLED,USD,1361,1,4.44,0.0,0,0,0,0.0,0,3,1,0,133,27,234
"Sep 03, 2025","=""501364882562485""",C.Keyword.Video.SB.UPS.IntelligentLCD.CP1500AVRLCD3.B0BCMLLSHL,,250,DAILY_BUDGET,ENABLED,USD,1559,2,31.1,0.0,0,0,0,0.0,0,1,2,0,328,61,409
"Nov 08, 2025","=""438623516658807""",N.Keyword.Video.SB.UPS.IntelligentLCD.CP1500AVRLCD3.B0BCMLLSHL,,250,DAILY_BUDGET,PAUSED,USD,0,0,0.0,0.0,0,0,0,0.0,0,0,0,0,0,0,0
"Sep 15, 2025","=""533624646611887""",C.Keyword.Store.SB.UPS.StoreSpotlight,,250,DAILY_BUDGET,PAUSED,USD,0,0,0.0,0.0,0,0,0,0.0,0,0,0,0,0,0,0
"Nov 17, 2025","=""450441693358033""",B2B - B.Keyword.Products.SB.UPS.1500units,,250,DAILY_BUDGET,ENABLED,USD,2669,10,148.67,4694.28,7,8,3,2580.8,4,48,0,7,0,0,181
"Nov 05, 2025","=""450441693358033""",B2B - B.Keyword.Products.SB.UPS.1500units,,250,DAILY_BUDGET,ENABLED,USD,3142,3,34.17,983.84,3,3,1,89.99,1,7,0,3,0,0,106
"Aug 29, 2025","=""456008348744441""",N.SB.Products.SB.UPS.PFC,,250,DAILY_BUDGET,PAUSED,USD,55188,52,198.25,179.95,1,1,1,179.95,1,30,52,0,0,0,16507
"Sep 30, 2025","=""353873361287335""",B2B - B.Keyword.Store.SB.UPS.StoreSpotlight,,250,DAILY_BUDGET,ENABLED,USD,340,3,10.78,0.0,0,0,0,0.0,0,5,3,2,0,0,192
"Nov 27, 2025","=""353873361287335""",B2B - B.Keyword.Store.SB.UPS.StoreSpotlight,,250,DAILY_BUDGET,ENABLED,USD,161,0,0.0,0.0,0,0,0,0.0,0,0,0,0,0,0,66
"Sep 04, 2025","=""400654489506156""",B.Keyword.Products.SB.UPS.BestSellers,,250,DAILY_BUDGET,PAUSED,USD,57368,47,615.4,1719.34,5,14,3,455.85,3,130,106,8,0,0,16978
