Date,Campaign ID,Campaign name,Campaign currency code,Campaign budget amount,Campaign budget type,Campaign delivery status,Budget currency,Impressions,Clicks,Total cost,Sales,Purchases,Units sold,Purchases (new to brand),Sales (new to brand),Units sold (new to brand),Detail page views,Brand store page views,Add to cart,5-second views (video ad),Complete views (video ad),Viewable impressions
"Jan 19, 2025","=""60249080858733""",C.Keyword.Video.SB.UPS.PFCSinewave.CPPFC(1),,250,DAILY_BUDGET,PAUSED,USD,260,0,0.0,0.0,0,0,0,0.0,0,0,0,0,11,3,23
"Feb 24, 2025","=""74868404430193""",N.Keyword.Video.SB.UPS.SmartAppLCD.OR.OR500LCRM1U,,250,DAILY_BUDGET,PAUSED,USD,892,1,0.93,0.0,0,0,0,0.0,0,6,0,0,43,6,98
"Mar 03, 2025","=""327967099369911""",N.Keyword.Products.SB.UPS.1500units,,250,DAILY_BUDGET,PAUSED,USD,82416,155,1001.15,1905.55,9,9,7,1158.65,7,233,0,17,0,0,28795
"Feb 22, 2025","=""112828660396406""",N.Keyword.Video.SB.UPS.SmartAppSinewave.OLHD,,250,DAILY_BUDGET,PAUSED,USD,1755,8,11.76,0.0,0,0,0,0.0,0,6,0,0,126,9,261
"Apr 02, 2025","=""112828660396406""",N.Keyword.Video.SB.UPS.SmartAppSinewave.OLHD,,250,DAILY_BUDGET,PAUSED,USD,953,4,7.8,0.0,0,0,0,0.0,0,11,0,0,85,3,163
"Apr 01, 2025","=""516203922618177""",N.Keyword.Store.SB.UPS.StoreSpotlight,,250,DAILY_BUDGET,ENABLED,USD,20139,168,503.42,2226.35,11,13,8,1044.5,10,239,0,21,0,0,7993
"Jan 23, 2025","=""327967099369911""",N.Keyword.Products.SB.UPS.1500units,,250,DAILY_BUDGET,PAUSED,USD,0,0,0.0,0.0,0,0,0,0.0,0,0,0,0,0,0,0
"Apr 11, 2025","=""300358990869228""",B.Keyword.Store.SB.UPS.StoreSpotlight,,250,DAILY_BUDGET,ENABLED,USD,5116,38,237.31,3235.06,22,23,18,2252.31,18,319,0,44,0,0,3823
"Feb 10, 2025","=""209147373785811""",N.Keyword.Video.SB.UPS.PFCSinewave.CPPFC(1),,250,DAILY_BUDGET,PAUSED,USD,4985,19,93.22,619.85,3,3,3,619.85,3,43,0,15,639,172,1069
"Feb 05, 2025","=""209147373785811""",N.Keyword.Video.SB.UPS.PFCSinewave.CPPFC(1),,250,DAILY_BUDGET,PAUSED,USD,8886,40,172.45,1414.87,5,7,5,1414.87,7,95,0,8,939,256,1621
"Mar 09, 2025","=""85546644235770""",C.Keyword.Video.SB.UPS.IntelligentLCD.CPAVR3,,250,DAILY_BUDGET,PAUSED,USD,3026,18,16.68,189.95,1,1,1,189.95,1,52,0,3,199,18,377
"Mar 02, 2025","=""400654489506156""",B.Keyword.Products.SB.UPS.BestSellers,,250,DAILY_BUDGET,PAUSED,USD,17777,10,79.72,444.9,2,2,2,444.9,2,49,0,4,0,0,3433
"Jan 16, 2025","=""60249080858733""",C.Keyword.Video.SB.UPS.PFCSinewave.CPPFC(1),,250,DAILY_BUDGET,PAUSED,USD,295,0,0.0,0.0,0,0,0,0.0,0,0,0,0,13,1,32
"Apr 14, 2025","=""84817009251939""",C.Keyword.Video.SB.PFCSinewave.CP1500PFCRM2U.B0B354X985,,250,DAILY_BUDGET,ENABLED,USD,9093,67,85.12,879.89,3,3,2,544.94,2,164,0,7,632,53,1329
"Jan 17, 2025","=""533624646611887""",C.Keyword.Store.SB.UPS.StoreSpotlight,,250,DAILY_BUDGET,PAUSED,USD,4191,12,34.77,258.27,2,2,2,258.27,2,19,0,4,0,0,1054
"Mar 28, 2025","=""112828660396406""",N.Keyword.Video.SB.UPS.SmartAppSinewave.OLHD,,250,DAILY_BUDGET,PAUSED,USD,806,1,2.09,0.0,0,0,0,0.0,0,1,0,0,42,4,85
"Apr 15, 2025","=""353873361287335""",B2B - B.Keyword.Store.SB.UPS.StoreSpotlight,,250,DAILY_BUDGET,ENABLED,USD,480,2,12.64,0.0,0,0,0,0.0,0,1,0,0,0,0,205
"Apr 03, 2025","=""84817009251939""",C.Keyword.Video.SB.PFCSinewave.CP1500PFCRM2U.B0B354X985,,250,DAILY_BUDGET,ENABLED,USD,12806,67,81.99,2281.6,7,8,5,1884.7,6,178,0,13,867,90,1744
"Apr 21, 2025","=""85546644235770""",C.Keyword.Video.SB.UPS.IntelligentLCD.CPAVR3,,250,DAILY_BUDGET,PAUSED,USD,5617,38,59.56,759.8,4,4,2,379.9,2,96,0,10,442,25,969
"Feb 17, 2025","=""85546644235770""",C.Keyword.Video.SB.UPS.IntelligentLCD.CPAVR3,,250,DAILY_BUDGET,PAUSED,USD,4361,34,38.41,569.85,3,3,3,569.85,3,97,0,11,309,23,659
"Apr 08, 2025","=""38757712528936""",B.Keyword.Video.SB.UPS.PFCSinewave.CPPFC(1),,250,DAILY_BUDGET,PAUSED,USD,6688,39,345.87,2641.7,4,6,2,1320.85,3,88,0,11,525,165,885
"Jan 30, 2025","=""112828660396406""",N.Keyword.Video.SB.UPS.SmartAppSinewave.OLHD,,250,DAILY_BUDGET,PAUSED,USD,1228,1,0.94,0.0,0,0,0,0.0,0,1,0,0,128,19,221
"Jan 15, 2025","=""112828660396406""",N.Keyword.Video.SB.UPS.SmartAppSinewave.OLHD,,250,DAILY_BUDGET,PAUSED,USD,1894,5,7.75,0.0,0,0,0,0.0,0,8,0,0,110,13,244
"Apr 14, 2025","=""249902179030051""",N.Keyword.Video.SB.UPS.Surge.CSP,,250,DAILY_BUDGET,PAUSED,USD,115,1,0.84,0.0,0,0,0,0.0,0,1,0,0,6,1,20
"Mar 26, 2025","=""400654489506156""",B.Keyword.Products.SB.UPS.BestSellers,,250,DAILY_BUDGET,PAUSED,USD,14603,11,42.83,0.0,0,0,0,0.0,0,31,0,0,0,0,3758
"Apr 13, 2025","=""249902179030051""",N.Keyword.Video.SB.UPS.Surge.CSP,,250,DAILY_BUDGET,PAUSED,USD,219,0,0.0,0.0,0,0,0,0.0,0,0,0,0,12,5,37
"Mar 05, 2025","=""74868404430193""",N.Keyword.Video.SB.UPS.SmartAppLCD.OR.OR500LCRM1U,,250,DAILY_BUDGET,PAUSED,USD,1647,5,5.82,0.0,0,0,0,0.0,0,8,0,0,84,6,190
"Apr 19, 2025","=""74868404430193""",N.Keyword.Video.SB.UPS.SmartAppLCD.OR.OR500LCRM1U,,250,DAILY_BUDGET,PAUSED,USD,965,6,6.18,0.0,0,0,0,0.0,0,11,0,0,68,6,143
"Apr 15, 2025","=""60249080858733""",C.Keyword.Video.SB.UPS.PFCSinewave.CPPFC(1),,250,DAILY_BUDGET,PAUSED,USD,311,0,0.0,0.0,0,0,0,0.0,0,0,0,0,27,6,47
"Jan 21, 2025","=""209147373785811""",N.Keyword.Video.SB.UPS.PFCSinewave.CPPFC(1),,250,DAILY_BUDGET,PAUSED,USD,3474,20,33.83,409.9,2,2,2,409.9,2,36,0,3,311,66,594
"Apr 13, 2025","=""353873361287335""",B2B - B.Keyword.Store.SB.UPS.StoreSpotlight,,250,DAILY_BUDGET,ENABLED,USD,123,1,2.21,0.0,0,0,0,0.0,0,7,0,1,0,0,48
"Apr 15, 2025","=""84817009251939""",C.Keyword.Video.SB.PFCSinewave.CP1500PFCRM2U.B0B354X985,,250,DAILY_BUDGET,ENABLED,USD,9616,57,88.31,2353.55,4,9,3,1683.65,7,140,0,8,627,52,1260
"Jan 17, 2025","=""327967099369911""",N.Keyword.Products.SB.UPS.1500units,,250,DAILY_BUDGET,PAUSED,USD,397,1,1.88,0.0,0,0,0,0.0,0,0,0,0,0,0,79
"Mar 30, 2025","=""112828660396406""",N.Keyword.Video.SB.UPS.SmartAppSinewave.OLHD,,250,DAILY_BUDGET,PAUSED,USD,1287,5,8.92,0.0,0,0,0,0.0,0,7,0,0,68,5,124
"Mar 03, 2025","=""84817009251939""",C.Keyword.Video.SB.PFCSinewave.CP1500PFCRM2U.B0B354X985,,250,DAILY_BUDGET,ENABLED,USD,11983,84,96.82,1837.6,7,8,4,1194.8,4,183,0,14,956,74,1851
"Jan 30, 2025","=""209147373785811""",N.Keyword.Video.SB.UPS.PFCSinewave.CPPFC(1),,250,DAILY_BUDGET,PAUSED,USD,3915,19,26.04,659.85,3,3,2,439.9,2,58,0,6,329,95,592
"Apr 24, 2025","=""450441693358033""",B2B - B.Keyword.Products.SB.UPS.1500units,,250,DAILY_BUDGET,ENABLED,USD,1180,2,9.31,0.0,0,0,0,0.0,0,3,0,0,0,0,294
"Feb 07, 2025","=""60249080858733""",C.Keyword.Video.SB.UPS.PFCSinewave.CPPFC(1),,250,DAILY_BUDGET,PAUSED,USD,921,4,15.04,219.95,1,1,0,0.0,0,12,0,1,87,18,138
"Apr 28, 2025","=""249902179030051""",N.Keyword.Video.SB.UPS.Surge.CSP,,250,DAILY_BUDGET,PAUSED,USD,3161,35,33.0,35.98,1,2,1,35.98,2,40,0,3,235,21,562
"Apr 01, 2025","=""112828660396406""",N.Keyword.Video.SB.UPS.SmartAppSinewave.OLHD,,250,DAILY_BUDGET,PAUSED,USD,901,2,2.83,0.0,0,0,0,0.0,0,2,0,0,77,3,138
"Mar 16, 2025","=""112828660396406""",N.Keyword.Video.SB.UPS.SmartAppSinewave.OLHD,,250,DAILY_BUDGET,PAUSED,USD,296,0,0.0,0.0,0,0,0,0.0,0,0,0,0,15,2,26
"Apr 08, 2025","=""85546644235770""",C.Keyword.Video.SB.UPS.IntelligentLCD.CPAVR3,,250,DAILY_BUDGET,PAUSED,USD,2217,7,7.77,189.95,1,1,0,0.0,0,12,0,4,134,15,309
"Jan 14, 2025","=""400654489506156""",B.Keyword.Products.SB.UPS.BestSellers,,250,DAILY_BUDGET,PAUSED,USD,14988,9,18.89,408.85,3,3,3,408.85,3,17,0,3,0,0,4067
"Mar 30, 2025","=""84817009251939""",C.Keyword.Video.SB.PFCSinewave.CP1500PFCRM2U.B0B354X985,,250,DAILY_BUDGET,ENABLED,USD,12232,79,110.57,1279.75,5,5,5,1279.75,5,162,0,8,741,57,1500
"Mar 09, 2025","=""300358990869228""",B.Keyword.Store.SB.UPS.StoreSpotlight,,250,DAILY_BUDGET,ENABLED,USD,4875,51,160.89,6992.53,38,43,30,5276.69,33,410,0,61,0,0,3658
"Feb 08, 2025","=""112828660396406""",N.Keyword.Video.SB.UPS.SmartAppSinewave.OLHD,,250,DAILY_BUDGET,PAUSED,USD,900,1,1.47,0.0,0,0,0,0.0,0,1,0,0,58,4,128
"Feb 18, 2025","=""60249080858733""",C.Keyword.Video.SB.UPS.PFCSinewave.CPPFC(1),,250,DAILY_BUDGET,PAUSED,USD,714,2,5.09,0.0,0,0,0,0.0,0,7,0,0,45,12,85
"Feb 24, 2025","=""85546644235770""",C.Keyword.Video.SB.UPS.IntelligentLCD.CPAVR3,,250,DAILY_BUDGET,PAUSED,USD,2371,9,10.6,0.0,0,0,0,0.0,0,45,0,2,153,10,311
"Feb 19, 2025","=""60249080858733""",C.Keyword.Video.SB.UPS.PFCSinewave.CPPFC(1),,250,DAILY_BUDGET,PAUSED,USD,672,0,0.0,0.0,0,0,0,0.0,0,0,0,0,29,3,64
"Jan 16, 2025","=""74868404430193""",N.Keyword.Video.SB.UPS.SmartAppLCD.OR.OR500LCRM1U,,250,DAILY_BUDGET,PAUSED,USD,1641,10,9.95,267.98,2,2,2,267.98,2,32,0,1,95,11,212
"Mar 04, 2025","=""300358990869228""",B.Keyword.Store.SB.UPS.StoreSpotlight,,250,DAILY_BUDGET,ENABLED,USD,6056,73,227.74,15029.47,85,109,59,10428.67,66,800,0,155,0,0,4786
"Mar 29, 2025","=""38757712528936""",B.Keyword.Video.SB.UPS.PFCSinewave.CPPFC(1),,250,DAILY_BUDGET,PAUSED,USD,5589,37,341.74,524.8,3,4,2,359.85,3,40,0,6,499,148,838
"Jan 27, 2025","=""516203922618177""",N.Keyword.Store.SB.UPS.StoreSpotlight,,250,DAILY_BUDGET,ENABLED,USD,0,0,0.0,0.0,0,0,0,0.0,0,0,0,0,0,0,0
"Feb 20, 2025","=""38757712528936""",B.Keyword.Video.SB.UPS.PFCSinewave.CPPFC(1),,250,DAILY_BUDGET,PAUSED,USD,5706,28,73.83,1029.8,4,4,2,439.9,2,84,0,6,385,107,581
"Apr 21, 2025","=""74868404430193""",N.Keyword.Video.SB.UPS.SmartAppLCD.OR.OR500LCRM1U,,250,DAILY_BUDGET,PAUSED,USD,1491,1,0.6,0.0,0,0,0,0.0,0,1,0,0,91,13,205
"Apr 12, 2025","=""209147373785811""",N.Keyword.Video.SB.UPS.PFCSinewave.CPPFC(1),,250,DAILY_BUDGET,PAUSED,USD,5152,25,104.47,0.0,0,0,0,0.0,0,39,0,2,491,118,960
"Apr 08, 2025","=""327967099369911""",N.Keyword.Products.SB.UPS.1500units,,250,DAILY_BUDGET,PAUSED,USD,178768,310,1382.75,1259.7,6,6,4,819.8,4,396,0,16,0,0,55875
"Jan 22, 2025","=""516203922618177""",N.Keyword.Store.SB.UPS.StoreSpotlight,,250,DAILY_BUDGET,ENABLED,USD,0,0,0.0,0.0,0,0,0,0.0,0,0,0,0,0,0,0
"Apr 16, 2025","=""450441693358033""",B2B - B.Keyword.Products.SB.UPS.1500units,,250,DAILY_BUDGET,ENABLED,USD,362,0,0.0,0.0,0,0,0,0.0,0,0,0,0,0,0,14
"Jan 09, 2025","=""38757712528936""",B.Keyword.Video.SB.UPS.PFCSinewave.CPPFC(1),,250,DAILY_BUDGET,PAUSED,USD,9318,30,105.56,439.9,2,2,2,439.9,2,70,0,9,361,116,542
"Feb 06, 2025","=""112828660396406""",N.Keyword.Video.SB.UPS.SmartAppSinewave.OLHD,,250,DAILY_BUDGET,PAUSED,USD,658,2,2.82,0.0,0,0,0,0.0,0,1,0,0,53,7,100
"Feb 23, 2025","=""74868404430193""",N.Keyword.Video.SB.UPS.SmartAppLCD.OR.OR500LCRM1U,,250,DAILY_BUDGET,PAUSED,USD,924,7,5.79,525.39,2,2,2,525.39,2,30,0,4,47,6,113
"Mar 08, 2025","=""209147373785811""",N.Keyword.Video.SB.UPS.PFCSinewave.CPPFC(1),,250,DAILY_BUDGET,PAUSED,USD,14621,77,410.58,599.85,2,3,2,599.85,3,175,0,8,1325,309,2475
"Apr 11, 2025","=""516203922618177""",N.Keyword.Store.SB.UPS.StoreSpotlight,,250,DAILY_BUDGET,ENABLED,USD,14688,71,247.55,519.85,3,3,2,329.9,2,71,0,7,0,0,4867
"Mar 10, 2025","=""400654489506156""",B.Keyword.Products.SB.UPS.BestSellers,,250,DAILY_BUDGET,PAUSED,USD,11889,13,81.26,0.0,0,0,0,0.0,0,42,0,1,0,0,2431
"Apr 06, 2025","=""400654489506156""",B.Keyword.Products.SB.UPS.BestSellers,,250,DAILY_BUDGET,PAUSED,USD,11868,15,30.73,334.95,1,1,1,334.95,1,22,0,3,0,0,3042
"Apr 23, 2025","=""84817009251939""",C.Keyword.Video.SB.PFCSinewave.CP1500PFCRM2U.B0B354X985,,250,DAILY_BUDGET,ENABLED,USD,19372,89,166.98,1243.37,3,5,1,1004.85,3,184,0,5,1435,98,3296
"Jan 10, 2025","=""74868404430193""",N.Keyword.Video.SB.UPS.SmartAppLCD.OR.OR500LCRM1U,,250,DAILY_BUDGET,PAUSED,USD,1200,8,6.77,369.9,2,2,0,0.0,0,17,0,3,58,7,119
"Apr 10, 2025","=""353873361287335""",B2B - B.Keyword.Store.SB.UPS.StoreSpotlight,,250,DAILY_BUDGET,ENABLED,USD,397,2,11.07,0.0,0,0,0,0.0,0,5,0,0,0,0,216
"Apr 23, 2025","=""425328024590643""",C.Keyword.Products.SB.UPS.1500units,,250,DAILY_BUDGET,ENABLED,USD,23025,26,125.88,199.11,2,2,0,0.0,0,41,0,3,0,0,8971
"Apr 30, 2025","=""288898439745613""",B2B - N.Keyword.Products.SB.UPS.1500units,,250,DAILY_BUDGET,ENABLED,USD,17225,38,379.65,914.75,5,5,5,914.75,5,40,0,7,0,0,6846
"Mar 26, 2025","=""327967099369911""",N.Keyword.Products.SB.UPS.1500units,,250,DAILY_BUDGET,PAUSED,USD,267641,492,3872.26,1079.64,8,8,6,899.74,6,519,0,18,0,0,100989
"Jan 14, 2025","=""112828660396406""",N.Keyword.Video.SB.UPS.SmartAppSinewave.OLHD,,250,DAILY_BUDGET,PAUSED,USD,1391,3,5.22,0.0,0,0,0,0.0,0,8,0,0,124,10,238
"Apr 04, 2025","=""84817009251939""",C.Keyword.Video.SB.PFCSinewave.CP1500PFCRM2U.B0B354X985,,250,DAILY_BUDGET,ENABLED,USD,10517,53,66.17,2082.13,4,7,1,334.95,1,107,0,7,705,50,1483
"Mar 18, 2025","=""516203922618177""",N.Keyword.Store.SB.UPS.StoreSpotlight,,250,DAILY_BUDGET,ENABLED,USD,17791,107,348.6,3399.69,13,19,10,2377.2,16,147,0,24,0,0,6513
"Jan 29, 2025","=""74868404430193""",N.Keyword.Video.SB.UPS.SmartAppLCD.OR.OR500LCRM1U,,250,DAILY_BUDGET,PAUSED,USD,1006,8,7.23,0.0,0,0,0,0.0,0,14,0,2,54,6,107
"Jan 25, 2025","=""112828660396406""",N.Keyword.Video.SB.UPS.SmartAppSinewave.OLHD,,250,DAILY_BUDGET,PAUSED,USD,0,0,0.0,0.0,0,0,0,0.0,0,0,0,0,0,0,0
"Jan 08, 2025","=""84817009251939""",C.Keyword.Video.SB.PFCSinewave.CP1500PFCRM2U.B0B354X985,,250,DAILY_BUDGET,ENABLED,USD,12771,93,118.69,2415.45,7,11,4,740.7,6,277,0,17,1207,122,2232
"Mar 03, 2025","=""400654489506156""",B.Keyword.Products.SB.UPS.BestSellers,,250,DAILY_BUDGET,PAUSED,USD,22958,11,30.31,0.0,0,0,0,0.0,0,28,0,6,0,0,3978
"Apr 05, 2025","=""327967099369911""",N.Keyword.Products.SB.UPS.1500units,,250,DAILY_BUDGET,PAUSED,USD,208287,412,1833.68,2141.01,11,12,9,1861.07,10,444,0,16,0,0,68267
"Mar 17, 2025","=""38757712528936""",B.Keyword.Video.SB.UPS.PFCSinewave.CPPFC(1),,250,DAILY_BUDGET,PAUSED,USD,7276,41,253.35,985.29,3,4,2,765.34,3,70,0,5,745,228,1106
"Apr 28, 2025","=""85546644235770""",C.Keyword.Video.SB.UPS.IntelligentLCD.CPAVR3,,250,DAILY_BUDGET,PAUSED,USD,3941,22,27.66,629.85,3,3,3,629.85,3,39,0,4,326,23,619
"Jan 14, 2025","=""425328024590643""",C.Keyword.Products.SB.UPS.1500units,,250,DAILY_BUDGET,ENABLED,USD,356,0,0.0,0.0,0,0,0,0.0,0,0,0,0,0,0,30
"Apr 24, 2025","=""209147373785811""",N.Keyword.Video.SB.UPS.PFCSinewave.CPPFC(1),,250,DAILY_BUDGET,PAUSED,USD,1984,12,28.26,219.95,1,1,1,219.95,1,20,0,2,143,26,316
"Feb 23, 2025","=""209147373785811""",N.Keyword.Video.SB.UPS.PFCSinewave.CPPFC(1),,250,DAILY_BUDGET,PAUSED,USD,2478,17,85.31,604.85,3,3,3,604.85,3,39,0,3,196,25,439
"Apr 27, 2025","=""516203922618177""",N.Keyword.Store.SB.UPS.StoreSpotlight,,250,DAILY_BUDGET,ENABLED,USD,26863,141,334.74,1413.55,9,9,8,1303.6,8,217,0,27,0,0,8986
"Apr 21, 2025","=""84817009251939""",C.Keyword.Video.SB.PFCSinewave.CP1500PFCRM2U.B0B354X985,,250,DAILY_BUDGET,ENABLED,USD,27095,119,219.09,5694.15,4,17,3,2344.65,7,220,0,8,1938,125,4494
"Apr 14, 2025","=""353873361287335""",B2B - B.Keyword.Store.SB.UPS.StoreSpotlight,,250,DAILY_BUDGET,ENABLED,USD,458,4,27.84,0.0,0,0,0,0.0,0,14,0,2,0,0,179
"Jan 29, 2025","=""60249080858733""",C.Keyword.Video.SB.UPS.PFCSinewave.CPPFC(1),,250,DAILY_BUDGET,PAUSED,USD,280,0,0.0,0.0,0,0,0,0.0,0,0,0,0,10,0,25
"Mar 22, 2025","=""400654489506156""",B.Keyword.Products.SB.UPS.BestSellers,,250,DAILY_BUDGET,PAUSED,USD,12569,9,73.67,0.0,0,0,0,0.0,0,16,0,0,0,0,2643
"Apr 25, 2025","=""74868404430193""",N.Keyword.Video.SB.UPS.SmartAppLCD.OR.OR500LCRM1U,,250,DAILY_BUDGET,PAUSED,USD,872,4,1.9,199.95,1,1,1,199.95,1,10,0,1,50,7,117
"Feb 13, 2025","=""84817009251939""",C.Keyword.Video.SB.PFCSinewave.CP1500PFCRM2U.B0B354X985,,250,DAILY_BUDGET,ENABLED,USD,11575,115,150.89,2543.48,12,14,10,2053.63,11,309,0,27,1314,147,2222
"Apr 25, 2025","=""425328024590643""",C.Keyword.Products.SB.UPS.1500units,,250,DAILY_BUDGET,ENABLED,USD,16290,23,118.95,398.9,3,3,3,398.9,3,19,0,5,0,0,6624
"Jan 29, 2025","=""85546644235770""",C.Keyword.Video.SB.UPS.IntelligentLCD.CPAVR3,,250,DAILY_BUDGET,PAUSED,USD,3875,22,21.2,0.0,0,0,0,0.0,0,36,0,2,244,22,457
"Apr 18, 2025","=""369323377946560""",B2B - N.Keyword.Store.SB.UPS.StoreSpotlight,,250,DAILY_BUDGET,ENABLED,USD,256,0,0.0,0.0,0,0,0,0.0,0,0,0,0,0,0,147
"Apr 29, 2025","=""450441693358033""",B2B - B.Keyword.Products.SB.UPS.1500units,,250,DAILY_BUDGET,ENABLED,USD,994,3,18.14,0.0,0,0,0,0.0,0,4,0,0,0,0,261
"Mar 19, 2025","=""112828660396406""",N.Keyword.Video.SB.UPS.SmartAppSinewave.OLHD,,250,DAILY_BUDGET,PAUSED,USD,422,0,0.0,0.0,0,0,0,0.0,0,1,0,2,25,2,58
"Apr 17, 2025","=""74868404430193""",N.Keyword.Video.SB.UPS.SmartAppLCD.OR.OR500LCRM1U,,250,DAILY_BUDGET,PAUSED,USD,812,3,2.41,199.95,1,1,0,0.0,0,16,0,2,54,10,117
"Jan 07, 2025","=""38757712528936""",B.Keyword.Video.SB.UPS.PFCSinewave.CPPFC(1),,250,DAILY_BUDGET,PAUSED,USD,10196,33,104.02,466.42,3,3,3,466.42,3,69,0,10,575,177,822
"Apr 02, 2025","=""327967099369911""",N.Keyword.Products.SB.UPS.1500units,,250,DAILY_BUDGET,PAUSED,USD,210024,348,1848.87,1943.5,11,11,9,1889.55,9,467,0,17,0,0,65869
"Mar 04, 2025","=""38757712528936""",B.Keyword.Video.SB.UPS.PFCSinewave.CPPFC(1),,250,DAILY_BUDGET,PAUSED,USD,4117,14,36.62,219.95,1,1,1,219.95,1,26,0,2,222,63,339
"Mar 06, 2025","=""85546644235770""",C.Keyword.Video.SB.UPS.IntelligentLCD.CPAVR3,,250,DAILY_BUDGET,PAUSED,USD,4468,29,29.94,1289.65,4,7,2,909.75,5,47,0,6,274,12,598
"Feb 15, 2025","=""85546644235770""",C.Keyword.Video.SB.UPS.IntelligentLCD.CPAVR3,,250,DAILY_BUDGET,PAUSED,USD,2576,18,21.76,345.9,2,2,1,125.95,1,47,0,3,190,18,389
"Apr 15, 2025","=""327967099369911""",N.Keyword.Products.SB.UPS.1500units,,250,DAILY_BUDGET,PAUSED,USD,130435,236,881.77,1314.6,8,8,7,1204.65,7,285,0,14,0,0,35451
"Apr 12, 2025","=""74868404430193""",N.Keyword.Video.SB.UPS.SmartAppLCD.OR.OR500LCRM1U,,250,DAILY_BUDGET,PAUSED,USD,723,6,7.18,0.0,0,0,0,0.0,0,13,0,1,40,1,88
"Jan 26, 2025","=""38757712528936""",B.Keyword.Video.SB.UPS.PFCSinewave.CPPFC(1),,250,DAILY_BUDGET,PAUSED,USD,7471,44,143.9,1099.75,5,5,4,879.8,4,131,0,14,508,154,754
"Feb 23, 2025","=""60249080858733""",C.Keyword.Video.SB.UPS.PFCSinewave.CPPFC(1),,250,DAILY_BUDGET,PAUSED,USD,382,0,0.0,0.0,0,0,0,0.0,0,0,0,0,12,2,32
"Apr 29, 2025","=""60249080858733""",C.Keyword.Video.SB.UPS.PFCSinewave.CPPFC(1),,250,DAILY_BUDGET,PAUSED,USD,188,0,0.0,0.0,0,0,0,0.0,0,0,0,0,13,2,26
"Mar 06, 2025","=""400654489506156""",B.Keyword.Products.SB.UPS.BestSellers,,250,DAILY_BUDGET,PAUSED,USD,17999,9,51.58,263.9,2,2,1,189.95,1,14,0,2,0,0,3023
"Feb 07, 2025","=""38757712528936""",B.Keyword.Video.SB.UPS.PFCSinewave.CPPFC(1),,250,DAILY_BUDGET,PAUSED,USD,5902,30,86.42,439.9,2,2,1,219.95,1,75,0,4,447,132,662
"Mar 28, 2025","=""327967099369911""",N.Keyword.Products.SB.UPS.1500units,,250,DAILY_BUDGET,PAUSED,USD,224531,361,2983.9,1454.75,4,5,3,1014.85,3,365,0,16,0,0,79932
"Jan 07, 2025","=""112828660396406""",N.Keyword.Video.SB.UPS.SmartAppSinewave.OLHD,,250,DAILY_BUDGET,PAUSED,USD,2903,10,16.2,69.95,1,1,1,69.95,1,9,0,1,281,42,492
"Feb 25, 2025","=""38757712528936""",B.Keyword.Video.SB.UPS.PFCSinewave.CPPFC(1),,250,DAILY_BUDGET,PAUSED,USD,3895,15,43.53,233.65,2,3,1,93.75,1,37,0,5,204,65,326
"Mar 03, 2025","=""209147373785811""",N.Keyword.Video.SB.UPS.PFCSinewave.CPPFC(1),,250,DAILY_BUDGET,PAUSED,USD,12123,84,376.47,1900.69,10,10,7,1495.65,7,250,0,20,895,215,1734
"Mar 14, 2025","=""74868404430193""",N.Keyword.Video.SB.UPS.SmartAppLCD.OR.OR500LCRM1U,,250,DAILY_BUDGET,PAUSED,USD,1338,8,6.69,369.9,2,2,2,369.9,2,25,0,0,66,8,147
"Jan 21, 2025","=""300358990869228""",B.Keyword.Store.SB.UPS.StoreSpotlight,,250,DAILY_BUDGET,ENABLED,USD,0,0,0.0,0.0,0,0,0,0.0,0,0,0,0,0,0,0
"Feb 28, 2025","=""85546644235770""",C.Keyword.Video.SB.UPS.IntelligentLCD.CPAVR3,,250,DAILY_BUDGET,PAUSED,USD,3679,23,23.32,569.85,3,3,3,569.85,3,58,0,6,265,14,526
"Jan 17, 2025","=""400654489506156""",B.Keyword.Products.SB.UPS.BestSellers,,250,DAILY_BUDGET,PAUSED,USD,3433,4,10.15,0.0,0,0,0,0.0,0,29,0,0,0,0,697
"Apr 01, 2025","=""353873361287335""",B2B - B.Keyword.Store.SB.UPS.StoreSpotlight,,250,DAILY_BUDGET,ENABLED,USD,3,0,0.0,0.0,0,0,0,0.0,0,0,0,0,0,0,0
"Mar 14, 2025","=""38757712528936""",B.Keyword.Video.SB.UPS.PFCSinewave.CPPFC(1),,250,DAILY_BUDGET,PAUSED,USD,7222,41,196.33,894.12,5,5,4,674.17,4,72,0,6,620,192,992
"Apr 20, 2025","=""38757712528936""",B.Keyword.Video.SB.UPS.PFCSinewave.CPPFC(1),,250,DAILY_BUDGET,PAUSED,USD,2385,19,138.99,509.85,3,3,2,289.9,2,50,0,27,354,111,525
"Feb 18, 2025","=""209147373785811""",N.Keyword.Video.SB.UPS.PFCSinewave.CPPFC(1),,250,DAILY_BUDGET,PAUSED,USD,2397,18,80.25,299.9,2,2,2,299.9,2,29,0,3,298,79,526
"Jan 28, 2025","=""38757712528936""",B.Keyword.Video.SB.UPS.PFCSinewave.CPPFC(1),,250,DAILY_BUDGET,PAUSED,USD,9819,35,120.39,1444.65,7,7,7,1444.65,7,84,0,9,540,178,818
"Apr 05, 2025","=""450441693358033""",B2B - B.Keyword.Products.SB.UPS.1500units,,250,DAILY_BUDGET,ENABLED,USD,199,0,0.0,0.0,0,0,0,0.0,0,0,0,0,0,0,6
"Apr 12, 2025","=""60249080858733""",C.Keyword.Video.SB.UPS.PFCSinewave.CPPFC(1),,250,DAILY_BUDGET,PAUSED,USD,411,1,2.78,0.0,0,0,0,0.0,0,1,0,0,51,5,83
"Mar 24, 2025","=""38757712528936""",B.Keyword.Video.SB.UPS.PFCSinewave.CPPFC(1),,250,DAILY_BUDGET,PAUSED,USD,5210,35,266.33,157.9,2,2,1,69.95,1,45,0,4,652,208,946
"Apr 09, 2025","=""84817009251939""",C.Keyword.Video.SB.PFCSinewave.CP1500PFCRM2U.B0B354X985,,250,DAILY_BUDGET,ENABLED,USD,6738,29,36.77,731.85,3,3,1,334.95,1,78,0,7,379,27,759
"Jan 25, 2025","=""38757712528936""",B.Keyword.Video.SB.UPS.PFCSinewave.CPPFC(1),,250,DAILY_BUDGET,PAUSED,USD,6948,30,103.63,1040.69,8,9,6,710.79,7,63,0,11,460,152,690
"Mar 28, 2025","=""300358990869228""",B.Keyword.Store.SB.UPS.StoreSpotlight,,250,DAILY_BUDGET,ENABLED,USD,3306,13,179.38,2641.34,14,20,9,1816.61,13,193,0,24,0,0,2616
"Feb 26, 2025","=""112828660396406""",N.Keyword.Video.SB.UPS.SmartAppSinewave.OLHD,,250,DAILY_BUDGET,PAUSED,USD,2633,15,24.93,0.0,0,0,0,0.0,0,36,0,0,170,6,348
"Mar 09, 2025","=""112828660396406""",N.Keyword.Video.SB.UPS.SmartAppSinewave.OLHD,,250,DAILY_BUDGET,PAUSED,USD,1704,2,3.23,0.0,0,0,0,0.0,0,4,0,0,96,12,201
"Apr 19, 2025","=""300358990869228""",B.Keyword.Store.SB.UPS.StoreSpotlight,,250,DAILY_BUDGET,ENABLED,USD,3118,32,149.12,4109.14,39,45,32,3222.24,38,394,0,67,0,0,2363
"Apr 05, 2025","=""112828660396406""",N.Keyword.Video.SB.UPS.SmartAppSinewave.OLHD,,250,DAILY_BUDGET,PAUSED,USD,823,6,9.13,0.0,0,0,0,0.0,0,30,0,6,60,3,130
"Mar 20, 2025","=""400654489506156""",B.Keyword.Products.SB.UPS.BestSellers,,250,DAILY_BUDGET,PAUSED,USD,17442,12,46.16,202.56,4,4,2,76.99,2,41,0,5,0,0,3013
"Jan 04, 2025","=""60249080858733""",C.Keyword.Video.SB.UPS.PFCSinewave.CPPFC(1),,250,DAILY_BUDGET,PAUSED,USD,106,0,0.0,0.0,0,0,0,0.0,0,0,0,0,4,1,5
"Mar 01, 2025","=""300358990869228""",B.Keyword.Store.SB.UPS.StoreSpotlight,,250,DAILY_BUDGET,ENABLED,USD,5073,33,161.14,4205.37,31,34,23,3204.15,26,403,0,52,0,0,3777
"Apr 07, 2025","=""400654489506156""",B.Keyword.Products.SB.UPS.BestSellers,,250,DAILY_BUDGET,PAUSED,USD,18047,9,19.24,724.85,3,3,3,724.85,3,36,0,3,0,0,4387
"Jan 16, 2025","=""327967099369911""",N.Keyword.Products.SB.UPS.1500units,,250,DAILY_BUDGET,PAUSED,USD,1857,6,8.0,139.9,1,2,1,139.9,2,23,0,7,0,0,518
"Jan 18, 2025","=""112828660396406""",N.Keyword.Video.SB.UPS.SmartAppSinewave.OLHD,,250,DAILY_BUDGET,PAUSED,USD,2654,6,10.23,822.95,1,1,1,822.95,1,19,0,3,178,15,380
"Jan 19, 2025","=""327967099369911""",N.Keyword.Products.SB.UPS.1500units,,250,DAILY_BUDGET,PAUSED,USD,0,0,0.0,0.0,0,0,0,0.0,0,0,0,0,0,0,0
"Mar 09, 2025","=""516203922618177""",N.Keyword.Store.SB.UPS.StoreSpotlight,,250,DAILY_BUDGET,ENABLED,USD,25768,132,403.79,1516.0,11,12,10,1460.5,10,191,0,18,0,0,9143
"Mar 13, 2025","=""300358990869228""",B.Keyword.Store.SB.UPS.StoreSpotlight,,250,DAILY_BUDGET,ENABLED,USD,4794,34,144.29,10285.86,41,63,26,4078.15,33,284,0,57,0,0,3598
"Apr 29, 2025","=""353873361287335""",B2B - B.Keyword.Store.SB.UPS.StoreSpotlight,,250,DAILY_BUDGET,ENABLED,USD,144,0,0.0,0.0,0,0,0,0.0,0,0,0,0,0,0,58
"Mar 28, 2025","=""38757712528936""",B.Keyword.Video.SB.UPS.PFCSinewave.CPPFC(1),,250,DAILY_BUDGET,PAUSED,USD,6024,43,302.55,642.8,4,4,3,422.85,3,142,0,7,618,180,1010
"Apr 08, 2025","=""288898439745613""",B2B - N.Keyword.Products.SB.UPS.1500units,,250,DAILY_BUDGET,ENABLED,USD,24151,45,423.71,764.8,4,4,1,69.95,1,56,0,9,0,0,9309
"Jan 19, 2025","=""516203922618177""",N.Keyword.Store.SB.UPS.StoreSpotlight,,250,DAILY_BUDGET,ENABLED,USD,0,0,0.0,0.0,0,0,0,0.0,0,0,0,0,0,0,0
"Mar 09, 2025","=""400654489506156""",B.Keyword.Products.SB.UPS.BestSellers,,250,DAILY_BUDGET,PAUSED,USD,10534,8,46.4,0.0,0,0,0,0.0,0,16,0,1,0,0,2075
"Apr 26, 2025","=""450441693358033""",B2B - B.Keyword.Products.SB.UPS.1500units,,250,DAILY_BUDGET,ENABLED,USD,384,3,13.17,0.0,0,0,0,0.0,0,10,0,0,0,0,86
"Feb 17, 2025","=""60249080858733""",C.Keyword.Video.SB.UPS.PFCSinewave.CPPFC(1),,250,DAILY_BUDGET,PAUSED,USD,1055,2,6.65,0.0,0,0,0,0.0,0,10,0,1,71,20,143
"Apr 07, 2025","=""300358990869228""",B.Keyword.Store.SB.UPS.StoreSpotlight,,250,DAILY_BUDGET,ENABLED,USD,3912,31,216.61,2575.7,22,30,14,1569.42,18,241,0,37,0,0,3063
"Mar 19, 2025","=""209147373785811""",N.Keyword.Video.SB.UPS.PFCSinewave.CPPFC(1),,250,DAILY_BUDGET,PAUSED,USD,8875,75,413.91,1537.12,7,8,6,1483.17,7,139,0,12,952,285,1627
"Jan 09, 2025","=""85546644235770""",C.Keyword.Video.SB.UPS.IntelligentLCD.CPAVR3,,250,DAILY_BUDGET,PAUSED,USD,5145,36,36.37,0.0,0,0,0,0.0,0,56,0,6,321,21,657
"Apr 17, 2025","=""516203922618177""",N.Keyword.Store.SB.UPS.StoreSpotlight,,250,DAILY_BUDGET,ENABLED,USD,18711,90,248.98,719.75,5,5,4,519.8,4,109,0,12,0,0,6261
"Feb 06, 2025","=""60249080858733""",C.Keyword.Video.SB.UPS.PFCSinewave.CPPFC(1),,250,DAILY_BUDGET,PAUSED,USD,1222,1,3.75,0.0,0,0,0,0.0,0,0,0,0,165,43,239
"Apr 04, 2025","=""327967099369911""",N.Keyword.Products.SB.UPS.1500units,,250,DAILY_BUDGET,PAUSED,USD,186065,309,1495.07,1566.5,10,10,8,1292.6,8,324,0,20,0,0,58494
"Feb 25, 2025","=""516203922618177""",N.Keyword.Store.SB.UPS.StoreSpotlight,,250,DAILY_BUDGET,ENABLED,USD,250800,396,4962.97,5014.44,20,26,13,3228.1,18,359,0,39,0,0,108147
"Apr 21, 2025","=""450441693358033""",B2B - B.Keyword.Products.SB.UPS.1500units,,250,DAILY_BUDGET,ENABLED,USD,555,0,0.0,0.0,0,0,0,0.0,0,0,0,0,0,0,39
"Apr 14, 2025","=""38757712528936""",B.Keyword.Video.SB.UPS.PFCSinewave.CPPFC(1),,250,DAILY_BUDGET,PAUSED,USD,4573,34,304.44,179.95,1,1,1,179.95,1,67,0,2,423,100,711
"Mar 08, 2025","=""516203922618177""",N.Keyword.Store.SB.UPS.StoreSpotlight,,250,DAILY_BUDGET,ENABLED,USD,25784,137,501.49,2937.15,16,17,11,1903.4,12,326,0,25,0,0,9502
"Feb 23, 2025","=""38757712528936""",B.Keyword.Video.SB.UPS.PFCSinewave.CPPFC(1),,250,DAILY_BUDGET,PAUSED,USD,2725,14,47.45,0.0,0,0,0,0.0,0,25,0,0,147,31,250
"Jan 07, 2025","=""209147373785811""",N.Keyword.Video.SB.UPS.PFCSinewave.CPPFC(1),,250,DAILY_BUDGET,PAUSED,USD,3829,18,26.04,691.8,4,4,3,565.85,3,52,0,8,309,78,612
"Apr 02, 2025","=""288898439745613""",B2B - N.Keyword.Products.SB.UPS.1500units,,250,DAILY_BUDGET,ENABLED,USD,2875,3,9.66,0.0,0,0,0,0.0,0,0,0,0,0,0,1469
"Jan 05, 2025","=""84817009251939""",C.Keyword.Video.SB.PFCSinewave.CP1500PFCRM2U.B0B354X985,,250,DAILY_BUDGET,ENABLED,USD,19537,215,293.92,2699.49,11,11,9,2399.59,9,640,0,35,2299,251,3977
"Apr 23, 2025","=""300358990869228""",B.Keyword.Store.SB.UPS.StoreSpotlight,,250,DAILY_BUDGET,ENABLED,USD,3671,32,162.55,6390.34,39,43,30,3543.51,34,385,0,59,0,0,2823
"Apr 21, 2025","=""353873361287335""",B2B - B.Keyword.Store.SB.UPS.StoreSpotlight,,250,DAILY_BUDGET,ENABLED,USD,456,1,1.17,0.0,0,0,0,0.0,0,1,0,0,0,0,216
"Jan 15, 2025","=""209147373785811""",N.Keyword.Video.SB.UPS.PFCSinewave.CPPFC(1),,250,DAILY_BUDGET,PAUSED,USD,2811,15,20.56,545.95,1,1,1,545.95,1,34,0,1,166,26,369
"Mar 31, 2025","=""209147373785811""",N.Keyword.Video.SB.UPS.PFCSinewave.CPPFC(1),,250,DAILY_BUDGET,PAUSED,USD,11942,77,408.07,1759.5,4,10,2,439.9,2,156,0,10,1303,303,2505
"Feb 26, 2025","=""84817009251939""",C.Keyword.Video.SB.PFCSinewave.CP1500PFCRM2U.B0B354X985,,250,DAILY_BUDGET,ENABLED,USD,8821,50,59.13,2209.65,7,7,5,1539.75,5,134,0,15,757,65,1361
"Feb 08, 2025","=""209147373785811""",N.Keyword.Video.SB.UPS.PFCSinewave.CPPFC(1),,250,DAILY_BUDGET,PAUSED,USD,3182,18,78.71,0.0,0,0,0,0.0,0,21,0,3,388,98,662
"Apr 10, 2025","=""38757712528936""",B.Keyword.Video.SB.UPS.PFCSinewave.CPPFC(1),,250,DAILY_BUDGET,PAUSED,USD,5160,32,232.35,1281.54,5,5,3,659.85,3,60,0,6,478,142,804
"Mar 15, 2025","=""300358990869228""",B.Keyword.Store.SB.UPS.StoreSpotlight,,250,DAILY_BUDGET,ENABLED,USD,4701,41,174.34,2594.81,23,28,17,2217.08,22,230,0,34,0,0,3746
"Apr 18, 2025","=""327967099369911""",N.Keyword.Products.SB.UPS.1500units,,250,DAILY_BUDGET,PAUSED,USD,84745,189,542.62,1823.65,5,7,5,1823.65,7,283,0,13,0,0,21148
"Mar 07, 2025","=""74868404430193""",N.Keyword.Video.SB.UPS.SmartAppLCD.OR.OR500LCRM1U,,250,DAILY_BUDGET,PAUSED,USD,1365,12,8.51,199.95,1,1,0,0.0,0,32,0,3,77,7,174
"Mar 27, 2025","=""327967099369911""",N.Keyword.Products.SB.UPS.1500units,,250,DAILY_BUDGET,PAUSED,USD,260739,462,3494.96,1068.97,7,8,7,1068.97,8,453,0,20,0,0,98739
"Apr 27, 2025","=""60249080858733""",C.Keyword.Video.SB.UPS.PFCSinewave.CPPFC(1),,250,DAILY_BUDGET,PAUSED,USD,342,1,3.0,0.0,0,0,0,0.0,0,3,0,0,31,7,54
"Apr 17, 2025","=""353873361287335""",B2B - B.Keyword.Store.SB.UPS.StoreSpotlight,,250,DAILY_BUDGET,ENABLED,USD,416,1,0.74,53.95,1,1,1,53.95,1,4,0,1,0,0,183
"Feb 28, 2025","=""74868404430193""",N.Keyword.Video.SB.UPS.SmartAppLCD.OR.OR500LCRM1U,,250,DAILY_BUDGET,PAUSED,USD,1157,9,8.68,993.75,5,5,0,0.0,0,26,0,7,58,6,117
"Jan 05, 2025","=""112828660396406""",N.Keyword.Video.SB.UPS.SmartAppSinewave.OLHD,,250,DAILY_BUDGET,PAUSED,USD,2290,5,10.3,0.0,0,0,0,0.0,0,11,0,0,175,19,330
"Mar 06, 2025","=""300358990869228""",B.Keyword.Store.SB.UPS.StoreSpotlight,,250,DAILY_BUDGET,ENABLED,USD,6141,62,206.68,18686.66,64,116,42,12283.64,82,624,0,103,0,0,4679
"Feb 22, 2025","=""38757712528936""",B.Keyword.Video.SB.UPS.PFCSinewave.CPPFC(1),,250,DAILY_BUDGET,PAUSED,USD,2692,10,22.83,0.0,0,0,0,0.0,0,15,0,0,153,34,252
"Apr 20, 2025","=""112828660396406""",N.Keyword.Video.SB.UPS.SmartAppSinewave.OLHD,,250,DAILY_BUDGET,PAUSED,USD,610,1,1.53,0.0,0,0,0,0.0,0,2,0,0,50,2,93
"Jan 22, 2025","=""327967099369911""",N.Keyword.Products.SB.UPS.1500units,,250,DAILY_BUDGET,PAUSED,USD,0,0,0.0,0.0,0,0,0,0.0,0,0,0,0,0,0,0
"Jan 04, 2025","=""84817009251939""",C.Keyword.Video.SB.PFCSinewave.CP1500PFCRM2U.B0B354X985,,250,DAILY_BUDGET,ENABLED,USD,19279,200,272.65,1339.8,4,4,2,669.9,2,548,0,16,2092,219,3772
"Mar 07, 2025","=""516203922618177""",N.Keyword.Store.SB.UPS.StoreSpotlight,,250,DAILY_BUDGET,ENABLED,USD,26583,152,470.34,3421.0,17,20,12,2271.25,15,212,0,34,0,0,9733
"Jan 24, 2025","=""84817009251939""",C.Keyword.Video.SB.PFCSinewave.CP1500PFCRM2U.B0B354X985,,250,DAILY_BUDGET,ENABLED,USD,11315,122,150.66,7022.78,19,27,7,1737.65,7,282,0,25,1345,160,2226
"Jan 30, 2025","=""84817009251939""",C.Keyword.Video.SB.PFCSinewave.CP1500PFCRM2U.B0B354X985,,250,DAILY_BUDGET,ENABLED,USD,13947,137,167.61,3708.04,13,13,10,2848.19,10,396,0,29,1608,169,2785
"Mar 01, 2025","=""60249080858733""",C.Keyword.Video.SB.UPS.PFCSinewave.CPPFC(1),,250,DAILY_BUDGET,PAUSED,USD,292,2,5.39,0.0,0,0,0,0.0,0,7,0,0,17,2,35
"Mar 31, 2025","=""516203922618177""",N.Keyword.Store.SB.UPS.StoreSpotlight,,250,DAILY_BUDGET,ENABLED,USD,27433,240,702.98,3580.17,25,28,19,2790.95,21,388,0,56,0,0,11628
"Feb 04, 2025","=""74868404430193""",N.Keyword.Video.SB.UPS.SmartAppLCD.OR.OR500LCRM1U,,250,DAILY_BUDGET,PAUSED,USD,1262,9,7.48,599.85,2,3,1,399.9,2,32,0,6,81,12,163
"Mar 12, 2025","=""84817009251939""",C.Keyword.Video.SB.PFCSinewave.CP1500PFCRM2U.B0B354X985,,250,DAILY_BUDGET,ENABLED,USD,9159,32,43.28,1339.8,2,4,1,669.9,2,70,0,6,467,28,908
"Feb 22, 2025","=""400654489506156""",B.Keyword.Products.SB.UPS.BestSellers,,250,DAILY_BUDGET,PAUSED,USD,4591,3,8.72,0.0,0,0,0,0.0,0,2,0,0,0,0,1211
"Mar 10, 2025","=""300358990869228""",B.Keyword.Store.SB.UPS.StoreSpotlight,,250,DAILY_BUDGET,ENABLED,USD,5321,54,182.95,9537.83,46,53,34,7386.11,39,520,0,83,0,0,4091
"Jan 25, 2025","=""300358990869228""",B.Keyword.Store.SB.UPS.StoreSpotlight,,250,DAILY_BUDGET,ENABLED,USD,0,0,0.0,0.0,0,0,0,0.0,0,0,0,0,0,0,0
"Apr 19, 2025","=""38757712528936""",B.Keyword.Video.SB.UPS.PFCSinewave.CPPFC(1),,250,DAILY_BUDGET,PAUSED,USD,2545,28,176.06,538.9,2,3,2,538.9,3,83,0,6,384,104,586
"Apr 19, 2025","=""450441693358033""",B2B - B.Keyword.Products.SB.UPS.1500units,,250,DAILY_BUDGET,ENABLED,USD,144,0,0.0,0.0,0,0,0,0.0,0,0,0,0,0,0,10
"Apr 30, 2025","=""38757712528936""",B.Keyword.Video.SB.UPS.PFCSinewave.CPPFC(1),,250,DAILY_BUDGET,PAUSED,USD,1959,23,114.2,399.95,2,2,2,399.95,2,34,0,3,239,64,385
"Mar 19, 2025","=""38757712528936""",B.Keyword.Video.SB.UPS.PFCSinewave.CPPFC(1),,250,DAILY_BUDGET,PAUSED,USD,7310,36,214.29,379.9,2,2,2,379.9,2,82,0,3,813,242,1217
"Mar 05, 2025","=""400654489506156""",B.Keyword.Products.SB.UPS.BestSellers,,250,DAILY_BUDGET,PAUSED,USD,27845,18,119.31,0.0,0,0,0,0.0,0,57,0,8,0,0,4510
"Mar 17, 2025","=""74868404430193""",N.Keyword.Video.SB.UPS.SmartAppLCD.OR.OR500LCRM1U,,250,DAILY_BUDGET,PAUSED,USD,1149,7,5.45,199.95,1,1,0,0.0,0,27,0,3,54,8,123
"Mar 18, 2025","=""112828660396406""",N.Keyword.Video.SB.UPS.SmartAppSinewave.OLHD,,250,DAILY_BUDGET,PAUSED,USD,384,0,0.0,0.0,0,0,0,0.0,0,0,0,0,25,3,43
"Apr 28, 2025","=""38757712528936""",B.Keyword.Video.SB.UPS.PFCSinewave.CPPFC(1),,250,DAILY_BUDGET,PAUSED,USD,1991,12,58.76,264.27,2,2,1,219.95,1,35,0,2,228,55,392
"Mar 04, 2025","=""60249080858733""",C.Keyword.Video.SB.UPS.PFCSinewave.CPPFC(1),,250,DAILY_BUDGET,PAUSED,USD,862,2,4.09,219.95,1,1,1,219.95,1,2,0,1,32,10,67
"Apr 07, 2025","=""327967099369911""",N.Keyword.Products.SB.UPS.1500units,,250,DAILY_BUDGET,PAUSED,USD,206779,326,1695.03,805.75,5,5,5,805.75,5,351,0,10,0,0,64860
"Apr 09, 2025","=""38757712528936""",B.Keyword.Video.SB.UPS.PFCSinewave.CPPFC(1),,250,DAILY_BUDGET,PAUSED,USD,6203,29,241.0,219.95,1,1,1,219.95,1,53,0,3,483,124,819
"Jan 23, 2025","=""516203922618177""",N.Keyword.Store.SB.UPS.StoreSpotlight,,250,DAILY_BUDGET,ENABLED,USD,0,0,0.0,0.0,0,0,0,0.0,0,0,0,0,0,0,0
"Jan 05, 2025","=""74868404430193""",N.Keyword.Video.SB.UPS.SmartAppLCD.OR.OR500LCRM1U,,250,DAILY_BUDGET,PAUSED,USD,2446,12,11.7,0.0,0,0,0,0.0,0,29,0,1,148,12,316
"Jan 20, 2025","=""400654489506156""",B.Keyword.Products.SB.UPS.BestSellers,,250,DAILY_BUDGET,PAUSED,USD,0,0,0.0,0.0,0,0,0,0.0,0,0,0,0,0,0,0
"Mar 19, 2025","=""300358990869228""",B.Keyword.Store.SB.UPS.StoreSpotlight,,250,DAILY_BUDGET,ENABLED,USD,4323,39,159.31,13337.08,38,63,23,4822.92,34,326,0,56,0,0,3337
"Feb 24, 2025","=""400654489506156""",B.Keyword.Products.SB.UPS.BestSellers,,250,DAILY_BUDGET,PAUSED,USD,5423,4,4.77,0.0,0,0,0,0.0,0,10,0,0,0,0,1332
"Feb 21, 2025","=""112828660396406""",N.Keyword.Video.SB.UPS.SmartAppSinewave.OLHD,,250,DAILY_BUDGET,PAUSED,USD,4171,16,38.29,347.98,2,2,0,0.0,0,86,0,4,442,49,784
"Mar 01, 2025","=""327967099369911""",N.Keyword.Products.SB.UPS.1500units,,250,DAILY_BUDGET,PAUSED,USD,89317,149,864.54,574.85,3,3,3,574.85,3,179,0,8,0,0,30997
"Apr 27, 2025","=""112828660396406""",N.Keyword.Video.SB.UPS.SmartAppSinewave.OLHD,,250,DAILY_BUDGET,PAUSED,USD,480,3,8.31,0.0,0,0,0,0.0,0,7,0,0,35,2,74
"Mar 21, 2025","=""60249080858733""",C.Keyword.Video.SB.UPS.PFCSinewave.CPPFC(1),,250,DAILY_BUDGET,PAUSED,USD,473,0,0.0,0.0,0,0,0,0.0,0,0,0,0,23,2,50
"Jan 22, 2025","=""38757712528936""",B.Keyword.Video.SB.UPS.PFCSinewave.CPPFC(1),,250,DAILY_BUDGET,PAUSED,USD,8991,49,142.5,1773.67,11,14,7,688.87,10,124,0,15,595,187,874
"Apr 16, 2025","=""300358990869228""",B.Keyword.Store.SB.UPS.StoreSpotlight,,250,DAILY_BUDGET,ENABLED,USD,4346,31,181.78,6920.17,36,43,22,3319.61,26,366,0,75,0,0,3315
"Apr 02, 2025","=""300358990869228""",B.Keyword.Store.SB.UPS.StoreSpotlight,,250,DAILY_BUDGET,ENABLED,USD,4685,38,181.14,7009.67,32,68,17,1824.86,19,390,0,50,0,0,3613
"Feb 19, 2025","=""38757712528936""",B.Keyword.Video.SB.UPS.PFCSinewave.CPPFC(1),,250,DAILY_BUDGET,PAUSED,USD,5386,23,52.51,0.0,0,0,0,0.0,0,75,0,5,344,114,496
"Jan 08, 2025","=""85546644235770""",C.Keyword.Video.SB.UPS.IntelligentLCD.CPAVR3,,250,DAILY_BUDGET,PAUSED,USD,5881,33,30.34,0.0,0,0,0,0.0,0,53,0,2,340,35,713
"Mar 24, 2025","=""74868404430193""",N.Keyword.Video.SB.UPS.SmartAppLCD.OR.OR500LCRM1U,,250,DAILY_BUDGET,PAUSED,USD,1307,10,8.86,1313.85,3,3,2,756.9,2,22,0,5,59,9,140
"Apr 10, 2025","=""85546644235770""",C.Keyword.Video.SB.UPS.IntelligentLCD.CPAVR3,,250,DAILY_BUDGET,PAUSED,USD,1461,8,9.27,0.0,0,0,0,0.0,0,14,0,1,98,4,205
"Mar 08, 2025","=""74868404430193""",N.Keyword.Video.SB.UPS.SmartAppLCD.OR.OR500LCRM1U,,250,DAILY_BUDGET,PAUSED,USD,1065,4,3.01,0.0,0,0,0,0.0,0,5,0,0,71,9,142
"Mar 18, 2025","=""85546644235770""",C.Keyword.Video.SB.UPS.IntelligentLCD.CPAVR3,,250,DAILY_BUDGET,PAUSED,USD,3329,20,25.78,189.95,1,1,0,0.0,0,49,0,3,155,19,340
"Mar 13, 2025","=""74868404430193""",N.Keyword.Video.SB.UPS.SmartAppLCD.OR.OR500LCRM1U,,250,DAILY_BUDGET,PAUSED,USD,1166,6,4.27,0.0,0,0,0,0.0,0,11,0,0,57,6,125
"Apr 08, 2025","=""112828660396406""",N.Keyword.Video.SB.UPS.SmartAppSinewave.OLHD,,250,DAILY_BUDGET,PAUSED,USD,731,2,3.41,0.0,0,0,0,0.0,0,4,0,0,59,8,102
"Jan 25, 2025","=""516203922618177""",N.Keyword.Store.SB.UPS.StoreSpotlight,,250,DAILY_BUDGET,ENABLED,USD,0,0,0.0,0.0,0,0,0,0.0,0,0,0,0,0,0,0
"Mar 29, 2025","=""300358990869228""",B.Keyword.Store.SB.UPS.StoreSpotlight,,250,DAILY_BUDGET,ENABLED,USD,3140,22,176.92,2167.24,9,9,6,392.99,6,137,0,18,0,0,2484
"Feb 23, 2025","=""85546644235770""",C.Keyword.Video.SB.UPS.IntelligentLCD.CPAVR3,,250,DAILY_BUDGET,PAUSED,USD,2171,18,20.05,569.85,3,3,3,569.85,3,28,0,3,103,9,229
"Apr 13, 2025","=""300358990869228""",B.Keyword.Store.SB.UPS.StoreSpotlight,,250,DAILY_BUDGET,ENABLED,USD,4905,31,159.37,1274.83,20,26,16,1035.59,19,262,0,35,0,0,3574
"Feb 28, 2025","=""60249080858733""",C.Keyword.Video.SB.UPS.PFCSinewave.CPPFC(1),,250,DAILY_BUDGET,PAUSED,USD,566,0,0.0,0.0,0,0,0,0.0,0,0,0,0,23,4,54
"Feb 10, 2025","=""60249080858733""",C.Keyword.Video.SB.UPS.PFCSinewave.CPPFC(1),,250,DAILY_BUDGET,PAUSED,USD,908,2,7.61,0.0,0,0,0,0.0,0,5,0,0,70,19,122
"Apr 13, 2025","=""112828660396406""",N.Keyword.Video.SB.UPS.SmartAppSinewave.OLHD,,250,DAILY_BUDGET,PAUSED,USD,1086,2,5.13,0.0,0,0,0,0.0,0,10,0,0,90,8,168
"Mar 03, 2025","=""85546644235770""",C.Keyword.Video.SB.UPS.IntelligentLCD.CPAVR3,,250,DAILY_BUDGET,PAUSED,USD,3997,19,18.37,1389.65,3,7,0,0.0,0,43,0,6,205,15,458
"Mar 30, 2025","=""74868404430193""",N.Keyword.Video.SB.UPS.SmartAppLCD.OR.OR500LCRM1U,,250,DAILY_BUDGET,PAUSED,USD,1646,13,10.57,0.0,0,0,0,0.0,0,32,0,0,105,8,224
"Mar 30, 2025","=""85546644235770""",C.Keyword.Video.SB.UPS.IntelligentLCD.CPAVR3,,250,DAILY_BUDGET,PAUSED,USD,6497,42,52.12,653.75,4,5,3,433.85,3,97,0,5,415,34,900
"Mar 08, 2025","=""84817009251939""",C.Keyword.Video.SB.PFCSinewave.CP1500PFCRM2U.B0B354X985,,250,DAILY_BUDGET,ENABLED,USD,9330,67,68.47,1109.8,3,4,3,1109.8,4,163,0,8,556,40,1130
"Apr 26, 2025","=""74868404430193""",N.Keyword.Video.SB.UPS.SmartAppLCD.OR.OR500LCRM1U,,250,DAILY_BUDGET,PAUSED,USD,773,3,1.98,0.0,0,0,0,0.0,0,3,0,0,48,8,108
"Mar 11, 2025","=""84817009251939""",C.Keyword.Video.SB.PFCSinewave.CP1500PFCRM2U.B0B354X985,,250,DAILY_BUDGET,ENABLED,USD,12532,69,89.44,1339.8,4,4,3,1004.85,3,156,0,10,733,62,1415
"Mar 17, 2025","=""516203922618177""",N.Keyword.Store.SB.UPS.StoreSpotlight,,250,DAILY_BUDGET,ENABLED,USD,17974,131,424.88,2606.0,16,20,12,1918.25,15,244,0,29,0,0,6953
"Jan 26, 2025","=""516203922618177""",N.Keyword.Store.SB.UPS.StoreSpotlight,,250,DAILY_BUDGET,ENABLED,USD,0,0,0.0,0.0,0,0,0,0.0,0,0,0,0,0,0,0
"Mar 23, 2025","=""60249080858733""",C.Keyword.Video.SB.UPS.PFCSinewave.CPPFC(1),,250,DAILY_BUDGET,PAUSED,USD,663,2,2.61,0.0,0,0,0,0.0,0,2,0,0,49,11,96
"Jan 18, 2025","=""516203922618177""",N.Keyword.Store.SB.UPS.StoreSpotlight,,250,DAILY_BUDGET,ENABLED,USD,0,0,0.0,0.0,0,0,0,0.0,0,0,0,0,0,0,0
"Mar 22, 2025","=""74868404430193""",N.Keyword.Video.SB.UPS.SmartAppLCD.OR.OR500LCRM1U,,250,DAILY_BUDGET,PAUSED,USD,1257,9,5.94,0.0,0,0,0,0.0,0,14,0,0,71,9,150
"Apr 20, 2025","=""288898439745613""",B2B - N.Keyword.Products.SB.UPS.1500units,,250,DAILY_BUDGET,ENABLED,USD,13774,32,282.83,0.0,0,0,0,0.0,0,28,0,1,0,0,5162
"Apr 10, 2025","=""60249080858733""",C.Keyword.Video.SB.UPS.PFCSinewave.CPPFC(1),,250,DAILY_BUDGET,PAUSED,USD,466,3,6.94,0.0,0,0,0,0.0,0,5,0,1,60,17,96
"Apr 04, 2025","=""85546644235770""",C.Keyword.Video.SB.UPS.IntelligentLCD.CPAVR3,,250,DAILY_BUDGET,PAUSED,USD,2501,10,10.6,189.95,1,1,1,189.95,1,17,0,2,154,13,343
"Mar 26, 2025","=""112828660396406""",N.Keyword.Video.SB.UPS.SmartAppSinewave.OLHD,,250,DAILY_BUDGET,PAUSED,USD,703,6,11.45,0.0,0,0,0,0.0,0,9,0,0,48,4,102
"Apr 21, 2025","=""288898439745613""",B2B - N.Keyword.Products.SB.UPS.1500units,,250,DAILY_BUDGET,ENABLED,USD,26000,57,501.43,243.9,2,2,1,189.95,1,58,0,7,0,0,9802
"Apr 24, 2025","=""400654489506156""",B.Keyword.Products.SB.UPS.BestSellers,,250,DAILY_BUDGET,PAUSED,USD,13264,8,37.04,439.9,2,2,2,439.9,2,29,0,3,0,0,4002
"Apr 05, 2025","=""353873361287335""",B2B - B.Keyword.Store.SB.UPS.StoreSpotlight,,250,DAILY_BUDGET,ENABLED,USD,194,1,8.38,0.0,0,0,0,0.0,0,8,0,0,0,0,89
"Jan 27, 2025","=""74868404430193""",N.Keyword.Video.SB.UPS.SmartAppLCD.OR.OR500LCRM1U,,250,DAILY_BUDGET,PAUSED,USD,1697,18,16.03,556.95,1,1,1,556.95,1,47,0,2,93,16,192
"Apr 30, 2025","=""112828660396406""",N.Keyword.Video.SB.UPS.SmartAppSinewave.OLHD,,250,DAILY_BUDGET,PAUSED,USD,344,1,2.51,0.0,0,0,0,0.0,0,1,0,0,25,0,44
"Apr 28, 2025","=""288898439745613""",B2B - N.Keyword.Products.SB.UPS.1500units,,250,DAILY_BUDGET,ENABLED,USD,17211,35,403.12,1584.34,5,9,4,634.59,4,47,0,8,0,0,6277
"Mar 28, 2025","=""209147373785811""",N.Keyword.Video.SB.UPS.PFCSinewave.CPPFC(1),,250,DAILY_BUDGET,PAUSED,USD,15110,75,379.32,1209.7,6,6,6,1209.7,6,156,0,9,1490,342,2965
"Apr 14, 2025","=""85546644235770""",C.Keyword.Video.SB.UPS.IntelligentLCD.CPAVR3,,250,DAILY_BUDGET,PAUSED,USD,2028,12,14.68,0.0,0,0,0,0.0,0,25,0,2,145,6,295
"Jan 15, 2025","=""533624646611887""",C.Keyword.Store.SB.UPS.StoreSpotlight,,250,DAILY_BUDGET,PAUSED,USD,24451,109,356.99,1061.24,6,6,5,951.29,5,101,0,10,0,0,7450
"Mar 05, 2025","=""209147373785811""",N.Keyword.Video.SB.UPS.PFCSinewave.CPPFC(1),,250,DAILY_BUDGET,PAUSED,USD,16828,110,473.27,2964.2,11,16,10,2744.25,15,204,0,20,1538,373,2796
"Feb 21, 2025","=""60249080858733""",C.Keyword.Video.SB.UPS.PFCSinewave.CPPFC(1),,250,DAILY_BUDGET,PAUSED,USD,439,2,5.13,0.0,0,0,0,0.0,0,9,0,0,17,7,37
"Apr 06, 2025","=""300358990869228""",B.Keyword.Store.SB.UPS.StoreSpotlight,,250,DAILY_BUDGET,ENABLED,USD,4819,41,236.91,2980.05,22,27,19,2520.16,24,311,0,38,0,0,3525
"Jan 17, 2025","=""74868404430193""",N.Keyword.Video.SB.UPS.SmartAppLCD.OR.OR500LCRM1U,,250,DAILY_BUDGET,PAUSED,USD,1585,9,7.98,199.95,1,1,1,199.95,1,18,0,1,100,15,208
"Jan 30, 2025","=""38757712528936""",B.Keyword.Video.SB.UPS.PFCSinewave.CPPFC(1),,250,DAILY_BUDGET,PAUSED,USD,9483,38,119.84,179.98,1,2,1,179.98,2,96,0,6,568,200,869
"Mar 21, 2025","=""112828660396406""",N.Keyword.Video.SB.UPS.SmartAppSinewave.OLHD,,250,DAILY_BUDGET,PAUSED,USD,484,1,0.92,0.0,0,0,0,0.0,0,0,0,0,34,4,68
"Apr 02, 2025","=""38757712528936""",B.Keyword.Video.SB.UPS.PFCSinewave.CPPFC(1),,250,DAILY_BUDGET,PAUSED,USD,7701,55,421.24,629.85,3,3,2,409.9,2,113,0,8,616,183,1009
"Jan 28, 2025","=""533624646611887""",C.Keyword.Store.SB.UPS.StoreSpotlight,,250,DAILY_BUDGET,PAUSED,USD,0,0,0.0,0.0,0,0,0,0.0,0,0,0,0,0,0,0
"Jan 25, 2025","=""84817009251939""",C.Keyword.Video.SB.PFCSinewave.CP1500PFCRM2U.B0B354X985,,250,DAILY_BUDGET,ENABLED,USD,11227,137,168.54,2408.5,9,10,8,1738.6,8,372,0,17,1313,150,2216
"Feb 01, 2025","=""60249080858733""",C.Keyword.Video.SB.UPS.PFCSinewave.CPPFC(1),,250,DAILY_BUDGET,PAUSED,USD,273,0,0.0,0.0,0,0,0,0.0,0,0,0,0,11,3,23
"Apr 29, 2025","=""209147373785811""",N.Keyword.Video.SB.UPS.PFCSinewave.CPPFC(1),,250,DAILY_BUDGET,PAUSED,USD,1104,4,7.12,0.0,0,0,0,0.0,0,5,0,0,87,21,173
"Apr 25, 2025","=""85546644235770""",C.Keyword.Video.SB.UPS.IntelligentLCD.CPAVR3,,250,DAILY_BUDGET,PAUSED,USD,3793,31,39.54,189.95,1,1,1,189.95,1,43,0,5,268,25,557
"Jan 14, 2025","=""38757712528936""",B.Keyword.Video.SB.UPS.PFCSinewave.CPPFC(1),,250,DAILY_BUDGET,PAUSED,USD,7679,16,52.88,249.17,2,2,2,249.17,2,40,0,5,229,72,383
"Feb 05, 2025","=""74868404430193""",N.Keyword.Video.SB.UPS.SmartAppLCD.OR.OR500LCRM1U,,250,DAILY_BUDGET,PAUSED,USD,1319,7,7.58,0.0,0,0,0,0.0,0,17,0,0,78,13,162
"Feb 01, 2025","=""209147373785811""",N.Keyword.Video.SB.UPS.PFCSinewave.CPPFC(1),,250,DAILY_BUDGET,PAUSED,USD,3763,23,29.61,69.95,1,1,1,69.95,1,48,0,5,253,61,550
"Mar 10, 2025","=""516203922618177""",N.Keyword.Store.SB.UPS.StoreSpotlight,,250,DAILY_BUDGET,ENABLED,USD,20856,133,429.97,2602.25,13,15,12,2224.4,12,312,0,34,0,0,7578
"Feb 18, 2025","=""38757712528936""",B.Keyword.Video.SB.UPS.PFCSinewave.CPPFC(1),,250,DAILY_BUDGET,PAUSED,USD,6722,30,69.0,419.9,2,2,2,419.9,2,72,0,7,513,169,770
"Mar 14, 2025","=""84817009251939""",C.Keyword.Video.SB.PFCSinewave.CP1500PFCRM2U.B0B354X985,,250,DAILY_BUDGET,ENABLED,USD,9157,39,48.12,1204.8,3,4,1,334.95,1,126,0,6,478,45,950
"Mar 01, 2025","=""209147373785811""",N.Keyword.Video.SB.UPS.PFCSinewave.CPPFC(1),,250,DAILY_BUDGET,PAUSED,USD,9564,57,264.54,1159.6,6,7,5,1011.7,5,120,0,14,708,139,1481
"Apr 15, 2025","=""209147373785811""",N.Keyword.Video.SB.UPS.PFCSinewave.CPPFC(1),,250,DAILY_BUDGET,PAUSED,USD,1577,6,13.49,0.0,0,0,0,0.0,0,17,0,1,137,31,270
"Jan 11, 2025","=""112828660396406""",N.Keyword.Video.SB.UPS.SmartAppSinewave.OLHD,,250,DAILY_BUDGET,PAUSED,USD,1717,4,8.32,0.0,0,0,0,0.0,0,5,0,0,126,11,238
"Apr 04, 2025","=""112828660396406""",N.Keyword.Video.SB.UPS.SmartAppSinewave.OLHD,,250,DAILY_BUDGET,PAUSED,USD,563,3,6.97,0.0,0,0,0,0.0,0,7,0,0,46,5,77
"Jan 19, 2025","=""112828660396406""",N.Keyword.Video.SB.UPS.SmartAppSinewave.OLHD,,250,DAILY_BUDGET,PAUSED,USD,2093,7,14.45,0.0,0,0,0,0.0,0,29,0,0,179,20,336
"Apr 23, 2025","=""450441693358033""",B2B - B.Keyword.Products.SB.UPS.1500units,,250,DAILY_BUDGET,ENABLED,USD,1106,5,11.07,462.89,3,3,1,189.95,1,9,0,4,0,0,248
"Jan 21, 2025","=""112828660396406""",N.Keyword.Video.SB.UPS.SmartAppSinewave.OLHD,,250,DAILY_BUDGET,PAUSED,USD,1435,2,3.47,0.0,0,0,0,0.0,0,8,0,1,134,14,224
"Jan 23, 2025","=""38757712528936""",B.Keyword.Video.SB.UPS.PFCSinewave.CPPFC(1),,250,DAILY_BUDGET,PAUSED,USD,8804,46,147.13,1156.65,7,7,7,1156.65,7,125,0,12,625,205,844
"Jan 21, 2025","=""84817009251939""",C.Keyword.Video.SB.PFCSinewave.CP1500PFCRM2U.B0B354X985,,250,DAILY_BUDGET,ENABLED,USD,12190,123,169.08,5588.8,12,17,10,5199.25,15,357,0,23,1476,163,2523
"Mar 24, 2025","=""60249080858733""",C.Keyword.Video.SB.UPS.PFCSinewave.CPPFC(1),,250,DAILY_BUDGET,PAUSED,USD,713,2,2.96,0.0,0,0,0,0.0,0,0,0,0,48,11,90
"Apr 16, 2025","=""516203922618177""",N.Keyword.Store.SB.UPS.StoreSpotlight,,250,DAILY_BUDGET,ENABLED,USD,15394,104,294.89,2295.3,12,14,5,733.75,5,203,0,23,0,0,5156
"Apr 12, 2025","=""85546644235770""",C.Keyword.Video.SB.UPS.IntelligentLCD.CPAVR3,,250,DAILY_BUDGET,PAUSED,USD,1227,8,9.48,0.0,0,0,0,0.0,0,12,0,2,89,5,204
"Jan 13, 2025","=""85546644235770""",C.Keyword.Video.SB.UPS.IntelligentLCD.CPAVR3,,250,DAILY_BUDGET,PAUSED,USD,3408,31,26.39,607.8,4,4,2,329.9,2,56,0,3,167,5,392
"Apr 17, 2025","=""400654489506156""",B.Keyword.Products.SB.UPS.BestSellers,,250,DAILY_BUDGET,PAUSED,USD,9567,7,38.38,219.95,1,1,1,219.95,1,4,0,1,0,0,2842
"Feb 10, 2025","=""84817009251939""",C.Keyword.Video.SB.PFCSinewave.CP1500PFCRM2U.B0B354X985,,250,DAILY_BUDGET,ENABLED,USD,12590,112,144.91,3583.35,11,13,10,3248.4,12,270,0,21,1446,168,2474
"Apr 09, 2025","=""450441693358033""",B2B - B.Keyword.Products.SB.UPS.1500units,,250,DAILY_BUDGET,ENABLED,USD,414,0,0.0,0.0,0,0,0,0.0,0,0,0,0,0,0,28
"Apr 18, 2025","=""300358990869228""",B.Keyword.Store.SB.UPS.StoreSpotlight,,250,DAILY_BUDGET,ENABLED,USD,3828,25,161.15,4004.81,22,33,17,2925.81,28,319,0,45,0,0,2942
"Apr 02, 2025","=""516203922618177""",N.Keyword.Store.SB.UPS.StoreSpotlight,,250,DAILY_BUDGET,ENABLED,USD,23928,173,613.45,3289.0,19,21,15,2906.2,16,252,0,27,0,0,9860
"Apr 26, 2025","=""516203922618177""",N.Keyword.Store.SB.UPS.StoreSpotlight,,250,DAILY_BUDGET,ENABLED,USD,25396,155,409.22,1206.5,10,10,9,1090.55,9,257,0,17,0,0,8677
"Feb 25, 2025","=""84817009251939""",C.Keyword.Video.SB.PFCSinewave.CP1500PFCRM2U.B0B354X985,,250,DAILY_BUDGET,ENABLED,USD,13207,118,139.64,3984.4,12,12,9,2684.55,9,316,0,22,1004,82,1998
"Mar 27, 2025","=""60249080858733""",C.Keyword.Video.SB.UPS.PFCSinewave.CPPFC(1),,250,DAILY_BUDGET,PAUSED,USD,780,2,7.2,0.0,0,0,0,0.0,0,1,0,0,54,10,110
"Jan 08, 2025","=""60249080858733""",C.Keyword.Video.SB.UPS.PFCSinewave.CPPFC(1),,250,DAILY_BUDGET,PAUSED,USD,451,1,1.2,0.0,0,0,0,0.0,0,3,0,0,11,2,43
"Mar 28, 2025","=""400654489506156""",B.Keyword.Products.SB.UPS.BestSellers,,250,DAILY_BUDGET,PAUSED,USD,16649,17,48.65,120.95,1,1,1,120.95,1,15,0,2,0,0,4120
"Jan 18, 2025","=""74868404430193""",N.Keyword.Video.SB.UPS.SmartAppLCD.OR.OR500LCRM1U,,250,DAILY_BUDGET,PAUSED,USD,1397,5,3.78,0.0,0,0,0,0.0,0,22,0,2,86,7,156
"Feb 13, 2025","=""38757712528936""",B.Keyword.Video.SB.UPS.PFCSinewave.CPPFC(1),,250,DAILY_BUDGET,PAUSED,USD,6088,33,82.42,499.89,3,3,1,219.95,1,87,0,4,473,130,691
"Jan 16, 2025","=""425328024590643""",C.Keyword.Products.SB.UPS.1500units,,250,DAILY_BUDGET,ENABLED,USD,619,0,0.0,0.0,0,0,0,0.0,0,0,0,0,0,0,124
"Feb 24, 2025","=""38757712528936""",B.Keyword.Video.SB.UPS.PFCSinewave.CPPFC(1),,250,DAILY_BUDGET,PAUSED,USD,3598,9,28.35,219.95,1,1,1,219.95,1,11,0,2,133,41,279
"Apr 07, 2025","=""288898439745613""",B2B - N.Keyword.Products.SB.UPS.1500units,,250,DAILY_BUDGET,ENABLED,USD,24185,36,317.92,2124.71,4,5,3,1789.76,4,63,0,7,0,0,8593
"Mar 03, 2025","=""516203922618177""",N.Keyword.Store.SB.UPS.StoreSpotlight,,250,DAILY_BUDGET,ENABLED,USD,84311,205,1984.85,1935.2,15,16,12,1667.4,12,213,0,29,0,0,34862
"Mar 21, 2025","=""327967099369911""",N.Keyword.Products.SB.UPS.1500units,,250,DAILY_BUDGET,PAUSED,USD,192435,361,2503.8,2086.4,12,12,11,1896.45,11,437,0,29,0,0,67994
"Feb 22, 2025","=""84817009251939""",C.Keyword.Video.SB.PFCSinewave.CP1500PFCRM2U.B0B354X985,,250,DAILY_BUDGET,ENABLED,USD,9157,80,100.3,1317.79,5,5,3,889.85,3,192,0,6,718,58,1447
"Jan 21, 2025","=""74868404430193""",N.Keyword.Video.SB.UPS.SmartAppLCD.OR.OR500LCRM1U,,250,DAILY_BUDGET,PAUSED,USD,1211,5,4.87,0.0,0,0,0,0.0,0,8,0,0,66,7,130
"Feb 04, 2025","=""85546644235770""",C.Keyword.Video.SB.UPS.IntelligentLCD.CPAVR3,,250,DAILY_BUDGET,PAUSED,USD,3719,19,20.05,219.95,1,1,1,219.95,1,51,0,2,193,18,414
"Jan 11, 2025","=""300358990869228""",B.Keyword.Store.SB.UPS.StoreSpotlight,,250,DAILY_BUDGET,ENABLED,USD,22356,180,2543.95,6540.49,34,40,27,3683.91,29,785,0,89,0,0,20187
"Mar 06, 2025","=""516203922618177""",N.Keyword.Store.SB.UPS.StoreSpotlight,,250,DAILY_BUDGET,ENABLED,USD,33551,206,654.2,3615.42,22,25,19,3125.57,21,354,0,35,0,0,12130
"Feb 03, 2025","=""85546644235770""",C.Keyword.Video.SB.UPS.IntelligentLCD.CPAVR3,,250,DAILY_BUDGET,PAUSED,USD,4012,24,23.23,189.95,1,1,0,0.0,0,38,0,2,242,29,464
"Apr 22, 2025","=""84817009251939""",C.Keyword.Video.SB.PFCSinewave.CP1500PFCRM2U.B0B354X985,,250,DAILY_BUDGET,ENABLED,USD,17380,79,140.96,971.35,2,3,0,0.0,0,126,0,5,1119,63,2618
"Apr 03, 2025","=""60249080858733""",C.Keyword.Video.SB.UPS.PFCSinewave.CPPFC(1),,250,DAILY_BUDGET,PAUSED,USD,492,1,1.86,0.0,0,0,0,0.0,0,1,0,0,39,11,73
"Feb 26, 2025","=""60249080858733""",C.Keyword.Video.SB.UPS.PFCSinewave.CPPFC(1),,250,DAILY_BUDGET,PAUSED,USD,822,4,8.76,0.0,0,0,0,0.0,0,4,0,0,37,7,80
"Mar 02, 2025","=""38757712528936""",B.Keyword.Video.SB.UPS.PFCSinewave.CPPFC(1),,250,DAILY_BUDGET,PAUSED,USD,1661,9,24.49,281.9,2,2,2,281.9,2,21,0,2,101,23,193
"Apr 19, 2025","=""353873361287335""",B2B - B.Keyword.Store.SB.UPS.StoreSpotlight,,250,DAILY_BUDGET,ENABLED,USD,128,0,0.0,0.0,0,0,0,0.0,0,0,0,0,0,0,63
"Feb 10, 2025","=""38757712528936""",B.Keyword.Video.SB.UPS.PFCSinewave.CPPFC(1),,250,DAILY_BUDGET,PAUSED,USD,6032,35,102.65,694.84,4,4,3,604.85,3,109,0,8,414,125,617
"Feb 24, 2025","=""209147373785811""",N.Keyword.Video.SB.UPS.PFCSinewave.CPPFC(1),,250,DAILY_BUDGET,PAUSED,USD,5668,14,78.38,219.95,1,1,1,219.95,1,26,0,4,471,97,985
"Jan 06, 2025","=""74868404430193""",N.Keyword.Video.SB.UPS.SmartAppLCD.OR.OR500LCRM1U,,250,DAILY_BUDGET,PAUSED,USD,1570,4,2.84,0.0,0,0,0,0.0,0,26,0,0,76,11,162
"Jan 20, 2025","=""74868404430193""",N.Keyword.Video.SB.UPS.SmartAppLCD.OR.OR500LCRM1U,,250,DAILY_BUDGET,PAUSED,USD,1381,10,9.55,0.0,0,0,0,0.0,0,20,0,1,66,11,161
"Apr 25, 2025","=""209147373785811""",N.Keyword.Video.SB.UPS.PFCSinewave.CPPFC(1),,250,DAILY_BUDGET,PAUSED,USD,1985,13,27.94,0.0,0,0,0,0.0,0,42,0,2,143,29,287
"Jan 01, 2025","=""38757712528936""",B.Keyword.Video.SB.UPS.PFCSinewave.CPPFC(1),,250,DAILY_BUDGET,PAUSED,USD,30059,106,1291.19,2029.5,10,10,10,2029.5,10,222,0,16,1034,333,1391
"Jan 20, 2025","=""38757712528936""",B.Keyword.Video.SB.UPS.PFCSinewave.CPPFC(1),,250,DAILY_BUDGET,PAUSED,USD,7561,27,90.13,629.85,3,3,3,629.85,3,73,0,6,451,162,681
"Mar 30, 2025","=""209147373785811""",N.Keyword.Video.SB.UPS.PFCSinewave.CPPFC(1),,250,DAILY_BUDGET,PAUSED,USD,10170,84,477.9,1319.7,6,6,5,1099.75,5,155,0,12,1156,248,2267
"Jan 08, 2025","=""533624646611887""",C.Keyword.Store.SB.UPS.StoreSpotlight,,250,DAILY_BUDGET,PAUSED,USD,4810,7,23.38,0.0,0,0,0,0.0,0,7,0,0,0,0,1301
"Mar 10, 2025","=""38757712528936""",B.Keyword.Video.SB.UPS.PFCSinewave.CPPFC(1),,250,DAILY_BUDGET,PAUSED,USD,2248,7,17.68,904.75,4,5,2,529.85,3,21,0,5,142,32,261
"Apr 04, 2025","=""400654489506156""",B.Keyword.Products.SB.UPS.BestSellers,,250,DAILY_BUDGET,PAUSED,USD,16162,13,71.73,0.0,0,0,0,0.0,0,17,0,0,0,0,3910
"Apr 08, 2025","=""300358990869228""",B.Keyword.Store.SB.UPS.StoreSpotlight,,250,DAILY_BUDGET,ENABLED,USD,3759,44,218.4,3463.07,30,49,23,2763.19,38,303,0,48,0,0,2981
"Apr 05, 2025","=""288898439745613""",B2B - N.Keyword.Products.SB.UPS.1500units,,250,DAILY_BUDGET,ENABLED,USD,31822,74,660.89,243.9,2,2,2,243.9,2,83,0,5,0,0,12747
"Apr 27, 2025","=""300358990869228""",B.Keyword.Store.SB.UPS.StoreSpotlight,,250,DAILY_BUDGET,ENABLED,USD,3407,29,145.45,2723.61,23,23,21,2565.71,21,319,0,44,0,0,2587
"Jan 17, 2025","=""516203922618177""",N.Keyword.Store.SB.UPS.StoreSpotlight,,250,DAILY_BUDGET,ENABLED,USD,10707,49,116.04,290.75,2,2,2,290.75,2,52,0,7,0,0,3466
"Apr 05, 2025","=""60249080858733""",C.Keyword.Video.SB.UPS.PFCSinewave.CPPFC(1),,250,DAILY_BUDGET,PAUSED,USD,438,1,2.86,0.0,0,0,0,0.0,0,5,0,0,42,14,66
"Jan 07, 2025","=""84817009251939""",C.Keyword.Video.SB.PFCSinewave.CP1500PFCRM2U.B0B354X985,,250,DAILY_BUDGET,ENABLED,USD,14830,140,160.23,4356.18,11,13,5,1366.58,5,443,0,21,1694,199,2893
"Jan 15, 2025","=""425328024590643""",C.Keyword.Products.SB.UPS.1500units,,250,DAILY_BUDGET,ENABLED,USD,778,2,8.19,0.0,0,0,0,0.0,0,5,0,1,0,0,147
"Apr 06, 2025","=""84817009251939""",C.Keyword.Video.SB.PFCSinewave.CP1500PFCRM2U.B0B354X985,,250,DAILY_BUDGET,ENABLED,USD,8870,45,49.57,554.9,2,2,2,554.9,2,109,0,8,618,55,1292
"Apr 29, 2025","=""85546644235770""",C.Keyword.Video.SB.UPS.IntelligentLCD.CPAVR3,,250,DAILY_BUDGET,PAUSED,USD,3776,25,38.39,189.95,1,1,0,0.0,0,56,0,5,303,23,616
"Mar 22, 2025","=""327967099369911""",N.Keyword.Products.SB.UPS.1500units,,250,DAILY_BUDGET,PAUSED,USD,238744,347,2345.08,979.75,5,5,4,759.8,4,393,0,13,0,0,81733
"Mar 07, 2025","=""327967099369911""",N.Keyword.Products.SB.UPS.1500units,,250,DAILY_BUDGET,PAUSED,USD,120171,257,1900.95,2382.5,12,12,12,2382.5,12,345,0,20,0,0,45521
"Mar 11, 2025","=""60249080858733""",C.Keyword.Video.SB.UPS.PFCSinewave.CPPFC(1),,250,DAILY_BUDGET,PAUSED,USD,692,0,0.0,0.0,0,0,0,0.0,0,0,0,0,29,7,55
"Feb 22, 2025","=""85546644235770""",C.Keyword.Video.SB.UPS.IntelligentLCD.CPAVR3,,250,DAILY_BUDGET,PAUSED,USD,2303,16,15.86,379.9,2,2,2,379.9,2,29,0,2,134,10,266
"Jan 25, 2025","=""85546644235770""",C.Keyword.Video.SB.UPS.IntelligentLCD.CPAVR3,,250,DAILY_BUDGET,PAUSED,USD,4875,30,28.28,53.95,1,1,1,53.95,1,44,0,3,315,28,620
"Mar 16, 2025","=""327967099369911""",N.Keyword.Products.SB.UPS.1500units,,250,DAILY_BUDGET,PAUSED,USD,187607,350,2350.16,2753.3,12,14,8,1598.6,8,416,0,26,0,0,72966
"Apr 03, 2025","=""209147373785811""",N.Keyword.Video.SB.UPS.PFCSinewave.CPPFC(1),,250,DAILY_BUDGET,PAUSED,USD,8399,61,294.69,439.9,2,2,2,439.9,2,138,0,8,921,195,1766
"Apr 21, 2025","=""38757712528936""",B.Keyword.Video.SB.UPS.PFCSinewave.CPPFC(1),,250,DAILY_BUDGET,PAUSED,USD,2913,18,148.31,439.9,2,2,1,219.95,1,44,0,5,406,113,667
"Jan 09, 2025","=""209147373785811""",N.Keyword.Video.SB.UPS.PFCSinewave.CPPFC(1),,250,DAILY_BUDGET,PAUSED,USD,3264,18,25.52,0.0,0,0,0,0.0,0,33,0,1,188,32,415
"Mar 22, 2025","=""112828660396406""",N.Keyword.Video.SB.UPS.SmartAppSinewave.OLHD,,250,DAILY_BUDGET,PAUSED,USD,402,2,2.54,0.0,0,0,0,0.0,0,5,0,1,23,3,47
"Jan 13, 2025","=""38757712528936""",B.Keyword.Video.SB.UPS.PFCSinewave.CPPFC(1),,250,DAILY_BUDGET,PAUSED,USD,10484,26,69.17,0.0,0,0,0,0.0,0,50,0,0,314,96,525
"Mar 06, 2025","=""74868404430193""",N.Keyword.Video.SB.UPS.SmartAppLCD.OR.OR500LCRM1U,,250,DAILY_BUDGET,PAUSED,USD,1249,9,6.2,0.0,0,0,0,0.0,0,14,0,0,62,12,132
"Apr 13, 2025","=""84817009251939""",C.Keyword.Video.SB.PFCSinewave.CP1500PFCRM2U.B0B354X985,,250,DAILY_BUDGET,ENABLED,USD,7361,26,39.64,0.0,0,0,0,0.0,0,50,0,2,495,38,1107
"Feb 22, 2025","=""516203922618177""",N.Keyword.Store.SB.UPS.StoreSpotlight,,250,DAILY_BUDGET,ENABLED,USD,212461,392,1775.81,1735.3,10,14,9,1665.35,13,360,0,35,0,0,82568
"Mar 13, 2025","=""60249080858733""",C.Keyword.Video.SB.UPS.PFCSinewave.CPPFC(1),,250,DAILY_BUDGET,PAUSED,USD,739,1,2.57,0.0,0,0,0,0.0,0,2,0,0,33,5,61
"Jan 16, 2025","=""400654489506156""",B.Keyword.Products.SB.UPS.BestSellers,,250,DAILY_BUDGET,PAUSED,USD,15013,9,102.19,189.95,1,1,1,189.95,1,20,0,3,0,0,3238
"Mar 15, 2025","=""112828660396406""",N.Keyword.Video.SB.UPS.SmartAppSinewave.OLHD,,250,DAILY_BUDGET,PAUSED,USD,422,1,1.17,0.0,0,0,0,0.0,0,1,0,0,28,4,45
"Apr 08, 2025","=""249902179030051""",N.Keyword.Video.SB.UPS.Surge.CSP,,250,DAILY_BUDGET,PAUSED,USD,144,0,0.0,0.0,0,0,0,0.0,0,0,0,0,7,1,32
"Mar 18, 2025","=""327967099369911""",N.Keyword.Products.SB.UPS.1500units,,250,DAILY_BUDGET,PAUSED,USD,229469,349,2569.56,954.75,4,5,3,574.85,3,401,0,17,0,0,80577
"Jan 27, 2025","=""84817009251939""",C.Keyword.Video.SB.PFCSinewave.CP1500PFCRM2U.B0B354X985,,250,DAILY_BUDGET,ENABLED,USD,13471,140,173.95,4301.02,16,18,12,3357.53,13,371,0,27,1687,168,2786
"Jan 08, 2025","=""425328024590643""",C.Keyword.Products.SB.UPS.1500units,,250,DAILY_BUDGET,ENABLED,USD,290,0,0.0,0.0,0,0,0,0.0,0,0,0,0,0,0,51
"Jan 15, 2025","=""38757712528936""",B.Keyword.Video.SB.UPS.PFCSinewave.CPPFC(1),,250,DAILY_BUDGET,PAUSED,USD,7462,21,71.57,751.93,4,4,3,531.98,3,55,0,4,289,70,477
"Mar 02, 2025","=""84817009251939""",C.Keyword.Video.SB.PFCSinewave.CP1500PFCRM2U.B0B354X985,,250,DAILY_BUDGET,ENABLED,USD,10534,71,86.11,2309.65,7,7,2,669.9,2,161,0,20,829,61,1649
"Jan 04, 2025","=""209147373785811""",N.Keyword.Video.SB.UPS.PFCSinewave.CPPFC(1),,250,DAILY_BUDGET,PAUSED,USD,2570,17,26.24,219.95,1,1,1,219.95,1,17,0,3,149,43,307
"Apr 02, 2025","=""60249080858733""",C.Keyword.Video.SB.UPS.PFCSinewave.CPPFC(1),,250,DAILY_BUDGET,PAUSED,USD,546,2,6.4,0.0,0,0,0,0.0,0,1,0,0,49,10,92
"Feb 18, 2025","=""84817009251939""",C.Keyword.Video.SB.PFCSinewave.CP1500PFCRM2U.B0B354X985,,250,DAILY_BUDGET,ENABLED,USD,16028,158,194.96,6085.95,21,21,9,2612.55,9,389,0,33,1607,141,2995
"Apr 24, 2025","=""249902179030051""",N.Keyword.Video.SB.UPS.Surge.CSP,,250,DAILY_BUDGET,PAUSED,USD,1384,19,17.98,17.99,1,1,1,17.99,1,32,0,2,107,11,266
"Mar 13, 2025","=""400654489506156""",B.Keyword.Products.SB.UPS.BestSellers,,250,DAILY_BUDGET,PAUSED,USD,13286,5,47.49,0.0,0,0,0,0.0,0,11,0,0,0,0,2559
"Mar 30, 2025","=""38757712528936""",B.Keyword.Video.SB.UPS.PFCSinewave.CPPFC(1),,250,DAILY_BUDGET,PAUSED,USD,6495,73,539.84,1990.87,9,11,7,1532.02,8,146,0,13,582,162,996
"Jan 19, 2025","=""84817009251939""",C.Keyword.Video.SB.PFCSinewave.CP1500PFCRM2U.B0B354X985,,250,DAILY_BUDGET,ENABLED,USD,10926,138,161.32,3093.0,12,12,9,2203.15,9,401,0,27,1259,133,2224
"Mar 25, 2025","=""327967099369911""",N.Keyword.Products.SB.UPS.1500units,,250,DAILY_BUDGET,PAUSED,USD,283892,449,3585.2,1530.65,6,7,5,1230.7,6,533,0,17,0,0,107947
"Mar 24, 2025","=""327967099369911""",N.Keyword.Products.SB.UPS.1500units,,250,DAILY_BUDGET,PAUSED,USD,220437,303,2054.39,1415.6,7,8,5,1099.7,6,393,0,24,0,0,77207
"Jan 15, 2025","=""60249080858733""",C.Keyword.Video.SB.UPS.PFCSinewave.CPPFC(1),,250,DAILY_BUDGET,PAUSED,USD,405,0,0.0,0.0,0,0,0,0.0,0,0,0,0,12,4,29
"Mar 15, 2025","=""60249080858733""",C.Keyword.Video.SB.UPS.PFCSinewave.CPPFC(1),,250,DAILY_BUDGET,PAUSED,USD,440,2,7.03,0.0,0,0,0,0.0,0,2,0,0,23,6,43
"Feb 19, 2025","=""112828660396406""",N.Keyword.Video.SB.UPS.SmartAppSinewave.OLHD,,250,DAILY_BUDGET,PAUSED,USD,5375,22,48.04,0.0,0,0,0,0.0,0,32,0,0,557,59,1034
"Apr 20, 2025","=""209147373785811""",N.Keyword.Video.SB.UPS.PFCSinewave.CPPFC(1),,250,DAILY_BUDGET,PAUSED,USD,1635,12,34.44,219.95,1,1,1,219.95,1,37,0,6,129,19,313
"Apr 18, 2025","=""450441693358033""",B2B - B.Keyword.Products.SB.UPS.1500units,,250,DAILY_BUDGET,ENABLED,USD,241,0,0.0,0.0,0,0,0,0.0,0,0,0,0,0,0,15
"Feb 03, 2025","=""74868404430193""",N.Keyword.Video.SB.UPS.SmartAppLCD.OR.OR500LCRM1U,,250,DAILY_BUDGET,PAUSED,USD,1182,8,6.76,0.0,0,0,0,0.0,0,17,0,0,75,8,144
"Mar 06, 2025","=""38757712528936""",B.Keyword.Video.SB.UPS.PFCSinewave.CPPFC(1),,250,DAILY_BUDGET,PAUSED,USD,1966,10,22.73,219.95,1,1,1,219.95,1,25,0,2,117,24,202
"Feb 22, 2025","=""209147373785811""",N.Keyword.Video.SB.UPS.PFCSinewave.CPPFC(1),,250,DAILY_BUDGET,PAUSED,USD,2601,16,84.3,409.9,2,2,2,409.9,2,54,0,4,217,48,474
"Feb 22, 2025","=""74868404430193""",N.Keyword.Video.SB.UPS.SmartAppLCD.OR.OR500LCRM1U,,250,DAILY_BUDGET,PAUSED,USD,971,7,5.84,0.0,0,0,0,0.0,0,17,0,4,66,10,147
"Jan 04, 2025","=""85546644235770""",C.Keyword.Video.SB.UPS.IntelligentLCD.CPAVR3,,250,DAILY_BUDGET,PAUSED,USD,9593,56,74.44,243.9,2,2,1,189.95,1,156,0,6,685,70,1390
"Mar 14, 2025","=""85546644235770""",C.Keyword.Video.SB.UPS.IntelligentLCD.CPAVR3,,250,DAILY_BUDGET,PAUSED,USD,4053,21,24.36,735.9,2,2,1,189.95,1,51,0,5,209,14,422
"Apr 10, 2025","=""400654489506156""",B.Keyword.Products.SB.UPS.BestSellers,,250,DAILY_BUDGET,PAUSED,USD,13051,12,26.41,271.8,3,4,2,163.9,2,21,0,2,0,0,3451
"Jan 01, 2025","=""60249080858733""",C.Keyword.Video.SB.UPS.PFCSinewave.CPPFC(1),,250,DAILY_BUDGET,PAUSED,USD,143,0,0.0,0.0,0,0,0,0.0,0,0,0,0,1,1,5
"Apr 13, 2025","=""74868404430193""",N.Keyword.Video.SB.UPS.SmartAppLCD.OR.OR500LCRM1U,,250,DAILY_BUDGET,PAUSED,USD,666,3,2.66,299.95,1,1,1,299.95,1,9,0,2,34,4,91
"Apr 14, 2025","=""74868404430193""",N.Keyword.Video.SB.UPS.SmartAppLCD.OR.OR500LCRM1U,,250,DAILY_BUDGET,PAUSED,USD,681,4,3.72,334.95,1,1,1,334.95,1,5,0,1,28,2,78
"Apr 21, 2025","=""300358990869228""",B.Keyword.Store.SB.UPS.StoreSpotlight,,250,DAILY_BUDGET,ENABLED,USD,3728,32,172.35,6610.82,42,63,36,4877.82,43,393,0,65,0,0,2885
"Apr 03, 2025","=""353873361287335""",B2B - B.Keyword.Store.SB.UPS.StoreSpotlight,,250,DAILY_BUDGET,ENABLED,USD,2,0,0.0,0.0,0,0,0,0.0,0,0,0,0,0,0,2
"Mar 09, 2025","=""209147373785811""",N.Keyword.Video.SB.UPS.PFCSinewave.CPPFC(1),,250,DAILY_BUDGET,PAUSED,USD,13505,81,400.41,1556.55,6,9,5,1484.6,8,216,0,17,1219,300,2172
"Mar 11, 2025","=""74868404430193""",N.Keyword.Video.SB.UPS.SmartAppLCD.OR.OR500LCRM1U,,250,DAILY_BUDGET,PAUSED,USD,1043,6,6.19,0.0,0,0,0,0.0,0,18,0,0,52,4,110
"Mar 08, 2025","=""400654489506156""",B.Keyword.Products.SB.UPS.BestSellers,,250,DAILY_BUDGET,PAUSED,USD,11893,9,62.85,0.0,0,0,0,0.0,0,17,0,0,0,0,2351
"Apr 28, 2025","=""353873361287335""",B2B - B.Keyword.Store.SB.UPS.StoreSpotlight,,250,DAILY_BUDGET,ENABLED,USD,77,1,12.99,0.0,0,0,0,0.0,0,0,0,0,0,0,25
"Jan 14, 2025","=""60249080858733""",C.Keyword.Video.SB.UPS.PFCSinewave.CPPFC(1),,250,DAILY_BUDGET,PAUSED,USD,296,0,0.0,0.0,0,0,0,0.0,0,0,0,0,9,1,19
"Jan 05, 2025","=""209147373785811""",N.Keyword.Video.SB.UPS.PFCSinewave.CPPFC(1),,250,DAILY_BUDGET,PAUSED,USD,2672,18,25.37,439.9,2,2,2,439.9,2,26,0,4,180,35,360
"Mar 10, 2025","=""85546644235770""",C.Keyword.Video.SB.UPS.IntelligentLCD.CPAVR3,,250,DAILY_BUDGET,PAUSED,USD,3974,29,31.3,931.7,5,6,4,869.75,5,73,0,8,237,22,467
"Apr 26, 2025","=""112828660396406""",N.Keyword.Video.SB.UPS.SmartAppSinewave.OLHD,,250,DAILY_BUDGET,PAUSED,USD,473,0,0.0,0.0,0,0,0,0.0,0,0,0,0,46,8,84
"Mar 04, 2025","=""209147373785811""",N.Keyword.Video.SB.UPS.PFCSinewave.CPPFC(1),,250,DAILY_BUDGET,PAUSED,USD,17520,118,580.33,4104.05,17,19,15,3664.15,17,310,0,32,1463,360,2728
"Jan 27, 2025","=""60249080858733""",C.Keyword.Video.SB.UPS.PFCSinewave.CPPFC(1),,250,DAILY_BUDGET,PAUSED,USD,203,0,0.0,0.0,0,0,0,0.0,0,0,0,0,4,0,11
"Mar 14, 2025","=""209147373785811""",N.Keyword.Video.SB.UPS.PFCSinewave.CPPFC(1),,250,DAILY_BUDGET,PAUSED,USD,10614,75,421.83,1669.54,9,10,9,1669.54,10,199,0,23,1111,308,1863
"Jan 17, 2025","=""85546644235770""",C.Keyword.Video.SB.UPS.IntelligentLCD.CPAVR3,,250,DAILY_BUDGET,PAUSED,USD,4088,21,21.78,189.95,1,1,1,189.95,1,38,0,1,262,24,471
"Jan 18, 2025","=""85546644235770""",C.Keyword.Video.SB.UPS.IntelligentLCD.CPAVR3,,250,DAILY_BUDGET,PAUSED,USD,4185,24,24.42,219.95,1,1,1,219.95,1,48,0,4,244,23,486
"Mar 20, 2025","=""516203922618177""",N.Keyword.Store.SB.UPS.StoreSpotlight,,250,DAILY_BUDGET,ENABLED,USD,20551,136,436.01,5275.35,23,33,16,4328.7,26,201,0,30,0,0,8178
"Mar 30, 2025","=""300358990869228""",B.Keyword.Store.SB.UPS.StoreSpotlight,,250,DAILY_BUDGET,ENABLED,USD,3503,27,192.19,2818.95,21,25,15,1800.04,19,233,0,39,0,0,2735
"Mar 21, 2025","=""74868404430193""",N.Keyword.Video.SB.UPS.SmartAppLCD.OR.OR500LCRM1U,,250,DAILY_BUDGET,PAUSED,USD,1624,6,4.94,0.0,0,0,0,0.0,0,35,0,5,99,16,216
"Apr 24, 2025","=""112828660396406""",N.Keyword.Video.SB.UPS.SmartAppSinewave.OLHD,,250,DAILY_BUDGET,PAUSED,USD,640,2,1.74,0.0,0,0,0,0.0,0,3,0,0,68,8,123
"Apr 14, 2025","=""112828660396406""",N.Keyword.Video.SB.UPS.SmartAppSinewave.OLHD,,250,DAILY_BUDGET,PAUSED,USD,763,3,5.49,0.0,0,0,0,0.0,0,6,0,0,58,4,92
"Jan 02, 2025","=""85546644235770""",C.Keyword.Video.SB.UPS.IntelligentLCD.CPAVR3,,250,DAILY_BUDGET,PAUSED,USD,12283,75,101.69,1319.65,7,7,5,949.75,5,155,0,171,947,111,1851
"Apr 05, 2025","=""209147373785811""",N.Keyword.Video.SB.UPS.PFCSinewave.CPPFC(1),,250,DAILY_BUDGET,PAUSED,USD,9316,47,186.81,737.75,5,5,4,683.8,4,112,0,10,1079,244,2061
"Jan 15, 2025","=""74868404430193""",N.Keyword.Video.SB.UPS.SmartAppLCD.OR.OR500LCRM1U,,250,DAILY_BUDGET,PAUSED,USD,1541,8,7.62,0.0,0,0,0,0.0,0,12,0,0,101,11,203
"Mar 16, 2025","=""84817009251939""",C.Keyword.Video.SB.PFCSinewave.CP1500PFCRM2U.B0B354X985,,250,DAILY_BUDGET,ENABLED,USD,10386,80,94.94,2212.6,8,8,6,1299.7,6,245,0,13,648,46,1330
"Mar 25, 2025","=""112828660396406""",N.Keyword.Video.SB.UPS.SmartAppSinewave.OLHD,,250,DAILY_BUDGET,PAUSED,USD,820,0,0.0,0.0,0,0,0,0.0,0,0,0,0,47,6,91
"Jan 20, 2025","=""327967099369911""",N.Keyword.Products.SB.UPS.1500units,,250,DAILY_BUDGET,PAUSED,USD,0,0,0.0,0.0,0,0,0,0.0,0,0,0,0,0,0,0
"Apr 24, 2025","=""327967099369911""",N.Keyword.Products.SB.UPS.1500units,,250,DAILY_BUDGET,PAUSED,USD,96716,136,2981.92,0.0,0,0,0,0.0,0,104,0,2,0,0,42953
"Jan 27, 2025","=""112828660396406""",N.Keyword.Video.SB.UPS.SmartAppSinewave.OLHD,,250,DAILY_BUDGET,PAUSED,USD,2895,3,5.22,0.0,0,0,0,0.0,0,9,0,0,226,12,522
"Apr 20, 2025","=""84817009251939""",C.Keyword.Video.SB.PFCSinewave.CP1500PFCRM2U.B0B354X985,,250,DAILY_BUDGET,ENABLED,USD,25585,111,202.95,534.9,2,2,2,534.9,2,234,0,16,1849,104,4319
"Mar 23, 2025","=""85546644235770""",C.Keyword.Video.SB.UPS.IntelligentLCD.CPAVR3,,250,DAILY_BUDGET,PAUSED,USD,2722,16,19.74,379.9,2,2,2,379.9,2,31,0,2,170,10,325
"Jan 10, 2025","=""516203922618177""",N.Keyword.Store.SB.UPS.StoreSpotlight,,250,DAILY_BUDGET,ENABLED,USD,162932,379,1975.0,3445.37,25,28,17,2368.0,20,668,0,52,0,0,51192
"Apr 11, 2025","=""249902179030051""",N.Keyword.Video.SB.UPS.Surge.CSP,,250,DAILY_BUDGET,PAUSED,USD,124,1,0.88,0.0,0,0,0,0.0,0,1,0,0,12,0,24
"Mar 05, 2025","=""112828660396406""",N.Keyword.Video.SB.UPS.SmartAppSinewave.OLHD,,250,DAILY_BUDGET,PAUSED,USD,1285,4,8.77,0.0,0,0,0,0.0,0,11,0,1,66,5,134
"Apr 05, 2025","=""400654489506156""",B.Keyword.Products.SB.UPS.BestSellers,,250,DAILY_BUDGET,PAUSED,USD,13095,11,18.89,219.95,1,1,1,219.95,1,91,0,0,0,0,3126
"Jan 12, 2025","=""60249080858733""",C.Keyword.Video.SB.UPS.PFCSinewave.CPPFC(1),,250,DAILY_BUDGET,PAUSED,USD,218,1,1.7,0.0,0,0,0,0.0,0,6,0,0,10,4,16
"Apr 04, 2025","=""288898439745613""",B2B - N.Keyword.Products.SB.UPS.1500units,,250,DAILY_BUDGET,ENABLED,USD,52252,79,789.72,835.75,5,5,3,519.85,3,104,0,12,0,0,21162
"Mar 04, 2025","=""112828660396406""",N.Keyword.Video.SB.UPS.SmartAppSinewave.OLHD,,250,DAILY_BUDGET,PAUSED,USD,2063,5,7.42,0.0,0,0,0,0.0,0,7,0,0,111,6,233
"Feb 28, 2025","=""209147373785811""",N.Keyword.Video.SB.UPS.PFCSinewave.CPPFC(1),,250,DAILY_BUDGET,PAUSED,USD,11081,42,172.47,409.9,2,2,2,409.9,2,73,0,4,768,174,1622
"Apr 28, 2025","=""369323377946560""",B2B - N.Keyword.Store.SB.UPS.StoreSpotlight,,250,DAILY_BUDGET,ENABLED,USD,170,0,0.0,0.0,0,0,0,0.0,0,0,0,0,0,0,101
"Mar 10, 2025","=""74868404430193""",N.Keyword.Video.SB.UPS.SmartAppLCD.OR.OR500LCRM1U,,250,DAILY_BUDGET,PAUSED,USD,1077,4,3.48,0.0,0,0,0,0.0,0,9,0,0,55,9,107
"Feb 26, 2025","=""85546644235770""",C.Keyword.Video.SB.UPS.IntelligentLCD.CPAVR3,,250,DAILY_BUDGET,PAUSED,USD,3771,19,18.37,189.95,1,1,0,0.0,0,47,0,9,215,25,462
"Feb 08, 2025","=""85546644235770""",C.Keyword.Video.SB.UPS.IntelligentLCD.CPAVR3,,250,DAILY_BUDGET,PAUSED,USD,2735,16,17.04,0.0,0,0,0,0.0,0,21,0,1,189,16,375
"Jan 03, 2025","=""85546644235770""",C.Keyword.Video.SB.UPS.IntelligentLCD.CPAVR3,,250,DAILY_BUDGET,PAUSED,USD,10520,64,86.46,919.75,4,5,4,919.75,5,130,0,9,785,71,1523
"Jan 28, 2025","=""85546644235770""",C.Keyword.Video.SB.UPS.IntelligentLCD.CPAVR3,,250,DAILY_BUDGET,PAUSED,USD,4049,19,16.45,569.85,1,3,1,569.85,3,39,0,4,286,33,537
"Jan 31, 2025","=""84817009251939""",C.Keyword.Video.SB.PFCSinewave.CP1500PFCRM2U.B0B354X985,,250,DAILY_BUDGET,ENABLED,USD,13841,141,171.27,3531.35,13,13,6,1459.7,6,275,0,25,1721,193,2835
"Apr 09, 2025","=""60249080858733""",C.Keyword.Video.SB.UPS.PFCSinewave.CPPFC(1),,250,DAILY_BUDGET,PAUSED,USD,349,1,3.57,0.0,0,0,0,0.0,0,1,0,0,28,8,54
"Mar 29, 2025","=""85546644235770""",C.Keyword.Video.SB.UPS.IntelligentLCD.CPAVR3,,250,DAILY_BUDGET,PAUSED,USD,4106,20,23.42,379.9,2,2,2,379.9,2,68,0,7,212,23,492
"Apr 12, 2025","=""516203922618177""",N.Keyword.Store.SB.UPS.StoreSpotlight,,250,DAILY_BUDGET,ENABLED,USD,12446,62,180.18,664.85,3,3,2,107.9,2,96,0,9,0,0,4116
"Jan 26, 2025","=""300358990869228""",B.Keyword.Store.SB.UPS.StoreSpotlight,,250,DAILY_BUDGET,ENABLED,USD,0,0,0.0,0.0,0,0,0,0.0,0,0,0,0,0,0,0
"Apr 25, 2025","=""300358990869228""",B.Keyword.Store.SB.UPS.StoreSpotlight,,250,DAILY_BUDGET,ENABLED,USD,3537,27,168.31,6768.63,36,41,28,4893.15,33,434,0,65,0,0,2737
"Jan 12, 2025","=""327967099369911""",N.Keyword.Products.SB.UPS.1500units,,250,DAILY_BUDGET,PAUSED,USD,64774,233,1999.7,1089.7,6,6,4,679.8,4,420,0,24,0,0,24398
"Mar 24, 2025","=""300358990869228""",B.Keyword.Store.SB.UPS.StoreSpotlight,,250,DAILY_BUDGET,ENABLED,USD,4109,34,163.47,5251.31,37,45,23,3588.96,26,379,0,64,0,0,3215
"Mar 07, 2025","=""60249080858733""",C.Keyword.Video.SB.UPS.PFCSinewave.CPPFC(1),,250,DAILY_BUDGET,PAUSED,USD,676,0,0.0,0.0,0,0,0,0.0,0,0,0,0,35,10,66
"Feb 20, 2025","=""74868404430193""",N.Keyword.Video.SB.UPS.SmartAppLCD.OR.OR500LCRM1U,,250,DAILY_BUDGET,PAUSED,USD,1139,9,6.36,0.0,0,0,0,0.0,0,17,0,2,67,4,150
"Jan 11, 2025","=""327967099369911""",N.Keyword.Products.SB.UPS.1500units,,250,DAILY_BUDGET,PAUSED,USD,80161,255,2005.96,2491.3,13,14,10,1931.45,11,427,0,29,0,0,30665
"Jan 15, 2025","=""400654489506156""",B.Keyword.Products.SB.UPS.BestSellers,,250,DAILY_BUDGET,PAUSED,USD,15410,10,39.4,0.0,0,0,0,0.0,0,50,0,3,0,0,3822
"Mar 20, 2025","=""209147373785811""",N.Keyword.Video.SB.UPS.PFCSinewave.CPPFC(1),,250,DAILY_BUDGET,PAUSED,USD,9451,65,410.34,799.38,5,5,3,505.48,3,172,0,12,951,241,1772
"Feb 27, 2025","=""38757712528936""",B.Keyword.Video.SB.UPS.PFCSinewave.CPPFC(1),,250,DAILY_BUDGET,PAUSED,USD,3580,7,18.8,879.8,1,4,1,879.8,4,11,0,1,161,48,277
"Jan 13, 2025","=""209147373785811""",N.Keyword.Video.SB.UPS.PFCSinewave.CPPFC(1),,250,DAILY_BUDGET,PAUSED,USD,2429,11,13.45,219.95,1,1,1,219.95,1,21,0,1,138,33,322
"Jan 06, 2025","=""209147373785811""",N.Keyword.Video.SB.UPS.PFCSinewave.CPPFC(1),,250,DAILY_BUDGET,PAUSED,USD,3673,21,31.81,439.9,2,2,2,439.9,2,38,0,4,265,75,544
"Apr 18, 2025","=""353873361287335""",B2B - B.Keyword.Store.SB.UPS.StoreSpotlight,,250,DAILY_BUDGET,ENABLED,USD,353,1,12.51,0.0,0,0,0,0.0,0,0,0,0,0,0,161
"Mar 12, 2025","=""112828660396406""",N.Keyword.Video.SB.UPS.SmartAppSinewave.OLHD,,250,DAILY_BUDGET,PAUSED,USD,751,0,0.0,0.0,0,0,0,0.0,0,0,0,0,53,7,88
"Jan 19, 2025","=""38757712528936""",B.Keyword.Video.SB.UPS.PFCSinewave.CPPFC(1),,250,DAILY_BUDGET,PAUSED,USD,6547,35,93.2,1235.79,8,8,6,953.89,6,129,0,11,446,129,620
"Apr 15, 2025","=""400654489506156""",B.Keyword.Products.SB.UPS.BestSellers,,250,DAILY_BUDGET,PAUSED,USD,12381,12,56.77,0.0,0,0,0,0.0,0,10,0,2,0,0,3720
"Apr 08, 2025","=""400654489506156""",B.Keyword.Products.SB.UPS.BestSellers,,250,DAILY_BUDGET,PAUSED,USD,16085,8,25.07,0.0,0,0,0,0.0,0,11,0,0,0,0,4282
"Apr 11, 2025","=""209147373785811""",N.Keyword.Video.SB.UPS.PFCSinewave.CPPFC(1),,250,DAILY_BUDGET,PAUSED,USD,5210,36,197.24,439.9,1,2,1,439.9,2,62,0,2,537,120,1056
"Apr 02, 2025","=""450441693358033""",B2B - B.Keyword.Products.SB.UPS.1500units,,250,DAILY_BUDGET,ENABLED,USD,1,0,0.0,0.0,0,0,0,0.0,0,0,0,0,0,0,1
"Apr 18, 2025","=""85546644235770""",C.Keyword.Video.SB.UPS.IntelligentLCD.CPAVR3,,250,DAILY_BUDGET,PAUSED,USD,3569,24,35.56,789.8,4,4,4,789.8,4,83,0,8,300,17,647
"Jan 10, 2025","=""112828660396406""",N.Keyword.Video.SB.UPS.SmartAppSinewave.OLHD,,250,DAILY_BUDGET,PAUSED,USD,2511,5,10.51,0.0,0,0,0,0.0,0,16,0,0,172,20,360
"Apr 09, 2025","=""369323377946560""",B2B - N.Keyword.Store.SB.UPS.StoreSpotlight,,250,DAILY_BUDGET,ENABLED,USD,124,1,2.73,0.0,0,0,0,0.0,0,0,0,0,0,0,60
"Jan 03, 2025","=""209147373785811""",N.Keyword.Video.SB.UPS.PFCSinewave.CPPFC(1),,250,DAILY_BUDGET,PAUSED,USD,2947,13,19.1,219.95,1,1,1,219.95,1,34,0,1,140,28,283
"Apr 28, 2025","=""425328024590643""",C.Keyword.Products.SB.UPS.1500units,,250,DAILY_BUDGET,ENABLED,USD,13210,18,102.01,109.95,1,1,0,0.0,0,16,0,2,0,0,5099
"Mar 23, 2025","=""516203922618177""",N.Keyword.Store.SB.UPS.StoreSpotlight,,250,DAILY_BUDGET,ENABLED,USD,17017,78,183.85,931.7,6,6,4,657.8,4,135,0,11,0,0,6092
"Jan 18, 2025","=""300358990869228""",B.Keyword.Store.SB.UPS.StoreSpotlight,,250,DAILY_BUDGET,ENABLED,USD,0,0,0.0,0.0,0,0,0,0.0,0,0,0,0,0,0,0
"Apr 22, 2025","=""425328024590643""",C.Keyword.Products.SB.UPS.1500units,,250,DAILY_BUDGET,ENABLED,USD,1912,11,72.97,448.45,3,3,3,448.45,3,43,0,3,0,0,822
"Feb 06, 2025","=""84817009251939""",C.Keyword.Video.SB.PFCSinewave.CP1500PFCRM2U.B0B354X985,,250,DAILY_BUDGET,ENABLED,USD,10435,83,98.23,2812.25,12,16,10,2452.31,10,169,0,13,1178,140,1955
"Apr 30, 2025","=""450441693358033""",B2B - B.Keyword.Products.SB.UPS.1500units,,250,DAILY_BUDGET,ENABLED,USD,855,3,1.59,0.0,0,0,0,0.0,0,6,0,1,0,0,206
"Apr 07, 2025","=""74868404430193""",N.Keyword.Video.SB.UPS.SmartAppLCD.OR.OR500LCRM1U,,250,DAILY_BUDGET,PAUSED,USD,929,6,3.98,0.0,0,0,0,0.0,0,10,0,1,53,10,124
"Jan 09, 2025","=""74868404430193""",N.Keyword.Video.SB.UPS.SmartAppLCD.OR.OR500LCRM1U,,250,DAILY_BUDGET,PAUSED,USD,1211,8,6.3,0.0,0,0,0,0.0,0,14,0,1,63,11,132
"Apr 21, 2025","=""112828660396406""",N.Keyword.Video.SB.UPS.SmartAppSinewave.OLHD,,250,DAILY_BUDGET,PAUSED,USD,698,1,0.78,0.0,0,0,0,0.0,0,0,0,0,54,4,111
"Jan 29, 2025","=""209147373785811""",N.Keyword.Video.SB.UPS.PFCSinewave.CPPFC(1),,250,DAILY_BUDGET,PAUSED,USD,2819,21,27.01,549.85,3,3,2,329.9,2,52,0,4,238,67,433
"Apr 11, 2025","=""112828660396406""",N.Keyword.Video.SB.UPS.SmartAppSinewave.OLHD,,250,DAILY_BUDGET,PAUSED,USD,724,3,5.11,0.0,0,0,0,0.0,0,8,0,0,57,4,125
"Feb 09, 2025","=""112828660396406""",N.Keyword.Video.SB.UPS.SmartAppSinewave.OLHD,,250,DAILY_BUDGET,PAUSED,USD,851,3,4.74,0.0,0,0,0,0.0,0,9,0,0,69,7,127
"Apr 17, 2025","=""85546644235770""",C.Keyword.Video.SB.UPS.IntelligentLCD.CPAVR3,,250,DAILY_BUDGET,PAUSED,USD,4014,24,34.52,379.9,2,2,2,379.9,2,85,0,5,289,17,625
"Apr 07, 2025","=""60249080858733""",C.Keyword.Video.SB.UPS.PFCSinewave.CPPFC(1),,250,DAILY_BUDGET,PAUSED,USD,665,0,0.0,0.0,0,0,0,0.0,0,0,0,0,69,19,114
"Jan 26, 2025","=""74868404430193""",N.Keyword.Video.SB.UPS.SmartAppLCD.OR.OR500LCRM1U,,250,DAILY_BUDGET,PAUSED,USD,1694,9,6.92,899.8,2,4,1,599.85,3,37,0,1,92,12,206
"Apr 06, 2025","=""74868404430193""",N.Keyword.Video.SB.UPS.SmartAppLCD.OR.OR500LCRM1U,,250,DAILY_BUDGET,PAUSED,USD,937,7,3.76,0.0,0,0,0,0.0,0,30,0,0,54,10,129
"Apr 18, 2025","=""209147373785811""",N.Keyword.Video.SB.UPS.PFCSinewave.CPPFC(1),,250,DAILY_BUDGET,PAUSED,USD,1865,11,28.59,0.0,0,0,0,0.0,0,17,0,0,136,34,321
"Jan 03, 2025","=""38757712528936""",B.Keyword.Video.SB.UPS.PFCSinewave.CPPFC(1),,250,DAILY_BUDGET,PAUSED,USD,37760,132,1462.27,2287.4,10,12,9,2067.45,11,310,0,20,1171,390,1668
"Mar 20, 2025","=""84817009251939""",C.Keyword.Video.SB.PFCSinewave.CP1500PFCRM2U.B0B354X985,,250,DAILY_BUDGET,ENABLED,USD,7874,34,47.78,599.85,2,3,0,0.0,0,88,0,3,500,59,962
"Jan 16, 2025","=""533624646611887""",C.Keyword.Store.SB.UPS.StoreSpotlight,,250,DAILY_BUDGET,PAUSED,USD,25589,108,363.95,779.14,5,6,4,399.24,4,162,0,8,0,0,7298
"Apr 14, 2025","=""516203922618177""",N.Keyword.Store.SB.UPS.StoreSpotlight,,250,DAILY_BUDGET,ENABLED,USD,14640,93,356.14,1589.45,10,11,8,1331.6,8,173,0,14,0,0,5053
"Mar 31, 2025","=""112828660396406""",N.Keyword.Video.SB.UPS.SmartAppSinewave.OLHD,,250,DAILY_BUDGET,PAUSED,USD,1133,5,9.24,0.0,0,0,0,0.0,0,8,0,0,74,12,151
"Jan 08, 2025","=""300358990869228""",B.Keyword.Store.SB.UPS.StoreSpotlight,,250,DAILY_BUDGET,ENABLED,USD,51751,466,4894.62,16184.93,90,115,67,11336.43,86,1969,0,222,0,0,45771
"Apr 29, 2025","=""369323377946560""",B2B - N.Keyword.Store.SB.UPS.StoreSpotlight,,250,DAILY_BUDGET,ENABLED,USD,209,3,8.31,96.0,1,2,0,0.0,0,1,0,1,0,0,123
"Jan 12, 2025","=""533624646611887""",C.Keyword.Store.SB.UPS.StoreSpotlight,,250,DAILY_BUDGET,PAUSED,USD,15880,37,117.39,599.85,3,3,3,599.85,3,81,0,4,0,0,4400
"Apr 06, 2025","=""60249080858733""",C.Keyword.Video.SB.UPS.PFCSinewave.CPPFC(1),,250,DAILY_BUDGET,PAUSED,USD,479,5,13.59,0.0,0,0,0,0.0,0,10,0,0,50,11,82
"Jan 22, 2025","=""112828660396406""",N.Keyword.Video.SB.UPS.SmartAppSinewave.OLHD,,250,DAILY_BUDGET,PAUSED,USD,5,0,0.0,0.0,0,0,0,0.0,0,0,0,0,1,0,2
"Apr 14, 2025","=""400654489506156""",B.Keyword.Products.SB.UPS.BestSellers,,250,DAILY_BUDGET,PAUSED,USD,12649,8,35.51,189.95,1,1,1,189.95,1,21,0,3,0,0,3570
"Jan 11, 2025","=""85546644235770""",C.Keyword.Video.SB.UPS.IntelligentLCD.CPAVR3,,250,DAILY_BUDGET,PAUSED,USD,3691,23,24.33,0.0,0,0,0,0.0,0,62,0,2,197,16,401
"Jan 13, 2025","=""533624646611887""",C.Keyword.Store.SB.UPS.StoreSpotlight,,250,DAILY_BUDGET,PAUSED,USD,14690,44,137.72,328.16,3,3,3,328.16,3,54,0,3,0,0,4044
"Mar 19, 2025","=""327967099369911""",N.Keyword.Products.SB.UPS.1500units,,250,DAILY_BUDGET,PAUSED,USD,181656,303,2126.71,2997.25,16,17,16,2997.25,17,449,0,34,0,0,62766
"Jan 21, 2025","=""85546644235770""",C.Keyword.Video.SB.UPS.IntelligentLCD.CPAVR3,,250,DAILY_BUDGET,PAUSED,USD,4405,24,28.41,1019.7,6,7,4,829.75,5,54,0,7,312,25,570
"Apr 26, 2025","=""288898439745613""",B2B - N.Keyword.Products.SB.UPS.1500units,,250,DAILY_BUDGET,ENABLED,USD,10536,29,315.57,719.85,3,3,3,719.85,3,48,0,6,0,0,4264
"Mar 13, 2025","=""38757712528936""",B.Keyword.Video.SB.UPS.PFCSinewave.CPPFC(1),,250,DAILY_BUDGET,PAUSED,USD,6868,48,274.07,604.85,3,3,1,164.95,1,72,0,8,694,209,1008
"Mar 16, 2025","=""85546644235770""",C.Keyword.Video.SB.UPS.IntelligentLCD.CPAVR3,,250,DAILY_BUDGET,PAUSED,USD,3130,14,14.48,0.0,0,0,0,0.0,0,37,0,0,173,10,358
"Mar 09, 2025","=""38757712528936""",B.Keyword.Video.SB.UPS.PFCSinewave.CPPFC(1),,250,DAILY_BUDGET,PAUSED,USD,1866,10,21.83,439.9,2,2,1,219.95,1,25,0,3,121,31,253
"Jan 17, 2025","=""84817009251939""",C.Keyword.Video.SB.PFCSinewave.CP1500PFCRM2U.B0B354X985,,250,DAILY_BUDGET,ENABLED,USD,12798,133,184.62,2995.5,8,10,2,524.9,2,285,0,15,1353,161,2394
"Mar 10, 2025","=""84817009251939""",C.Keyword.Video.SB.PFCSinewave.CP1500PFCRM2U.B0B354X985,,250,DAILY_BUDGET,ENABLED,USD,13639,59,74.67,731.85,2,3,2,731.85,3,134,0,8,848,51,1671
"Jan 14, 2025","=""516203922618177""",N.Keyword.Store.SB.UPS.StoreSpotlight,,250,DAILY_BUDGET,ENABLED,USD,148688,348,1966.64,5238.1,25,38,21,4776.35,33,514,0,47,0,0,47998
"Apr 20, 2025","=""74868404430193""",N.Keyword.Video.SB.UPS.SmartAppLCD.OR.OR500LCRM1U,,250,DAILY_BUDGET,PAUSED,USD,1138,4,3.79,0.0,0,0,0,0.0,0,14,0,1,64,8,160
"Mar 22, 2025","=""209147373785811""",N.Keyword.Video.SB.UPS.PFCSinewave.CPPFC(1),,250,DAILY_BUDGET,PAUSED,USD,8503,79,400.94,659.85,3,3,3,659.85,3,150,0,11,803,156,1576
"Mar 18, 2025","=""74868404430193""",N.Keyword.Video.SB.UPS.SmartAppLCD.OR.OR500LCRM1U,,250,DAILY_BUDGET,PAUSED,USD,1460,5,5.21,0.0,0,0,0,0.0,0,15,0,0,72,11,176
"Apr 12, 2025","=""112828660396406""",N.Keyword.Video.SB.UPS.SmartAppSinewave.OLHD,,250,DAILY_BUDGET,PAUSED,USD,621,2,4.32,0.0,0,0,0,0.0,0,1,0,0,54,0,92
"Apr 28, 2025","=""400654489506156""",B.Keyword.Products.SB.UPS.BestSellers,,250,DAILY_BUDGET,PAUSED,USD,10119,7,33.55,219.95,1,1,1,219.95,1,77,0,1,0,0,3137
"Apr 12, 2025","=""369323377946560""",B2B - N.Keyword.Store.SB.UPS.StoreSpotlight,,250,DAILY_BUDGET,ENABLED,USD,60,3,6.86,0.0,0,0,0,0.0,0,4,0,1,0,0,40
"Feb 25, 2025","=""60249080858733""",C.Keyword.Video.SB.UPS.PFCSinewave.CPPFC(1),,250,DAILY_BUDGET,PAUSED,USD,551,1,3.83,0.0,0,0,0,0.0,0,1,0,0,17,4,54
"Apr 29, 2025","=""425328024590643""",C.Keyword.Products.SB.UPS.1500units,,250,DAILY_BUDGET,ENABLED,USD,12279,20,99.64,0.0,0,0,0,0.0,0,24,0,0,0,0,3735
"Mar 27, 2025","=""84817009251939""",C.Keyword.Video.SB.PFCSinewave.CP1500PFCRM2U.B0B354X985,,250,DAILY_BUDGET,ENABLED,USD,11621,66,94.26,1339.8,3,4,2,1004.85,3,146,0,8,655,62,1397
"Apr 24, 2025","=""300358990869228""",B.Keyword.Store.SB.UPS.StoreSpotlight,,250,DAILY_BUDGET,ENABLED,USD,4070,38,163.16,4078.46,31,37,25,2969.8,26,378,0,64,0,0,3132
"Apr 06, 2025","=""209147373785811""",N.Keyword.Video.SB.UPS.PFCSinewave.CPPFC(1),,250,DAILY_BUDGET,PAUSED,USD,8692,64,225.11,1069.75,5,5,5,1069.75,5,136,0,10,921,236,1743
"Feb 24, 2025","=""327967099369911""",N.Keyword.Products.SB.UPS.1500units,,250,DAILY_BUDGET,PAUSED,USD,8714,9,15.43,324.9,2,2,2,324.9,2,9,0,2,0,0,1906
"Mar 27, 2025","=""38757712528936""",B.Keyword.Video.SB.UPS.PFCSinewave.CPPFC(1),,250,DAILY_BUDGET,PAUSED,USD,5988,44,356.86,439.9,2,2,2,439.9,2,79,0,4,675,187,1070
"Feb 02, 2025","=""60249080858733""",C.Keyword.Video.SB.UPS.PFCSinewave.CPPFC(1),,250,DAILY_BUDGET,PAUSED,USD,262,0,0.0,0.0,0,0,0,0.0,0,0,0,0,14,1,24
"Apr 17, 2025","=""450441693358033""",B2B - B.Keyword.Products.SB.UPS.1500units,,250,DAILY_BUDGET,ENABLED,USD,572,1,2.58,0.0,0,0,0,0.0,0,0,0,0,0,0,23
"Feb 28, 2025","=""400654489506156""",B.Keyword.Products.SB.UPS.BestSellers,,250,DAILY_BUDGET,PAUSED,USD,8117,5,13.85,0.0,0,0,0,0.0,0,3,0,0,0,0,1650
"Apr 15, 2025","=""288898439745613""",B2B - N.Keyword.Products.SB.UPS.1500units,,250,DAILY_BUDGET,ENABLED,USD,28636,55,502.36,1846.14,5,12,1,92.99,1,105,0,6,0,0,10398
"Apr 23, 2025","=""353873361287335""",B2B - B.Keyword.Store.SB.UPS.StoreSpotlight,,250,DAILY_BUDGET,ENABLED,USD,46,0,0.0,0.0,0,0,0,0.0,0,0,0,0,0,0,22
"Mar 02, 2025","=""209147373785811""",N.Keyword.Video.SB.UPS.PFCSinewave.CPPFC(1),,250,DAILY_BUDGET,PAUSED,USD,10429,43,175.85,864.84,4,4,3,644.89,3,121,0,6,626,117,1470
"Apr 15, 2025","=""249902179030051""",N.Keyword.Video.SB.UPS.Surge.CSP,,250,DAILY_BUDGET,PAUSED,USD,105,0,0.0,0.0,0,0,0,0.0,0,0,0,0,8,1,19
"Mar 05, 2025","=""84817009251939""",C.Keyword.Video.SB.PFCSinewave.CP1500PFCRM2U.B0B354X985,,250,DAILY_BUDGET,ENABLED,USD,17476,93,120.05,4582.45,12,12,4,1159.8,4,212,0,18,1235,78,2429
"Mar 27, 2025","=""112828660396406""",N.Keyword.Video.SB.UPS.SmartAppSinewave.OLHD,,250,DAILY_BUDGET,PAUSED,USD,669,4,6.6,0.0,0,0,0,0.0,0,2,0,0,54,1,90
"Apr 02, 2025","=""369323377946560""",B2B - N.Keyword.Store.SB.UPS.StoreSpotlight,,250,DAILY_BUDGET,ENABLED,USD,128,0,0.0,0.0,0,0,0,0.0,0,0,0,0,0,0,71
"Jan 27, 2025","=""209147373785811""",N.Keyword.Video.SB.UPS.PFCSinewave.CPPFC(1),,250,DAILY_BUDGET,PAUSED,USD,4539,29,44.42,879.8,3,4,1,219.95,1,78,0,7,471,134,755
"Mar 31, 2025","=""327967099369911""",N.Keyword.Products.SB.UPS.1500units,,250,DAILY_BUDGET,PAUSED,USD,217241,371,2396.1,1261.7,6,6,6,1261.7,6,388,0,14,0,0,73707
"Apr 06, 2025","=""327967099369911""",N.Keyword.Products.SB.UPS.1500units,,250,DAILY_BUDGET,PAUSED,USD,219637,402,1776.01,819.8,4,4,4,819.8,4,383,0,12,0,0,71202
"Feb 16, 2025","=""74868404430193""",N.Keyword.Video.SB.UPS.SmartAppLCD.OR.OR500LCRM1U,,250,DAILY_BUDGET,PAUSED,USD,1575,8,6.32,199.95,1,1,0,0.0,0,13,0,3,99,11,230
"Mar 26, 2025","=""85546644235770""",C.Keyword.Video.SB.UPS.IntelligentLCD.CPAVR3,,250,DAILY_BUDGET,PAUSED,USD,3778,15,16.86,189.95,1,1,1,189.95,1,26,0,2,209,14,414
"Jan 30, 2025","=""400654489506156""",B.Keyword.Products.SB.UPS.BestSellers,,250,DAILY_BUDGET,PAUSED,USD,0,0,0.0,0.0,0,0,0,0.0,0,0,0,0,0,0,0
"Feb 13, 2025","=""112828660396406""",N.Keyword.Video.SB.UPS.SmartAppSinewave.OLHD,,250,DAILY_BUDGET,PAUSED,USD,1798,7,9.59,219.95,1,1,0,0.0,0,14,0,1,169,20,292
"Jan 10, 2025","=""327967099369911""",N.Keyword.Products.SB.UPS.1500units,,250,DAILY_BUDGET,PAUSED,USD,71899,253,1997.22,3019.18,16,18,13,2493.3,14,454,0,27,0,0,27132
"Jan 23, 2025","=""60249080858733""",C.Keyword.Video.SB.UPS.PFCSinewave.CPPFC(1),,250,DAILY_BUDGET,PAUSED,USD,175,3,5.25,0.0,0,0,0,0.0,0,5,0,0,7,1,12
"Mar 16, 2025","=""516203922618177""",N.Keyword.Store.SB.UPS.StoreSpotlight,,250,DAILY_BUDGET,ENABLED,USD,19129,134,415.71,1669.45,10,11,8,1369.55,9,254,0,22,0,0,7596
"Feb 20, 2025","=""112828660396406""",N.Keyword.Video.SB.UPS.SmartAppSinewave.OLHD,,250,DAILY_BUDGET,PAUSED,USD,4631,18,46.74,334.95,1,1,1,334.95,1,33,0,1,597,80,975
"Mar 01, 2025","=""516203922618177""",N.Keyword.Store.SB.UPS.StoreSpotlight,,250,DAILY_BUDGET,ENABLED,USD,315966,486,7121.83,2570.82,15,16,13,2292.92,14,473,0,34,0,0,131969
"Apr 11, 2025","=""288898439745613""",B2B - N.Keyword.Products.SB.UPS.1500units,,250,DAILY_BUDGET,ENABLED,USD,20362,55,442.58,824.75,5,5,3,409.85,3,72,0,7,0,0,7945
"Jan 07, 2025","=""60249080858733""",C.Keyword.Video.SB.UPS.PFCSinewave.CPPFC(1),,250,DAILY_BUDGET,PAUSED,USD,360,2,4.42,0.0,0,0,0,0.0,0,7,0,0,16,4,22
"Mar 19, 2025","=""85546644235770""",C.Keyword.Video.SB.UPS.IntelligentLCD.CPAVR3,,250,DAILY_BUDGET,PAUSED,USD,4125,24,24.52,379.9,3,3,1,189.95,1,65,0,4,207,19,434
"Mar 04, 2025","=""516203922618177""",N.Keyword.Store.SB.UPS.StoreSpotlight,,250,DAILY_BUDGET,ENABLED,USD,48543,373,1302.32,8899.1,44,58,36,7077.6,48,684,0,76,0,0,19352
"Mar 18, 2025","=""209147373785811""",N.Keyword.Video.SB.UPS.PFCSinewave.CPPFC(1),,250,DAILY_BUDGET,PAUSED,USD,13033,81,482.99,1949.55,9,9,7,1509.65,7,175,0,11,1161,292,2154
"Jan 28, 2025","=""300358990869228""",B.Keyword.Store.SB.UPS.StoreSpotlight,,250,DAILY_BUDGET,ENABLED,USD,0,0,0.0,0.0,0,0,0,0.0,0,0,0,0,0,0,0
"Apr 25, 2025","=""369323377946560""",B2B - N.Keyword.Store.SB.UPS.StoreSpotlight,,250,DAILY_BUDGET,ENABLED,USD,171,2,4.47,0.0,0,0,0,0.0,0,0,0,0,0,0,110
"Jan 11, 2025","=""209147373785811""",N.Keyword.Video.SB.UPS.PFCSinewave.CPPFC(1),,250,DAILY_BUDGET,PAUSED,USD,3156,22,31.28,493.85,2,3,1,439.9,2,84,0,6,200,34,452
"Apr 03, 2025","=""327967099369911""",N.Keyword.Products.SB.UPS.1500units,,250,DAILY_BUDGET,PAUSED,USD,220105,393,2142.22,321.12,5,5,5,321.12,5,431,0,14,0,0,69685
"Apr 16, 2025","=""112828660396406""",N.Keyword.Video.SB.UPS.SmartAppSinewave.OLHD,,250,DAILY_BUDGET,PAUSED,USD,847,3,7.84,0.0,0,0,0,0.0,0,12,0,0,62,4,134
"Feb 21, 2025","=""84817009251939""",C.Keyword.Video.SB.PFCSinewave.CP1500PFCRM2U.B0B354X985,,250,DAILY_BUDGET,ENABLED,USD,11406,106,139.08,1304.8,4,4,1,299.95,1,214,0,14,1064,114,1910
"Apr 16, 2025","=""85546644235770""",C.Keyword.Video.SB.UPS.IntelligentLCD.CPAVR3,,250,DAILY_BUDGET,PAUSED,USD,2982,12,18.81,299.9,2,2,2,299.9,2,18,0,3,197,10,439
"Apr 06, 2025","=""112828660396406""",N.Keyword.Video.SB.UPS.SmartAppSinewave.OLHD,,250,DAILY_BUDGET,PAUSED,USD,544,3,4.5,0.0,0,0,0,0.0,0,3,0,0,40,1,93
"Feb 14, 2025","=""112828660396406""",N.Keyword.Video.SB.UPS.SmartAppSinewave.OLHD,,250,DAILY_BUDGET,PAUSED,USD,1630,5,8.06,0.0,0,0,0,0.0,0,6,0,0,140,12,255
"Apr 28, 2025","=""516203922618177""",N.Keyword.Store.SB.UPS.StoreSpotlight,,250,DAILY_BUDGET,ENABLED,USD,29172,149,328.22,2241.17,14,17,10,1839.35,13,206,0,25,0,0,8737
"Jan 31, 2025","=""85546644235770""",C.Keyword.Video.SB.UPS.IntelligentLCD.CPAVR3,,250,DAILY_BUDGET,PAUSED,USD,4455,17,15.88,559.85,3,3,2,379.9,2,59,0,5,266,28,500
"Feb 04, 2025","=""209147373785811""",N.Keyword.Video.SB.UPS.PFCSinewave.CPPFC(1),,250,DAILY_BUDGET,PAUSED,USD,5429,35,52.33,1161.7,6,6,5,1099.75,5,92,0,8,471,134,866
"Jan 08, 2025","=""209147373785811""",N.Keyword.Video.SB.UPS.PFCSinewave.CPPFC(1),,250,DAILY_BUDGET,PAUSED,USD,5641,28,39.35,0.0,0,0,0,0.0,0,44,0,0,391,78,820
"Apr 22, 2025","=""85546644235770""",C.Keyword.Video.SB.UPS.IntelligentLCD.CPAVR3,,250,DAILY_BUDGET,PAUSED,USD,5208,44,61.34,1118.76,4,6,3,949.75,5,84,0,8,423,29,851
"Apr 06, 2025","=""450441693358033""",B2B - B.Keyword.Products.SB.UPS.1500units,,250,DAILY_BUDGET,ENABLED,USD,255,1,7.09,0.0,0,0,0,0.0,0,7,0,0,0,0,10
"Jan 15, 2025","=""516203922618177""",N.Keyword.Store.SB.UPS.StoreSpotlight,,250,DAILY_BUDGET,ENABLED,USD,72847,267,745.08,3397.05,15,19,10,2285.4,12,403,0,40,0,0,23041
"Jan 12, 2025","=""400654489506156""",B.Keyword.Products.SB.UPS.BestSellers,,250,DAILY_BUDGET,PAUSED,USD,12384,6,24.9,0.0,0,0,0,0.0,0,11,0,0,0,0,3350
"Feb 28, 2025","=""84817009251939""",C.Keyword.Video.SB.PFCSinewave.CP1500PFCRM2U.B0B354X985,,250,DAILY_BUDGET,ENABLED,USD,8736,58,67.69,921.8,4,4,1,334.95,1,121,0,7,680,62,1307
"Jan 27, 2025","=""400654489506156""",B.Keyword.Products.SB.UPS.BestSellers,,250,DAILY_BUDGET,PAUSED,USD,0,0,0.0,0.0,0,0,0,0.0,0,0,0,0,0,0,0
"Apr 18, 2025","=""84817009251939""",C.Keyword.Video.SB.PFCSinewave.CP1500PFCRM2U.B0B354X985,,250,DAILY_BUDGET,ENABLED,USD,16785,86,138.65,1004.85,3,3,1,334.95,1,173,0,11,1268,83,2856
"Apr 10, 2025","=""74868404430193""",N.Keyword.Video.SB.UPS.SmartAppLCD.OR.OR500LCRM1U,,250,DAILY_BUDGET,PAUSED,USD,787,1,0.88,0.0,0,0,0,0.0,0,1,0,0,42,3,104
"Apr 13, 2025","=""60249080858733""",C.Keyword.Video.SB.UPS.PFCSinewave.CPPFC(1),,250,DAILY_BUDGET,PAUSED,USD,312,1,1.67,0.0,0,0,0,0.0,0,5,0,0,28,7,48
"Apr 05, 2025","=""300358990869228""",B.Keyword.Store.SB.UPS.StoreSpotlight,,250,DAILY_BUDGET,ENABLED,USD,5162,31,249.52,5722.39,26,39,20,4811.79,31,323,0,51,0,0,3940
"Mar 22, 2025","=""60249080858733""",C.Keyword.Video.SB.UPS.PFCSinewave.CPPFC(1),,250,DAILY_BUDGET,PAUSED,USD,571,0,0.0,0.0,0,0,0,0.0,0,1,0,0,30,3,60
"Feb 04, 2025","=""112828660396406""",N.Keyword.Video.SB.UPS.SmartAppSinewave.OLHD,,250,DAILY_BUDGET,PAUSED,USD,1060,4,7.32,0.0,0,0,0,0.0,0,8,0,0,88,11,160
"Apr 18, 2025","=""74868404430193""",N.Keyword.Video.SB.UPS.SmartAppLCD.OR.OR500LCRM1U,,250,DAILY_BUDGET,PAUSED,USD,815,3,2.93,0.0,0,0,0,0.0,0,15,0,0,50,4,124
"Mar 11, 2025","=""38757712528936""",B.Keyword.Video.SB.UPS.PFCSinewave.CPPFC(1),,250,DAILY_BUDGET,PAUSED,USD,5323,32,163.6,1099.75,5,5,4,879.8,4,77,0,13,468,145,710
"Feb 03, 2025","=""84817009251939""",C.Keyword.Video.SB.PFCSinewave.CP1500PFCRM2U.B0B354X985,,250,DAILY_BUDGET,ENABLED,USD,11986,91,120.71,2407.2,9,9,4,946.45,4,225,0,14,1432,143,2422
"Jan 08, 2025","=""112828660396406""",N.Keyword.Video.SB.UPS.SmartAppSinewave.OLHD,,250,DAILY_BUDGET,PAUSED,USD,3652,8,18.72,0.0,0,0,0,0.0,0,21,0,2,265,24,512
"Apr 01, 2025","=""300358990869228""",B.Keyword.Store.SB.UPS.StoreSpotlight,,250,DAILY_BUDGET,ENABLED,USD,4482,31,200.29,5073.06,34,49,29,4237.62,36,310,0,54,0,0,3575
"Mar 31, 2025","=""84817009251939""",C.Keyword.Video.SB.PFCSinewave.CP1500PFCRM2U.B0B354X985,,250,DAILY_BUDGET,ENABLED,USD,15714,93,141.26,5099.4,10,12,4,1066.8,4,171,0,15,1020,73,2150
"Feb 11, 2025","=""60249080858733""",C.Keyword.Video.SB.UPS.PFCSinewave.CPPFC(1),,250,DAILY_BUDGET,PAUSED,USD,793,1,3.08,219.95,1,1,1,219.95,1,2,0,1,72,19,122
"Jan 14, 2025","=""300358990869228""",B.Keyword.Store.SB.UPS.StoreSpotlight,,250,DAILY_BUDGET,ENABLED,USD,19359,175,2492.06,11279.96,44,82,17,3142.82,19,809,0,95,0,0,17534
"Feb 24, 2025","=""84817009251939""",C.Keyword.Video.SB.PFCSinewave.CP1500PFCRM2U.B0B354X985,,250,DAILY_BUDGET,ENABLED,USD,11871,99,122.73,3976.1,9,10,7,2174.65,7,246,0,19,925,76,1762
"Jan 23, 2025","=""74868404430193""",N.Keyword.Video.SB.UPS.SmartAppLCD.OR.OR500LCRM1U,,250,DAILY_BUDGET,PAUSED,USD,1495,9,6.87,267.98,2,2,1,199.95,1,15,0,1,77,8,181
"Mar 15, 2025","=""327967099369911""",N.Keyword.Products.SB.UPS.1500units,,250,DAILY_BUDGET,PAUSED,USD,189556,416,2727.48,2649.35,12,13,11,2429.4,12,604,0,33,0,0,69881
"Apr 19, 2025","=""249902179030051""",N.Keyword.Video.SB.UPS.Surge.CSP,,250,DAILY_BUDGET,PAUSED,USD,377,8,7.79,0.0,0,0,0,0.0,0,21,0,1,34,7,90
"Apr 28, 2025","=""450441693358033""",B2B - B.Keyword.Products.SB.UPS.1500units,,250,DAILY_BUDGET,ENABLED,USD,1031,1,0.9,164.95,1,1,1,164.95,1,2,0,1,0,0,193
"Feb 08, 2025","=""38757712528936""",B.Keyword.Video.SB.UPS.PFCSinewave.CPPFC(1),,250,DAILY_BUDGET,PAUSED,USD,4645,23,69.03,219.95,1,1,1,219.95,1,54,0,6,436,137,649
"Mar 06, 2025","=""60249080858733""",C.Keyword.Video.SB.UPS.PFCSinewave.CPPFC(1),,250,DAILY_BUDGET,PAUSED,USD,725,0,0.0,0.0,0,0,0,0.0,0,0,0,0,33,9,68
"Jan 25, 2025","=""60249080858733""",C.Keyword.Video.SB.UPS.PFCSinewave.CPPFC(1),,250,DAILY_BUDGET,PAUSED,USD,314,0,0.0,0.0,0,0,0,0.0,0,0,0,0,8,1,36
"Feb 15, 2025","=""74868404430193""",N.Keyword.Video.SB.UPS.SmartAppLCD.OR.OR500LCRM1U,,250,DAILY_BUDGET,PAUSED,USD,1179,9,9.25,0.0,0,0,0,0.0,0,19,0,0,67,10,154
"Feb 12, 2025","=""74868404430193""",N.Keyword.Video.SB.UPS.SmartAppLCD.OR.OR500LCRM1U,,250,DAILY_BUDGET,PAUSED,USD,1000,7,8.96,0.0,0,0,0,0.0,0,19,0,1,60,6,134
"Mar 15, 2025","=""74868404430193""",N.Keyword.Video.SB.UPS.SmartAppLCD.OR.OR500LCRM1U,,250,DAILY_BUDGET,PAUSED,USD,1438,9,6.21,53.95,1,1,1,53.95,1,27,0,3,87,9,192
"Apr 12, 2025","=""38757712528936""",B.Keyword.Video.SB.UPS.PFCSinewave.CPPFC(1),,250,DAILY_BUDGET,PAUSED,USD,5347,35,295.82,405.8,2,4,1,219.95,1,52,0,3,438,116,706
"Apr 13, 2025","=""450441693358033""",B2B - B.Keyword.Products.SB.UPS.1500units,,250,DAILY_BUDGET,ENABLED,USD,100,0,0.0,0.0,0,0,0,0.0,0,0,0,0,0,0,9
"Apr 17, 2025","=""60249080858733""",C.Keyword.Video.SB.UPS.PFCSinewave.CPPFC(1),,250,DAILY_BUDGET,PAUSED,USD,395,4,8.84,0.0,0,0,0,0.0,0,9,0,0,60,15,92
"Apr 07, 2025","=""516203922618177""",N.Keyword.Store.SB.UPS.StoreSpotlight,,250,DAILY_BUDGET,ENABLED,USD,17477,111,330.25,2341.88,12,14,7,1281.6,8,155,0,22,0,0,6164
"Apr 07, 2025","=""38757712528936""",B.Keyword.Video.SB.UPS.PFCSinewave.CPPFC(1),,250,DAILY_BUDGET,PAUSED,USD,7806,30,197.37,409.9,2,2,2,409.9,2,56,0,5,643,182,1014
"Feb 27, 2025","=""60249080858733""",C.Keyword.Video.SB.UPS.PFCSinewave.CPPFC(1),,250,DAILY_BUDGET,PAUSED,USD,557,1,1.27,0.0,0,0,0,0.0,0,0,0,0,22,3,43
"Apr 28, 2025","=""84817009251939""",C.Keyword.Video.SB.PFCSinewave.CP1500PFCRM2U.B0B354X985,,250,DAILY_BUDGET,ENABLED,USD,14137,74,116.31,867.8,4,4,3,779.85,3,187,0,12,952,57,2194
"Apr 24, 2025","=""369323377946560""",B2B - N.Keyword.Store.SB.UPS.StoreSpotlight,,250,DAILY_BUDGET,ENABLED,USD,291,0,0.0,0.0,0,0,0,0.0,0,0,0,0,0,0,168
"Mar 24, 2025","=""85546644235770""",C.Keyword.Video.SB.UPS.IntelligentLCD.CPAVR3,,250,DAILY_BUDGET,PAUSED,USD,2427,11,11.91,0.0,0,0,0,0.0,0,19,0,1,93,3,220
"Jan 05, 2025","=""38757712528936""",B.Keyword.Video.SB.UPS.PFCSinewave.CPPFC(1),,250,DAILY_BUDGET,PAUSED,USD,32417,139,1204.21,1319.7,6,6,5,1099.75,5,340,0,16,1051,350,1498
"Jan 28, 2025","=""74868404430193""",N.Keyword.Video.SB.UPS.SmartAppLCD.OR.OR500LCRM1U,,250,DAILY_BUDGET,PAUSED,USD,1266,11,8.87,0.0,0,0,0,0.0,0,26,0,0,71,9,141
"Mar 10, 2025","=""327967099369911""",N.Keyword.Products.SB.UPS.1500units,,250,DAILY_BUDGET,PAUSED,USD,188854,330,2471.7,2194.44,12,12,12,2194.44,12,364,0,22,0,0,71222
"Jan 12, 2025","=""516203922618177""",N.Keyword.Store.SB.UPS.StoreSpotlight,,250,DAILY_BUDGET,ENABLED,USD,187790,354,1990.75,3645.62,21,23,17,2334.14,18,494,0,52,0,0,59269
"Feb 23, 2025","=""84817009251939""",C.Keyword.Video.SB.PFCSinewave.CP1500PFCRM2U.B0B354X985,,250,DAILY_BUDGET,ENABLED,USD,10677,92,112.88,1966.74,7,7,6,1631.79,6,225,0,11,959,89,1814
"Apr 13, 2025","=""327967099369911""",N.Keyword.Products.SB.UPS.1500units,,250,DAILY_BUDGET,PAUSED,USD,132935,260,953.41,4695.07,7,7,5,737.75,5,334,0,14,0,0,39502
"Apr 18, 2025","=""400654489506156""",B.Keyword.Products.SB.UPS.BestSellers,,250,DAILY_BUDGET,PAUSED,USD,8096,5,25.52,0.0,0,0,0,0.0,0,13,0,0,0,0,2250
"Feb 02, 2025","=""74868404430193""",N.Keyword.Video.SB.UPS.SmartAppLCD.OR.OR500LCRM1U,,250,DAILY_BUDGET,PAUSED,USD,1092,9,7.93,1056.85,3,3,0,0.0,0,31,0,4,65,11,137
"Feb 04, 2025","=""60249080858733""",C.Keyword.Video.SB.UPS.PFCSinewave.CPPFC(1),,250,DAILY_BUDGET,PAUSED,USD,417,2,3.55,0.0,0,0,0,0.0,0,3,0,2,14,2,31
"Apr 02, 2025","=""74868404430193""",N.Keyword.Video.SB.UPS.SmartAppLCD.OR.OR500LCRM1U,,250,DAILY_BUDGET,PAUSED,USD,933,1,1.26,0.0,0,0,0,0.0,0,1,0,0,49,3,91
"Apr 12, 2025","=""249902179030051""",N.Keyword.Video.SB.UPS.Surge.CSP,,250,DAILY_BUDGET,PAUSED,USD,154,0,0.0,0.0,0,0,0,0.0,0,0,0,0,21,3,33
"Mar 18, 2025","=""38757712528936""",B.Keyword.Video.SB.UPS.PFCSinewave.CPPFC(1),,250,DAILY_BUDGET,PAUSED,USD,6417,38,206.81,946.95,5,5,5,946.95,5,64,0,9,718,215,1090
"Jan 17, 2025","=""425328024590643""",C.Keyword.Products.SB.UPS.1500units,,250,DAILY_BUDGET,ENABLED,USD,124,0,0.0,0.0,0,0,0,0.0,0,0,0,0,0,0,17
"Feb 28, 2025","=""112828660396406""",N.Keyword.Video.SB.UPS.SmartAppSinewave.OLHD,,250,DAILY_BUDGET,PAUSED,USD,1361,4,6.35,0.0,0,0,0,0.0,0,3,0,0,76,5,161
"Feb 17, 2025","=""38757712528936""",B.Keyword.Video.SB.UPS.PFCSinewave.CPPFC(1),,250,DAILY_BUDGET,PAUSED,USD,7243,52,133.57,2829.35,10,13,8,2389.45,11,123,0,15,612,181,906
"Apr 13, 2025","=""38757712528936""",B.Keyword.Video.SB.UPS.PFCSinewave.CPPFC(1),,250,DAILY_BUDGET,PAUSED,USD,4062,34,293.86,1099.7,5,6,5,1099.7,6,78,0,5,396,96,670
"Apr 26, 2025","=""300358990869228""",B.Keyword.Store.SB.UPS.StoreSpotlight,,250,DAILY_BUDGET,ENABLED,USD,3422,33,154.04,2833.42,23,26,19,1716.81,22,300,0,43,0,0,2610
"Feb 26, 2025","=""74868404430193""",N.Keyword.Video.SB.UPS.SmartAppLCD.OR.OR500LCRM1U,,250,DAILY_BUDGET,PAUSED,USD,1127,7,4.75,0.0,0,0,0,0.0,0,16,0,5,50,5,103
"Jan 21, 2025","=""533624646611887""",C.Keyword.Store.SB.UPS.StoreSpotlight,,250,DAILY_BUDGET,PAUSED,USD,0,0,0.0,0.0,0,0,0,0.0,0,0,0,0,0,0,0
"Apr 26, 2025","=""425328024590643""",C.Keyword.Products.SB.UPS.1500units,,250,DAILY_BUDGET,ENABLED,USD,12569,18,96.23,0.0,0,0,0,0.0,0,22,0,1,0,0,4947
"Mar 08, 2025","=""38757712528936""",B.Keyword.Video.SB.UPS.PFCSinewave.CPPFC(1),,250,DAILY_BUDGET,PAUSED,USD,2107,11,27.3,588.84,4,4,3,526.89,3,18,0,4,121,37,220
"Apr 15, 2025","=""450441693358033""",B2B - B.Keyword.Products.SB.UPS.1500units,,250,DAILY_BUDGET,ENABLED,USD,279,0,0.0,0.0,0,0,0,0.0,0,0,0,0,0,0,13
"Apr 22, 2025","=""300358990869228""",B.Keyword.Store.SB.UPS.StoreSpotlight,,250,DAILY_BUDGET,ENABLED,USD,3077,31,140.38,4005.39,31,39,24,3394.71,31,293,0,52,0,0,2377
"Jan 30, 2025","=""74868404430193""",N.Keyword.Video.SB.UPS.SmartAppLCD.OR.OR500LCRM1U,,250,DAILY_BUDGET,PAUSED,USD,1188,8,6.81,0.0,0,0,0,0.0,0,19,0,1,68,10,160
"Apr 29, 2025","=""112828660396406""",N.Keyword.Video.SB.UPS.SmartAppSinewave.OLHD,,250,DAILY_BUDGET,PAUSED,USD,862,2,5.83,129.48,1,2,1,129.48,2,10,0,1,57,3,130
"Feb 11, 2025","=""112828660396406""",N.Keyword.Video.SB.UPS.SmartAppSinewave.OLHD,,250,DAILY_BUDGET,PAUSED,USD,1042,4,7.86,0.0,0,0,0,0.0,0,5,0,0,79,7,156
"Feb 03, 2025","=""38757712528936""",B.Keyword.Video.SB.UPS.PFCSinewave.CPPFC(1),,250,DAILY_BUDGET,PAUSED,USD,9443,34,101.26,581.37,4,4,4,581.37,4,76,0,8,584,182,881
"Apr 07, 2025","=""353873361287335""",B2B - B.Keyword.Store.SB.UPS.StoreSpotlight,,250,DAILY_BUDGET,ENABLED,USD,669,5,15.99,89.27,2,2,1,44.32,1,8,0,2,0,0,304
"Apr 17, 2025","=""84817009251939""",C.Keyword.Video.SB.PFCSinewave.CP1500PFCRM2U.B0B354X985,,250,DAILY_BUDGET,ENABLED,USD,15801,76,115.92,2913.45,7,11,2,1004.85,3,451,0,12,1277,93,2756
"Apr 27, 2025","=""38757712528936""",B.Keyword.Video.SB.UPS.PFCSinewave.CPPFC(1),,250,DAILY_BUDGET,PAUSED,USD,2119,18,71.74,164.95,1,1,1,164.95,1,46,0,2,204,38,416
"Feb 02, 2025","=""85546644235770""",C.Keyword.Video.SB.UPS.IntelligentLCD.CPAVR3,,250,DAILY_BUDGET,PAUSED,USD,3804,23,21.19,379.9,1,2,1,379.9,2,59,0,8,213,21,394
"Feb 01, 2025","=""38757712528936""",B.Keyword.Video.SB.UPS.PFCSinewave.CPPFC(1),,250,DAILY_BUDGET,PAUSED,USD,6752,31,76.45,629.91,4,4,3,529.89,3,80,0,8,476,161,689
"Apr 03, 2025","=""112828660396406""",N.Keyword.Video.SB.UPS.SmartAppSinewave.OLHD,,250,DAILY_BUDGET,PAUSED,USD,742,2,4.39,0.0,0,0,0,0.0,0,2,0,0,55,4,111
"Feb 12, 2025","=""84817009251939""",C.Keyword.Video.SB.PFCSinewave.CP1500PFCRM2U.B0B354X985,,250,DAILY_BUDGET,ENABLED,USD,13826,142,196.19,6906.31,15,21,5,2009.7,6,267,0,27,1733,188,2890
"Feb 27, 2025","=""85546644235770""",C.Keyword.Video.SB.UPS.IntelligentLCD.CPAVR3,,250,DAILY_BUDGET,PAUSED,USD,3453,15,15.84,107.9,1,2,1,107.9,2,38,0,4,198,17,388
"Apr 21, 2025","=""369323377946560""",B2B - N.Keyword.Store.SB.UPS.StoreSpotlight,,250,DAILY_BUDGET,ENABLED,USD,266,0,0.0,0.0,0,0,0,0.0,0,0,0,0,0,0,145
"Jan 18, 2025","=""400654489506156""",B.Keyword.Products.SB.UPS.BestSellers,,250,DAILY_BUDGET,PAUSED,USD,0,0,0.0,0.0,0,0,0,0.0,0,0,0,0,0,0,0
"Jan 29, 2025","=""516203922618177""",N.Keyword.Store.SB.UPS.StoreSpotlight,,250,DAILY_BUDGET,ENABLED,USD,0,0,0.0,0.0,0,0,0,0.0,0,0,0,0,0,0,0
"Jan 23, 2025","=""85546644235770""",C.Keyword.Video.SB.UPS.IntelligentLCD.CPAVR3,,250,DAILY_BUDGET,PAUSED,USD,4045,17,20.08,379.9,2,2,2,379.9,2,28,0,3,248,20,472
"Feb 05, 2025","=""112828660396406""",N.Keyword.Video.SB.UPS.SmartAppSinewave.OLHD,,250,DAILY_BUDGET,PAUSED,USD,975,1,3.4,0.0,0,0,0,0.0,0,2,0,0,70,10,135
"Mar 05, 2025","=""85546644235770""",C.Keyword.Video.SB.UPS.IntelligentLCD.CPAVR3,,250,DAILY_BUDGET,PAUSED,USD,5813,31,35.44,759.8,3,4,3,759.8,4,61,0,8,362,26,736
"Mar 28, 2025","=""74868404430193""",N.Keyword.Video.SB.UPS.SmartAppLCD.OR.OR500LCRM1U,,250,DAILY_BUDGET,PAUSED,USD,1108,8,8.06,199.95,1,1,1,199.95,1,14,0,1,55,13,137
"Feb 12, 2025","=""38757712528936""",B.Keyword.Video.SB.UPS.PFCSinewave.CPPFC(1),,250,DAILY_BUDGET,PAUSED,USD,6082,38,110.23,1780.08,7,10,4,1095.28,6,83,0,7,372,105,581
"Apr 29, 2025","=""400654489506156""",B.Keyword.Products.SB.UPS.BestSellers,,250,DAILY_BUDGET,PAUSED,USD,5988,9,20.0,0.0,0,0,0,0.0,0,42,0,0,0,0,2033
"Apr 29, 2025","=""327967099369911""",N.Keyword.Products.SB.UPS.1500units,,250,DAILY_BUDGET,PAUSED,USD,246734,278,2912.51,1939.35,12,13,12,1939.35,13,296,0,19,0,0,80960
"Feb 26, 2025","=""516203922618177""",N.Keyword.Store.SB.UPS.StoreSpotlight,,250,DAILY_BUDGET,ENABLED,USD,223318,411,4476.22,6803.35,28,35,18,4395.81,25,357,0,74,0,0,95147
"Jan 31, 2025","=""209147373785811""",N.Keyword.Video.SB.UPS.PFCSinewave.CPPFC(1),,250,DAILY_BUDGET,PAUSED,USD,3500,15,20.32,659.85,2,3,2,659.85,3,21,0,3,263,65,498
"Mar 03, 2025","=""112828660396406""",N.Keyword.Video.SB.UPS.SmartAppSinewave.OLHD,,250,DAILY_BUDGET,PAUSED,USD,1278,3,4.44,0.0,0,0,0,0.0,0,5,0,0,52,4,126
"Mar 05, 2025","=""60249080858733""",C.Keyword.Video.SB.UPS.PFCSinewave.CPPFC(1),,250,DAILY_BUDGET,PAUSED,USD,873,2,5.61,0.0,0,0,0,0.0,0,2,0,0,45,14,86
"Jan 19, 2025","=""85546644235770""",C.Keyword.Video.SB.UPS.IntelligentLCD.CPAVR3,,250,DAILY_BUDGET,PAUSED,USD,3875,23,24.47,459.85,3,3,2,269.9,2,55,0,4,243,18,488
"Jan 01, 2025","=""84817009251939""",C.Keyword.Video.SB.PFCSinewave.CP1500PFCRM2U.B0B354X985,,250,DAILY_BUDGET,ENABLED,USD,19510,228,308.35,2424.55,9,9,7,1543.65,7,571,0,27,2509,281,4198
"Jan 12, 2025","=""74868404430193""",N.Keyword.Video.SB.UPS.SmartAppLCD.OR.OR500LCRM1U,,250,DAILY_BUDGET,PAUSED,USD,1293,10,7.71,0.0,0,0,0,0.0,0,21,0,0,92,17,184
"Mar 16, 2025","=""38757712528936""",B.Keyword.Video.SB.UPS.PFCSinewave.CPPFC(1),,250,DAILY_BUDGET,PAUSED,USD,7620,42,269.0,1016.7,4,6,3,636.8,4,115,0,7,690,183,1112
"Feb 11, 2025","=""84817009251939""",C.Keyword.Video.SB.PFCSinewave.CP1500PFCRM2U.B0B354X985,,250,DAILY_BUDGET,ENABLED,USD,9901,101,134.39,2306.79,8,8,4,1246.99,4,281,0,14,1154,114,1973
"Jan 06, 2025","=""85546644235770""",C.Keyword.Video.SB.UPS.IntelligentLCD.CPAVR3,,250,DAILY_BUDGET,PAUSED,USD,6424,29,35.84,356.67,2,2,2,356.67,2,121,0,9,370,35,697
"Apr 05, 2025","=""84817009251939""",C.Keyword.Video.SB.PFCSinewave.CP1500PFCRM2U.B0B354X985,,250,DAILY_BUDGET,ENABLED,USD,7008,31,33.78,1484.49,6,6,5,1149.54,5,111,0,7,475,36,1018
"Jan 30, 2025","=""85546644235770""",C.Keyword.Video.SB.UPS.IntelligentLCD.CPAVR3,,250,DAILY_BUDGET,PAUSED,USD,3782,17,18.47,759.8,1,4,0,0.0,0,35,0,2,212,24,425
"Mar 31, 2025","=""85546644235770""",C.Keyword.Video.SB.UPS.IntelligentLCD.CPAVR3,,250,DAILY_BUDGET,PAUSED,USD,5309,14,17.84,189.95,1,1,1,189.95,1,23,0,3,302,22,636
"Mar 13, 2025","=""112828660396406""",N.Keyword.Video.SB.UPS.SmartAppSinewave.OLHD,,250,DAILY_BUDGET,PAUSED,USD,691,1,1.64,0.0,0,0,0,0.0,0,1,0,0,34,1,90
"Jan 25, 2025","=""327967099369911""",N.Keyword.Products.SB.UPS.1500units,,250,DAILY_BUDGET,PAUSED,USD,0,0,0.0,0.0,0,0,0,0.0,0,0,0,0,0,0,0
"Feb 21, 2025","=""38757712528936""",B.Keyword.Video.SB.UPS.PFCSinewave.CPPFC(1),,250,DAILY_BUDGET,PAUSED,USD,3349,18,44.46,554.85,3,3,3,554.85,3,42,0,7,239,76,338
"Feb 23, 2025","=""400654489506156""",B.Keyword.Products.SB.UPS.BestSellers,,250,DAILY_BUDGET,PAUSED,USD,5438,6,16.43,0.0,0,0,0,0.0,0,9,0,0,0,0,1300
"Apr 07, 2025","=""209147373785811""",N.Keyword.Video.SB.UPS.PFCSinewave.CPPFC(1),,250,DAILY_BUDGET,PAUSED,USD,9213,69,293.95,2133.76,11,11,7,1512.96,7,139,0,16,1010,257,1948
"Jan 17, 2025","=""38757712528936""",B.Keyword.Video.SB.UPS.PFCSinewave.CPPFC(1),,250,DAILY_BUDGET,PAUSED,USD,7680,45,140.63,580.8,4,4,4,580.8,4,114,0,8,519,154,770
"Apr 20, 2025","=""327967099369911""",N.Keyword.Products.SB.UPS.1500units,,250,DAILY_BUDGET,PAUSED,USD,100302,187,585.92,273.9,2,2,2,273.9,2,279,0,9,0,0,28128
"Jan 12, 2025","=""84817009251939""",C.Keyword.Video.SB.PFCSinewave.CP1500PFCRM2U.B0B354X985,,250,DAILY_BUDGET,ENABLED,USD,8766,74,91.85,1076.8,4,4,3,1014.85,3,239,0,13,745,64,1453
"Mar 17, 2025","=""400654489506156""",B.Keyword.Products.SB.UPS.BestSellers,,250,DAILY_BUDGET,PAUSED,USD,15872,6,62.67,299.9,2,2,2,299.9,2,7,0,5,0,0,3019
"Apr 24, 2025","=""516203922618177""",N.Keyword.Store.SB.UPS.StoreSpotlight,,250,DAILY_BUDGET,ENABLED,USD,31473,170,413.31,2700.85,20,24,17,1851.15,18,275,0,30,0,0,10962
"Jan 26, 2025","=""84817009251939""",C.Keyword.Video.SB.PFCSinewave.CP1500PFCRM2U.B0B354X985,,250,DAILY_BUDGET,ENABLED,USD,11996,129,147.22,3458.21,11,11,10,3123.26,10,361,0,26,1469,163,2415
"Jan 19, 2025","=""300358990869228""",B.Keyword.Store.SB.UPS.StoreSpotlight,,250,DAILY_BUDGET,ENABLED,USD,0,0,0.0,0.0,0,0,0,0.0,0,0,0,0,0,0,0
"Mar 27, 2025","=""300358990869228""",B.Keyword.Store.SB.UPS.StoreSpotlight,,250,DAILY_BUDGET,ENABLED,USD,3364,36,171.51,4014.6,21,30,14,2903.9,23,284,0,44,0,0,2695
"Apr 28, 2025","=""74868404430193""",N.Keyword.Video.SB.UPS.SmartAppLCD.OR.OR500LCRM1U,,250,DAILY_BUDGET,PAUSED,USD,1000,1,0.87,236.63,1,1,1,236.63,1,4,0,1,59,14,124
"Apr 22, 2025","=""60249080858733""",C.Keyword.Video.SB.UPS.PFCSinewave.CPPFC(1),,250,DAILY_BUDGET,PAUSED,USD,352,1,1.46,0.0,0,0,0,0.0,0,1,0,0,26,3,55
"Feb 15, 2025","=""84817009251939""",C.Keyword.Video.SB.PFCSinewave.CP1500PFCRM2U.B0B354X985,,250,DAILY_BUDGET,ENABLED,USD,9516,94,128.55,1851.65,7,7,5,1454.75,5,263,0,20,944,100,1713
"Feb 10, 2025","=""74868404430193""",N.Keyword.Video.SB.UPS.SmartAppLCD.OR.OR500LCRM1U,,250,DAILY_BUDGET,PAUSED,USD,840,8,8.55,86.99,1,1,1,86.99,1,19,0,1,53,5,110
"Mar 24, 2025","=""516203922618177""",N.Keyword.Store.SB.UPS.StoreSpotlight,,250,DAILY_BUDGET,ENABLED,USD,17276,138,399.89,2914.95,18,21,15,2451.1,18,235,0,24,0,0,6260
"Mar 26, 2025","=""209147373785811""",N.Keyword.Video.SB.UPS.PFCSinewave.CPPFC(1),,250,DAILY_BUDGET,PAUSED,USD,13767,75,414.93,564.85,3,3,2,374.9,2,161,0,9,1376,291,2726
"Mar 10, 2025","=""112828660396406""",N.Keyword.Video.SB.UPS.SmartAppSinewave.OLHD,,250,DAILY_BUDGET,PAUSED,USD,1833,3,5.45,0.0,0,0,0,0.0,0,5,0,0,90,7,179
"Mar 29, 2025","=""209147373785811""",N.Keyword.Video.SB.UPS.PFCSinewave.CPPFC(1),,250,DAILY_BUDGET,PAUSED,USD,14621,74,388.87,879.8,4,4,4,879.8,4,162,0,12,1424,362,2937
"Apr 14, 2025","=""450441693358033""",B2B - B.Keyword.Products.SB.UPS.1500units,,250,DAILY_BUDGET,ENABLED,USD,268,3,17.88,0.0,0,0,0,0.0,0,1,0,0,0,0,19
"Apr 06, 2025","=""369323377946560""",B2B - N.Keyword.Store.SB.UPS.StoreSpotlight,,250,DAILY_BUDGET,ENABLED,USD,99,0,0.0,0.0,0,0,0,0.0,0,0,0,0,0,0,63
"Feb 24, 2025","=""60249080858733""",C.Keyword.Video.SB.UPS.PFCSinewave.CPPFC(1),,250,DAILY_BUDGET,PAUSED,USD,583,2,4.68,0.0,0,0,0,0.0,0,5,0,0,29,5,54
"Mar 20, 2025","=""112828660396406""",N.Keyword.Video.SB.UPS.SmartAppSinewave.OLHD,,250,DAILY_BUDGET,PAUSED,USD,349,2,2.26,0.0,0,0,0,0.0,0,3,0,0,18,1,36
"Apr 02, 2025","=""85546644235770""",C.Keyword.Video.SB.UPS.IntelligentLCD.CPAVR3,,250,DAILY_BUDGET,PAUSED,USD,3073,12,12.03,379.9,2,2,2,379.9,2,34,0,3,232,11,493
"Jan 24, 2025","=""300358990869228""",B.Keyword.Store.SB.UPS.StoreSpotlight,,250,DAILY_BUDGET,ENABLED,USD,0,0,0.0,0.0,0,0,0,0.0,0,0,0,0,0,0,0
"Feb 05, 2025","=""84817009251939""",C.Keyword.Video.SB.PFCSinewave.CP1500PFCRM2U.B0B354X985,,250,DAILY_BUDGET,ENABLED,USD,10496,93,130.99,3850.37,9,15,5,2198.03,8,215,0,26,1240,133,2135
"Feb 25, 2025","=""112828660396406""",N.Keyword.Video.SB.UPS.SmartAppSinewave.OLHD,,250,DAILY_BUDGET,PAUSED,USD,1229,5,8.22,0.0,0,0,0,0.0,0,18,0,0,76,9,142
"Apr 29, 2025","=""74868404430193""",N.Keyword.Video.SB.UPS.SmartAppLCD.OR.OR500LCRM1U,,250,DAILY_BUDGET,PAUSED,USD,1062,6,7.03,499.9,2,2,2,499.9,2,17,0,1,57,9,142
"Jan 02, 2025","=""84817009251939""",C.Keyword.Video.SB.PFCSinewave.CP1500PFCRM2U.B0B354X985,,250,DAILY_BUDGET,ENABLED,USD,22407,216,278.46,7399.63,20,23,14,4471.58,16,668,0,35,2841,330,4744
"Jan 16, 2025","=""84817009251939""",C.Keyword.Video.SB.PFCSinewave.CP1500PFCRM2U.B0B354X985,,250,DAILY_BUDGET,ENABLED,USD,8309,63,89.02,1079.8,4,4,4,1079.8,4,194,0,12,685,48,1295
"Mar 10, 2025","=""60249080858733""",C.Keyword.Video.SB.UPS.PFCSinewave.CPPFC(1),,250,DAILY_BUDGET,PAUSED,USD,622,1,2.07,0.0,0,0,0,0.0,0,1,0,0,32,7,63
"Apr 01, 2025","=""288898439745613""",B2B - N.Keyword.Products.SB.UPS.1500units,,250,DAILY_BUDGET,ENABLED,USD,2620,9,43.47,0.0,0,0,0,0.0,0,8,0,0,0,0,1328
"Apr 22, 2025","=""249902179030051""",N.Keyword.Video.SB.UPS.Surge.CSP,,250,DAILY_BUDGET,PAUSED,USD,1671,16,14.5,63.3,3,3,3,63.3,3,31,0,4,114,18,256
"Jan 13, 2025","=""425328024590643""",C.Keyword.Products.SB.UPS.1500units,,250,DAILY_BUDGET,ENABLED,USD,342,1,8.7,0.0,0,0,0,0.0,0,0,0,0,0,0,53
"Apr 18, 2025","=""288898439745613""",B2B - N.Keyword.Products.SB.UPS.1500units,,250,DAILY_BUDGET,ENABLED,USD,19545,37,348.02,189.95,1,1,1,189.95,1,48,0,6,0,0,7191
"Apr 13, 2025","=""400654489506156""",B.Keyword.Products.SB.UPS.BestSellers,,250,DAILY_BUDGET,PAUSED,USD,9904,12,38.7,0.0,0,0,0,0.0,0,24,0,1,0,0,2890
"Mar 27, 2025","=""516203922618177""",N.Keyword.Store.SB.UPS.StoreSpotlight,,250,DAILY_BUDGET,ENABLED,USD,18423,127,416.56,658.7,6,6,4,478.8,4,186,0,12,0,0,7647
"Jan 09, 2025","=""327967099369911""",N.Keyword.Products.SB.UPS.1500units,,250,DAILY_BUDGET,PAUSED,USD,89870,263,2004.01,687.75,4,5,3,607.8,4,407,0,15,0,0,33158
"Mar 22, 2025","=""38757712528936""",B.Keyword.Video.SB.UPS.PFCSinewave.CPPFC(1),,250,DAILY_BUDGET,PAUSED,USD,5467,44,234.13,1141.7,5,6,4,701.8,4,75,0,5,617,180,932
"Feb 26, 2025","=""209147373785811""",N.Keyword.Video.SB.UPS.PFCSinewave.CPPFC(1),,250,DAILY_BUDGET,PAUSED,USD,3737,16,79.64,0.0,0,0,0,0.0,0,22,0,1,300,61,638
"Jan 22, 2025","=""533624646611887""",C.Keyword.Store.SB.UPS.StoreSpotlight,,250,DAILY_BUDGET,PAUSED,USD,0,0,0.0,0.0,0,0,0,0.0,0,0,0,0,0,0,0
"Apr 08, 2025","=""516203922618177""",N.Keyword.Store.SB.UPS.StoreSpotlight,,250,DAILY_BUDGET,ENABLED,USD,16444,103,302.52,1334.76,9,9,7,1119.65,7,198,0,14,0,0,5942
"Jan 16, 2025","=""516203922618177""",N.Keyword.Store.SB.UPS.StoreSpotlight,,250,DAILY_BUDGET,ENABLED,USD,52715,268,633.15,2796.01,20,23,13,1618.36,16,408,0,40,0,0,17873
"Apr 23, 2025","=""288898439745613""",B2B - N.Keyword.Products.SB.UPS.1500units,,250,DAILY_BUDGET,ENABLED,USD,25486,34,380.84,189.95,1,1,1,189.95,1,31,0,1,0,0,10656
"Mar 18, 2025","=""300358990869228""",B.Keyword.Store.SB.UPS.StoreSpotlight,,250,DAILY_BUDGET,ENABLED,USD,4194,40,160.95,10411.73,27,60,12,2839.89,28,194,0,37,0,0,3285
"Feb 11, 2025","=""38757712528936""",B.Keyword.Video.SB.UPS.PFCSinewave.CPPFC(1),,250,DAILY_BUDGET,PAUSED,USD,5861,39,110.26,2199.5,6,10,5,1759.6,8,76,0,8,388,113,585
"Mar 12, 2025","=""516203922618177""",N.Keyword.Store.SB.UPS.StoreSpotlight,,250,DAILY_BUDGET,ENABLED,USD,17532,88,240.7,820.37,7,8,5,560.47,6,145,0,16,0,0,6214
"Jan 07, 2025","=""85546644235770""",C.Keyword.Video.SB.UPS.IntelligentLCD.CPAVR3,,250,DAILY_BUDGET,PAUSED,USD,5500,24,24.08,572.8,4,4,3,569.85,3,57,0,5,307,30,610
"Jan 23, 2025","=""209147373785811""",N.Keyword.Video.SB.UPS.PFCSinewave.CPPFC(1),,250,DAILY_BUDGET,PAUSED,USD,2189,13,18.38,0.0,0,0,0,0.0,0,21,0,1,135,28,272
"Apr 06, 2025","=""38757712528936""",B.Keyword.Video.SB.UPS.PFCSinewave.CPPFC(1),,250,DAILY_BUDGET,PAUSED,USD,6680,47,359.84,457.62,3,3,3,457.62,3,90,0,4,478,136,810
"Feb 16, 2025","=""112828660396406""",N.Keyword.Video.SB.UPS.SmartAppSinewave.OLHD,,250,DAILY_BUDGET,PAUSED,USD,1512,3,5.73,0.0,0,0,0,0.0,0,6,0,0,135,15,249
"Jan 09, 2025","=""300358990869228""",B.Keyword.Store.SB.UPS.StoreSpotlight,,250,DAILY_BUDGET,ENABLED,USD,48781,484,4964.35,31259.47,164,218,111,18837.2,143,2201,0,316,0,0,43995
"Mar 12, 2025","=""209147373785811""",N.Keyword.Video.SB.UPS.PFCSinewave.CPPFC(1),,250,DAILY_BUDGET,PAUSED,USD,12992,63,330.79,1099.75,4,5,4,1099.75,5,134,0,7,1022,223,2006
"Mar 02, 2025","=""300358990869228""",B.Keyword.Store.SB.UPS.StoreSpotlight,,250,DAILY_BUDGET,ENABLED,USD,5149,51,173.82,2937.58,28,33,24,2309.97,29,541,0,106,0,0,3903
"Jan 19, 2025","=""74868404430193""",N.Keyword.Video.SB.UPS.SmartAppLCD.OR.OR500LCRM1U,,250,DAILY_BUDGET,PAUSED,USD,1390,8,5.56,0.0,0,0,0,0.0,0,39,0,2,69,6,154
"Apr 09, 2025","=""400654489506156""",B.Keyword.Products.SB.UPS.BestSellers,,250,DAILY_BUDGET,PAUSED,USD,14302,7,27.07,0.0,0,0,0,0.0,0,11,0,0,0,0,4005
"Apr 29, 2025","=""249902179030051""",N.Keyword.Video.SB.UPS.Surge.CSP,,250,DAILY_BUDGET,PAUSED,USD,3261,42,38.91,8.88,1,1,1,8.88,1,66,0,5,262,22,554
"Feb 21, 2025","=""300358990869228""",B.Keyword.Store.SB.UPS.StoreSpotlight,,250,DAILY_BUDGET,ENABLED,USD,286,9,20.1,1673.2,13,13,10,1500.37,10,137,0,19,0,0,251
"Feb 16, 2025","=""84817009251939""",C.Keyword.Video.SB.PFCSinewave.CP1500PFCRM2U.B0B354X985,,250,DAILY_BUDGET,ENABLED,USD,15687,153,183.51,2869.55,8,9,6,2344.65,7,351,0,22,1735,146,2980
"Apr 13, 2025","=""85546644235770""",C.Keyword.Video.SB.UPS.IntelligentLCD.CPAVR3,,250,DAILY_BUDGET,PAUSED,USD,1325,9,11.86,0.0,0,0,0,0.0,0,16,0,2,68,4,164
"Feb 24, 2025","=""112828660396406""",N.Keyword.Video.SB.UPS.SmartAppSinewave.OLHD,,250,DAILY_BUDGET,PAUSED,USD,1644,3,5.68,0.0,0,0,0,0.0,0,3,0,1,81,5,187
"Apr 08, 2025","=""74868404430193""",N.Keyword.Video.SB.UPS.SmartAppLCD.OR.OR500LCRM1U,,250,DAILY_BUDGET,PAUSED,USD,935,5,4.06,0.0,0,0,0,0.0,0,5,0,0,47,8,125
"Apr 10, 2025","=""300358990869228""",B.Keyword.Store.SB.UPS.StoreSpotlight,,250,DAILY_BUDGET,ENABLED,USD,5104,38,247.08,2751.45,22,35,17,1769.71,29,264,0,38,0,0,3874
"Mar 25, 2025","=""209147373785811""",N.Keyword.Video.SB.UPS.PFCSinewave.CPPFC(1),,250,DAILY_BUDGET,PAUSED,USD,14825,75,430.92,659.85,3,3,2,439.9,2,144,0,9,1518,369,2946
"Apr 30, 2025","=""74868404430193""",N.Keyword.Video.SB.UPS.SmartAppLCD.OR.OR500LCRM1U,,250,DAILY_BUDGET,PAUSED,USD,1035,8,6.05,174.74,1,1,1,174.74,1,49,0,9,57,10,134
"Mar 21, 2025","=""85546644235770""",C.Keyword.Video.SB.UPS.IntelligentLCD.CPAVR3,,250,DAILY_BUDGET,PAUSED,USD,3909,14,13.2,0.0,0,0,0,0.0,0,16,0,1,201,10,390
"Feb 27, 2025","=""400654489506156""",B.Keyword.Products.SB.UPS.BestSellers,,250,DAILY_BUDGET,PAUSED,USD,4643,4,6.17,53.95,1,1,1,53.95,1,6,0,1,0,0,843
"Apr 03, 2025","=""74868404430193""",N.Keyword.Video.SB.UPS.SmartAppLCD.OR.OR500LCRM1U,,250,DAILY_BUDGET,PAUSED,USD,1305,4,4.19,0.0,0,0,0,0.0,0,13,0,0,75,10,173
"Jan 24, 2025","=""38757712528936""",B.Keyword.Video.SB.UPS.PFCSinewave.CPPFC(1),,250,DAILY_BUDGET,PAUSED,USD,8091,21,68.04,904.75,5,5,4,684.8,4,75,0,6,472,159,732
"Jan 09, 2025","=""84817009251939""",C.Keyword.Video.SB.PFCSinewave.CP1500PFCRM2U.B0B354X985,,250,DAILY_BUDGET,ENABLED,USD,10495,88,108.67,4785.42,16,18,9,2713.77,11,270,0,29,824,56,1592
"Apr 30, 2025","=""425328024590643""",C.Keyword.Products.SB.UPS.1500units,,250,DAILY_BUDGET,ENABLED,USD,11081,18,101.62,219.95,1,1,1,219.95,1,32,0,3,0,0,4876
"Apr 22, 2025","=""400654489506156""",B.Keyword.Products.SB.UPS.BestSellers,,250,DAILY_BUDGET,PAUSED,USD,8732,3,24.49,0.0,0,0,0,0.0,0,5,0,1,0,0,2478
"Apr 21, 2025","=""249902179030051""",N.Keyword.Video.SB.UPS.Surge.CSP,,250,DAILY_BUDGET,PAUSED,USD,1415,16,15.56,21.1,1,1,1,21.1,1,40,0,1,99,5,224
"Jan 24, 2025","=""516203922618177""",N.Keyword.Store.SB.UPS.StoreSpotlight,,250,DAILY_BUDGET,ENABLED,USD,0,0,0.0,0.0,0,0,0,0.0,0,0,0,0,0,0,0
"Apr 05, 2025","=""38757712528936""",B.Keyword.Video.SB.UPS.PFCSinewave.CPPFC(1),,250,DAILY_BUDGET,PAUSED,USD,6415,42,255.49,869.8,4,4,3,709.85,3,59,0,7,560,142,910
"Apr 09, 2025","=""249902179030051""",N.Keyword.Video.SB.UPS.Surge.CSP,,250,DAILY_BUDGET,PAUSED,USD,73,1,1.0,0.0,0,0,0,0.0,0,1,0,0,6,1,12
"Apr 11, 2025","=""450441693358033""",B2B - B.Keyword.Products.SB.UPS.1500units,,250,DAILY_BUDGET,ENABLED,USD,294,1,2.39,0.0,0,0,0,0.0,0,2,0,0,0,0,18
"Apr 25, 2025","=""60249080858733""",C.Keyword.Video.SB.UPS.PFCSinewave.CPPFC(1),,250,DAILY_BUDGET,PAUSED,USD,246,0,0.0,0.0,0,0,0,0.0,0,1,0,0,18,3,37
"Apr 20, 2025","=""300358990869228""",B.Keyword.Store.SB.UPS.StoreSpotlight,,250,DAILY_BUDGET,ENABLED,USD,3177,20,133.24,3740.22,26,29,21,3351.4,24,301,0,49,0,0,2413
"Jan 31, 2025","=""74868404430193""",N.Keyword.Video.SB.UPS.SmartAppLCD.OR.OR500LCRM1U,,250,DAILY_BUDGET,PAUSED,USD,1195,8,8.52,334.95,1,1,1,334.95,1,14,0,4,80,8,160
"Feb 07, 2025","=""209147373785811""",N.Keyword.Video.SB.UPS.PFCSinewave.CPPFC(1),,250,DAILY_BUDGET,PAUSED,USD,2710,16,91.81,189.95,1,1,0,0.0,0,35,0,2,340,94,578
"Apr 08, 2025","=""369323377946560""",B2B - N.Keyword.Store.SB.UPS.StoreSpotlight,,250,DAILY_BUDGET,ENABLED,USD,223,0,0.0,0.0,0,0,0,0.0,0,0,0,0,0,0,94
"Mar 22, 2025","=""300358990869228""",B.Keyword.Store.SB.UPS.StoreSpotlight,,250,DAILY_BUDGET,ENABLED,USD,5017,34,177.07,1352.24,10,10,10,1352.24,10,175,0,23,0,0,3947
"Mar 09, 2025","=""60249080858733""",C.Keyword.Video.SB.UPS.PFCSinewave.CPPFC(1),,250,DAILY_BUDGET,PAUSED,USD,640,1,1.5,0.0,0,0,0,0.0,0,1,0,0,26,2,62
"Apr 24, 2025","=""353873361287335""",B2B - B.Keyword.Store.SB.UPS.StoreSpotlight,,250,DAILY_BUDGET,ENABLED,USD,46,0,0.0,0.0,0,0,0,0.0,0,0,0,0,0,0,19
"Mar 23, 2025","=""38757712528936""",B.Keyword.Video.SB.UPS.PFCSinewave.CPPFC(1),,250,DAILY_BUDGET,PAUSED,USD,5158,33,140.32,219.95,1,1,1,219.95,1,37,0,2,602,170,893
"Jan 08, 2025","=""38757712528936""",B.Keyword.Video.SB.UPS.PFCSinewave.CPPFC(1),,250,DAILY_BUDGET,PAUSED,USD,10325,37,114.61,509.85,3,3,2,289.9,2,92,0,2,616,181,863
"Apr 25, 2025","=""112828660396406""",N.Keyword.Video.SB.UPS.SmartAppSinewave.OLHD,,250,DAILY_BUDGET,PAUSED,USD,502,4,7.96,0.0,0,0,0,0.0,0,11,0,1,38,6,93
"Mar 08, 2025","=""112828660396406""",N.Keyword.Video.SB.UPS.SmartAppSinewave.OLHD,,250,DAILY_BUDGET,PAUSED,USD,1314,4,5.56,0.0,0,0,0,0.0,0,7,0,0,87,11,146
"Apr 22, 2025","=""112828660396406""",N.Keyword.Video.SB.UPS.SmartAppSinewave.OLHD,,250,DAILY_BUDGET,PAUSED,USD,639,4,7.06,0.0,0,0,0,0.0,0,12,0,0,37,4,72
"Jan 29, 2025","=""112828660396406""",N.Keyword.Video.SB.UPS.SmartAppSinewave.OLHD,,250,DAILY_BUDGET,PAUSED,USD,3906,11,22.35,0.0,0,0,0,0.0,0,33,0,0,464,53,780
"Apr 13, 2025","=""369323377946560""",B2B - N.Keyword.Store.SB.UPS.StoreSpotlight,,250,DAILY_BUDGET,ENABLED,USD,40,0,0.0,0.0,0,0,0,0.0,0,0,0,0,0,0,23
"Apr 20, 2025","=""400654489506156""",B.Keyword.Products.SB.UPS.BestSellers,,250,DAILY_BUDGET,PAUSED,USD,6878,7,29.51,154.95,1,1,1,154.95,1,17,0,2,0,0,2158
"Apr 21, 2025","=""60249080858733""",C.Keyword.Video.SB.UPS.PFCSinewave.CPPFC(1),,250,DAILY_BUDGET,PAUSED,USD,382,4,10.44,0.0,0,0,0,0.0,0,8,0,0,47,16,70
"Feb 27, 2025","=""209147373785811""",N.Keyword.Video.SB.UPS.PFCSinewave.CPPFC(1),,250,DAILY_BUDGET,PAUSED,USD,11555,49,179.58,0.0,0,0,0,0.0,0,107,0,2,788,172,1651
"Jan 05, 2025","=""60249080858733""",C.Keyword.Video.SB.UPS.PFCSinewave.CPPFC(1),,250,DAILY_BUDGET,PAUSED,USD,118,0,0.0,0.0,0,0,0,0.0,0,0,0,0,4,1,5
"Mar 12, 2025","=""327967099369911""",N.Keyword.Products.SB.UPS.1500units,,250,DAILY_BUDGET,PAUSED,USD,181907,335,2189.05,3550.09,17,20,13,2651.2,16,414,0,32,0,0,70386
"Jan 13, 2025","=""300358990869228""",B.Keyword.Store.SB.UPS.StoreSpotlight,,250,DAILY_BUDGET,ENABLED,USD,19704,205,2502.11,7789.24,61,78,47,5680.26,57,791,0,112,0,0,17906
"Feb 17, 2025","=""112828660396406""",N.Keyword.Video.SB.UPS.SmartAppSinewave.OLHD,,250,DAILY_BUDGET,PAUSED,USD,2047,4,9.09,669.9,1,2,0,0.0,0,9,0,1,176,19,341
"Apr 04, 2025","=""353873361287335""",B2B - B.Keyword.Store.SB.UPS.StoreSpotlight,,250,DAILY_BUDGET,ENABLED,USD,207,0,0.0,0.0,0,0,0,0.0,0,0,0,0,0,0,93
"Apr 26, 2025","=""400654489506156""",B.Keyword.Products.SB.UPS.BestSellers,,250,DAILY_BUDGET,PAUSED,USD,6390,4,22.51,0.0,0,0,0,0.0,0,7,0,0,0,0,1830
"Feb 18, 2025","=""74868404430193""",N.Keyword.Video.SB.UPS.SmartAppLCD.OR.OR500LCRM1U,,250,DAILY_BUDGET,PAUSED,USD,1300,5,6.32,0.0,0,0,0,0.0,0,7,0,0,77,11,160
"Jan 19, 2025","=""209147373785811""",N.Keyword.Video.SB.UPS.PFCSinewave.CPPFC(1),,250,DAILY_BUDGET,PAUSED,USD,2230,10,13.62,0.0,0,0,0,0.0,0,22,0,0,157,34,317
"Jan 11, 2025","=""516203922618177""",N.Keyword.Store.SB.UPS.StoreSpotlight,,250,DAILY_BUDGET,ENABLED,USD,164716,340,2000.37,2191.25,15,15,12,1621.4,12,481,0,39,0,0,50906
"Apr 05, 2025","=""516203922618177""",N.Keyword.Store.SB.UPS.StoreSpotlight,,250,DAILY_BUDGET,ENABLED,USD,18123,76,268.25,1136.6,8,9,7,801.65,8,128,0,13,0,0,5910
"Apr 09, 2025","=""85546644235770""",C.Keyword.Video.SB.UPS.IntelligentLCD.CPAVR3,,250,DAILY_BUDGET,PAUSED,USD,1449,9,7.27,0.0,0,0,0,0.0,0,14,0,0,81,9,189
"Apr 30, 2025","=""353873361287335""",B2B - B.Keyword.Store.SB.UPS.StoreSpotlight,,250,DAILY_BUDGET,ENABLED,USD,138,1,0.9,0.0,0,0,0,0.0,0,0,0,0,0,0,49
"Jan 10, 2025","=""209147373785811""",N.Keyword.Video.SB.UPS.PFCSinewave.CPPFC(1),,250,DAILY_BUDGET,PAUSED,USD,2838,15,22.52,594.85,2,3,2,594.85,3,42,0,4,153,33,344
"Apr 27, 2025","=""450441693358033""",B2B - B.Keyword.Products.SB.UPS.1500units,,250,DAILY_BUDGET,ENABLED,USD,341,1,0.57,0.0,0,0,0,0.0,0,0,0,0,0,0,76
"Mar 14, 2025","=""300358990869228""",B.Keyword.Store.SB.UPS.StoreSpotlight,,250,DAILY_BUDGET,ENABLED,USD,4999,39,182.19,4456.29,29,41,20,2593.94,26,325,0,47,0,0,3947
"Jan 26, 2025","=""209147373785811""",N.Keyword.Video.SB.UPS.PFCSinewave.CPPFC(1),,250,DAILY_BUDGET,PAUSED,USD,4681,44,58.3,1689.55,9,9,8,1609.6,8,192,0,18,460,126,808
"Jan 06, 2025","=""84817009251939""",C.Keyword.Video.SB.PFCSinewave.CP1500PFCRM2U.B0B354X985,,250,DAILY_BUDGET,ENABLED,USD,15253,162,190.56,5094.83,12,15,7,2071.65,7,492,0,25,1785,200,3055
"Apr 25, 2025","=""249902179030051""",N.Keyword.Video.SB.UPS.Surge.CSP,,250,DAILY_BUDGET,PAUSED,USD,1092,15,13.35,63.3,1,3,1,63.3,3,16,0,1,92,1,203
"Jan 02, 2025","=""209147373785811""",N.Keyword.Video.SB.UPS.PFCSinewave.CPPFC(1),,250,DAILY_BUDGET,PAUSED,USD,3745,16,22.68,273.9,2,2,2,273.9,2,57,0,6,161,34,349
"Jan 14, 2025","=""209147373785811""",N.Keyword.Video.SB.UPS.PFCSinewave.CPPFC(1),,250,DAILY_BUDGET,PAUSED,USD,1910,15,23.58,439.9,2,2,0,0.0,0,26,0,4,115,20,244
"Feb 21, 2025","=""516203922618177""",N.Keyword.Store.SB.UPS.StoreSpotlight,,250,DAILY_BUDGET,ENABLED,USD,66437,52,183.99,0.0,0,0,0,0.0,0,27,0,2,0,0,33213
"Jan 18, 2025","=""60249080858733""",C.Keyword.Video.SB.UPS.PFCSinewave.CPPFC(1),,250,DAILY_BUDGET,PAUSED,USD,391,1,2.12,0.0,0,0,0,0.0,0,1,0,0,17,4,28
"Feb 22, 2025","=""60249080858733""",C.Keyword.Video.SB.UPS.PFCSinewave.CPPFC(1),,250,DAILY_BUDGET,PAUSED,USD,415,2,3.47,219.95,1,1,1,219.95,1,4,0,2,27,4,49
"Mar 15, 2025","=""209147373785811""",N.Keyword.Video.SB.UPS.PFCSinewave.CPPFC(1),,250,DAILY_BUDGET,PAUSED,USD,13308,119,549.25,1519.6,8,8,8,1519.6,8,265,0,21,1399,365,2465
"Apr 07, 2025","=""84817009251939""",C.Keyword.Video.SB.PFCSinewave.CP1500PFCRM2U.B0B354X985,,250,DAILY_BUDGET,ENABLED,USD,9117,49,58.63,2526.4,6,12,2,994.8,4,132,0,9,599,62,1115
"Feb 23, 2025","=""300358990869228""",B.Keyword.Store.SB.UPS.StoreSpotlight,,250,DAILY_BUDGET,ENABLED,USD,7796,59,166.55,3929.87,31,34,29,3720.26,32,478,0,60,0,0,5791
"Jan 12, 2025","=""209147373785811""",N.Keyword.Video.SB.UPS.PFCSinewave.CPPFC(1),,250,DAILY_BUDGET,PAUSED,USD,2611,16,20.55,0.0,0,0,0,0.0,0,28,0,0,132,23,345
"Mar 06, 2025","=""327967099369911""",N.Keyword.Products.SB.UPS.1500units,,250,DAILY_BUDGET,PAUSED,USD,71695,150,1015.56,3289.47,14,18,10,2413.5,10,256,0,19,0,0,25052
"Mar 04, 2025","=""84817009251939""",C.Keyword.Video.SB.PFCSinewave.CP1500PFCRM2U.B0B354X985,,250,DAILY_BUDGET,ENABLED,USD,12203,63,75.68,5770.61,8,11,3,859.85,3,181,0,12,881,93,1706
"Apr 24, 2025","=""85546644235770""",C.Keyword.Video.SB.UPS.IntelligentLCD.CPAVR3,,250,DAILY_BUDGET,PAUSED,USD,4149,31,45.43,569.85,3,3,3,569.85,3,69,0,10,309,22,669
"Jan 16, 2025","=""38757712528936""",B.Keyword.Video.SB.UPS.PFCSinewave.CPPFC(1),,250,DAILY_BUDGET,PAUSED,USD,7157,25,86.39,384.9,2,2,2,384.9,2,59,0,5,210,56,351
"Mar 31, 2025","=""400654489506156""",B.Keyword.Products.SB.UPS.BestSellers,,250,DAILY_BUDGET,PAUSED,USD,23300,12,45.9,61.95,1,1,0,0.0,0,21,0,2,0,0,7096
"Mar 29, 2025","=""112828660396406""",N.Keyword.Video.SB.UPS.SmartAppSinewave.OLHD,,250,DAILY_BUDGET,PAUSED,USD,1623,5,9.25,0.0,0,0,0,0.0,0,15,0,0,89,8,190
"Mar 23, 2025","=""74868404430193""",N.Keyword.Video.SB.UPS.SmartAppLCD.OR.OR500LCRM1U,,250,DAILY_BUDGET,PAUSED,USD,1168,9,7.79,0.0,0,0,0,0.0,0,17,0,0,74,10,143
"Apr 01, 2025","=""38757712528936""",B.Keyword.Video.SB.UPS.PFCSinewave.CPPFC(1),,250,DAILY_BUDGET,PAUSED,USD,7043,56,376.33,944.75,5,5,5,944.75,5,142,0,12,603,156,946
"Feb 12, 2025","=""112828660396406""",N.Keyword.Video.SB.UPS.SmartAppSinewave.OLHD,,250,DAILY_BUDGET,PAUSED,USD,624,1,1.47,0.0,0,0,0,0.0,0,1,0,0,36,4,68
"Mar 14, 2025","=""60249080858733""",C.Keyword.Video.SB.UPS.PFCSinewave.CPPFC(1),,250,DAILY_BUDGET,PAUSED,USD,456,2,7.33,439.9,2,2,2,439.9,2,9,0,2,26,5,44
"Jan 10, 2025","=""300358990869228""",B.Keyword.Store.SB.UPS.StoreSpotlight,,250,DAILY_BUDGET,ENABLED,USD,24223,225,2557.01,8475.6,34,58,24,2770.83,26,840,0,89,0,0,21743
"Apr 13, 2025","=""516203922618177""",N.Keyword.Store.SB.UPS.StoreSpotlight,,250,DAILY_BUDGET,ENABLED,USD,11921,72,338.01,943.8,3,4,3,943.8,4,123,0,7,0,0,3842
"Jan 04, 2025","=""38757712528936""",B.Keyword.Video.SB.UPS.PFCSinewave.CPPFC(1),,250,DAILY_BUDGET,PAUSED,USD,32547,146,1429.57,2844.3,10,14,10,2844.3,14,353,0,18,1138,368,1597
"Feb 02, 2025","=""112828660396406""",N.Keyword.Video.SB.UPS.SmartAppSinewave.OLHD,,250,DAILY_BUDGET,PAUSED,USD,826,1,1.73,0.0,0,0,0,0.0,0,1,0,0,56,3,113
"Apr 30, 2025","=""60249080858733""",C.Keyword.Video.SB.UPS.PFCSinewave.CPPFC(1),,250,DAILY_BUDGET,PAUSED,USD,263,4,8.6,0.0,0,0,0,0.0,0,4,0,0,30,8,51
"Mar 16, 2025","=""74868404430193""",N.Keyword.Video.SB.UPS.SmartAppLCD.OR.OR500LCRM1U,,250,DAILY_BUDGET,PAUSED,USD,1095,8,5.88,0.0,0,0,0,0.0,0,33,0,0,53,8,117
"Jan 10, 2025","=""400654489506156""",B.Keyword.Products.SB.UPS.BestSellers,,250,DAILY_BUDGET,PAUSED,USD,15099,7,40.31,98.95,1,1,1,98.95,1,33,0,2,0,0,3579
"Jan 13, 2025","=""112828660396406""",N.Keyword.Video.SB.UPS.SmartAppSinewave.OLHD,,250,DAILY_BUDGET,PAUSED,USD,1579,4,4.31,299.95,1,1,0,0.0,0,6,0,1,114,13,206
"Jan 22, 2025","=""400654489506156""",B.Keyword.Products.SB.UPS.BestSellers,,250,DAILY_BUDGET,PAUSED,USD,0,0,0.0,0.0,0,0,0,0.0,0,0,0,0,0,0,0
"Apr 20, 2025","=""353873361287335""",B2B - B.Keyword.Store.SB.UPS.StoreSpotlight,,250,DAILY_BUDGET,ENABLED,USD,130,1,0.82,0.0,0,0,0,0.0,0,0,0,0,0,0,65
"Jan 11, 2025","=""425328024590643""",C.Keyword.Products.SB.UPS.1500units,,250,DAILY_BUDGET,ENABLED,USD,324,0,0.0,0.0,0,0,0,0.0,0,0,0,0,0,0,55
"Jan 23, 2025","=""400654489506156""",B.Keyword.Products.SB.UPS.BestSellers,,250,DAILY_BUDGET,PAUSED,USD,0,0,0.0,0.0,0,0,0,0.0,0,0,0,0,0,0,0
"Apr 16, 2025","=""249902179030051""",N.Keyword.Video.SB.UPS.Surge.CSP,,250,DAILY_BUDGET,PAUSED,USD,128,3,2.95,0.0,0,0,0,0.0,0,7,0,1,7,1,14
"Apr 20, 2025","=""249902179030051""",N.Keyword.Video.SB.UPS.Surge.CSP,,250,DAILY_BUDGET,PAUSED,USD,438,5,4.99,0.0,0,0,0,0.0,0,11,0,0,45,4,82
"Mar 05, 2025","=""38757712528936""",B.Keyword.Video.SB.UPS.PFCSinewave.CPPFC(1),,250,DAILY_BUDGET,PAUSED,USD,3379,7,12.95,439.9,2,2,2,439.9,2,20,0,5,176,47,294
"Feb 04, 2025","=""38757712528936""",B.Keyword.Video.SB.UPS.PFCSinewave.CPPFC(1),,250,DAILY_BUDGET,PAUSED,USD,10098,35,119.79,1099.75,5,5,5,1099.75,5,62,0,14,611,191,939
"Mar 26, 2025","=""516203922618177""",N.Keyword.Store.SB.UPS.StoreSpotlight,,250,DAILY_BUDGET,ENABLED,USD,19696,99,319.6,948.6,8,8,7,838.65,7,139,0,10,0,0,8328
"Apr 10, 2025","=""112828660396406""",N.Keyword.Video.SB.UPS.SmartAppSinewave.OLHD,,250,DAILY_BUDGET,PAUSED,USD,1092,4,9.3,0.0,0,0,0,0.0,0,7,0,0,105,9,188
"Mar 14, 2025","=""400654489506156""",B.Keyword.Products.SB.UPS.BestSellers,,250,DAILY_BUDGET,PAUSED,USD,14774,7,76.25,89.99,1,1,0,0.0,0,9,0,1,0,0,2780
"Apr 03, 2025","=""300358990869228""",B.Keyword.Store.SB.UPS.StoreSpotlight,,250,DAILY_BUDGET,ENABLED,USD,4603,37,171.28,5220.16,40,53,26,3302.93,36,296,0,65,0,0,3502
"Apr 15, 2025","=""85546644235770""",C.Keyword.Video.SB.UPS.IntelligentLCD.CPAVR3,,250,DAILY_BUDGET,PAUSED,USD,3303,30,45.13,759.8,4,4,3,569.85,3,60,0,11,282,24,574
"Mar 08, 2025","=""60249080858733""",C.Keyword.Video.SB.UPS.PFCSinewave.CPPFC(1),,250,DAILY_BUDGET,PAUSED,USD,689,1,2.93,0.0,0,0,0,0.0,0,2,0,0,26,7,68
"Apr 11, 2025","=""400654489506156""",B.Keyword.Products.SB.UPS.BestSellers,,250,DAILY_BUDGET,PAUSED,USD,12107,9,22.3,0.0,0,0,0,0.0,0,15,0,0,0,0,3096
"Apr 10, 2025","=""249902179030051""",N.Keyword.Video.SB.UPS.Surge.CSP,,250,DAILY_BUDGET,PAUSED,USD,61,0,0.0,0.0,0,0,0,0.0,0,1,0,0,4,0,11
"Feb 26, 2025","=""300358990869228""",B.Keyword.Store.SB.UPS.StoreSpotlight,,250,DAILY_BUDGET,ENABLED,USD,6883,64,164.74,12816.2,71,101,49,7471.78,66,500,0,100,0,0,5245
"Mar 15, 2025","=""38757712528936""",B.Keyword.Video.SB.UPS.PFCSinewave.CPPFC(1),,250,DAILY_BUDGET,PAUSED,USD,7330,43,180.83,329.9,2,2,2,329.9,2,93,0,4,721,222,1115
"Jan 24, 2025","=""209147373785811""",N.Keyword.Video.SB.UPS.PFCSinewave.CPPFC(1),,250,DAILY_BUDGET,PAUSED,USD,2991,15,20.83,659.85,3,3,3,659.85,3,29,0,3,192,37,432
"Apr 30, 2025","=""516203922618177""",N.Keyword.Store.SB.UPS.StoreSpotlight,,250,DAILY_BUDGET,ENABLED,USD,38418,206,361.07,2871.1,18,19,16,2491.2,16,246,0,26,0,0,13585
"Mar 13, 2025","=""516203922618177""",N.Keyword.Store.SB.UPS.StoreSpotlight,,250,DAILY_BUDGET,ENABLED,USD,19573,113,324.69,2184.25,13,15,11,2042.35,13,152,0,22,0,0,6888
"Apr 30, 2025","=""209147373785811""",N.Keyword.Video.SB.UPS.PFCSinewave.CPPFC(1),,250,DAILY_BUDGET,PAUSED,USD,1120,9,26.96,219.95,1,1,1,219.95,1,22,0,1,89,14,198
"Apr 23, 2025","=""209147373785811""",N.Keyword.Video.SB.UPS.PFCSinewave.CPPFC(1),,250,DAILY_BUDGET,PAUSED,USD,3197,9,23.14,199.95,1,1,1,199.95,1,23,0,1,264,59,535
"Mar 10, 2025","=""209147373785811""",N.Keyword.Video.SB.UPS.PFCSinewave.CPPFC(1),,250,DAILY_BUDGET,PAUSED,USD,13692,93,426.26,1939.45,6,11,5,1749.5,10,220,0,17,1182,260,2240
"Feb 14, 2025","=""38757712528936""",B.Keyword.Video.SB.UPS.PFCSinewave.CPPFC(1),,250,DAILY_BUDGET,PAUSED,USD,4568,18,42.65,439.9,2,2,2,439.9,2,59,0,5,384,111,575
"Feb 08, 2025","=""60249080858733""",C.Keyword.Video.SB.UPS.PFCSinewave.CPPFC(1),,250,DAILY_BUDGET,PAUSED,USD,793,5,12.68,0.0,0,0,0,0.0,0,8,0,0,85,22,124
"Apr 07, 2025","=""450441693358033""",B2B - B.Keyword.Products.SB.UPS.1500units,,250,DAILY_BUDGET,ENABLED,USD,523,0,0.0,0.0,0,0,0,0.0,0,0,0,0,0,0,19
"Feb 28, 2025","=""38757712528936""",B.Keyword.Video.SB.UPS.PFCSinewave.CPPFC(1),,250,DAILY_BUDGET,PAUSED,USD,2662,10,16.98,219.95,1,1,1,219.95,1,35,0,1,137,39,223
"Jan 12, 2025","=""425328024590643""",C.Keyword.Products.SB.UPS.1500units,,250,DAILY_BUDGET,ENABLED,USD,210,1,2.46,0.0,0,0,0,0.0,0,0,0,0,0,0,43
"Feb 11, 2025","=""85546644235770""",C.Keyword.Video.SB.UPS.IntelligentLCD.CPAVR3,,250,DAILY_BUDGET,PAUSED,USD,2094,8,8.08,0.0,0,0,0,0.0,0,10,0,0,104,11,207
"Jan 28, 2025","=""84817009251939""",C.Keyword.Video.SB.PFCSinewave.CP1500PFCRM2U.B0B354X985,,250,DAILY_BUDGET,ENABLED,USD,14447,118,142.99,2344.65,6,7,6,2344.65,7,326,0,33,1612,184,2820
"Jan 22, 2025","=""74868404430193""",N.Keyword.Video.SB.UPS.SmartAppLCD.OR.OR500LCRM1U,,250,DAILY_BUDGET,PAUSED,USD,1520,15,14.87,0.0,0,0,0,0.0,0,42,0,3,110,13,208
"Jan 13, 2025","=""74868404430193""",N.Keyword.Video.SB.UPS.SmartAppLCD.OR.OR500LCRM1U,,250,DAILY_BUDGET,PAUSED,USD,1253,14,12.88,0.0,0,0,0,0.0,0,29,0,1,69,11,149
"Mar 04, 2025","=""327967099369911""",N.Keyword.Products.SB.UPS.1500units,,250,DAILY_BUDGET,PAUSED,USD,59331,144,994.21,1472.74,7,8,4,904.79,5,170,0,12,0,0,21073
"Jan 09, 2025","=""112828660396406""",N.Keyword.Video.SB.UPS.SmartAppSinewave.OLHD,,250,DAILY_BUDGET,PAUSED,USD,1570,4,7.29,0.0,0,0,0,0.0,0,10,0,0,104,10,232
"Apr 02, 2025","=""209147373785811""",N.Keyword.Video.SB.UPS.PFCSinewave.CPPFC(1),,250,DAILY_BUDGET,PAUSED,USD,9047,64,287.54,978.75,5,5,5,978.75,5,154,0,7,1009,228,1915
"Apr 22, 2025","=""209147373785811""",N.Keyword.Video.SB.UPS.PFCSinewave.CPPFC(1),,250,DAILY_BUDGET,PAUSED,USD,2386,22,56.11,989.75,5,5,3,659.85,3,51,0,7,235,53,433
"Jan 24, 2025","=""85546644235770""",C.Keyword.Video.SB.UPS.IntelligentLCD.CPAVR3,,250,DAILY_BUDGET,PAUSED,USD,3810,22,22.8,379.9,1,2,1,379.9,2,50,0,5,214,18,431
"Feb 27, 2025","=""300358990869228""",B.Keyword.Store.SB.UPS.StoreSpotlight,,250,DAILY_BUDGET,ENABLED,USD,5623,52,153.01,8111.71,44,49,32,4707.72,36,423,0,75,0,0,4288
"Jan 29, 2025","=""84817009251939""",C.Keyword.Video.SB.PFCSinewave.CP1500PFCRM2U.B0B354X985,,250,DAILY_BUDGET,ENABLED,USD,14253,123,151.49,1874.7,5,6,3,1004.85,3,280,0,13,1642,194,2859
"Mar 23, 2025","=""300358990869228""",B.Keyword.Store.SB.UPS.StoreSpotlight,,250,DAILY_BUDGET,ENABLED,USD,4271,25,152.82,791.14,8,11,7,631.19,10,189,0,17,0,0,3260
"Mar 27, 2025","=""74868404430193""",N.Keyword.Video.SB.UPS.SmartAppLCD.OR.OR500LCRM1U,,250,DAILY_BUDGET,PAUSED,USD,1212,9,9.73,0.0,0,0,0,0.0,0,11,0,0,68,6,143
"Jan 26, 2025","=""533624646611887""",C.Keyword.Store.SB.UPS.StoreSpotlight,,250,DAILY_BUDGET,PAUSED,USD,0,0,0.0,0.0,0,0,0,0.0,0,0,0,0,0,0,0
"Jan 20, 2025","=""60249080858733""",C.Keyword.Video.SB.UPS.PFCSinewave.CPPFC(1),,250,DAILY_BUDGET,PAUSED,USD,307,1,2.22,0.0,0,0,0,0.0,0,2,0,0,3,0,16
"Apr 13, 2025","=""288898439745613""",B2B - N.Keyword.Products.SB.UPS.1500units,,250,DAILY_BUDGET,ENABLED,USD,17572,37,410.85,3550.88,4,4,1,92.99,1,166,0,14,0,0,6590
"Apr 11, 2025","=""38757712528936""",B.Keyword.Video.SB.UPS.PFCSinewave.CPPFC(1),,250,DAILY_BUDGET,PAUSED,USD,5069,31,207.82,189.95,1,1,1,189.95,1,48,0,2,418,134,711
"Apr 22, 2025","=""288898439745613""",B2B - N.Keyword.Products.SB.UPS.1500units,,250,DAILY_BUDGET,ENABLED,USD,22949,45,511.15,1509.97,5,8,4,1130.07,6,78,0,11,0,0,9733
"Jan 22, 2025","=""209147373785811""",N.Keyword.Video.SB.UPS.PFCSinewave.CPPFC(1),,250,DAILY_BUDGET,PAUSED,USD,2330,15,18.95,439.9,2,2,2,439.9,2,25,0,4,151,33,304
"Jan 11, 2025","=""38757712528936""",B.Keyword.Video.SB.UPS.PFCSinewave.CPPFC(1),,250,DAILY_BUDGET,PAUSED,USD,6799,24,65.38,554.9,2,2,2,554.9,2,54,0,4,350,117,623
"Apr 09, 2025","=""209147373785811""",N.Keyword.Video.SB.UPS.PFCSinewave.CPPFC(1),,250,DAILY_BUDGET,PAUSED,USD,5894,40,172.12,901.75,5,5,3,629.85,3,151,0,14,520,118,1078
"Mar 01, 2025","=""74868404430193""",N.Keyword.Video.SB.UPS.SmartAppLCD.OR.OR500LCRM1U,,250,DAILY_BUDGET,PAUSED,USD,863,5,4.93,0.0,0,0,0,0.0,0,17,0,2,53,5,111
"Mar 22, 2025","=""516203922618177""",N.Keyword.Store.SB.UPS.StoreSpotlight,,250,DAILY_BUDGET,ENABLED,USD,14745,89,247.02,2019.44,9,9,7,1169.65,7,164,0,15,0,0,5614
"Jan 21, 2025","=""327967099369911""",N.Keyword.Products.SB.UPS.1500units,,250,DAILY_BUDGET,PAUSED,USD,0,0,0.0,0.0,0,0,0,0.0,0,0,0,0,0,0,0
"Apr 10, 2025","=""369323377946560""",B2B - N.Keyword.Store.SB.UPS.StoreSpotlight,,250,DAILY_BUDGET,ENABLED,USD,157,0,0.0,0.0,0,0,0,0.0,0,0,0,0,0,0,84
"Apr 28, 2025","=""60249080858733""",C.Keyword.Video.SB.UPS.PFCSinewave.CPPFC(1),,250,DAILY_BUDGET,PAUSED,USD,262,2,3.19,219.95,1,1,1,219.95,1,12,0,1,31,4,50
"Apr 23, 2025","=""327967099369911""",N.Keyword.Products.SB.UPS.1500units,,250,DAILY_BUDGET,PAUSED,USD,314807,440,9887.0,599.85,3,3,2,409.9,2,365,0,23,0,0,133845
"Apr 30, 2025","=""327967099369911""",N.Keyword.Products.SB.UPS.1500units,,250,DAILY_BUDGET,PAUSED,USD,18213,28,82.18,189.95,1,1,0,0.0,0,50,0,1,0,0,4052
"Apr 29, 2025","=""288898439745613""",B2B - N.Keyword.Products.SB.UPS.1500units,,250,DAILY_BUDGET,ENABLED,USD,19957,43,460.98,2027.7,5,6,3,779.8,4,51,0,7,0,0,7976
"Mar 29, 2025","=""516203922618177""",N.Keyword.Store.SB.UPS.StoreSpotlight,,250,DAILY_BUDGET,ENABLED,USD,22287,119,388.44,1954.24,11,11,10,1891.29,10,169,0,14,0,0,8819
"Apr 29, 2025","=""38757712528936""",B.Keyword.Video.SB.UPS.PFCSinewave.CPPFC(1),,250,DAILY_BUDGET,PAUSED,USD,1946,10,18.8,309.94,2,2,2,309.94,2,23,0,3,235,58,383
"Mar 28, 2025","=""84817009251939""",C.Keyword.Video.SB.PFCSinewave.CP1500PFCRM2U.B0B354X985,,250,DAILY_BUDGET,ENABLED,USD,10879,75,106.44,669.9,2,2,2,669.9,2,197,0,11,663,55,1378
"Feb 01, 2025","=""85546644235770""",C.Keyword.Video.SB.UPS.IntelligentLCD.CPAVR3,,250,DAILY_BUDGET,PAUSED,USD,3678,16,16.87,48.57,1,1,1,48.57,1,47,0,1,201,20,390
"Feb 25, 2025","=""400654489506156""",B.Keyword.Products.SB.UPS.BestSellers,,250,DAILY_BUDGET,PAUSED,USD,5516,4,8.2,0.0,0,0,0,0.0,0,4,0,0,0,0,1236
"Apr 01, 2025","=""327967099369911""",N.Keyword.Products.SB.UPS.1500units,,250,DAILY_BUDGET,PAUSED,USD,199932,340,1822.86,1451.4,4,12,3,1099.6,8,468,0,11,0,0,64069
"Apr 15, 2025","=""300358990869228""",B.Keyword.Store.SB.UPS.StoreSpotlight,,250,DAILY_BUDGET,ENABLED,USD,4433,27,188.42,6947.0,38,52,30,5373.1,43,403,0,66,0,0,3397
"Mar 18, 2025","=""60249080858733""",C.Keyword.Video.SB.UPS.PFCSinewave.CPPFC(1),,250,DAILY_BUDGET,PAUSED,USD,595,1,3.82,0.0,0,0,0,0.0,0,1,0,0,36,7,55
"Feb 15, 2025","=""60249080858733""",C.Keyword.Video.SB.UPS.PFCSinewave.CPPFC(1),,250,DAILY_BUDGET,PAUSED,USD,445,0,0.0,0.0,0,0,0,0.0,0,0,0,0,27,4,59
"Jan 30, 2025","=""533624646611887""",C.Keyword.Store.SB.UPS.StoreSpotlight,,250,DAILY_BUDGET,PAUSED,USD,0,0,0.0,0.0,0,0,0,0.0,0,0,0,0,0,0,0
"Feb 15, 2025","=""209147373785811""",N.Keyword.Video.SB.UPS.PFCSinewave.CPPFC(1),,250,DAILY_BUDGET,PAUSED,USD,2202,14,82.34,0.0,0,0,0,0.0,0,33,0,0,229,50,423
"Feb 25, 2025","=""327967099369911""",N.Keyword.Products.SB.UPS.1500units,,250,DAILY_BUDGET,PAUSED,USD,12703,22,36.89,189.95,1,1,0,0.0,0,51,0,4,0,0,3178
"Mar 07, 2025","=""209147373785811""",N.Keyword.Video.SB.UPS.PFCSinewave.CPPFC(1),,250,DAILY_BUDGET,PAUSED,USD,12988,78,394.53,824.8,4,4,3,659.85,3,155,0,4,1133,267,2115
"Jan 08, 2025","=""400654489506156""",B.Keyword.Products.SB.UPS.BestSellers,,250,DAILY_BUDGET,PAUSED,USD,9962,6,49.27,0.0,0,0,0,0.0,0,6,0,0,0,0,2443
"Jan 29, 2025","=""533624646611887""",C.Keyword.Store.SB.UPS.StoreSpotlight,,250,DAILY_BUDGET,PAUSED,USD,0,0,0.0,0.0,0,0,0,0.0,0,0,0,0,0,0,0
"Jan 06, 2025","=""38757712528936""",B.Keyword.Video.SB.UPS.PFCSinewave.CPPFC(1),,250,DAILY_BUDGET,PAUSED,USD,16214,60,337.74,1619.6,7,8,7,1619.6,8,182,0,23,719,221,1053
"Apr 21, 2025","=""327967099369911""",N.Keyword.Products.SB.UPS.1500units,,250,DAILY_BUDGET,PAUSED,USD,126046,221,642.67,1059.75,5,5,4,859.8,4,257,0,8,0,0,36519
"Apr 27, 2025","=""84817009251939""",C.Keyword.Video.SB.PFCSinewave.CP1500PFCRM2U.B0B354X985,,250,DAILY_BUDGET,ENABLED,USD,13290,67,109.82,1694.7,5,6,4,1024.8,4,159,0,11,940,67,2141
"Feb 25, 2025","=""74868404430193""",N.Keyword.Video.SB.UPS.SmartAppLCD.OR.OR500LCRM1U,,250,DAILY_BUDGET,PAUSED,USD,1113,6,4.93,0.0,0,0,0,0.0,0,7,0,1,56,3,119
"Apr 12, 2025","=""450441693358033""",B2B - B.Keyword.Products.SB.UPS.1500units,,250,DAILY_BUDGET,ENABLED,USD,72,0,0.0,0.0,0,0,0,0.0,0,0,0,0,0,0,3
"Apr 03, 2025","=""288898439745613""",B2B - N.Keyword.Products.SB.UPS.1500units,,250,DAILY_BUDGET,ENABLED,USD,3162,3,5.98,0.0,0,0,0,0.0,0,3,0,0,0,0,1570
"Apr 11, 2025","=""369323377946560""",B2B - N.Keyword.Store.SB.UPS.StoreSpotlight,,250,DAILY_BUDGET,ENABLED,USD,79,0,0.0,0.0,0,0,0,0.0,0,0,0,0,0,0,35
"Mar 12, 2025","=""60249080858733""",C.Keyword.Video.SB.UPS.PFCSinewave.CPPFC(1),,250,DAILY_BUDGET,PAUSED,USD,680,1,2.73,0.0,0,0,0,0.0,0,0,0,0,30,5,60
"Mar 26, 2025","=""60249080858733""",C.Keyword.Video.SB.UPS.PFCSinewave.CPPFC(1),,250,DAILY_BUDGET,PAUSED,USD,814,0,0.0,0.0,0,0,0,0.0,0,1,0,0,67,20,131
"Apr 22, 2025","=""450441693358033""",B2B - B.Keyword.Products.SB.UPS.1500units,,250,DAILY_BUDGET,ENABLED,USD,1031,6,42.21,795.85,3,3,2,715.9,2,14,0,3,0,0,204
"Mar 15, 2025","=""516203922618177""",N.Keyword.Store.SB.UPS.StoreSpotlight,,250,DAILY_BUDGET,ENABLED,USD,21596,165,603.06,2882.04,13,15,11,2092.24,11,300,0,25,0,0,8595
"Mar 20, 2025","=""327967099369911""",N.Keyword.Products.SB.UPS.1500units,,250,DAILY_BUDGET,PAUSED,USD,177787,303,2182.36,5589.65,14,17,12,3428.25,15,431,0,21,0,0,63363
"Mar 21, 2025","=""209147373785811""",N.Keyword.Video.SB.UPS.PFCSinewave.CPPFC(1),,250,DAILY_BUDGET,PAUSED,USD,9613,71,411.16,2079.5,9,10,8,1639.6,8,139,0,12,894,237,1780
"Mar 21, 2025","=""300358990869228""",B.Keyword.Store.SB.UPS.StoreSpotlight,,250,DAILY_BUDGET,ENABLED,USD,5502,43,189.07,6462.16,39,47,24,3952.64,27,300,0,54,0,0,4514
"Mar 03, 2025","=""74868404430193""",N.Keyword.Video.SB.UPS.SmartAppLCD.OR.OR500LCRM1U,,250,DAILY_BUDGET,PAUSED,USD,1256,9,6.57,399.9,2,2,2,399.9,2,16,0,2,67,7,130
"Mar 08, 2025","=""85546644235770""",C.Keyword.Video.SB.UPS.IntelligentLCD.CPAVR3,,250,DAILY_BUDGET,PAUSED,USD,3148,16,15.34,189.95,1,1,1,189.95,1,26,0,3,184,10,374
"Jan 08, 2025","=""327967099369911""",N.Keyword.Products.SB.UPS.1500units,,250,DAILY_BUDGET,PAUSED,USD,110620,262,1948.35,1209.7,5,6,4,989.75,5,451,0,22,0,0,42353
"Apr 14, 2025","=""209147373785811""",N.Keyword.Video.SB.UPS.PFCSinewave.CPPFC(1),,250,DAILY_BUDGET,PAUSED,USD,5290,42,168.46,519.85,3,3,2,329.9,2,66,0,6,502,104,1007
"Apr 09, 2025","=""300358990869228""",B.Keyword.Store.SB.UPS.StoreSpotlight,,250,DAILY_BUDGET,ENABLED,USD,3653,33,223.16,3007.93,25,29,18,2098.38,20,263,0,100,0,0,2839
"Feb 01, 2025","=""112828660396406""",N.Keyword.Video.SB.UPS.SmartAppSinewave.OLHD,,250,DAILY_BUDGET,PAUSED,USD,1079,0,0.0,0.0,0,0,0,0.0,0,0,0,0,87,11,150
"Mar 01, 2025","=""38757712528936""",B.Keyword.Video.SB.UPS.PFCSinewave.CPPFC(1),,250,DAILY_BUDGET,PAUSED,USD,1383,7,18.32,219.95,1,1,0,0.0,0,18,0,2,90,26,193
"Mar 29, 2025","=""400654489506156""",B.Keyword.Products.SB.UPS.BestSellers,,250,DAILY_BUDGET,PAUSED,USD,11588,17,33.82,0.0,0,0,0,0.0,0,30,0,0,0,0,3124
"Mar 25, 2025","=""74868404430193""",N.Keyword.Video.SB.UPS.SmartAppLCD.OR.OR500LCRM1U,,250,DAILY_BUDGET,PAUSED,USD,1197,8,7.8,199.95,1,1,1,199.95,1,23,0,2,63,9,140
"Feb 06, 2025","=""38757712528936""",B.Keyword.Video.SB.UPS.PFCSinewave.CPPFC(1),,250,DAILY_BUDGET,PAUSED,USD,7331,26,80.22,889.8,4,4,4,889.8,4,57,0,3,537,176,758
"Apr 18, 2025","=""38757712528936""",B.Keyword.Video.SB.UPS.PFCSinewave.CPPFC(1),,250,DAILY_BUDGET,PAUSED,USD,2724,34,218.14,471.89,3,3,2,306.94,2,65,0,7,390,110,601
"Feb 09, 2025","=""60249080858733""",C.Keyword.Video.SB.UPS.PFCSinewave.CPPFC(1),,250,DAILY_BUDGET,PAUSED,USD,439,0,0.0,0.0,0,0,0,0.0,0,0,0,0,20,4,51
"Feb 06, 2025","=""209147373785811""",N.Keyword.Video.SB.UPS.PFCSinewave.CPPFC(1),,250,DAILY_BUDGET,PAUSED,USD,3791,23,137.07,439.9,2,2,2,439.9,2,48,0,3,430,119,746
"Apr 11, 2025","=""85546644235770""",C.Keyword.Video.SB.UPS.IntelligentLCD.CPAVR3,,250,DAILY_BUDGET,PAUSED,USD,1402,8,11.08,0.0,0,0,0,0.0,0,13,0,0,83,8,183
"Feb 26, 2025","=""327967099369911""",N.Keyword.Products.SB.UPS.1500units,,250,DAILY_BUDGET,PAUSED,USD,35485,58,320.82,412.85,3,3,3,412.85,3,131,0,7,0,0,12231
"Apr 02, 2025","=""84817009251939""",C.Keyword.Video.SB.PFCSinewave.CP1500PFCRM2U.B0B354X985,,250,DAILY_BUDGET,ENABLED,USD,10457,42,54.13,1084.8,4,4,3,1004.85,3,101,0,7,671,53,1356
"Feb 17, 2025","=""84817009251939""",C.Keyword.Video.SB.PFCSinewave.CP1500PFCRM2U.B0B354X985,,250,DAILY_BUDGET,ENABLED,USD,15936,155,201.97,4304.25,15,15,13,3634.35,13,369,0,28,1660,189,2983
"Feb 14, 2025","=""74868404430193""",N.Keyword.Video.SB.UPS.SmartAppLCD.OR.OR500LCRM1U,,250,DAILY_BUDGET,PAUSED,USD,1061,5,5.84,299.95,1,1,1,299.95,1,8,0,3,63,8,131
"Apr 06, 2025","=""288898439745613""",B2B - N.Keyword.Products.SB.UPS.1500units,,250,DAILY_BUDGET,ENABLED,USD,15953,43,343.96,1218.75,4,5,3,661.8,4,67,0,7,0,0,6120
"Mar 25, 2025","=""38757712528936""",B.Keyword.Video.SB.UPS.PFCSinewave.CPPFC(1),,250,DAILY_BUDGET,PAUSED,USD,6766,44,441.21,533.8,3,4,0,0.0,0,92,0,4,667,181,1075
"Jan 10, 2025","=""425328024590643""",C.Keyword.Products.SB.UPS.1500units,,250,DAILY_BUDGET,ENABLED,USD,203,0,0.0,0.0,0,0,0,0.0,0,0,0,0,0,0,39
"Jan 16, 2025","=""112828660396406""",N.Keyword.Video.SB.UPS.SmartAppSinewave.OLHD,,250,DAILY_BUDGET,PAUSED,USD,1443,6,9.41,0.0,0,0,0,0.0,0,10,0,0,92,6,196
"Feb 18, 2025","=""112828660396406""",N.Keyword.Video.SB.UPS.SmartAppSinewave.OLHD,,250,DAILY_BUDGET,PAUSED,USD,1553,3,4.88,0.0,0,0,0,0.0,0,3,0,26,136,16,243
"Jan 14, 2025","=""533624646611887""",C.Keyword.Store.SB.UPS.StoreSpotlight,,250,DAILY_BUDGET,PAUSED,USD,15875,48,164.47,258.9,2,2,1,159.95,1,45,0,3,0,0,4565
"Feb 27, 2025","=""112828660396406""",N.Keyword.Video.SB.UPS.SmartAppSinewave.OLHD,,250,DAILY_BUDGET,PAUSED,USD,2326,3,3.58,0.0,0,0,0,0.0,0,9,0,2,118,9,261
"Mar 25, 2025","=""300358990869228""",B.Keyword.Store.SB.UPS.StoreSpotlight,,250,DAILY_BUDGET,ENABLED,USD,4186,38,163.33,5867.01,31,35,26,4710.05,30,298,0,55,0,0,3442
"Feb 27, 2025","=""84817009251939""",C.Keyword.Video.SB.PFCSinewave.CP1500PFCRM2U.B0B354X985,,250,DAILY_BUDGET,ENABLED,USD,10707,70,86.81,1884.65,6,7,3,879.8,4,184,0,13,848,57,1591
"Apr 10, 2025","=""450441693358033""",B2B - B.Keyword.Products.SB.UPS.1500units,,250,DAILY_BUDGET,ENABLED,USD,726,0,0.0,0.0,0,0,0,0.0,0,5,0,0,0,0,41
"Jan 17, 2025","=""300358990869228""",B.Keyword.Store.SB.UPS.StoreSpotlight,,250,DAILY_BUDGET,ENABLED,USD,504,6,37.98,2446.31,8,10,6,501.46,7,172,0,23,0,0,458
"Feb 13, 2025","=""85546644235770""",C.Keyword.Video.SB.UPS.IntelligentLCD.CPAVR3,,250,DAILY_BUDGET,PAUSED,USD,2132,15,14.19,189.95,1,1,1,189.95,1,35,0,3,130,10,247
"Mar 03, 2025","=""60249080858733""",C.Keyword.Video.SB.UPS.PFCSinewave.CPPFC(1),,250,DAILY_BUDGET,PAUSED,USD,646,3,9.98,0.0,0,0,0,0.0,0,4,0,0,21,6,48
"Jan 10, 2025","=""84817009251939""",C.Keyword.Video.SB.PFCSinewave.CP1500PFCRM2U.B0B354X985,,250,DAILY_BUDGET,ENABLED,USD,11022,104,136.98,4273.25,14,15,5,1393.75,5,269,0,27,887,79,1689
"Apr 07, 2025","=""85546644235770""",C.Keyword.Video.SB.UPS.IntelligentLCD.CPAVR3,,250,DAILY_BUDGET,PAUSED,USD,2672,13,16.31,379.9,2,2,0,0.0,0,23,0,4,155,13,363
"Jan 26, 2025","=""327967099369911""",N.Keyword.Products.SB.UPS.1500units,,250,DAILY_BUDGET,PAUSED,USD,0,0,0.0,0.0,0,0,0,0.0,0,0,0,0,0,0,0
"Mar 03, 2025","=""300358990869228""",B.Keyword.Store.SB.UPS.StoreSpotlight,,250,DAILY_BUDGET,ENABLED,USD,6024,49,188.64,43082.6,68,112,43,9060.15,53,636,0,114,0,0,4623
"Apr 19, 2025","=""369323377946560""",B2B - N.Keyword.Store.SB.UPS.StoreSpotlight,,250,DAILY_BUDGET,ENABLED,USD,171,0,0.0,0.0,0,0,0,0.0,0,0,0,0,0,0,93
"Apr 02, 2025","=""400654489506156""",B.Keyword.Products.SB.UPS.BestSellers,,250,DAILY_BUDGET,PAUSED,USD,18923,14,44.13,0.0,0,0,0,0.0,0,23,0,1,0,0,4939
"Apr 10, 2025","=""516203922618177""",N.Keyword.Store.SB.UPS.StoreSpotlight,,250,DAILY_BUDGET,ENABLED,USD,13679,87,279.44,1080.6,4,8,4,1080.6,8,110,0,8,0,0,4734
"Apr 14, 2025","=""288898439745613""",B2B - N.Keyword.Products.SB.UPS.1500units,,250,DAILY_BUDGET,ENABLED,USD,22864,50,443.81,1239.8,3,4,2,1049.85,3,51,0,5,0,0,8723
"Mar 25, 2025","=""85546644235770""",C.Keyword.Video.SB.UPS.IntelligentLCD.CPAVR3,,250,DAILY_BUDGET,PAUSED,USD,2762,15,17.87,0.0,0,0,0,0.0,0,28,0,1,140,9,305
"Apr 05, 2025","=""85546644235770""",C.Keyword.Video.SB.UPS.IntelligentLCD.CPAVR3,,250,DAILY_BUDGET,PAUSED,USD,2303,12,11.42,0.0,0,0,0,0.0,0,20,0,0,138,5,335
"Feb 09, 2025","=""74868404430193""",N.Keyword.Video.SB.UPS.SmartAppLCD.OR.OR500LCRM1U,,250,DAILY_BUDGET,PAUSED,USD,1057,5,3.53,199.95,1,1,1,199.95,1,18,0,2,81,12,150
"Apr 30, 2025","=""84817009251939""",C.Keyword.Video.SB.PFCSinewave.CP1500PFCRM2U.B0B354X985,,250,DAILY_BUDGET,ENABLED,USD,17180,82,130.56,1339.8,4,4,3,1004.85,3,188,0,10,1164,69,2510
"Mar 20, 2025","=""74868404430193""",N.Keyword.Video.SB.UPS.SmartAppLCD.OR.OR500LCRM1U,,250,DAILY_BUDGET,PAUSED,USD,1176,5,4.05,399.9,2,2,0,0.0,0,9,0,2,63,12,135
"Jan 30, 2025","=""300358990869228""",B.Keyword.Store.SB.UPS.StoreSpotlight,,250,DAILY_BUDGET,ENABLED,USD,0,0,0.0,0.0,0,0,0,0.0,0,0,0,0,0,0,0
"Mar 02, 2025","=""85546644235770""",C.Keyword.Video.SB.UPS.IntelligentLCD.CPAVR3,,250,DAILY_BUDGET,PAUSED,USD,2588,11,12.03,189.95,1,1,1,189.95,1,36,0,2,144,9,303
"Mar 17, 2025","=""209147373785811""",N.Keyword.Video.SB.UPS.PFCSinewave.CPPFC(1),,250,DAILY_BUDGET,PAUSED,USD,13614,102,488.08,1319.7,6,6,4,879.8,4,239,0,15,1371,321,2657
"Mar 17, 2025","=""85546644235770""",C.Keyword.Video.SB.UPS.IntelligentLCD.CPAVR3,,250,DAILY_BUDGET,PAUSED,USD,3227,15,18.04,0.0,0,0,0,0.0,0,19,0,3,200,19,386
"Apr 16, 2025","=""369323377946560""",B2B - N.Keyword.Store.SB.UPS.StoreSpotlight,,250,DAILY_BUDGET,ENABLED,USD,170,0,0.0,0.0,0,0,0,0.0,0,0,0,0,0,0,100
"Feb 10, 2025","=""112828660396406""",N.Keyword.Video.SB.UPS.SmartAppSinewave.OLHD,,250,DAILY_BUDGET,PAUSED,USD,735,2,3.16,0.0,0,0,0,0.0,0,3,0,1,49,5,107
"Feb 02, 2025","=""209147373785811""",N.Keyword.Video.SB.UPS.PFCSinewave.CPPFC(1),,250,DAILY_BUDGET,PAUSED,USD,4274,38,52.54,1069.75,5,5,5,1069.75,5,70,0,9,316,80,612
"Mar 02, 2025","=""516203922618177""",N.Keyword.Store.SB.UPS.StoreSpotlight,,250,DAILY_BUDGET,ENABLED,USD,305703,502,7416.14,2195.2,14,16,10,1641.4,12,563,0,45,0,0,137605
"Jan 18, 2025","=""533624646611887""",C.Keyword.Store.SB.UPS.StoreSpotlight,,250,DAILY_BUDGET,PAUSED,USD,0,0,0.0,0.0,0,0,0,0.0,0,0,0,0,0,0,0
"Apr 23, 2025","=""400654489506156""",B.Keyword.Products.SB.UPS.BestSellers,,250,DAILY_BUDGET,PAUSED,USD,9771,5,17.64,0.0,0,0,0,0.0,0,22,0,1,0,0,2807
"Apr 04, 2025","=""516203922618177""",N.Keyword.Store.SB.UPS.StoreSpotlight,,250,DAILY_BUDGET,ENABLED,USD,18018,109,362.87,4106.69,21,25,19,2578.84,22,186,0,23,0,0,6236
"Apr 22, 2025","=""74868404430193""",N.Keyword.Video.SB.UPS.SmartAppLCD.OR.OR500LCRM1U,,250,DAILY_BUDGET,PAUSED,USD,1200,5,4.97,0.0,0,0,0,0.0,0,5,0,0,59,5,147
"Mar 11, 2025","=""516203922618177""",N.Keyword.Store.SB.UPS.StoreSpotlight,,250,DAILY_BUDGET,ENABLED,USD,17572,100,279.26,1304.6,7,8,7,1304.6,8,181,0,18,0,0,6087
"Apr 16, 2025","=""353873361287335""",B2B - B.Keyword.Store.SB.UPS.StoreSpotlight,,250,DAILY_BUDGET,ENABLED,USD,451,1,0.81,0.0,0,0,0,0.0,0,1,0,0,0,0,213
"Feb 15, 2025","=""112828660396406""",N.Keyword.Video.SB.UPS.SmartAppSinewave.OLHD,,250,DAILY_BUDGET,PAUSED,USD,1028,7,8.95,0.0,0,0,0,0.0,0,10,0,0,71,8,152
"Jan 24, 2025","=""60249080858733""",C.Keyword.Video.SB.UPS.PFCSinewave.CPPFC(1),,250,DAILY_BUDGET,PAUSED,USD,311,1,1.83,0.0,0,0,0,0.0,0,1,0,0,16,1,36
"Mar 14, 2025","=""112828660396406""",N.Keyword.Video.SB.UPS.SmartAppSinewave.OLHD,,250,DAILY_BUDGET,PAUSED,USD,600,1,1.45,0.0,0,0,0,0.0,0,1,0,0,26,1,58
"Apr 27, 2025","=""249902179030051""",N.Keyword.Video.SB.UPS.Surge.CSP,,250,DAILY_BUDGET,PAUSED,USD,6432,81,81.94,232.1,9,11,8,168.8,8,111,0,21,464,46,1126
"Mar 27, 2025","=""400654489506156""",B.Keyword.Products.SB.UPS.BestSellers,,250,DAILY_BUDGET,PAUSED,USD,15409,11,114.52,866.9,2,2,1,309.95,1,30,0,2,0,0,3910
"Mar 24, 2025","=""209147373785811""",N.Keyword.Video.SB.UPS.PFCSinewave.CPPFC(1),,250,DAILY_BUDGET,PAUSED,USD,9413,76,414.74,879.8,4,4,4,879.8,4,182,0,12,946,261,1601
"Apr 08, 2025","=""60249080858733""",C.Keyword.Video.SB.UPS.PFCSinewave.CPPFC(1),,250,DAILY_BUDGET,PAUSED,USD,454,2,4.11,0.0,0,0,0,0.0,0,1,0,0,38,6,83
"Apr 27, 2025","=""425328024590643""",C.Keyword.Products.SB.UPS.1500units,,250,DAILY_BUDGET,ENABLED,USD,11351,15,96.67,219.95,1,1,1,219.95,1,30,0,3,0,0,4386
"Apr 08, 2025","=""450441693358033""",B2B - B.Keyword.Products.SB.UPS.1500units,,250,DAILY_BUDGET,ENABLED,USD,460,0,0.0,0.0,0,0,0,0.0,0,0,0,0,0,0,12
"Mar 11, 2025","=""327967099369911""",N.Keyword.Products.SB.UPS.1500units,,250,DAILY_BUDGET,PAUSED,USD,159763,281,1755.37,1397.79,8,8,6,1013.7,6,341,0,20,0,0,59204
"Jan 20, 2025","=""85546644235770""",C.Keyword.Video.SB.UPS.IntelligentLCD.CPAVR3,,250,DAILY_BUDGET,PAUSED,USD,4191,30,32.13,189.95,1,1,1,189.95,1,82,0,4,302,34,543
"Mar 07, 2025","=""112828660396406""",N.Keyword.Video.SB.UPS.SmartAppSinewave.OLHD,,250,DAILY_BUDGET,PAUSED,USD,1797,5,6.95,0.0,0,0,0,0.0,0,4,0,0,95,11,192
"Jan 24, 2025","=""327967099369911""",N.Keyword.Products.SB.UPS.1500units,,250,DAILY_BUDGET,PAUSED,USD,0,0,0.0,0.0,0,0,0,0.0,0,0,0,0,0,0,0
"Apr 22, 2025","=""38757712528936""",B.Keyword.Video.SB.UPS.PFCSinewave.CPPFC(1),,250,DAILY_BUDGET,PAUSED,USD,2513,20,108.19,1019.75,5,5,4,799.8,4,40,0,8,309,80,550
"Mar 22, 2025","=""85546644235770""",C.Keyword.Video.SB.UPS.IntelligentLCD.CPAVR3,,250,DAILY_BUDGET,PAUSED,USD,2975,20,19.39,0.0,0,0,0,0.0,0,30,0,2,175,10,369
"Jan 02, 2025","=""74868404430193""",N.Keyword.Video.SB.UPS.SmartAppLCD.OR.OR500LCRM1U,,250,DAILY_BUDGET,PAUSED,USD,3499,13,14.18,0.0,0,0,0,0.0,0,16,0,0,177,29,426
"Feb 17, 2025","=""74868404430193""",N.Keyword.Video.SB.UPS.SmartAppLCD.OR.OR500LCRM1U,,250,DAILY_BUDGET,PAUSED,USD,1399,7,5.11,0.0,0,0,0,0.0,0,12,0,0,98,9,171
"Mar 23, 2025","=""400654489506156""",B.Keyword.Products.SB.UPS.BestSellers,,250,DAILY_BUDGET,PAUSED,USD,18149,9,48.78,109.95,1,1,1,109.95,1,27,0,1,0,0,3169
"Feb 09, 2025","=""84817009251939""",C.Keyword.Video.SB.PFCSinewave.CP1500PFCRM2U.B0B354X985,,250,DAILY_BUDGET,ENABLED,USD,12009,132,169.36,2901.5,9,10,7,2231.6,8,346,0,15,1264,120,2345
"Apr 19, 2025","=""327967099369911""",N.Keyword.Products.SB.UPS.1500units,,250,DAILY_BUDGET,PAUSED,USD,108683,238,696.15,827.7,6,6,6,827.7,6,315,0,7,0,0,29519
"Feb 21, 2025","=""327967099369911""",N.Keyword.Products.SB.UPS.1500units,,250,DAILY_BUDGET,PAUSED,USD,7406,5,7.24,0.0,0,0,0,0.0,0,7,0,0,0,0,3232
"Feb 27, 2025","=""74868404430193""",N.Keyword.Video.SB.UPS.SmartAppLCD.OR.OR500LCRM1U,,250,DAILY_BUDGET,PAUSED,USD,1006,8,7.65,0.0,0,0,0,0.0,0,14,0,0,63,10,129
"Mar 28, 2025","=""85546644235770""",C.Keyword.Video.SB.UPS.IntelligentLCD.CPAVR3,,250,DAILY_BUDGET,PAUSED,USD,4082,27,31.61,189.95,1,1,0,0.0,0,46,0,3,198,17,411
"Apr 25, 2025","=""353873361287335""",B2B - B.Keyword.Store.SB.UPS.StoreSpotlight,,250,DAILY_BUDGET,ENABLED,USD,136,0,0.0,0.0,0,0,0,0.0,0,0,0,0,0,0,30
"Jan 20, 2025","=""112828660396406""",N.Keyword.Video.SB.UPS.SmartAppSinewave.OLHD,,250,DAILY_BUDGET,PAUSED,USD,1839,8,14.92,0.0,0,0,0,0.0,0,13,0,0,145,21,265
"Jan 27, 2025","=""300358990869228""",B.Keyword.Store.SB.UPS.StoreSpotlight,,250,DAILY_BUDGET,ENABLED,USD,0,0,0.0,0.0,0,0,0,0.0,0,0,0,0,0,0,0
"Jan 22, 2025","=""300358990869228""",B.Keyword.Store.SB.UPS.StoreSpotlight,,250,DAILY_BUDGET,ENABLED,USD,0,0,0.0,0.0,0,0,0,0.0,0,0,0,0,0,0,0
"Mar 01, 2025","=""400654489506156""",B.Keyword.Products.SB.UPS.BestSellers,,250,DAILY_BUDGET,PAUSED,USD,14887,7,40.99,0.0,0,0,0,0.0,0,11,0,0,0,0,2665
"Apr 03, 2025","=""516203922618177""",N.Keyword.Store.SB.UPS.StoreSpotlight,,250,DAILY_BUDGET,ENABLED,USD,23967,171,605.14,2120.72,17,19,13,1647.4,13,267,0,22,0,0,9499
"Jan 27, 2025","=""533624646611887""",C.Keyword.Store.SB.UPS.StoreSpotlight,,250,DAILY_BUDGET,PAUSED,USD,0,0,0.0,0.0,0,0,0,0.0,0,0,0,0,0,0,0
"Mar 18, 2025","=""400654489506156""",B.Keyword.Products.SB.UPS.BestSellers,,250,DAILY_BUDGET,PAUSED,USD,13415,7,16.9,0.0,0,0,0,0.0,0,13,0,0,0,0,2775
"Apr 18, 2025","=""60249080858733""",C.Keyword.Video.SB.UPS.PFCSinewave.CPPFC(1),,250,DAILY_BUDGET,PAUSED,USD,193,0,0.0,0.0,0,0,0,0.0,0,0,0,0,16,9,23
"Mar 13, 2025","=""327967099369911""",N.Keyword.Products.SB.UPS.1500units,,250,DAILY_BUDGET,PAUSED,USD,188701,291,1876.52,3351.15,16,17,15,3161.2,16,407,0,32,0,0,67501
"Apr 27, 2025","=""74868404430193""",N.Keyword.Video.SB.UPS.SmartAppLCD.OR.OR500LCRM1U,,250,DAILY_BUDGET,PAUSED,USD,1020,6,5.59,334.95,1,1,1,334.95,1,29,0,2,60,10,142
"Apr 28, 2025","=""112828660396406""",N.Keyword.Video.SB.UPS.SmartAppSinewave.OLHD,,250,DAILY_BUDGET,PAUSED,USD,5095,7,20.63,0.0,0,0,0,0.0,0,13,0,0,337,24,826
"Jan 01, 2025","=""209147373785811""",N.Keyword.Video.SB.UPS.PFCSinewave.CPPFC(1),,250,DAILY_BUDGET,PAUSED,USD,3047,10,17.09,219.95,1,1,1,219.95,1,20,0,2,166,42,336
"Apr 01, 2025","=""74868404430193""",N.Keyword.Video.SB.UPS.SmartAppLCD.OR.OR500LCRM1U,,250,DAILY_BUDGET,PAUSED,USD,1034,10,7.79,399.9,2,2,0,0.0,0,13,0,3,72,5,142
"Mar 30, 2025","=""327967099369911""",N.Keyword.Products.SB.UPS.1500units,,250,DAILY_BUDGET,PAUSED,USD,222228,407,2497.66,1463.55,9,9,8,1347.6,8,409,0,14,0,0,76956
"Mar 27, 2025","=""85546644235770""",C.Keyword.Video.SB.UPS.IntelligentLCD.CPAVR3,,250,DAILY_BUDGET,PAUSED,USD,3532,19,22.08,219.95,1,1,1,219.95,1,37,0,1,181,13,407
"Jan 15, 2025","=""327967099369911""",N.Keyword.Products.SB.UPS.1500units,,250,DAILY_BUDGET,PAUSED,USD,4748,10,55.51,271.8,2,4,2,271.8,4,19,0,3,0,0,1278
"Apr 30, 2025","=""249902179030051""",N.Keyword.Video.SB.UPS.Surge.CSP,,250,DAILY_BUDGET,PAUSED,USD,1875,27,24.09,53.97,1,3,1,53.97,3,43,0,6,163,16,359
"Apr 19, 2025","=""400654489506156""",B.Keyword.Products.SB.UPS.BestSellers,,250,DAILY_BUDGET,PAUSED,USD,5824,7,32.32,53.95,1,1,0,0.0,0,44,0,1,0,0,1741
"Apr 14, 2025","=""60249080858733""",C.Keyword.Video.SB.UPS.PFCSinewave.CPPFC(1),,250,DAILY_BUDGET,PAUSED,USD,380,0,0.0,0.0,0,0,0,0.0,0,0,0,0,38,12,59
"Apr 17, 2025","=""300358990869228""",B.Keyword.Store.SB.UPS.StoreSpotlight,,250,DAILY_BUDGET,ENABLED,USD,1364,14,131.11,3472.23,33,45,25,2694.18,35,281,0,58,0,0,1134
"Apr 05, 2025","=""369323377946560""",B2B - N.Keyword.Store.SB.UPS.StoreSpotlight,,250,DAILY_BUDGET,ENABLED,USD,162,0,0.0,0.0,0,0,0,0.0,0,0,0,0,0,0,80
"Apr 19, 2025","=""209147373785811""",N.Keyword.Video.SB.UPS.PFCSinewave.CPPFC(1),,250,DAILY_BUDGET,PAUSED,USD,1842,10,26.67,0.0,0,0,0,0.0,0,15,0,0,119,24,311
"Apr 26, 2025","=""353873361287335""",B2B - B.Keyword.Store.SB.UPS.StoreSpotlight,,250,DAILY_BUDGET,ENABLED,USD,43,1,1.67,0.0,0,0,0,0.0,0,0,0,0,0,0,13
"Apr 12, 2025","=""288898439745613""",B2B - N.Keyword.Products.SB.UPS.1500units,,250,DAILY_BUDGET,ENABLED,USD,13124,32,349.15,449.9,2,2,2,449.9,2,71,0,4,0,0,5169
"Apr 26, 2025","=""85546644235770""",C.Keyword.Video.SB.UPS.IntelligentLCD.CPAVR3,,250,DAILY_BUDGET,PAUSED,USD,3079,20,27.86,189.95,1,1,1,189.95,1,32,0,2,242,15,460
"Jan 21, 2025","=""38757712528936""",B.Keyword.Video.SB.UPS.PFCSinewave.CPPFC(1),,250,DAILY_BUDGET,PAUSED,USD,8774,45,145.55,1267.99,6,7,6,1267.99,7,117,0,10,588,182,863
"Jan 10, 2025","=""38757712528936""",B.Keyword.Video.SB.UPS.PFCSinewave.CPPFC(1),,250,DAILY_BUDGET,PAUSED,USD,8194,27,85.63,439.9,2,2,1,219.95,1,69,0,5,339,96,550
"Apr 19, 2025","=""112828660396406""",N.Keyword.Video.SB.UPS.SmartAppSinewave.OLHD,,250,DAILY_BUDGET,PAUSED,USD,501,1,2.0,0.0,0,0,0,0.0,0,1,0,0,47,5,96
"Mar 31, 2025","=""300358990869228""",B.Keyword.Store.SB.UPS.StoreSpotlight,,250,DAILY_BUDGET,ENABLED,USD,3900,46,206.57,10803.56,43,81,30,7497.41,51,330,0,65,0,0,3107
"Jan 25, 2025","=""533624646611887""",C.Keyword.Store.SB.UPS.StoreSpotlight,,250,DAILY_BUDGET,PAUSED,USD,0,0,0.0,0.0,0,0,0,0.0,0,0,0,0,0,0,0
"Apr 25, 2025","=""400654489506156""",B.Keyword.Products.SB.UPS.BestSellers,,250,DAILY_BUDGET,PAUSED,USD,10030,8,29.88,0.0,0,0,0,0.0,0,24,0,0,0,0,2698
"Jan 24, 2025","=""533624646611887""",C.Keyword.Store.SB.UPS.StoreSpotlight,,250,DAILY_BUDGET,PAUSED,USD,0,0,0.0,0.0,0,0,0,0.0,0,0,0,0,0,0,0
"Mar 05, 2025","=""300358990869228""",B.Keyword.Store.SB.UPS.StoreSpotlight,,250,DAILY_BUDGET,ENABLED,USD,6510,54,230.81,24274.46,110,176,78,12774.92,100,813,0,157,0,0,4992
"Mar 20, 2025","=""85546644235770""",C.Keyword.Video.SB.UPS.IntelligentLCD.CPAVR3,,250,DAILY_BUDGET,PAUSED,USD,4224,20,22.89,599.85,3,3,1,219.95,1,49,0,6,221,24,415
"Jan 25, 2025","=""74868404430193""",N.Keyword.Video.SB.UPS.SmartAppLCD.OR.OR500LCRM1U,,250,DAILY_BUDGET,PAUSED,USD,1633,10,8.24,0.0,0,0,0,0.0,0,36,0,1,92,9,215
"Jan 31, 2025","=""60249080858733""",C.Keyword.Video.SB.UPS.PFCSinewave.CPPFC(1),,250,DAILY_BUDGET,PAUSED,USD,316,2,3.23,219.95,1,1,1,219.95,1,7,0,1,9,3,23
"Feb 09, 2025","=""85546644235770""",C.Keyword.Video.SB.UPS.IntelligentLCD.CPAVR3,,250,DAILY_BUDGET,PAUSED,USD,2295,14,12.05,0.0,0,0,0,0.0,0,38,0,1,142,14,286
"Apr 12, 2025","=""400654489506156""",B.Keyword.Products.SB.UPS.BestSellers,,250,DAILY_BUDGET,PAUSED,USD,9017,7,33.31,159.95,1,1,1,159.95,1,16,0,0,0,0,2399
"Jan 11, 2025","=""533624646611887""",C.Keyword.Store.SB.UPS.StoreSpotlight,,250,DAILY_BUDGET,PAUSED,USD,17379,40,127.61,417.85,3,3,3,417.85,3,68,0,5,0,0,4780
"Apr 14, 2025","=""300358990869228""",B.Keyword.Store.SB.UPS.StoreSpotlight,,250,DAILY_BUDGET,ENABLED,USD,5373,48,208.91,7508.31,43,67,33,6244.72,53,424,0,69,0,0,4002
"Apr 10, 2025","=""84817009251939""",C.Keyword.Video.SB.PFCSinewave.CP1500PFCRM2U.B0B354X985,,250,DAILY_BUDGET,ENABLED,USD,10603,41,52.29,534.9,2,2,2,534.9,2,84,0,6,673,48,1563
"Apr 10, 2025","=""288898439745613""",B2B - N.Keyword.Products.SB.UPS.1500units,,250,DAILY_BUDGET,ENABLED,USD,28688,69,617.33,2604.45,2,11,1,1804.95,1,88,0,10,0,0,10593
"Feb 13, 2025","=""209147373785811""",N.Keyword.Video.SB.UPS.PFCSinewave.CPPFC(1),,250,DAILY_BUDGET,PAUSED,USD,3485,16,76.14,219.95,1,1,1,219.95,1,32,0,4,398,88,711
"Apr 29, 2025","=""84817009251939""",C.Keyword.Video.SB.PFCSinewave.CP1500PFCRM2U.B0B354X985,,250,DAILY_BUDGET,ENABLED,USD,14950,90,138.15,5394.5,9,11,5,2344.65,7,204,0,17,999,63,2282
"Mar 17, 2025","=""300358990869228""",B.Keyword.Store.SB.UPS.StoreSpotlight,,250,DAILY_BUDGET,ENABLED,USD,4156,36,159.21,10959.78,39,57,28,6965.64,43,274,0,46,0,0,3195
"Apr 06, 2025","=""353873361287335""",B2B - B.Keyword.Store.SB.UPS.StoreSpotlight,,250,DAILY_BUDGET,ENABLED,USD,176,1,7.66,259.95,1,1,1,259.95,1,3,0,1,0,0,72
"Jan 03, 2025","=""60249080858733""",C.Keyword.Video.SB.UPS.PFCSinewave.CPPFC(1),,250,DAILY_BUDGET,PAUSED,USD,114,0,0.0,0.0,0,0,0,0.0,0,0,0,0,4,0,7
"Jan 02, 2025","=""112828660396406""",N.Keyword.Video.SB.UPS.SmartAppSinewave.OLHD,,250,DAILY_BUDGET,PAUSED,USD,2391,9,14.08,0.0,0,0,0,0.0,0,20,0,0,178,27,324
"Jan 12, 2025","=""300358990869228""",B.Keyword.Store.SB.UPS.StoreSpotlight,,250,DAILY_BUDGET,ENABLED,USD,20267,182,2504.49,4045.24,34,39,28,2954.29,33,878,0,77,0,0,18303
"Jan 15, 2025","=""300358990869228""",B.Keyword.Store.SB.UPS.StoreSpotlight,,250,DAILY_BUDGET,ENABLED,USD,18398,177,2306.39,17420.95,85,120,54,9806.5,67,1080,0,180,0,0,16552
"Jan 09, 2025","=""400654489506156""",B.Keyword.Products.SB.UPS.BestSellers,,250,DAILY_BUDGET,PAUSED,USD,15656,10,36.99,599.85,3,3,3,599.85,3,33,0,5,0,0,3667
"Apr 16, 2025","=""209147373785811""",N.Keyword.Video.SB.UPS.PFCSinewave.CPPFC(1),,250,DAILY_BUDGET,PAUSED,USD,2943,11,30.22,0.0,0,0,0,0.0,0,51,0,3,183,30,480
"Feb 14, 2025","=""84817009251939""",C.Keyword.Video.SB.PFCSinewave.CP1500PFCRM2U.B0B354X985,,250,DAILY_BUDGET,ENABLED,USD,9161,78,101.47,2469.55,7,10,2,414.9,2,176,0,11,979,102,1710
"Mar 07, 2025","=""300358990869228""",B.Keyword.Store.SB.UPS.StoreSpotlight,,250,DAILY_BUDGET,ENABLED,USD,5795,55,202.43,10410.52,58,62,41,6536.73,44,525,0,88,0,0,4424
"Apr 20, 2025","=""450441693358033""",B2B - B.Keyword.Products.SB.UPS.1500units,,250,DAILY_BUDGET,ENABLED,USD,205,0,0.0,0.0,0,0,0,0.0,0,0,0,0,0,0,13
"Apr 11, 2025","=""327967099369911""",N.Keyword.Products.SB.UPS.1500units,,250,DAILY_BUDGET,PAUSED,USD,102706,221,822.38,1399.6,8,8,7,1289.65,7,305,0,19,0,0,27115
"Jan 12, 2025","=""38757712528936""",B.Keyword.Video.SB.UPS.PFCSinewave.CPPFC(1),,250,DAILY_BUDGET,PAUSED,USD,6196,21,65.61,454.65,3,7,2,234.7,6,63,0,7,282,90,487
"Jan 20, 2025","=""209147373785811""",N.Keyword.Video.SB.UPS.PFCSinewave.CPPFC(1),,250,DAILY_BUDGET,PAUSED,USD,3776,24,31.96,439.9,2,2,2,439.9,2,67,0,5,310,54,571
"Jan 28, 2025","=""516203922618177""",N.Keyword.Store.SB.UPS.StoreSpotlight,,250,DAILY_BUDGET,ENABLED,USD,0,0,0.0,0.0,0,0,0,0.0,0,0,0,0,0,0,0
"Jan 01, 2025","=""74868404430193""",N.Keyword.Video.SB.UPS.SmartAppLCD.OR.OR500LCRM1U,,250,DAILY_BUDGET,PAUSED,USD,3090,21,18.22,0.0,0,0,0,0.0,0,39,0,4,195,21,419
"Feb 19, 2025","=""85546644235770""",C.Keyword.Video.SB.UPS.IntelligentLCD.CPAVR3,,250,DAILY_BUDGET,PAUSED,USD,2610,20,20.01,1284.7,6,7,4,1094.75,5,61,0,6,183,15,377
"Feb 23, 2025","=""112828660396406""",N.Keyword.Video.SB.UPS.SmartAppSinewave.OLHD,,250,DAILY_BUDGET,PAUSED,USD,1383,7,15.91,0.0,0,0,0,0.0,0,26,0,0,91,15,195
"Apr 04, 2025","=""60249080858733""",C.Keyword.Video.SB.UPS.PFCSinewave.CPPFC(1),,250,DAILY_BUDGET,PAUSED,USD,418,5,10.55,0.0,0,0,0,0.0,0,9,0,2,42,6,71
"Jan 06, 2025","=""112828660396406""",N.Keyword.Video.SB.UPS.SmartAppSinewave.OLHD,,250,DAILY_BUDGET,PAUSED,USD,2681,7,10.69,0.0,0,0,0,0.0,0,19,0,1,237,35,434
"Mar 21, 2025","=""38757712528936""",B.Keyword.Video.SB.UPS.PFCSinewave.CPPFC(1),,250,DAILY_BUDGET,PAUSED,USD,5311,43,246.1,1276.7,6,6,5,1214.75,5,147,0,13,610,150,903
"Mar 23, 2025","=""327967099369911""",N.Keyword.Products.SB.UPS.1500units,,250,DAILY_BUDGET,PAUSED,USD,254267,349,2242.72,1503.5,8,10,7,1440.55,9,391,0,16,0,0,87013
"Apr 15, 2025","=""112828660396406""",N.Keyword.Video.SB.UPS.SmartAppSinewave.OLHD,,250,DAILY_BUDGET,PAUSED,USD,721,0,0.0,0.0,0,0,0,0.0,0,0,0,0,48,5,105
"Feb 27, 2025","=""516203922618177""",N.Keyword.Store.SB.UPS.StoreSpotlight,,250,DAILY_BUDGET,ENABLED,USD,229509,365,4838.51,8122.55,22,49,12,6497.15,37,308,0,36,0,0,98907
"Jan 17, 2025","=""209147373785811""",N.Keyword.Video.SB.UPS.PFCSinewave.CPPFC(1),,250,DAILY_BUDGET,PAUSED,USD,2667,18,25.15,439.9,1,2,0,0.0,0,57,0,5,174,38,364
"Mar 17, 2025","=""84817009251939""",C.Keyword.Video.SB.PFCSinewave.CP1500PFCRM2U.B0B354X985,,250,DAILY_BUDGET,ENABLED,USD,12201,72,90.28,3341.81,10,15,2,994.9,2,171,0,14,716,57,1439
"Mar 06, 2025","=""209147373785811""",N.Keyword.Video.SB.UPS.PFCSinewave.CPPFC(1),,250,DAILY_BUDGET,PAUSED,USD,11479,90,406.86,1729.6,8,8,8,1729.6,8,202,0,17,1042,240,1846
"Feb 02, 2025","=""38757712528936""",B.Keyword.Video.SB.UPS.PFCSinewave.CPPFC(1),,250,DAILY_BUDGET,PAUSED,USD,6949,34,105.31,879.8,4,4,3,659.85,3,103,0,7,452,126,697
"Mar 28, 2025","=""516203922618177""",N.Keyword.Store.SB.UPS.StoreSpotlight,,250,DAILY_BUDGET,ENABLED,USD,25373,148,565.36,4171.78,20,22,16,2831.1,18,297,0,32,0,0,10263
"Apr 21, 2025","=""400654489506156""",B.Keyword.Products.SB.UPS.BestSellers,,250,DAILY_BUDGET,PAUSED,USD,10473,9,27.01,53.95,1,1,1,53.95,1,15,0,1,0,0,3018
"Mar 25, 2025","=""84817009251939""",C.Keyword.Video.SB.PFCSinewave.CP1500PFCRM2U.B0B354X985,,250,DAILY_BUDGET,ENABLED,USD,12274,63,92.29,5255.05,8,19,3,855.75,5,137,0,15,717,58,1492
"Feb 17, 2025","=""209147373785811""",N.Keyword.Video.SB.UPS.PFCSinewave.CPPFC(1),,250,DAILY_BUDGET,PAUSED,USD,1679,13,86.61,219.95,1,1,1,219.95,1,37,0,1,194,51,351
"Apr 08, 2025","=""84817009251939""",C.Keyword.Video.SB.PFCSinewave.CP1500PFCRM2U.B0B354X985,,250,DAILY_BUDGET,ENABLED,USD,8319,30,37.07,0.0,0,0,0,0.0,0,67,0,3,479,45,976
"Feb 06, 2025","=""74868404430193""",N.Keyword.Video.SB.UPS.SmartAppLCD.OR.OR500LCRM1U,,250,DAILY_BUDGET,PAUSED,USD,1114,9,8.23,199.95,1,1,1,199.95,1,22,0,2,67,15,159
"Feb 16, 2025","=""209147373785811""",N.Keyword.Video.SB.UPS.PFCSinewave.CPPFC(1),,250,DAILY_BUDGET,PAUSED,USD,2344,17,84.03,0.0,0,0,0,0.0,0,22,0,0,247,55,470
"Jan 25, 2025","=""209147373785811""",N.Keyword.Video.SB.UPS.PFCSinewave.CPPFC(1),,250,DAILY_BUDGET,PAUSED,USD,4361,29,40.53,659.85,3,3,3,659.85,3,57,0,5,369,79,684
"Mar 04, 2025","=""400654489506156""",B.Keyword.Products.SB.UPS.BestSellers,,250,DAILY_BUDGET,PAUSED,USD,25893,11,87.19,0.0,0,0,0,0.0,0,15,0,0,0,0,4651
"Mar 02, 2025","=""327967099369911""",N.Keyword.Products.SB.UPS.1500units,,250,DAILY_BUDGET,PAUSED,USD,91466,186,1112.62,189.95,1,1,1,189.95,1,325,0,10,0,0,32710
"Feb 07, 2025","=""112828660396406""",N.Keyword.Video.SB.UPS.SmartAppSinewave.OLHD,,250,DAILY_BUDGET,PAUSED,USD,495,2,3.21,0.0,0,0,0,0.0,0,1,0,0,32,3,56
"Feb 07, 2025","=""84817009251939""",C.Keyword.Video.SB.PFCSinewave.CP1500PFCRM2U.B0B354X985,,250,DAILY_BUDGET,ENABLED,USD,11660,119,146.11,2955.73,10,10,5,1221.75,5,312,0,18,1407,176,2340
"Apr 11, 2025","=""353873361287335""",B2B - B.Keyword.Store.SB.UPS.StoreSpotlight,,250,DAILY_BUDGET,ENABLED,USD,293,2,7.1,895.96,2,4,1,223.99,1,15,0,3,0,0,136
"Apr 30, 2025","=""300358990869228""",B.Keyword.Store.SB.UPS.StoreSpotlight,,250,DAILY_BUDGET,ENABLED,USD,1722,18,161.19,6465.91,47,59,34,4164.06,40,424,0,61,0,0,1504
"Jan 12, 2025","=""112828660396406""",N.Keyword.Video.SB.UPS.SmartAppSinewave.OLHD,,250,DAILY_BUDGET,PAUSED,USD,910,2,4.04,0.0,0,0,0,0.0,0,4,0,0,72,12,148
"Feb 28, 2025","=""516203922618177""",N.Keyword.Store.SB.UPS.StoreSpotlight,,250,DAILY_BUDGET,ENABLED,USD,307824,505,6619.68,8128.1,29,38,21,3560.75,25,476,0,47,0,0,129681
"Apr 01, 2025","=""84817009251939""",C.Keyword.Video.SB.PFCSinewave.CP1500PFCRM2U.B0B354X985,,250,DAILY_BUDGET,ENABLED,USD,11740,54,67.9,0.0,0,0,0,0.0,0,120,0,3,828,64,1776
"Jan 23, 2025","=""300358990869228""",B.Keyword.Store.SB.UPS.StoreSpotlight,,250,DAILY_BUDGET,ENABLED,USD,0,0,0.0,0.0,0,0,0,0.0,0,0,0,0,0,0,0
"Jan 13, 2025","=""84817009251939""",C.Keyword.Video.SB.PFCSinewave.CP1500PFCRM2U.B0B354X985,,250,DAILY_BUDGET,ENABLED,USD,9946,65,80.5,4889.45,9,11,5,3574.65,7,212,0,17,799,68,1551
"Apr 15, 2025","=""38757712528936""",B.Keyword.Video.SB.UPS.PFCSinewave.CPPFC(1),,250,DAILY_BUDGET,PAUSED,USD,3678,39,212.75,895.75,5,5,4,730.8,4,69,0,7,372,114,601
"Apr 24, 2025","=""288898439745613""",B2B - N.Keyword.Products.SB.UPS.1500units,,250,DAILY_BUDGET,ENABLED,USD,25188,52,570.22,783.95,2,7,0,0.0,0,67,0,4,0,0,10200
"Apr 13, 2025","=""209147373785811""",N.Keyword.Video.SB.UPS.PFCSinewave.CPPFC(1),,250,DAILY_BUDGET,PAUSED,USD,6147,36,173.68,774.85,3,3,2,439.9,2,78,0,8,513,104,1099
"Apr 01, 2025","=""85546644235770""",C.Keyword.Video.SB.UPS.IntelligentLCD.CPAVR3,,250,DAILY_BUDGET,PAUSED,USD,3156,16,17.13,189.95,1,1,1,189.95,1,37,0,4,217,14,464
"Feb 05, 2025","=""85546644235770""",C.Keyword.Video.SB.UPS.IntelligentLCD.CPAVR3,,250,DAILY_BUDGET,PAUSED,USD,3309,13,11.98,349.9,2,2,2,349.9,2,28,0,2,186,21,345
"Mar 31, 2025","=""74868404430193""",N.Keyword.Video.SB.UPS.SmartAppLCD.OR.OR500LCRM1U,,250,DAILY_BUDGET,PAUSED,USD,2003,10,9.45,334.95,1,1,0,0.0,0,20,0,1,113,15,240
"Mar 09, 2025","=""74868404430193""",N.Keyword.Video.SB.UPS.SmartAppLCD.OR.OR500LCRM1U,,250,DAILY_BUDGET,PAUSED,USD,1238,7,6.24,0.0,0,0,0,0.0,0,12,0,0,79,9,153
"Jan 02, 2025","=""60249080858733""",C.Keyword.Video.SB.UPS.PFCSinewave.CPPFC(1),,250,DAILY_BUDGET,PAUSED,USD,162,0,0.0,0.0,0,0,0,0.0,0,0,0,0,5,1,15
"Jan 17, 2025","=""60249080858733""",C.Keyword.Video.SB.UPS.PFCSinewave.CPPFC(1),,250,DAILY_BUDGET,PAUSED,USD,448,1,1.56,0.0,0,0,0,0.0,0,4,0,0,13,1,29
"Mar 30, 2025","=""60249080858733""",C.Keyword.Video.SB.UPS.PFCSinewave.CPPFC(1),,250,DAILY_BUDGET,PAUSED,USD,720,1,1.99,0.0,0,0,0,0.0,0,2,0,0,55,13,108
"Apr 04, 2025","=""209147373785811""",N.Keyword.Video.SB.UPS.PFCSinewave.CPPFC(1),,250,DAILY_BUDGET,PAUSED,USD,6870,56,222.8,1319.7,6,6,6,1319.7,6,149,0,12,789,168,1427
"Mar 12, 2025","=""74868404430193""",N.Keyword.Video.SB.UPS.SmartAppLCD.OR.OR500LCRM1U,,250,DAILY_BUDGET,PAUSED,USD,1109,8,5.5,0.0,0,0,0,0.0,0,12,0,0,54,4,108
"Apr 20, 2025","=""369323377946560""",B2B - N.Keyword.Store.SB.UPS.StoreSpotlight,,250,DAILY_BUDGET,ENABLED,USD,184,1,4.02,0.0,0,0,0,0.0,0,4,0,0,0,0,100
"Apr 16, 2025","=""60249080858733""",C.Keyword.Video.SB.UPS.PFCSinewave.CPPFC(1),,250,DAILY_BUDGET,PAUSED,USD,520,1,1.57,0.0,0,0,0,0.0,0,0,0,0,50,9,102
"Apr 28, 2025","=""300358990869228""",B.Keyword.Store.SB.UPS.StoreSpotlight,,250,DAILY_BUDGET,ENABLED,USD,1988,24,141.6,6167.24,39,43,33,3960.08,37,369,0,62,0,0,1657
"Apr 09, 2025","=""327967099369911""",N.Keyword.Products.SB.UPS.1500units,,250,DAILY_BUDGET,PAUSED,USD,183732,340,1606.22,1713.5,8,10,8,1713.5,10,368,0,21,0,0,58414
"Mar 12, 2025","=""85546644235770""",C.Keyword.Video.SB.UPS.IntelligentLCD.CPAVR3,,250,DAILY_BUDGET,PAUSED,USD,2700,16,15.72,0.0,0,0,0,0.0,0,28,0,1,154,13,316
"Feb 19, 2025","=""84817009251939""",C.Keyword.Video.SB.PFCSinewave.CP1500PFCRM2U.B0B354X985,,250,DAILY_BUDGET,ENABLED,USD,13916,101,131.75,2305.15,7,7,4,1300.3,4,222,0,17,1317,135,2478
"Apr 03, 2025","=""369323377946560""",B2B - N.Keyword.Store.SB.UPS.StoreSpotlight,,250,DAILY_BUDGET,ENABLED,USD,148,0,0.0,0.0,0,0,0,0.0,0,0,0,0,0,0,93
"Jan 15, 2025","=""84817009251939""",C.Keyword.Video.SB.PFCSinewave.CP1500PFCRM2U.B0B354X985,,250,DAILY_BUDGET,ENABLED,USD,9912,73,101.6,3793.5,6,10,4,2344.65,7,178,0,21,805,53,1560
"Feb 01, 2025","=""74868404430193""",N.Keyword.Video.SB.UPS.SmartAppLCD.OR.OR500LCRM1U,,250,DAILY_BUDGET,PAUSED,USD,1051,8,7.88,308.11,2,2,1,299.95,1,30,0,4,57,5,131
"Apr 03, 2025","=""85546644235770""",C.Keyword.Video.SB.UPS.IntelligentLCD.CPAVR3,,250,DAILY_BUDGET,PAUSED,USD,3227,14,16.63,0.0,0,0,0,0.0,0,25,0,0,248,24,497
"Jan 22, 2025","=""84817009251939""",C.Keyword.Video.SB.PFCSinewave.CP1500PFCRM2U.B0B354X985,,250,DAILY_BUDGET,ENABLED,USD,9771,87,115.04,1764.75,6,6,5,1429.8,5,272,0,35,1227,156,1988
"Mar 16, 2025","=""300358990869228""",B.Keyword.Store.SB.UPS.StoreSpotlight,,250,DAILY_BUDGET,ENABLED,USD,5346,41,190.64,3817.36,20,25,18,2627.92,21,298,0,38,0,0,4209
"Mar 01, 2025","=""84817009251939""",C.Keyword.Video.SB.PFCSinewave.CP1500PFCRM2U.B0B354X985,,250,DAILY_BUDGET,ENABLED,USD,8885,67,79.09,1816.65,7,7,3,731.85,3,182,0,16,740,54,1459
"Mar 14, 2025","=""327967099369911""",N.Keyword.Products.SB.UPS.1500units,,250,DAILY_BUDGET,PAUSED,USD,151523,277,1815.62,2995.12,14,18,10,2413.3,14,397,0,31,0,0,53777
"Apr 04, 2025","=""300358990869228""",B.Keyword.Store.SB.UPS.StoreSpotlight,,250,DAILY_BUDGET,ENABLED,USD,4571,35,205.35,5464.52,29,36,19,2321.97,21,311,0,39,0,0,3490
"Mar 22, 2025","=""84817009251939""",C.Keyword.Video.SB.PFCSinewave.CP1500PFCRM2U.B0B354X985,,250,DAILY_BUDGET,ENABLED,USD,6748,35,39.31,749.85,3,3,2,414.9,2,97,0,10,398,35,788
"Feb 08, 2025","=""84817009251939""",C.Keyword.Video.SB.PFCSinewave.CP1500PFCRM2U.B0B354X985,,250,DAILY_BUDGET,ENABLED,USD,11027,130,154.68,1874.6,8,8,6,1204.7,6,387,0,26,1224,115,2229
"Mar 23, 2025","=""84817009251939""",C.Keyword.Video.SB.PFCSinewave.CP1500PFCRM2U.B0B354X985,,250,DAILY_BUDGET,ENABLED,USD,10137,70,85.32,2916.41,8,10,4,1407.05,5,184,0,16,675,52,1376
"Feb 21, 2025","=""400654489506156""",B.Keyword.Products.SB.UPS.BestSellers,,250,DAILY_BUDGET,PAUSED,USD,640,0,0.0,0.0,0,0,0,0.0,0,0,0,0,0,0,161
"Jan 14, 2025","=""327967099369911""",N.Keyword.Products.SB.UPS.1500units,,250,DAILY_BUDGET,PAUSED,USD,60777,197,1585.1,5961.46,29,34,20,4206.01,23,444,0,51,0,0,21129
"Jan 07, 2025","=""74868404430193""",N.Keyword.Video.SB.UPS.SmartAppLCD.OR.OR500LCRM1U,,250,DAILY_BUDGET,PAUSED,USD,1673,5,4.56,459.95,1,1,1,459.95,1,8,0,2,65,7,181
"Mar 30, 2025","=""400654489506156""",B.Keyword.Products.SB.UPS.BestSellers,,250,DAILY_BUDGET,PAUSED,USD,14675,16,40.41,219.95,1,1,1,219.95,1,18,0,1,0,0,3937
"Apr 27, 2025","=""85546644235770""",C.Keyword.Video.SB.UPS.IntelligentLCD.CPAVR3,,250,DAILY_BUDGET,PAUSED,USD,2765,23,27.62,569.85,3,3,2,379.9,2,70,0,5,172,9,441
"Jan 20, 2025","=""516203922618177""",N.Keyword.Store.SB.UPS.StoreSpotlight,,250,DAILY_BUDGET,ENABLED,USD,0,0,0.0,0.0,0,0,0,0.0,0,0,0,0,0,0,0
"Apr 17, 2025","=""369323377946560""",B2B - N.Keyword.Store.SB.UPS.StoreSpotlight,,250,DAILY_BUDGET,ENABLED,USD,315,0,0.0,0.0,0,0,0,0.0,0,0,0,0,0,0,179
"Apr 26, 2025","=""84817009251939""",C.Keyword.Video.SB.PFCSinewave.CP1500PFCRM2U.B0B354X985,,250,DAILY_BUDGET,ENABLED,USD,13280,63,105.75,875.84,4,4,4,875.84,4,125,0,4,935,52,2165
"Jan 29, 2025","=""38757712528936""",B.Keyword.Video.SB.UPS.PFCSinewave.CPPFC(1),,250,DAILY_BUDGET,PAUSED,USD,9313,34,99.76,956.77,6,7,3,380.75,3,102,0,8,544,190,813
"Jan 16, 2025","=""300358990869228""",B.Keyword.Store.SB.UPS.StoreSpotlight,,250,DAILY_BUDGET,ENABLED,USD,2155,37,152.55,7929.54,62,76,43,4661.65,48,606,0,108,0,0,1861
"Apr 19, 2025","=""60249080858733""",C.Keyword.Video.SB.UPS.PFCSinewave.CPPFC(1),,250,DAILY_BUDGET,PAUSED,USD,223,1,2.59,0.0,0,0,0,0.0,0,1,0,0,23,5,35
"Jan 29, 2025","=""327967099369911""",N.Keyword.Products.SB.UPS.1500units,,250,DAILY_BUDGET,PAUSED,USD,0,0,0.0,0.0,0,0,0,0.0,0,0,0,0,0,0,0
"Apr 18, 2025","=""112828660396406""",N.Keyword.Video.SB.UPS.SmartAppSinewave.OLHD,,250,DAILY_BUDGET,PAUSED,USD,509,0,0.0,0.0,0,0,0,0.0,0,1,0,0,33,2,84
"Apr 14, 2025","=""369323377946560""",B2B - N.Keyword.Store.SB.UPS.StoreSpotlight,,250,DAILY_BUDGET,ENABLED,USD,102,1,2.31,0.0,0,0,0,0.0,0,0,0,0,0,0,57
"Mar 29, 2025","=""74868404430193""",N.Keyword.Video.SB.UPS.SmartAppLCD.OR.OR500LCRM1U,,250,DAILY_BUDGET,PAUSED,USD,2167,10,9.94,0.0,0,0,0,0.0,0,9,0,2,127,12,288
"Mar 13, 2025","=""84817009251939""",C.Keyword.Video.SB.PFCSinewave.CP1500PFCRM2U.B0B354X985,,250,DAILY_BUDGET,ENABLED,USD,11380,56,68.33,3936.35,11,13,7,2261.6,8,144,0,15,653,58,1280
"Feb 21, 2025","=""74868404430193""",N.Keyword.Video.SB.UPS.SmartAppLCD.OR.OR500LCRM1U,,250,DAILY_BUDGET,PAUSED,USD,878,2,1.25,0.0,0,0,0,0.0,0,2,0,0,41,5,91
"Jan 21, 2025","=""516203922618177""",N.Keyword.Store.SB.UPS.StoreSpotlight,,250,DAILY_BUDGET,ENABLED,USD,0,0,0.0,0.0,0,0,0,0.0,0,0,0,0,0,0,0
"Jan 24, 2025","=""74868404430193""",N.Keyword.Video.SB.UPS.SmartAppLCD.OR.OR500LCRM1U,,250,DAILY_BUDGET,PAUSED,USD,1602,10,8.44,399.9,2,2,2,399.9,2,30,0,3,94,10,192
"Apr 12, 2025","=""327967099369911""",N.Keyword.Products.SB.UPS.1500units,,250,DAILY_BUDGET,PAUSED,USD,112892,203,641.0,449.9,2,2,2,449.9,2,268,0,3,0,0,31317
"Apr 01, 2025","=""209147373785811""",N.Keyword.Video.SB.UPS.PFCSinewave.CPPFC(1),,250,DAILY_BUDGET,PAUSED,USD,9294,67,302.27,1771.31,9,9,8,1579.6,8,167,0,15,1018,223,1991
"Mar 16, 2025","=""60249080858733""",C.Keyword.Video.SB.UPS.PFCSinewave.CPPFC(1),,250,DAILY_BUDGET,PAUSED,USD,661,0,0.0,0.0,0,0,0,0.0,0,0,0,0,26,3,52
"Feb 15, 2025","=""38757712528936""",B.Keyword.Video.SB.UPS.PFCSinewave.CPPFC(1),,250,DAILY_BUDGET,PAUSED,USD,4701,39,87.34,789.8,4,4,3,569.85,3,98,0,4,416,122,581
"Apr 22, 2025","=""516203922618177""",N.Keyword.Store.SB.UPS.StoreSpotlight,,250,DAILY_BUDGET,ENABLED,USD,22251,135,389.69,896.39,8,8,8,896.39,8,191,0,66,0,0,7596
"Jan 03, 2025","=""74868404430193""",N.Keyword.Video.SB.UPS.SmartAppLCD.OR.OR500LCRM1U,,250,DAILY_BUDGET,PAUSED,USD,3177,13,12.93,0.0,0,0,0,0.0,0,33,0,2,164,20,376
"Apr 23, 2025","=""249902179030051""",N.Keyword.Video.SB.UPS.Surge.CSP,,250,DAILY_BUDGET,PAUSED,USD,1835,26,25.61,63.3,2,3,2,63.3,3,29,0,3,142,12,312
"Apr 30, 2025","=""85546644235770""",C.Keyword.Video.SB.UPS.IntelligentLCD.CPAVR3,,250,DAILY_BUDGET,PAUSED,USD,3664,21,30.85,379.9,2,2,2,379.9,2,49,0,8,239,13,524
"Apr 22, 2025","=""327967099369911""",N.Keyword.Products.SB.UPS.1500units,,250,DAILY_BUDGET,PAUSED,USD,319511,345,4755.65,809.75,4,5,4,809.75,5,263,0,5,0,0,114988
"Feb 21, 2025","=""85546644235770""",C.Keyword.Video.SB.UPS.IntelligentLCD.CPAVR3,,250,DAILY_BUDGET,PAUSED,USD,2553,11,11.12,949.75,4,5,3,569.85,3,31,0,2,157,20,322
"Apr 16, 2025","=""84817009251939""",C.Keyword.Video.SB.PFCSinewave.CP1500PFCRM2U.B0B354X985,,250,DAILY_BUDGET,ENABLED,USD,10051,48,85.44,554.9,2,2,2,554.9,2,86,0,8,691,52,1437
"Feb 20, 2025","=""60249080858733""",C.Keyword.Video.SB.UPS.PFCSinewave.CPPFC(1),,250,DAILY_BUDGET,PAUSED,USD,610,4,11.96,0.0,0,0,0,0.0,0,8,0,0,41,7,66
"Jan 01, 2025","=""85546644235770""",C.Keyword.Video.SB.UPS.IntelligentLCD.CPAVR3,,250,DAILY_BUDGET,PAUSED,USD,10403,81,111.03,979.75,5,5,4,789.8,4,218,0,8,872,74,1684
"Mar 02, 2025","=""112828660396406""",N.Keyword.Video.SB.UPS.SmartAppSinewave.OLHD,,250,DAILY_BUDGET,PAUSED,USD,2070,7,12.09,0.0,0,0,0,0.0,0,15,0,1,122,11,299
"Apr 30, 2025","=""369323377946560""",B2B - N.Keyword.Store.SB.UPS.StoreSpotlight,,250,DAILY_BUDGET,ENABLED,USD,228,1,1.51,0.0,0,0,0,0.0,0,0,0,0,0,0,151
"Mar 23, 2025","=""209147373785811""",N.Keyword.Video.SB.UPS.PFCSinewave.CPPFC(1),,250,DAILY_BUDGET,PAUSED,USD,10977,84,418.57,1759.6,8,8,8,1759.6,8,183,0,13,1085,253,2083
"Apr 17, 2025","=""209147373785811""",N.Keyword.Video.SB.UPS.PFCSinewave.CPPFC(1),,250,DAILY_BUDGET,PAUSED,USD,4191,20,52.53,219.95,1,1,0,0.0,0,37,0,1,329,62,733
"Feb 11, 2025","=""74868404430193""",N.Keyword.Video.SB.UPS.SmartAppLCD.OR.OR500LCRM1U,,250,DAILY_BUDGET,PAUSED,USD,1017,5,3.85,0.0,0,0,0,0.0,0,5,0,0,54,11,127
"Feb 20, 2025","=""209147373785811""",N.Keyword.Video.SB.UPS.PFCSinewave.CPPFC(1),,250,DAILY_BUDGET,PAUSED,USD,3473,17,84.74,604.85,3,3,2,384.9,2,34,0,7,405,100,703
"Feb 14, 2025","=""209147373785811""",N.Keyword.Video.SB.UPS.PFCSinewave.CPPFC(1),,250,DAILY_BUDGET,PAUSED,USD,1873,14,78.99,384.9,2,2,2,384.9,2,30,0,2,257,63,424
"Mar 21, 2025","=""400654489506156""",B.Keyword.Products.SB.UPS.BestSellers,,250,DAILY_BUDGET,PAUSED,USD,12672,4,22.02,0.0,0,0,0,0.0,0,6,0,0,0,0,2583
"Mar 05, 2025","=""516203922618177""",N.Keyword.Store.SB.UPS.StoreSpotlight,,250,DAILY_BUDGET,ENABLED,USD,48028,405,1381.65,11449.86,54,70,40,8045.81,51,707,0,87,0,0,18682
"Apr 27, 2025","=""209147373785811""",N.Keyword.Video.SB.UPS.PFCSinewave.CPPFC(1),,250,DAILY_BUDGET,PAUSED,USD,2404,11,25.04,0.0,0,0,0,0.0,0,24,0,1,172,30,419
"Apr 04, 2025","=""38757712528936""",B.Keyword.Video.SB.UPS.PFCSinewave.CPPFC(1),,250,DAILY_BUDGET,PAUSED,USD,6872,43,375.45,493.85,3,3,1,219.95,1,101,0,7,568,170,972
"Mar 20, 2025","=""38757712528936""",B.Keyword.Video.SB.UPS.PFCSinewave.CPPFC(1),,250,DAILY_BUDGET,PAUSED,USD,6358,42,247.59,633.84,4,4,4,633.84,4,83,0,6,715,175,1116
"Feb 16, 2025","=""38757712528936""",B.Keyword.Video.SB.UPS.PFCSinewave.CPPFC(1),,250,DAILY_BUDGET,PAUSED,USD,6648,40,98.69,873.9,5,5,5,873.9,5,112,0,10,497,157,744
"Mar 28, 2025","=""60249080858733""",C.Keyword.Video.SB.UPS.PFCSinewave.CPPFC(1),,250,DAILY_BUDGET,PAUSED,USD,754,4,10.19,0.0,0,0,0,0.0,0,5,0,0,52,8,103
"Apr 24, 2025","=""38757712528936""",B.Keyword.Video.SB.UPS.PFCSinewave.CPPFC(1),,250,DAILY_BUDGET,PAUSED,USD,2794,23,98.42,384.9,2,2,2,384.9,2,46,0,7,328,79,530
"Jan 09, 2025","=""516203922618177""",N.Keyword.Store.SB.UPS.StoreSpotlight,,250,DAILY_BUDGET,ENABLED,USD,185826,362,1977.77,3484.0,14,16,11,2424.25,11,366,0,34,0,0,64018
"Feb 09, 2025","=""38757712528936""",B.Keyword.Video.SB.UPS.PFCSinewave.CPPFC(1),,250,DAILY_BUDGET,PAUSED,USD,3973,22,49.3,113.63,2,4,2,113.63,4,90,0,8,316,96,490
"Apr 01, 2025","=""60249080858733""",C.Keyword.Video.SB.UPS.PFCSinewave.CPPFC(1),,250,DAILY_BUDGET,PAUSED,USD,436,2,4.21,0.0,0,0,0,0.0,0,6,0,0,39,6,73
"Jan 01, 2025","=""112828660396406""",N.Keyword.Video.SB.UPS.SmartAppSinewave.OLHD,,250,DAILY_BUDGET,PAUSED,USD,2280,8,12.65,109.95,1,1,1,109.95,1,22,0,1,212,24,390
"Mar 02, 2025","=""60249080858733""",C.Keyword.Video.SB.UPS.PFCSinewave.CPPFC(1),,250,DAILY_BUDGET,PAUSED,USD,235,2,6.28,0.0,0,0,0,0.0,0,1,0,0,12,6,22
"Jan 13, 2025","=""400654489506156""",B.Keyword.Products.SB.UPS.BestSellers,,250,DAILY_BUDGET,PAUSED,USD,17941,12,120.17,538.85,2,3,1,439.9,2,49,0,2,0,0,4356
"Feb 22, 2025","=""300358990869228""",B.Keyword.Store.SB.UPS.StoreSpotlight,,250,DAILY_BUDGET,ENABLED,USD,4801,41,131.94,5328.13,36,47,25,2535.22,32,415,0,70,0,0,3640
"Apr 19, 2025","=""288898439745613""",B2B - N.Keyword.Products.SB.UPS.1500units,,250,DAILY_BUDGET,ENABLED,USD,15982,27,266.94,334.95,1,1,0,0.0,0,41,0,3,0,0,5989
"Mar 01, 2025","=""112828660396406""",N.Keyword.Video.SB.UPS.SmartAppSinewave.OLHD,,250,DAILY_BUDGET,PAUSED,USD,875,2,3.5,0.0,0,0,0,0.0,0,5,0,0,47,6,118
"Apr 15, 2025","=""369323377946560""",B2B - N.Keyword.Store.SB.UPS.StoreSpotlight,,250,DAILY_BUDGET,ENABLED,USD,167,1,3.53,0.0,0,0,0,0.0,0,1,0,0,0,0,90
"Apr 17, 2025","=""249902179030051""",N.Keyword.Video.SB.UPS.Surge.CSP,,250,DAILY_BUDGET,PAUSED,USD,278,2,1.63,0.0,0,0,0,0.0,0,3,0,0,19,2,45
"Mar 29, 2025","=""60249080858733""",C.Keyword.Video.SB.UPS.PFCSinewave.CPPFC(1),,250,DAILY_BUDGET,PAUSED,USD,586,2,5.45,0.0,0,0,0,0.0,0,2,0,0,44,6,87
"Apr 17, 2025","=""112828660396406""",N.Keyword.Video.SB.UPS.SmartAppSinewave.OLHD,,250,DAILY_BUDGET,PAUSED,USD,1078,5,17.07,0.0,0,0,0,0.0,0,7,0,0,89,13,191
"Jan 22, 2025","=""85546644235770""",C.Keyword.Video.SB.UPS.IntelligentLCD.CPAVR3,,250,DAILY_BUDGET,PAUSED,USD,4766,24,25.01,1391.6,2,8,1,1329.65,7,77,0,6,300,27,599
"Feb 03, 2025","=""60249080858733""",C.Keyword.Video.SB.UPS.PFCSinewave.CPPFC(1),,250,DAILY_BUDGET,PAUSED,USD,279,0,0.0,0.0,0,0,0,0.0,0,0,0,0,13,1,31
"Mar 14, 2025","=""516203922618177""",N.Keyword.Store.SB.UPS.StoreSpotlight,,250,DAILY_BUDGET,ENABLED,USD,20185,163,493.96,1400.55,7,9,7,1400.55,9,300,0,20,0,0,7712
"Mar 12, 2025","=""400654489506156""",B.Keyword.Products.SB.UPS.BestSellers,,250,DAILY_BUDGET,PAUSED,USD,15544,18,67.26,52.6,1,1,1,52.6,1,16,0,1,0,0,2929
"Jan 31, 2025","=""112828660396406""",N.Keyword.Video.SB.UPS.SmartAppSinewave.OLHD,,250,DAILY_BUDGET,PAUSED,USD,1497,6,8.22,0.0,0,0,0,0.0,0,9,0,0,112,13,217
"Apr 11, 2025","=""60249080858733""",C.Keyword.Video.SB.UPS.PFCSinewave.CPPFC(1),,250,DAILY_BUDGET,PAUSED,USD,432,2,5.23,0.0,0,0,0,0.0,0,2,0,0,41,8,71
"Apr 23, 2025","=""74868404430193""",N.Keyword.Video.SB.UPS.SmartAppLCD.OR.OR500LCRM1U,,250,DAILY_BUDGET,PAUSED,USD,1090,8,7.12,199.95,1,1,0,0.0,0,13,0,2,69,7,157
"Mar 17, 2025","=""60249080858733""",C.Keyword.Video.SB.UPS.PFCSinewave.CPPFC(1),,250,DAILY_BUDGET,PAUSED,USD,773,2,5.55,0.0,0,0,0,0.0,0,2,0,0,45,10,74
"Feb 12, 2025","=""209147373785811""",N.Keyword.Video.SB.UPS.PFCSinewave.CPPFC(1),,250,DAILY_BUDGET,PAUSED,USD,3893,19,89.0,659.85,3,3,3,659.85,3,43,0,7,502,163,854
"Apr 26, 2025","=""369323377946560""",B2B - N.Keyword.Store.SB.UPS.StoreSpotlight,,250,DAILY_BUDGET,ENABLED,USD,126,0,0.0,0.0,0,0,0,0.0,0,0,0,0,0,0,74
"Apr 25, 2025","=""516203922618177""",N.Keyword.Store.SB.UPS.StoreSpotlight,,250,DAILY_BUDGET,ENABLED,USD,27172,162,428.92,2149.39,13,13,11,1397.45,11,279,0,23,0,0,9298
"Apr 24, 2025","=""74868404430193""",N.Keyword.Video.SB.UPS.SmartAppLCD.OR.OR500LCRM1U,,250,DAILY_BUDGET,PAUSED,USD,898,8,6.49,0.0,0,0,0,0.0,0,11,0,0,46,5,115
"Apr 08, 2025","=""353873361287335""",B2B - B.Keyword.Store.SB.UPS.StoreSpotlight,,250,DAILY_BUDGET,ENABLED,USD,607,0,0.0,0.0,0,0,0,0.0,0,0,0,0,0,0,299
"Apr 29, 2025","=""300358990869228""",B.Keyword.Store.SB.UPS.StoreSpotlight,,250,DAILY_BUDGET,ENABLED,USD,1379,16,127.01,7000.31,34,37,31,6600.42,34,332,0,65,0,0,1201
"Jan 04, 2025","=""112828660396406""",N.Keyword.Video.SB.UPS.SmartAppSinewave.OLHD,,250,DAILY_BUDGET,PAUSED,USD,1960,6,12.6,0.0,0,0,0,0.0,0,14,0,1,137,13,295
"Jan 30, 2025","=""60249080858733""",C.Keyword.Video.SB.UPS.PFCSinewave.CPPFC(1),,250,DAILY_BUDGET,PAUSED,USD,448,0,0.0,0.0,0,0,0,0.0,0,0,0,0,11,2,32
"Feb 13, 2025","=""60249080858733""",C.Keyword.Video.SB.UPS.PFCSinewave.CPPFC(1),,250,DAILY_BUDGET,PAUSED,USD,907,3,9.25,0.0,0,0,0,0.0,0,3,0,0,79,26,117
"Apr 19, 2025","=""84817009251939""",C.Keyword.Video.SB.PFCSinewave.CP1500PFCRM2U.B0B354X985,,250,DAILY_BUDGET,ENABLED,USD,21144,95,180.4,1864.7,5,6,5,1864.7,6,169,0,7,1564,80,3498
"Apr 26, 2025","=""327967099369911""",N.Keyword.Products.SB.UPS.1500units,,250,DAILY_BUDGET,PAUSED,USD,102472,131,3031.4,219.95,1,1,1,219.95,1,122,0,2,0,0,41780
"Apr 18, 2025","=""249902179030051""",N.Keyword.Video.SB.UPS.Surge.CSP,,250,DAILY_BUDGET,PAUSED,USD,295,3,3.0,0.0,0,0,0,0.0,0,4,0,0,25,3,65
"Apr 26, 2025","=""249902179030051""",N.Keyword.Video.SB.UPS.Surge.CSP,,250,DAILY_BUDGET,PAUSED,USD,2314,33,31.74,17.99,1,1,1,17.99,1,51,0,3,176,17,404
"Feb 19, 2025","=""209147373785811""",N.Keyword.Video.SB.UPS.PFCSinewave.CPPFC(1),,250,DAILY_BUDGET,PAUSED,USD,5487,19,85.37,409.9,2,2,2,409.9,2,30,0,1,656,170,1195
"Jan 12, 2025","=""85546644235770""",C.Keyword.Video.SB.UPS.IntelligentLCD.CPAVR3,,250,DAILY_BUDGET,PAUSED,USD,3922,26,24.12,379.9,2,2,2,379.9,2,48,0,5,207,18,437
"Apr 20, 2025","=""85546644235770""",C.Keyword.Video.SB.UPS.IntelligentLCD.CPAVR3,,250,DAILY_BUDGET,PAUSED,USD,4028,36,55.43,433.95,2,2,2,433.95,2,115,0,8,358,24,775
"Feb 06, 2025","=""85546644235770""",C.Keyword.Video.SB.UPS.IntelligentLCD.CPAVR3,,250,DAILY_BUDGET,PAUSED,USD,2882,11,10.07,181.65,1,1,0,0.0,0,34,0,2,165,7,341
"Mar 07, 2025","=""38757712528936""",B.Keyword.Video.SB.UPS.PFCSinewave.CPPFC(1),,250,DAILY_BUDGET,PAUSED,USD,2106,4,15.16,0.0,0,0,0,0.0,0,5,0,1,123,36,216
"Apr 19, 2025","=""516203922618177""",N.Keyword.Store.SB.UPS.StoreSpotlight,,250,DAILY_BUDGET,ENABLED,USD,14625,74,240.36,1322.69,9,9,7,887.74,7,182,0,17,0,0,4756
"Jan 06, 2025","=""60249080858733""",C.Keyword.Video.SB.UPS.PFCSinewave.CPPFC(1),,250,DAILY_BUDGET,PAUSED,USD,207,1,1.74,0.0,0,0,0,0.0,0,1,0,0,8,1,16
"Mar 11, 2025","=""400654489506156""",B.Keyword.Products.SB.UPS.BestSellers,,250,DAILY_BUDGET,PAUSED,USD,14934,6,27.18,0.0,0,0,0,0.0,0,1,0,0,0,0,2558
"Feb 11, 2025","=""209147373785811""",N.Keyword.Video.SB.UPS.PFCSinewave.CPPFC(1),,250,DAILY_BUDGET,PAUSED,USD,4573,21,90.66,111.36,1,1,1,111.36,1,31,0,2,564,145,990
"Apr 28, 2025","=""327967099369911""",N.Keyword.Products.SB.UPS.1500units,,250,DAILY_BUDGET,PAUSED,USD,123000,167,3078.48,769.8,4,4,4,769.8,4,143,0,9,0,0,45071
"Mar 11, 2025","=""209147373785811""",N.Keyword.Video.SB.UPS.PFCSinewave.CPPFC(1),,250,DAILY_BUDGET,PAUSED,USD,12265,62,230.39,1014.75,5,5,5,1014.75,5,126,0,9,985,223,1921
"Feb 03, 2025","=""112828660396406""",N.Keyword.Video.SB.UPS.SmartAppSinewave.OLHD,,250,DAILY_BUDGET,PAUSED,USD,1050,3,4.54,0.0,0,0,0,0.0,0,6,0,0,103,13,167
"Mar 08, 2025","=""300358990869228""",B.Keyword.Store.SB.UPS.StoreSpotlight,,250,DAILY_BUDGET,ENABLED,USD,5728,59,190.68,2900.6,28,31,24,2727.67,27,350,0,55,0,0,4477
"Feb 25, 2025","=""85546644235770""",C.Keyword.Video.SB.UPS.IntelligentLCD.CPAVR3,,250,DAILY_BUDGET,PAUSED,USD,4545,20,19.51,189.95,1,1,1,189.95,1,52,0,5,278,22,566
"Mar 29, 2025","=""327967099369911""",N.Keyword.Products.SB.UPS.1500units,,250,DAILY_BUDGET,PAUSED,USD,229258,384,2515.25,1249.65,6,7,6,1249.65,7,438,0,20,0,0,81295
"Apr 03, 2025","=""400654489506156""",B.Keyword.Products.SB.UPS.BestSellers,,250,DAILY_BUDGET,PAUSED,USD,24170,21,104.57,0.0,0,0,0,0.0,0,20,0,1,0,0,5648
"Jan 11, 2025","=""74868404430193""",N.Keyword.Video.SB.UPS.SmartAppLCD.OR.OR500LCRM1U,,250,DAILY_BUDGET,PAUSED,USD,1290,9,7.85,0.0,0,0,0,0.0,0,12,0,1,73,11,154
"Mar 13, 2025","=""209147373785811""",N.Keyword.Video.SB.UPS.PFCSinewave.CPPFC(1),,250,DAILY_BUDGET,PAUSED,USD,12894,76,401.48,2649.3,12,14,8,2099.5,10,214,0,22,1175,297,2227
"Apr 17, 2025","=""288898439745613""",B2B - N.Keyword.Products.SB.UPS.1500units,,250,DAILY_BUDGET,ENABLED,USD,32213,56,574.61,589.85,3,3,3,589.85,3,74,0,5,0,0,11776
"Apr 29, 2025","=""516203922618177""",N.Keyword.Store.SB.UPS.StoreSpotlight,,250,DAILY_BUDGET,ENABLED,USD,23462,126,285.29,2303.35,12,13,11,2138.4,12,243,0,19,0,0,7470
"Feb 23, 2025","=""516203922618177""",N.Keyword.Store.SB.UPS.StoreSpotlight,,250,DAILY_BUDGET,ENABLED,USD,77790,204,1004.5,1513.55,9,9,8,1323.6,8,187,0,20,0,0,30583
"Jan 18, 2025","=""209147373785811""",N.Keyword.Video.SB.UPS.PFCSinewave.CPPFC(1),,250,DAILY_BUDGET,PAUSED,USD,3243,18,28.13,219.95,1,1,1,219.95,1,35,0,1,246,57,511
"Jan 17, 2025","=""112828660396406""",N.Keyword.Video.SB.UPS.SmartAppSinewave.OLHD,,250,DAILY_BUDGET,PAUSED,USD,1422,7,10.82,0.0,0,0,0,0.0,0,16,0,0,96,6,188
"Jan 10, 2025","=""533624646611887""",C.Keyword.Store.SB.UPS.StoreSpotlight,,250,DAILY_BUDGET,PAUSED,USD,6266,23,59.2,269.9,2,2,2,269.9,2,30,0,3,0,0,1966
"Apr 10, 2025","=""209147373785811""",N.Keyword.Video.SB.UPS.PFCSinewave.CPPFC(1),,250,DAILY_BUDGET,PAUSED,USD,5342,30,132.42,659.85,2,3,2,659.85,3,73,0,4,525,133,1002
"Feb 07, 2025","=""74868404430193""",N.Keyword.Video.SB.UPS.SmartAppLCD.OR.OR500LCRM1U,,250,DAILY_BUDGET,PAUSED,USD,854,9,9.13,0.0,0,0,0,0.0,0,21,0,3,46,8,107
"Feb 13, 2025","=""74868404430193""",N.Keyword.Video.SB.UPS.SmartAppLCD.OR.OR500LCRM1U,,250,DAILY_BUDGET,PAUSED,USD,1369,9,6.73,0.0,0,0,0,0.0,0,23,0,0,76,12,174
"Apr 25, 2025","=""288898439745613""",B2B - N.Keyword.Products.SB.UPS.1500units,,250,DAILY_BUDGET,ENABLED,USD,19820,43,509.87,1807.65,6,7,5,1699.75,5,362,0,10,0,0,7650
"Feb 08, 2025","=""74868404430193""",N.Keyword.Video.SB.UPS.SmartAppLCD.OR.OR500LCRM1U,,250,DAILY_BUDGET,PAUSED,USD,944,9,7.28,0.0,0,0,0,0.0,0,9,0,0,66,7,130
"Jan 04, 2025","=""74868404430193""",N.Keyword.Video.SB.UPS.SmartAppLCD.OR.OR500LCRM1U,,250,DAILY_BUDGET,PAUSED,USD,2861,17,18.49,334.95,1,1,1,334.95,1,45,0,2,177,28,355
"Jan 18, 2025","=""84817009251939""",C.Keyword.Video.SB.PFCSinewave.CP1500PFCRM2U.B0B354X985,,250,DAILY_BUDGET,ENABLED,USD,11692,142,189.33,8606.82,12,18,8,6408.85,11,392,0,25,1329,156,2291
"Mar 09, 2025","=""84817009251939""",C.Keyword.Video.SB.PFCSinewave.CP1500PFCRM2U.B0B354X985,,250,DAILY_BUDGET,ENABLED,USD,9227,43,52.2,212.99,1,1,0,0.0,0,102,0,7,548,51,1142
"Feb 09, 2025","=""209147373785811""",N.Keyword.Video.SB.UPS.PFCSinewave.CPPFC(1),,250,DAILY_BUDGET,PAUSED,USD,5164,22,84.59,604.85,3,3,1,219.95,1,51,0,5,605,166,1045
"Jan 09, 2025","=""533624646611887""",C.Keyword.Store.SB.UPS.StoreSpotlight,,250,DAILY_BUDGET,PAUSED,USD,16389,68,188.14,335.93,2,4,1,189.95,1,85,0,7,0,0,5035
"Mar 19, 2025","=""400654489506156""",B.Keyword.Products.SB.UPS.BestSellers,,250,DAILY_BUDGET,PAUSED,USD,15104,14,88.98,0.0,0,0,0,0.0,0,28,0,0,0,0,3441
"Apr 24, 2025","=""425328024590643""",C.Keyword.Products.SB.UPS.1500units,,250,DAILY_BUDGET,ENABLED,USD,4816,15,88.37,769.8,3,4,3,769.8,4,35,0,3,0,0,1915
"Mar 07, 2025","=""84817009251939""",C.Keyword.Video.SB.PFCSinewave.CP1500PFCRM2U.B0B354X985,,250,DAILY_BUDGET,ENABLED,USD,12043,52,61.49,2409.85,2,3,2,2409.85,3,99,0,6,745,71,1446
"Mar 05, 2025","=""327967099369911""",N.Keyword.Products.SB.UPS.1500units,,250,DAILY_BUDGET,PAUSED,USD,51352,133,1013.27,1459.65,6,7,4,1079.75,5,229,0,12,0,0,17727
"Jan 27, 2025","=""38757712528936""",B.Keyword.Video.SB.UPS.PFCSinewave.CPPFC(1),,250,DAILY_BUDGET,PAUSED,USD,10507,45,133.5,1129.75,6,6,3,659.85,3,149,0,11,600,207,916
"Apr 09, 2025","=""353873361287335""",B2B - B.Keyword.Store.SB.UPS.StoreSpotlight,,250,DAILY_BUDGET,ENABLED,USD,639,1,14.3,0.0,0,0,0,0.0,0,4,0,1,0,0,314
"Apr 04, 2025","=""369323377946560""",B2B - N.Keyword.Store.SB.UPS.StoreSpotlight,,250,DAILY_BUDGET,ENABLED,USD,126,1,2.74,0.0,0,0,0,0.0,0,1,0,0,0,0,69
"Mar 07, 2025","=""85546644235770""",C.Keyword.Video.SB.UPS.IntelligentLCD.CPAVR3,,250,DAILY_BUDGET,PAUSED,USD,4024,30,31.32,379.9,2,2,1,189.95,1,88,0,7,275,28,504
"Apr 07, 2025","=""369323377946560""",B2B - N.Keyword.Store.SB.UPS.StoreSpotlight,,250,DAILY_BUDGET,ENABLED,USD,232,1,1.32,0.0,0,0,0,0.0,0,1,0,0,0,0,121
"Jan 28, 2025","=""112828660396406""",N.Keyword.Video.SB.UPS.SmartAppSinewave.OLHD,,250,DAILY_BUDGET,PAUSED,USD,11148,31,101.61,53.95,1,1,1,53.95,1,45,0,1,1380,174,2400
"Apr 21, 2025","=""516203922618177""",N.Keyword.Store.SB.UPS.StoreSpotlight,,250,DAILY_BUDGET,ENABLED,USD,20689,150,480.88,2559.15,16,17,15,2339.2,16,301,0,27,0,0,7283
"Apr 15, 2025","=""516203922618177""",N.Keyword.Store.SB.UPS.StoreSpotlight,,250,DAILY_BUDGET,ENABLED,USD,15706,109,362.22,1509.65,5,7,3,599.8,4,180,0,14,0,0,5477
"Jan 28, 2025","=""209147373785811""",N.Keyword.Video.SB.UPS.PFCSinewave.CPPFC(1),,250,DAILY_BUDGET,PAUSED,USD,3203,28,42.18,884.8,3,4,0,0.0,0,59,0,5,283,70,470
"Apr 09, 2025","=""516203922618177""",N.Keyword.Store.SB.UPS.StoreSpotlight,,250,DAILY_BUDGET,ENABLED,USD,13663,68,197.08,789.75,5,5,3,519.85,3,108,0,9,0,0,4298
"Feb 20, 2025","=""84817009251939""",C.Keyword.Video.SB.PFCSinewave.CP1500PFCRM2U.B0B354X985,,250,DAILY_BUDGET,ENABLED,USD,9095,68,94.98,1339.8,4,4,2,669.9,2,103,0,10,821,87,1494
"Apr 06, 2025","=""516203922618177""",N.Keyword.Store.SB.UPS.StoreSpotlight,,250,DAILY_BUDGET,ENABLED,USD,17114,99,326.52,1374.45,10,11,9,1266.55,9,154,0,13,0,0,6048
"Jan 08, 2025","=""516203922618177""",N.Keyword.Store.SB.UPS.StoreSpotlight,,250,DAILY_BUDGET,ENABLED,USD,110000,173,922.89,1547.99,9,11,6,1003.19,7,193,0,17,0,0,40598
"Apr 16, 2025","=""74868404430193""",N.Keyword.Video.SB.UPS.SmartAppLCD.OR.OR500LCRM1U,,250,DAILY_BUDGET,PAUSED,USD,780,3,2.8,199.95,1,1,1,199.95,1,5,0,1,54,6,113
"Jan 20, 2025","=""84817009251939""",C.Keyword.Video.SB.PFCSinewave.CP1500PFCRM2U.B0B354X985,,250,DAILY_BUDGET,ENABLED,USD,12387,148,218.22,2333.55,9,9,5,1278.75,5,361,0,19,1498,187,2505
"Apr 23, 2025","=""38757712528936""",B.Keyword.Video.SB.UPS.PFCSinewave.CPPFC(1),,250,DAILY_BUDGET,PAUSED,USD,2571,22,172.17,311.0,3,3,3,311.0,3,56,0,4,313,86,546
"Apr 26, 2025","=""60249080858733""",C.Keyword.Video.SB.UPS.PFCSinewave.CPPFC(1),,250,DAILY_BUDGET,PAUSED,USD,237,1,1.99,0.0,0,0,0,0.0,0,0,0,0,18,2,40
"Apr 27, 2025","=""400654489506156""",B.Keyword.Products.SB.UPS.BestSellers,,250,DAILY_BUDGET,PAUSED,USD,6588,6,15.13,0.0,0,0,0,0.0,0,15,0,0,0,0,1824
"Apr 14, 2025","=""327967099369911""",N.Keyword.Products.SB.UPS.1500units,,250,DAILY_BUDGET,PAUSED,USD,115598,232,810.08,2249.49,7,11,5,1839.59,9,263,0,9,0,0,31958
"Mar 31, 2025","=""38757712528936""",B.Keyword.Video.SB.UPS.PFCSinewave.CPPFC(1),,250,DAILY_BUDGET,PAUSED,USD,8251,55,494.32,1259.7,6,6,4,819.8,4,89,0,8,729,194,1225
"Mar 24, 2025","=""84817009251939""",C.Keyword.Video.SB.PFCSinewave.CP1500PFCRM2U.B0B354X985,,250,DAILY_BUDGET,ENABLED,USD,11187,72,84.11,1936.64,7,7,5,1401.74,5,155,0,16,669,48,1343
"Apr 23, 2025","=""60249080858733""",C.Keyword.Video.SB.UPS.PFCSinewave.CPPFC(1),,250,DAILY_BUDGET,PAUSED,USD,379,2,3.63,0.0,0,0,0,0.0,0,2,0,0,32,8,58
"Jan 20, 2025","=""300358990869228""",B.Keyword.Store.SB.UPS.StoreSpotlight,,250,DAILY_BUDGET,ENABLED,USD,0,0,0.0,0.0,0,0,0,0.0,0,0,0,0,0,0,0
"Feb 23, 2025","=""327967099369911""",N.Keyword.Products.SB.UPS.1500units,,250,DAILY_BUDGET,PAUSED,USD,11705,23,25.31,109.95,1,1,1,109.95,1,35,0,2,0,0,1847
"Feb 16, 2025","=""60249080858733""",C.Keyword.Video.SB.UPS.PFCSinewave.CPPFC(1),,250,DAILY_BUDGET,PAUSED,USD,900,2,5.46,0.0,0,0,0,0.0,0,4,0,0,86,26,145
"Mar 01, 2025","=""85546644235770""",C.Keyword.Video.SB.UPS.IntelligentLCD.CPAVR3,,250,DAILY_BUDGET,PAUSED,USD,2182,20,19.45,569.85,3,3,3,569.85,3,40,0,6,176,12,343
"Feb 16, 2025","=""85546644235770""",C.Keyword.Video.SB.UPS.IntelligentLCD.CPAVR3,,250,DAILY_BUDGET,PAUSED,USD,4321,28,32.09,543.8,4,4,4,543.8,4,89,0,11,363,30,684
"Feb 07, 2025","=""85546644235770""",C.Keyword.Video.SB.UPS.IntelligentLCD.CPAVR3,,250,DAILY_BUDGET,PAUSED,USD,2335,10,10.49,189.95,1,1,0,0.0,0,22,0,3,160,16,292
"Mar 20, 2025","=""60249080858733""",C.Keyword.Video.SB.UPS.PFCSinewave.CPPFC(1),,250,DAILY_BUDGET,PAUSED,USD,627,0,0.0,0.0,0,0,0,0.0,0,0,0,0,23,7,50
"Apr 12, 2025","=""353873361287335""",B2B - B.Keyword.Store.SB.UPS.StoreSpotlight,,250,DAILY_BUDGET,ENABLED,USD,135,0,0.0,0.0,0,0,0,0.0,0,0,0,0,0,0,56
"Feb 25, 2025","=""209147373785811""",N.Keyword.Video.SB.UPS.PFCSinewave.CPPFC(1),,250,DAILY_BUDGET,PAUSED,USD,4633,18,89.87,219.95,1,1,1,219.95,1,27,0,2,412,85,821
"Mar 25, 2025","=""60249080858733""",C.Keyword.Video.SB.UPS.PFCSinewave.CPPFC(1),,250,DAILY_BUDGET,PAUSED,USD,737,1,4.17,0.0,0,0,0,0.0,0,1,0,0,52,11,107
"Apr 22, 2025","=""353873361287335""",B2B - B.Keyword.Store.SB.UPS.StoreSpotlight,,250,DAILY_BUDGET,ENABLED,USD,135,1,4.68,0.0,0,0,0,0.0,0,0,0,0,0,0,57
"Feb 18, 2025","=""85546644235770""",C.Keyword.Video.SB.UPS.IntelligentLCD.CPAVR3,,250,DAILY_BUDGET,PAUSED,USD,2618,14,13.89,189.95,1,1,1,189.95,1,32,0,4,191,14,373
"Mar 08, 2025","=""327967099369911""",N.Keyword.Products.SB.UPS.1500units,,250,DAILY_BUDGET,PAUSED,USD,162525,301,2082.17,2553.25,15,15,13,2198.35,13,415,0,38,0,0,61272
"Feb 21, 2025","=""209147373785811""",N.Keyword.Video.SB.UPS.PFCSinewave.CPPFC(1),,250,DAILY_BUDGET,PAUSED,USD,3678,18,87.31,439.9,2,2,1,219.95,1,37,0,2,425,115,751
"Mar 26, 2025","=""84817009251939""",C.Keyword.Video.SB.PFCSinewave.CP1500PFCRM2U.B0B354X985,,250,DAILY_BUDGET,ENABLED,USD,12752,58,87.87,1529.75,5,5,4,1339.8,4,161,0,12,780,66,1571
"Mar 25, 2025","=""400654489506156""",B.Keyword.Products.SB.UPS.BestSellers,,250,DAILY_BUDGET,PAUSED,USD,16421,10,73.7,0.0,0,0,0,0.0,0,4,0,0,0,0,4327
"Jan 11, 2025","=""84817009251939""",C.Keyword.Video.SB.PFCSinewave.CP1500PFCRM2U.B0B354X985,,250,DAILY_BUDGET,ENABLED,USD,9819,114,144.4,2971.3,12,14,8,2119.6,8,301,0,24,847,67,1668
"Feb 25, 2025","=""300358990869228""",B.Keyword.Store.SB.UPS.StoreSpotlight,,250,DAILY_BUDGET,ENABLED,USD,7447,63,171.4,15466.82,80,104,59,11061.51,77,623,0,142,0,0,5733
"Apr 02, 2025","=""353873361287335""",B2B - B.Keyword.Store.SB.UPS.StoreSpotlight,,250,DAILY_BUDGET,ENABLED,USD,3,0,0.0,0.0,0,0,0,0.0,0,0,0,0,0,0,2
"Apr 01, 2025","=""400654489506156""",B.Keyword.Products.SB.UPS.BestSellers,,250,DAILY_BUDGET,PAUSED,USD,16949,18,42.54,127.95,2,2,1,79.95,1,48,0,4,0,0,4766
"Jan 09, 2025","=""425328024590643""",C.Keyword.Products.SB.UPS.1500units,,250,DAILY_BUDGET,ENABLED,USD,230,1,0.87,0.0,0,0,0,0.0,0,2,0,0,0,0,72
"Apr 24, 2025","=""60249080858733""",C.Keyword.Video.SB.UPS.PFCSinewave.CPPFC(1),,250,DAILY_BUDGET,PAUSED,USD,360,1,3.63,0.0,0,0,0,0.0,0,3,0,0,43,5,63
"Apr 09, 2025","=""112828660396406""",N.Keyword.Video.SB.UPS.SmartAppSinewave.OLHD,,250,DAILY_BUDGET,PAUSED,USD,1184,4,9.09,0.0,0,0,0,0.0,0,6,0,0,89,10,178
"Mar 12, 2025","=""38757712528936""",B.Keyword.Video.SB.UPS.PFCSinewave.CPPFC(1),,250,DAILY_BUDGET,PAUSED,USD,7667,41,179.66,809.8,4,4,1,149.95,1,89,0,4,693,185,1000
"Apr 09, 2025","=""288898439745613""",B2B - N.Keyword.Products.SB.UPS.1500units,,250,DAILY_BUDGET,ENABLED,USD,26677,51,432.8,1985.39,5,13,1,259.95,1,79,0,5,0,0,10060
"Jan 03, 2025","=""84817009251939""",C.Keyword.Video.SB.PFCSinewave.CP1500PFCRM2U.B0B354X985,,250,DAILY_BUDGET,ENABLED,USD,20974,228,292.72,12695.55,19,49,9,2226.55,9,622,0,42,2670,301,4475
"Mar 02, 2025","=""74868404430193""",N.Keyword.Video.SB.UPS.SmartAppLCD.OR.OR500LCRM1U,,250,DAILY_BUDGET,PAUSED,USD,1326,7,4.75,0.0,0,0,0,0.0,0,9,0,0,63,10,164
"Feb 24, 2025","=""516203922618177""",N.Keyword.Store.SB.UPS.StoreSpotlight,,250,DAILY_BUDGET,ENABLED,USD,137140,304,2172.0,4941.0,21,40,15,3131.85,23,360,0,36,0,0,56345
"Apr 28, 2025","=""209147373785811""",N.Keyword.Video.SB.UPS.PFCSinewave.CPPFC(1),,250,DAILY_BUDGET,PAUSED,USD,1346,8,19.99,0.0,0,0,0,0.0,0,17,0,1,93,24,220
"Apr 27, 2025","=""288898439745613""",B2B - N.Keyword.Products.SB.UPS.1500units,,250,DAILY_BUDGET,ENABLED,USD,12063,18,206.94,0.0,0,0,0,0.0,0,17,0,0,0,0,4796
"Jan 09, 2025","=""60249080858733""",C.Keyword.Video.SB.UPS.PFCSinewave.CPPFC(1),,250,DAILY_BUDGET,PAUSED,USD,382,1,1.88,0.0,0,0,0,0.0,0,3,0,0,13,2,27
"Feb 26, 2025","=""38757712528936""",B.Keyword.Video.SB.UPS.PFCSinewave.CPPFC(1),,250,DAILY_BUDGET,PAUSED,USD,4508,18,46.97,359.9,1,2,1,359.9,2,30,0,1,212,53,356
"Apr 27, 2025","=""353873361287335""",B2B - B.Keyword.Store.SB.UPS.StoreSpotlight,,250,DAILY_BUDGET,ENABLED,USD,33,0,0.0,0.0,0,0,0,0.0,0,0,0,0,0,0,14
"Mar 26, 2025","=""300358990869228""",B.Keyword.Store.SB.UPS.StoreSpotlight,,250,DAILY_BUDGET,ENABLED,USD,3486,33,158.02,5565.77,25,60,16,2278.75,37,303,0,47,0,0,2753
"Jan 15, 2025","=""85546644235770""",C.Keyword.Video.SB.UPS.IntelligentLCD.CPAVR3,,250,DAILY_BUDGET,PAUSED,USD,3403,20,21.64,409.9,2,2,1,219.95,1,43,0,4,194,13,399
"Feb 12, 2025","=""85546644235770""",C.Keyword.Video.SB.UPS.IntelligentLCD.CPAVR3,,250,DAILY_BUDGET,PAUSED,USD,2077,9,10.22,299.9,1,2,0,0.0,0,28,0,2,136,12,252
"Mar 21, 2025","=""516203922618177""",N.Keyword.Store.SB.UPS.StoreSpotlight,,250,DAILY_BUDGET,ENABLED,USD,17048,115,305.69,1430.45,11,11,10,1240.5,10,172,0,13,0,0,6229
"Jan 14, 2025","=""84817009251939""",C.Keyword.Video.SB.PFCSinewave.CP1500PFCRM2U.B0B354X985,,250,DAILY_BUDGET,ENABLED,USD,11248,69,84.35,978.84,4,4,1,334.95,1,190,0,14,929,91,1866
"Apr 26, 2025","=""209147373785811""",N.Keyword.Video.SB.UPS.PFCSinewave.CPPFC(1),,250,DAILY_BUDGET,PAUSED,USD,1368,7,19.18,219.95,1,1,1,219.95,1,9,0,1,90,15,209
"Mar 24, 2025","=""400654489506156""",B.Keyword.Products.SB.UPS.BestSellers,,250,DAILY_BUDGET,PAUSED,USD,18945,11,40.27,329.9,2,2,2,329.9,2,9,0,1,0,0,4077
"Jan 14, 2025","=""74868404430193""",N.Keyword.Video.SB.UPS.SmartAppLCD.OR.OR500LCRM1U,,250,DAILY_BUDGET,PAUSED,USD,1886,14,13.22,0.0,0,0,0,0.0,0,46,0,1,106,10,237
"Mar 03, 2025","=""38757712528936""",B.Keyword.Video.SB.UPS.PFCSinewave.CPPFC(1),,250,DAILY_BUDGET,PAUSED,USD,2968,7,15.15,0.0,0,0,0,0.0,0,23,0,2,102,24,195
"Feb 03, 2025","=""209147373785811""",N.Keyword.Video.SB.UPS.PFCSinewave.CPPFC(1),,250,DAILY_BUDGET,PAUSED,USD,5143,42,67.15,1482.65,6,7,6,1482.65,7,89,0,13,508,128,914
"Apr 09, 2025","=""74868404430193""",N.Keyword.Video.SB.UPS.SmartAppLCD.OR.OR500LCRM1U,,250,DAILY_BUDGET,PAUSED,USD,879,7,5.51,0.0,0,0,0,0.0,0,12,0,2,53,6,107
"Apr 24, 2025","=""84817009251939""",C.Keyword.Video.SB.PFCSinewave.CP1500PFCRM2U.B0B354X985,,250,DAILY_BUDGET,ENABLED,USD,18781,76,136.46,8353.35,8,13,4,7724.65,7,146,0,12,1231,73,2775
"Apr 06, 2025","=""85546644235770""",C.Keyword.Video.SB.UPS.IntelligentLCD.CPAVR3,,250,DAILY_BUDGET,PAUSED,USD,2162,15,13.35,309.2,2,2,2,309.2,2,49,0,5,159,9,356
"Mar 04, 2025","=""74868404430193""",N.Keyword.Video.SB.UPS.SmartAppLCD.OR.OR500LCRM1U,,250,DAILY_BUDGET,PAUSED,USD,2271,6,5.31,0.0,0,0,0,0.0,0,6,0,0,123,15,295
"Apr 26, 2025","=""38757712528936""",B.Keyword.Video.SB.UPS.PFCSinewave.CPPFC(1),,250,DAILY_BUDGET,PAUSED,USD,2005,22,155.35,1074.79,5,5,2,439.9,2,73,0,6,232,60,424
"Mar 23, 2025","=""112828660396406""",N.Keyword.Video.SB.UPS.SmartAppSinewave.OLHD,,250,DAILY_BUDGET,PAUSED,USD,401,1,0.93,0.0,0,0,0,0.0,0,0,0,0,34,3,53
"Apr 25, 2025","=""450441693358033""",B2B - B.Keyword.Products.SB.UPS.1500units,,250,DAILY_BUDGET,ENABLED,USD,908,1,0.46,219.95,1,1,1,219.95,1,1,0,1,0,0,203
"Jan 18, 2025","=""38757712528936""",B.Keyword.Video.SB.UPS.PFCSinewave.CPPFC(1),,250,DAILY_BUDGET,PAUSED,USD,6295,33,99.35,409.9,2,2,2,409.9,2,56,0,2,467,141,693
"Jan 16, 2025","=""209147373785811""",N.Keyword.Video.SB.UPS.PFCSinewave.CPPFC(1),,250,DAILY_BUDGET,PAUSED,USD,1992,5,6.79,219.95,1,1,1,219.95,1,14,0,1,132,21,271
"Jan 05, 2025","=""85546644235770""",C.Keyword.Video.SB.UPS.IntelligentLCD.CPAVR3,,250,DAILY_BUDGET,PAUSED,USD,9354,70,101.38,759.8,4,4,4,759.8,4,139,0,11,715,55,1408
"Jan 20, 2025","=""533624646611887""",C.Keyword.Store.SB.UPS.StoreSpotlight,,250,DAILY_BUDGET,PAUSED,USD,0,0,0.0,0.0,0,0,0,0.0,0,0,0,0,0,0,0
"Mar 15, 2025","=""85546644235770""",C.Keyword.Video.SB.UPS.IntelligentLCD.CPAVR3,,250,DAILY_BUDGET,PAUSED,USD,3661,18,18.51,189.95,1,1,1,189.95,1,41,0,1,209,21,424
"Apr 11, 2025","=""74868404430193""",N.Keyword.Video.SB.UPS.SmartAppLCD.OR.OR500LCRM1U,,250,DAILY_BUDGET,PAUSED,USD,808,4,4.37,199.95,1,1,0,0.0,0,6,0,1,42,1,106
"Mar 06, 2025","=""84817009251939""",C.Keyword.Video.SB.PFCSinewave.CP1500PFCRM2U.B0B354X985,,250,DAILY_BUDGET,ENABLED,USD,11254,37,47.34,1984.8,4,4,3,1649.85,3,108,0,7,671,65,1308
"Apr 15, 2025","=""74868404430193""",N.Keyword.Video.SB.UPS.SmartAppLCD.OR.OR500LCRM1U,,250,DAILY_BUDGET,PAUSED,USD,689,6,4.99,199.95,1,1,1,199.95,1,9,0,0,35,5,81
"Mar 17, 2025","=""327967099369911""",N.Keyword.Products.SB.UPS.1500units,,250,DAILY_BUDGET,PAUSED,USD,239452,364,2496.31,1573.55,8,9,6,1003.7,6,458,0,28,0,0,86938
"Mar 24, 2025","=""112828660396406""",N.Keyword.Video.SB.UPS.SmartAppSinewave.OLHD,,250,DAILY_BUDGET,PAUSED,USD,428,2,2.27,0.0,0,0,0,0.0,0,4,0,0,36,7,50
"Apr 27, 2025","=""327967099369911""",N.Keyword.Products.SB.UPS.1500units,,250,DAILY_BUDGET,PAUSED,USD,99772,122,2917.58,0.0,0,0,0,0.0,0,83,0,1,0,0,41118
"Mar 26, 2025","=""38757712528936""",B.Keyword.Video.SB.UPS.PFCSinewave.CPPFC(1),,250,DAILY_BUDGET,PAUSED,USD,7646,42,346.42,881.73,5,5,3,457.62,3,97,0,7,655,180,1054
"Apr 21, 2025","=""209147373785811""",N.Keyword.Video.SB.UPS.PFCSinewave.CPPFC(1),,250,DAILY_BUDGET,PAUSED,USD,2292,15,32.84,0.0,0,0,0,0.0,0,29,0,2,253,65,457
"Jan 18, 2025","=""327967099369911""",N.Keyword.Products.SB.UPS.1500units,,250,DAILY_BUDGET,PAUSED,USD,0,0,0.0,0.0,0,0,0,0.0,0,0,0,0,0,0,0
"Apr 11, 2025","=""84817009251939""",C.Keyword.Video.SB.PFCSinewave.CP1500PFCRM2U.B0B354X985,,250,DAILY_BUDGET,ENABLED,USD,10130,59,76.53,334.95,1,1,0,0.0,0,128,0,17,648,53,1442
"Apr 18, 2025","=""516203922618177""",N.Keyword.Store.SB.UPS.StoreSpotlight,,250,DAILY_BUDGET,ENABLED,USD,15044,97,358.7,2018.3,14,14,13,1818.35,13,194,0,23,0,0,5209
"Mar 16, 2025","=""209147373785811""",N.Keyword.Video.SB.UPS.PFCSinewave.CPPFC(1),,250,DAILY_BUDGET,PAUSED,USD,13065,113,583.44,1677.55,9,9,8,1589.6,8,274,0,13,1304,337,2373
"Feb 27, 2025","=""327967099369911""",N.Keyword.Products.SB.UPS.1500units,,250,DAILY_BUDGET,PAUSED,USD,118834,249,1457.38,1353.55,8,9,7,1133.6,8,327,0,18,0,0,43994
"Jan 13, 2025","=""327967099369911""",N.Keyword.Products.SB.UPS.1500units,,250,DAILY_BUDGET,PAUSED,USD,80122,235,2008.95,5066.13,13,14,10,2039.5,10,414,0,31,0,0,28682
"Feb 10, 2025","=""85546644235770""",C.Keyword.Video.SB.UPS.IntelligentLCD.CPAVR3,,250,DAILY_BUDGET,PAUSED,USD,2529,7,7.95,189.95,1,1,1,189.95,1,12,0,2,162,17,305
"Mar 07, 2025","=""400654489506156""",B.Keyword.Products.SB.UPS.BestSellers,,250,DAILY_BUDGET,PAUSED,USD,14722,11,22.88,439.9,1,2,1,439.9,2,6,0,1,0,0,3020
"Apr 25, 2025","=""84817009251939""",C.Keyword.Video.SB.PFCSinewave.CP1500PFCRM2U.B0B354X985,,250,DAILY_BUDGET,ENABLED,USD,14995,65,99.91,759.89,3,3,3,759.89,3,154,0,13,992,59,2189
"Mar 11, 2025","=""112828660396406""",N.Keyword.Video.SB.UPS.SmartAppSinewave.OLHD,,250,DAILY_BUDGET,PAUSED,USD,1169,1,1.93,0.0,0,0,0,0.0,0,3,0,0,66,10,115
"Jan 28, 2025","=""60249080858733""",C.Keyword.Video.SB.UPS.PFCSinewave.CPPFC(1),,250,DAILY_BUDGET,PAUSED,USD,308,1,1.36,0.0,0,0,0,0.0,0,1,0,0,13,2,26
"Feb 28, 2025","=""327967099369911""",N.Keyword.Products.SB.UPS.1500units,,250,DAILY_BUDGET,PAUSED,USD,83441,154,873.5,519.85,2,3,2,519.85,3,187,0,9,0,0,30775
"Jan 13, 2025","=""516203922618177""",N.Keyword.Store.SB.UPS.StoreSpotlight,,250,DAILY_BUDGET,ENABLED,USD,180033,396,1966.82,7480.15,40,84,26,3986.8,31,597,0,61,0,0,59664
"Apr 03, 2025","=""38757712528936""",B.Keyword.Video.SB.UPS.PFCSinewave.CPPFC(1),,250,DAILY_BUDGET,PAUSED,USD,7737,58,561.51,1318.65,7,7,7,1318.65,7,106,0,12,580,148,962
"Apr 12, 2025","=""300358990869228""",B.Keyword.Store.SB.UPS.StoreSpotlight,,250,DAILY_BUDGET,ENABLED,USD,4890,32,164.84,2434.13,27,32,19,1510.87,22,265,0,30,0,0,3587
"Feb 19, 2025","=""74868404430193""",N.Keyword.Video.SB.UPS.SmartAppLCD.OR.OR500LCRM1U,,250,DAILY_BUDGET,PAUSED,USD,1113,6,5.14,0.0,0,0,0,0.0,0,8,0,0,63,8,140
"Jan 10, 2025","=""60249080858733""",C.Keyword.Video.SB.UPS.PFCSinewave.CPPFC(1),,250,DAILY_BUDGET,PAUSED,USD,244,2,3.53,0.0,0,0,0,0.0,0,10,0,2,6,1,14
"Mar 19, 2025","=""74868404430193""",N.Keyword.Video.SB.UPS.SmartAppLCD.OR.OR500LCRM1U,,250,DAILY_BUDGET,PAUSED,USD,1354,11,10.12,599.9,1,2,1,599.9,2,15,0,2,63,5,171
"Mar 27, 2025","=""209147373785811""",N.Keyword.Video.SB.UPS.PFCSinewave.CPPFC(1),,250,DAILY_BUDGET,PAUSED,USD,14142,73,404.03,1539.65,7,7,7,1539.65,7,152,0,9,1408,306,2795
"Jan 03, 2025","=""112828660396406""",N.Keyword.Video.SB.UPS.SmartAppSinewave.OLHD,,250,DAILY_BUDGET,PAUSED,USD,2022,6,8.04,408.46,2,2,2,408.46,2,43,0,0,132,21,255
"Mar 19, 2025","=""84817009251939""",C.Keyword.Video.SB.PFCSinewave.CP1500PFCRM2U.B0B354X985,,250,DAILY_BUDGET,ENABLED,USD,9048,37,50.22,439.9,1,2,1,439.9,2,96,0,14,524,50,985
"Apr 16, 2025","=""38757712528936""",B.Keyword.Video.SB.UPS.PFCSinewave.CPPFC(1),,250,DAILY_BUDGET,PAUSED,USD,4083,27,151.43,219.95,1,1,1,219.95,1,66,0,3,405,100,666
"Jan 10, 2025","=""85546644235770""",C.Keyword.Video.SB.UPS.IntelligentLCD.CPAVR3,,250,DAILY_BUDGET,PAUSED,USD,4721,31,33.92,685.8,4,4,4,685.8,4,79,0,12,260,19,547
"Jan 29, 2025","=""300358990869228""",B.Keyword.Store.SB.UPS.StoreSpotlight,,250,DAILY_BUDGET,ENABLED,USD,0,0,0.0,0.0,0,0,0,0.0,0,0,0,0,0,0,0
"Apr 16, 2025","=""327967099369911""",N.Keyword.Products.SB.UPS.1500units,,250,DAILY_BUDGET,PAUSED,USD,128805,262,922.02,2250.35,11,14,6,1042.65,8,435,0,28,0,0,36967
"Mar 30, 2025","=""516203922618177""",N.Keyword.Store.SB.UPS.StoreSpotlight,,250,DAILY_BUDGET,ENABLED,USD,25680,239,710.05,3978.96,23,25,23,3978.96,25,475,0,50,0,0,11215
"Jan 21, 2025","=""60249080858733""",C.Keyword.Video.SB.UPS.PFCSinewave.CPPFC(1),,250,DAILY_BUDGET,PAUSED,USD,286,0,0.0,0.0,0,0,0,0.0,0,0,0,0,14,4,30
"Apr 08, 2025","=""209147373785811""",N.Keyword.Video.SB.UPS.PFCSinewave.CPPFC(1),,250,DAILY_BUDGET,PAUSED,USD,7690,57,272.31,659.85,3,3,2,439.9,2,94,0,7,812,186,1560
"Mar 11, 2025","=""85546644235770""",C.Keyword.Video.SB.UPS.IntelligentLCD.CPAVR3,,250,DAILY_BUDGET,PAUSED,USD,4146,20,22.58,719.8,4,4,4,719.8,4,34,0,6,230,25,481
"Feb 14, 2025","=""60249080858733""",C.Keyword.Video.SB.UPS.PFCSinewave.CPPFC(1),,250,DAILY_BUDGET,PAUSED,USD,600,2,5.98,0.0,0,0,0,0.0,0,5,0,0,27,7,70
"Feb 28, 2025","=""300358990869228""",B.Keyword.Store.SB.UPS.StoreSpotlight,,250,DAILY_BUDGET,ENABLED,USD,4723,41,138.64,3717.77,27,30,20,2625.65,22,314,0,64,0,0,3515
"Jan 19, 2025","=""400654489506156""",B.Keyword.Products.SB.UPS.BestSellers,,250,DAILY_BUDGET,PAUSED,USD,0,0,0.0,0.0,0,0,0,0.0,0,0,0,0,0,0,0
"Feb 12, 2025","=""60249080858733""",C.Keyword.Video.SB.UPS.PFCSinewave.CPPFC(1),,250,DAILY_BUDGET,PAUSED,USD,635,0,0.0,0.0,0,0,0,0.0,0,0,0,0,39,10,65
"Apr 07, 2025","=""112828660396406""",N.Keyword.Video.SB.UPS.SmartAppSinewave.OLHD,,250,DAILY_BUDGET,PAUSED,USD,469,1,3.14,0.0,0,0,0,0.0,0,1,0,0,40,4,66
"Feb 20, 2025","=""85546644235770""",C.Keyword.Video.SB.UPS.IntelligentLCD.CPAVR3,,250,DAILY_BUDGET,PAUSED,USD,2899,25,26.91,379.9,2,2,1,189.95,1,49,0,8,197,18,378
"Mar 13, 2025","=""85546644235770""",C.Keyword.Video.SB.UPS.IntelligentLCD.CPAVR3,,250,DAILY_BUDGET,PAUSED,USD,3056,20,22.57,0.0,0,0,0,0.0,0,27,0,0,158,12,312
"Apr 22, 2025","=""369323377946560""",B2B - N.Keyword.Store.SB.UPS.StoreSpotlight,,250,DAILY_BUDGET,ENABLED,USD,222,2,2.87,165.98,1,2,0,0.0,0,4,0,1,0,0,138
"Jan 16, 2025","=""85546644235770""",C.Keyword.Video.SB.UPS.IntelligentLCD.CPAVR3,,250,DAILY_BUDGET,PAUSED,USD,3419,14,14.64,989.7,2,6,2,989.7,6,33,0,3,184,23,421
"Jan 08, 2025","=""74868404430193""",N.Keyword.Video.SB.UPS.SmartAppLCD.OR.OR500LCRM1U,,250,DAILY_BUDGET,PAUSED,USD,1337,12,12.18,65.43,1,1,1,65.43,1,25,0,3,74,15,141
"Mar 11, 2025","=""300358990869228""",B.Keyword.Store.SB.UPS.StoreSpotlight,,250,DAILY_BUDGET,ENABLED,USD,4579,22,144.61,6634.03,32,42,16,2537.07,21,344,0,51,0,0,3494
"Feb 04, 2025","=""84817009251939""",C.Keyword.Video.SB.PFCSinewave.CP1500PFCRM2U.B0B354X985,,250,DAILY_BUDGET,ENABLED,USD,12672,109,141.76,6671.2,16,16,6,2124.7,6,288,0,24,1606,185,2681
"Apr 01, 2025","=""369323377946560""",B2B - N.Keyword.Store.SB.UPS.StoreSpotlight,,250,DAILY_BUDGET,ENABLED,USD,131,0,0.0,0.0,0,0,0,0.0,0,0,0,0,0,0,76
"Feb 14, 2025","=""85546644235770""",C.Keyword.Video.SB.UPS.IntelligentLCD.CPAVR3,,250,DAILY_BUDGET,PAUSED,USD,1782,9,9.9,0.0,0,0,0,0.0,0,11,0,1,101,10,199
"Mar 18, 2025","=""84817009251939""",C.Keyword.Video.SB.PFCSinewave.CP1500PFCRM2U.B0B354X985,,250,DAILY_BUDGET,ENABLED,USD,9358,45,66.67,1839.75,4,5,3,1504.8,4,71,0,9,527,58,1029
"Mar 09, 2025","=""327967099369911""",N.Keyword.Products.SB.UPS.1500units,,250,DAILY_BUDGET,PAUSED,USD,155047,295,2118.58,3271.0,17,20,14,2930.15,17,445,0,26,0,0,57583
"Apr 20, 2025","=""60249080858733""",C.Keyword.Video.SB.UPS.PFCSinewave.CPPFC(1),,250,DAILY_BUDGET,PAUSED,USD,269,2,2.94,0.0,0,0,0,0.0,0,3,0,0,43,9,70
"Jan 27, 2025","=""85546644235770""",C.Keyword.Video.SB.UPS.IntelligentLCD.CPAVR3,,250,DAILY_BUDGET,PAUSED,USD,5277,34,35.52,899.7,4,6,4,899.7,6,67,0,9,324,32,632
"Apr 23, 2025","=""516203922618177""",N.Keyword.Store.SB.UPS.StoreSpotlight,,250,DAILY_BUDGET,ENABLED,USD,26580,146,366.14,1691.3,13,14,12,1611.35,13,240,0,30,0,0,8741
"Apr 25, 2025","=""327967099369911""",N.Keyword.Products.SB.UPS.1500units,,250,DAILY_BUDGET,PAUSED,USD,85807,114,3005.94,219.95,1,1,1,219.95,1,115,0,2,0,0,37783
"Apr 10, 2025","=""327967099369911""",N.Keyword.Products.SB.UPS.1500units,,250,DAILY_BUDGET,PAUSED,USD,123491,260,963.54,189.95,1,1,1,189.95,1,308,0,11,0,0,34856
"Jan 27, 2025","=""327967099369911""",N.Keyword.Products.SB.UPS.1500units,,250,DAILY_BUDGET,PAUSED,USD,0,0,0.0,0.0,0,0,0,0.0,0,0,0,0,0,0,0
"Feb 05, 2025","=""60249080858733""",C.Keyword.Video.SB.UPS.PFCSinewave.CPPFC(1),,250,DAILY_BUDGET,PAUSED,USD,396,0,0.0,0.0,0,0,0,0.0,0,0,0,0,29,7,40
"Apr 23, 2025","=""369323377946560""",B2B - N.Keyword.Store.SB.UPS.StoreSpotlight,,250,DAILY_BUDGET,ENABLED,USD,253,0,0.0,0.0,0,0,0,0.0,0,0,0,0,0,0,154
"Apr 04, 2025","=""450441693358033""",B2B - B.Keyword.Products.SB.UPS.1500units,,250,DAILY_BUDGET,ENABLED,USD,184,0,0.0,0.0,0,0,0,0.0,0,0,0,0,0,0,24
"Mar 21, 2025","=""84817009251939""",C.Keyword.Video.SB.PFCSinewave.CP1500PFCRM2U.B0B354X985,,250,DAILY_BUDGET,ENABLED,USD,7090,45,61.78,1004.85,3,3,1,334.95,1,85,0,3,404,39,786
"Mar 06, 2025","=""112828660396406""",N.Keyword.Video.SB.UPS.SmartAppSinewave.OLHD,,250,DAILY_BUDGET,PAUSED,USD,1496,0,0.0,0.0,0,0,0,0.0,0,7,0,0,71,5,152
"Jan 13, 2025","=""60249080858733""",C.Keyword.Video.SB.UPS.PFCSinewave.CPPFC(1),,250,DAILY_BUDGET,PAUSED,USD,380,2,3.04,0.0,0,0,0,0.0,0,5,0,0,12,1,25
"Mar 12, 2025","=""300358990869228""",B.Keyword.Store.SB.UPS.StoreSpotlight,,250,DAILY_BUDGET,ENABLED,USD,4889,37,142.59,10415.33,32,68,17,4170.35,26,338,0,53,0,0,3713
"Jan 31, 2025","=""38757712528936""",B.Keyword.Video.SB.UPS.PFCSinewave.CPPFC(1),,250,DAILY_BUDGET,PAUSED,USD,9030,32,96.09,403.62,3,5,3,403.62,5,67,0,4,619,203,924
"Apr 23, 2025","=""85546644235770""",C.Keyword.Video.SB.UPS.IntelligentLCD.CPAVR3,,250,DAILY_BUDGET,PAUSED,USD,5409,38,56.43,114.95,1,1,0,0.0,0,74,0,7,502,57,1001
"Jan 23, 2025","=""84817009251939""",C.Keyword.Video.SB.PFCSinewave.CP1500PFCRM2U.B0B354X985,,250,DAILY_BUDGET,ENABLED,USD,10751,87,120.66,4712.79,5,14,2,2177.95,6,197,0,7,1368,135,2279
"Mar 31, 2025","=""60249080858733""",C.Keyword.Video.SB.UPS.PFCSinewave.CPPFC(1),,250,DAILY_BUDGET,PAUSED,USD,983,4,11.43,0.0,0,0,0,0.0,0,1,0,0,83,24,152
"Apr 30, 2025","=""400654489506156""",B.Keyword.Products.SB.UPS.BestSellers,,250,DAILY_BUDGET,PAUSED,USD,13702,14,35.56,157.39,2,3,1,95.44,2,45,0,2,0,0,5078
"Mar 29, 2025","=""84817009251939""",C.Keyword.Video.SB.PFCSinewave.CP1500PFCRM2U.B0B354X985,,250,DAILY_BUDGET,ENABLED,USD,9343,52,80.01,1674.75,4,5,4,1674.75,5,121,0,11,596,55,1216
"Jan 14, 2025","=""85546644235770""",C.Keyword.Video.SB.UPS.IntelligentLCD.CPAVR3,,250,DAILY_BUDGET,PAUSED,USD,3618,18,19.33,379.9,2,2,2,379.9,2,45,0,3,182,19,375
"Feb 02, 2025","=""84817009251939""",C.Keyword.Video.SB.PFCSinewave.CP1500PFCRM2U.B0B354X985,,250,DAILY_BUDGET,ENABLED,USD,14132,138,159.84,1637.65,7,7,7,1637.65,7,355,0,26,1468,147,2769
"Apr 23, 2025","=""112828660396406""",N.Keyword.Video.SB.UPS.SmartAppSinewave.OLHD,,250,DAILY_BUDGET,PAUSED,USD,514,2,2.13,0.0,0,0,0,0.0,0,4,0,0,40,2,79
"Mar 26, 2025","=""74868404430193""",N.Keyword.Video.SB.UPS.SmartAppLCD.OR.OR500LCRM1U,,250,DAILY_BUDGET,PAUSED,USD,1241,7,8.91,0.0,0,0,0,0.0,0,26,0,1,76,9,154
"Mar 19, 2025","=""60249080858733""",C.Keyword.Video.SB.UPS.PFCSinewave.CPPFC(1),,250,DAILY_BUDGET,PAUSED,USD,637,1,1.56,0.0,0,0,0,0.0,0,0,0,0,38,10,77
"Jan 11, 2025","=""400654489506156""",B.Keyword.Products.SB.UPS.BestSellers,,250,DAILY_BUDGET,PAUSED,USD,12760,15,62.89,1082.29,4,5,4,1082.29,5,29,0,2,0,0,3189
"Mar 25, 2025","=""516203922618177""",N.Keyword.Store.SB.UPS.StoreSpotlight,,250,DAILY_BUDGET,ENABLED,USD,20683,120,427.48,3482.75,22,25,17,2726.05,19,254,0,39,0,0,7709
"Apr 16, 2025","=""400654489506156""",B.Keyword.Products.SB.UPS.BestSellers,,250,DAILY_BUDGET,PAUSED,USD,11155,5,14.7,0.0,0,0,0,0.0,0,12,0,0,0,0,3302
"Apr 04, 2025","=""74868404430193""",N.Keyword.Video.SB.UPS.SmartAppLCD.OR.OR500LCRM1U,,250,DAILY_BUDGET,PAUSED,USD,1141,3,2.34,0.0,0,0,0,0.0,0,9,0,1,70,7,149
"Mar 20, 2025","=""300358990869228""",B.Keyword.Store.SB.UPS.StoreSpotlight,,250,DAILY_BUDGET,ENABLED,USD,4322,34,153.7,5814.05,25,65,17,3545.34,24,338,0,51,0,0,3444
"Feb 01, 2025","=""84817009251939""",C.Keyword.Video.SB.PFCSinewave.CP1500PFCRM2U.B0B354X985,,250,DAILY_BUDGET,ENABLED,USD,15332,160,189.06,969.8,4,4,3,634.85,3,416,0,22,1577,147,2874
"Jan 22, 2025","=""60249080858733""",C.Keyword.Video.SB.UPS.PFCSinewave.CPPFC(1),,250,DAILY_BUDGET,PAUSED,USD,191,2,3.04,0.0,0,0,0,0.0,0,8,0,0,9,0,13
"Feb 05, 2025","=""38757712528936""",B.Keyword.Video.SB.UPS.PFCSinewave.CPPFC(1),,250,DAILY_BUDGET,PAUSED,USD,8467,27,83.49,729.8,4,4,3,509.85,3,58,0,4,539,156,790
"Apr 20, 2025","=""516203922618177""",N.Keyword.Store.SB.UPS.StoreSpotlight,,250,DAILY_BUDGET,ENABLED,USD,17962,113,320.93,1662.45,9,11,7,982.65,7,158,0,13,0,0,5662
"Mar 15, 2025","=""400654489506156""",B.Keyword.Products.SB.UPS.BestSellers,,250,DAILY_BUDGET,PAUSED,USD,11388,13,68.16,0.0,0,0,0,0.0,0,17,0,0,0,0,2273
"Apr 27, 2025","=""369323377946560""",B2B - N.Keyword.Store.SB.UPS.StoreSpotlight,,250,DAILY_BUDGET,ENABLED,USD,118,0,0.0,0.0,0,0,0,0.0,0,0,0,0,0,0,73
"Apr 05, 2025","=""74868404430193""",N.Keyword.Video.SB.UPS.SmartAppLCD.OR.OR500LCRM1U,,250,DAILY_BUDGET,PAUSED,USD,860,7,4.75,199.95,1,1,1,199.95,1,9,0,1,51,5,106
"Jan 02, 2025","=""38757712528936""",B.Keyword.Video.SB.UPS.PFCSinewave.CPPFC(1),,250,DAILY_BUDGET,PAUSED,USD,42242,132,1279.12,1629.06,10,10,9,1409.11,9,319,0,12,1252,413,1747
"Apr 25, 2025","=""38757712528936""",B.Keyword.Video.SB.UPS.PFCSinewave.CPPFC(1),,250,DAILY_BUDGET,PAUSED,USD,2237,19,95.89,0.0,0,0,0,0.0,0,36,0,0,218,58,424
"Jan 26, 2025","=""85546644235770""",C.Keyword.Video.SB.UPS.IntelligentLCD.CPAVR3,,250,DAILY_BUDGET,PAUSED,USD,5388,39,38.97,599.85,3,3,3,599.85,3,103,0,6,367,32,697
"Feb 24, 2025","=""300358990869228""",B.Keyword.Store.SB.UPS.StoreSpotlight,,250,DAILY_BUDGET,ENABLED,USD,6865,82,164.65,11896.96,72,90,57,10068.04,73,707,0,127,0,0,5221
"Mar 17, 2025","=""112828660396406""",N.Keyword.Video.SB.UPS.SmartAppSinewave.OLHD,,250,DAILY_BUDGET,PAUSED,USD,316,1,1.35,0.0,0,0,0,0.0,0,2,0,0,14,1,28
"Apr 16, 2025","=""288898439745613""",B2B - N.Keyword.Products.SB.UPS.1500units,,250,DAILY_BUDGET,ENABLED,USD,30664,61,540.32,426.72,3,4,2,236.77,3,63,0,6,0,0,10958
"Jan 26, 2025","=""60249080858733""",C.Keyword.Video.SB.UPS.PFCSinewave.CPPFC(1),,250,DAILY_BUDGET,PAUSED,USD,266,1,0.99,0.0,0,0,0,0.0,0,1,0,0,8,1,19
"Apr 12, 2025","=""84817009251939""",C.Keyword.Video.SB.PFCSinewave.CP1500PFCRM2U.B0B354X985,,250,DAILY_BUDGET,ENABLED,USD,9779,53,73.74,2034.75,3,5,2,1699.8,4,130,0,9,695,60,1555
"Mar 19, 2025","=""516203922618177""",N.Keyword.Store.SB.UPS.StoreSpotlight,,250,DAILY_BUDGET,ENABLED,USD,20812,161,419.46,3326.05,17,20,15,3088.1,18,298,0,39,0,0,8069
"Mar 15, 2025","=""84817009251939""",C.Keyword.Video.SB.PFCSinewave.CP1500PFCRM2U.B0B354X985,,250,DAILY_BUDGET,ENABLED,USD,9668,53,70.83,1380.68,4,4,3,1045.73,3,154,0,10,571,44,1111
"Mar 04, 2025","=""85546644235770""",C.Keyword.Video.SB.UPS.IntelligentLCD.CPAVR3,,250,DAILY_BUDGET,PAUSED,USD,6840,48,53.54,1579.6,7,8,7,1579.6,8,125,0,13,418,25,878
"Apr 17, 2025","=""38757712528936""",B.Keyword.Video.SB.UPS.PFCSinewave.CPPFC(1),,250,DAILY_BUDGET,PAUSED,USD,4031,33,233.41,844.96,5,5,5,844.96,5,73,0,6,403,102,663
"Jan 11, 2025","=""60249080858733""",C.Keyword.Video.SB.UPS.PFCSinewave.CPPFC(1),,250,DAILY_BUDGET,PAUSED,USD,175,2,3.55,0.0,0,0,0,0.0,0,3,0,0,7,0,16
"Mar 16, 2025","=""400654489506156""",B.Keyword.Products.SB.UPS.BestSellers,,250,DAILY_BUDGET,PAUSED,USD,15176,5,56.4,0.0,0,0,0,0.0,0,7,0,0,0,0,2586
"Feb 22, 2025","=""327967099369911""",N.Keyword.Products.SB.UPS.1500units,,250,DAILY_BUDGET,PAUSED,USD,7676,18,16.67,0.0,0,0,0,0.0,0,25,0,1,0,0,1622
"Jan 19, 2025","=""533624646611887""",C.Keyword.Store.SB.UPS.StoreSpotlight,,250,DAILY_BUDGET,PAUSED,USD,0,0,0.0,0.0,0,0,0,0.0,0,0,0,0,0,0,0
"Apr 19, 2025","=""85546644235770""",C.Keyword.Video.SB.UPS.IntelligentLCD.CPAVR3,,250,DAILY_BUDGET,PAUSED,USD,3996,30,44.17,949.75,4,5,4,949.75,5,73,0,7,348,30,758
"Feb 26, 2025","=""400654489506156""",B.Keyword.Products.SB.UPS.BestSellers,,250,DAILY_BUDGET,PAUSED,USD,5456,4,23.62,189.95,1,1,1,189.95,1,14,0,3,0,0,966
"Apr 17, 2025","=""327967099369911""",N.Keyword.Products.SB.UPS.1500units,,250,DAILY_BUDGET,PAUSED,USD,48184,114,220.14,275.9,2,2,2,275.9,2,170,0,12,0,0,10423
