Date,Campaign ID,Campaign name,Campaign currency code,Campaign budget amount,Campaign budget type,Campaign delivery status,Budget currency,Impressions,Clicks,Total cost,Sales,Purchases,Units sold,Purchases (new to brand),Sales (new to brand),Units sold (new to brand),Detail page views,Brand store page views,Add to cart,5-second views (video ad),Complete views (video ad),Viewable impressions
"Jun 18, 2025","=""84817009251939""",C.Keyword.Video.SB.PFCSinewave.CP1500PFCRM2U.B0B354X985,,250,DAILY_BUDGET,ENABLED,USD,20855,135,261.27,3064.84,9,10,7,2457.88,8,290,0,14,1864,185,3658
"Jul 26, 2025","=""501364882562485""",C.Keyword.Video.SB.UPS.IntelligentLCD.CP1500AVRLCD3.B0BCMLLSHL,,250,DAILY_BUDGET,ENABLED,USD,708,0,0.0,0.0,0,0,0,0.0,0,0,0,0,106,16,142
"Jul 22, 2025","=""400654489506156""",B.Keyword.Products.SB.UPS.BestSellers,,250,DAILY_BUDGET,PAUSED,USD,56209,57,524.87,439.85,3,3,2,319.9,2,75,0,4,0,0,15469
"Jun 27, 2025","=""450441693358033""",B2B - B.Keyword.Products.SB.UPS.1500units,,250,DAILY_BUDGET,ENABLED,USD,1383,4,5.43,726.95,1,1,1,726.95,1,16,0,1,0,0,246
"Jun 28, 2025","=""456008348744441""",N.SB.Products.SB.UPS.PFC,,250,DAILY_BUDGET,PAUSED,USD,95162,177,3513.72,59.95,1,1,1,59.95,1,103,0,8,0,0,43084
"Jul 06, 2025","=""349078398145277""",N.SB.Products.SB.UPS.Eco,,250,DAILY_BUDGET,PAUSED,USD,243031,456,1460.47,396.8,4,4,4,396.8,4,387,0,19,0,0,62183
"Jul 03, 2025","=""533553529526025""",N.Keyword.Video.SB.PFCSinewave.CP1500PFCRM2U.B0B354X985,,250,DAILY_BUDGET,PAUSED,USD,10,0,0.0,0.0,0,0,0,0.0,0,0,0,0,1,0,2
"Aug 06, 2025","=""335733425531216""",N.Keyword.Video.SB.UPS.PFCSinewave.CP1500PFCLCD.B00429N19W,,250,DAILY_BUDGET,ENABLED,USD,8554,67,316.26,884.75,5,5,5,884.75,5,122,33,10,1944,668,2500
"Jul 03, 2025","=""300358990869228""",B.Keyword.Store.SB.UPS.StoreSpotlight,,250,DAILY_BUDGET,ENABLED,USD,269,2,3.97,163.74,2,2,2,163.74,2,18,0,5,0,0,191
"Jul 08, 2025","=""501138070676838""",N.SB.Products.SB.UPS.AVR,,250,DAILY_BUDGET,PAUSED,USD,44308,47,116.27,238.75,1,1,1,238.75,1,63,0,3,0,0,6872
"Jun 22, 2025","=""456008348744441""",N.SB.Products.SB.UPS.PFC,,250,DAILY_BUDGET,PAUSED,USD,38933,103,220.56,4679.84,8,20,6,3822.04,16,168,0,14,0,0,5353
"Aug 25, 2025","=""452338404496050""",B.SB.Products.SB.UPS.PFC,,250,DAILY_BUDGET,PAUSED,USD,7541,40,467.64,1687.69,6,7,6,1687.69,7,108,57,10,0,0,2888
"Jul 24, 2025","=""85546644235770""",C.Keyword.Video.SB.UPS.IntelligentLCD.CPAVR3,,250,DAILY_BUDGET,PAUSED,USD,0,0,0.0,0.0,0,0,0,0.0,0,0,0,0,0,0,0
"Aug 26, 2025","=""400654489506156""",B.Keyword.Products.SB.UPS.BestSellers,,250,DAILY_BUDGET,PAUSED,USD,59706,56,805.21,1488.55,8,9,8,1488.55,9,92,98,10,0,0,17960
"May 04, 2025","=""85546644235770""",C.Keyword.Video.SB.UPS.IntelligentLCD.CPAVR3,,250,DAILY_BUDGET,PAUSED,USD,3784,25,37.59,489.85,3,3,3,489.85,3,73,0,10,280,19,663
"Jul 12, 2025","=""400654489506156""",B.Keyword.Products.SB.UPS.BestSellers,,250,DAILY_BUDGET,PAUSED,USD,67031,74,868.73,389.75,4,5,3,249.8,4,143,0,13,0,0,19396
"Jul 08, 2025","=""300358990869228""",B.Keyword.Store.SB.UPS.StoreSpotlight,,250,DAILY_BUDGET,ENABLED,USD,628,5,13.09,1286.58,9,9,4,390.29,4,76,0,13,0,0,446
"Jun 26, 2025","=""60249080858733""",C.Keyword.Video.SB.UPS.PFCSinewave.CPPFC(1),,250,DAILY_BUDGET,PAUSED,USD,393,0,0.0,0.0,0,0,0,0.0,0,0,0,0,24,5,45
"Aug 12, 2025","=""335733425531216""",N.Keyword.Video.SB.UPS.PFCSinewave.CP1500PFCLCD.B00429N19W,,250,DAILY_BUDGET,ENABLED,USD,8801,55,243.31,1349.03,7,9,3,742.84,4,81,23,6,1924,652,2505
"Jun 15, 2025","=""112828660396406""",N.Keyword.Video.SB.UPS.SmartAppSinewave.OLHD,,250,DAILY_BUDGET,PAUSED,USD,554,4,5.44,0.0,0,0,0,0.0,0,7,0,0,30,5,59
"May 02, 2025","=""85546644235770""",C.Keyword.Video.SB.UPS.IntelligentLCD.CPAVR3,,250,DAILY_BUDGET,PAUSED,USD,3900,29,42.97,519.85,3,3,3,519.85,3,67,0,6,286,16,619
"May 27, 2025","=""74868404430193""",N.Keyword.Video.SB.UPS.SmartAppLCD.OR.OR500LCRM1U,,250,DAILY_BUDGET,PAUSED,USD,714,3,2.49,599.85,3,3,2,399.9,2,13,0,5,37,5,95
"Jun 02, 2025","=""327967099369911""",N.Keyword.Products.SB.UPS.1500units,,250,DAILY_BUDGET,PAUSED,USD,0,0,0.0,0.0,0,0,0,0.0,0,0,0,0,0,0,0
"Jul 04, 2025","=""300358990869228""",B.Keyword.Store.SB.UPS.StoreSpotlight,,250,DAILY_BUDGET,ENABLED,USD,103,2,0.82,0.0,0,0,0,0.0,0,6,0,0,0,0,68
"Jun 07, 2025","=""38757712528936""",B.Keyword.Video.SB.UPS.PFCSinewave.CPPFC(1),,250,DAILY_BUDGET,PAUSED,USD,1107,5,38.75,239.15,1,1,0,0.0,0,41,0,1,107,25,216
"Jun 14, 2025","=""249902179030051""",N.Keyword.Video.SB.UPS.Surge.CSP,,250,DAILY_BUDGET,PAUSED,USD,1409,25,17.94,24.49,1,1,1,24.49,1,34,0,1,143,14,295
"Jul 15, 2025","=""300358990869228""",B.Keyword.Store.SB.UPS.StoreSpotlight,,250,DAILY_BUDGET,ENABLED,USD,497,2,4.84,0.0,0,0,0,0.0,0,18,0,0,0,0,382
"Jul 17, 2025","=""300358990869228""",B.Keyword.Store.SB.UPS.StoreSpotlight,,250,DAILY_BUDGET,ENABLED,USD,420,0,3.89,9.89,1,1,1,9.89,1,8,0,1,0,0,331
"May 25, 2025","=""288898439745613""",B2B - N.Keyword.Products.SB.UPS.1500units,,250,DAILY_BUDGET,ENABLED,USD,5039,23,190.3,379.9,1,2,0,0.0,0,24,0,5,0,0,2024
"Jul 05, 2025","=""209147373785811""",N.Keyword.Video.SB.UPS.PFCSinewave.CPPFC(1),,250,DAILY_BUDGET,PAUSED,USD,0,0,0.0,0.0,0,0,0,0.0,0,0,0,0,0,0,0
"Jul 25, 2025","=""353873361287335""",B2B - B.Keyword.Store.SB.UPS.StoreSpotlight,,250,DAILY_BUDGET,ENABLED,USD,211,3,2.23,0.0,0,0,0,0.0,0,8,0,1,0,0,104
"Jul 10, 2025","=""74868404430193""",N.Keyword.Video.SB.UPS.SmartAppLCD.OR.OR500LCRM1U,,250,DAILY_BUDGET,PAUSED,USD,0,0,0.0,0.0,0,0,0,0.0,0,0,0,0,0,0,0
"Aug 24, 2025","=""516203922618177""",N.Keyword.Store.SB.UPS.StoreSpotlight,,250,DAILY_BUDGET,ENABLED,USD,1161,2,1.7,195.04,1,1,1,195.04,1,38,2,3,0,0,400
"Jul 03, 2025","=""84817009251939""",C.Keyword.Video.SB.PFCSinewave.CP1500PFCRM2U.B0B354X985,,250,DAILY_BUDGET,ENABLED,USD,25843,110,219.61,1859.7,6,6,4,1199.8,4,241,0,17,2124,163,4696
"May 03, 2025","=""425328024590643""",C.Keyword.Products.SB.UPS.1500units,,250,DAILY_BUDGET,ENABLED,USD,9332,16,75.35,109.95,1,1,1,109.95,1,22,0,1,0,0,3440
"Jun 01, 2025","=""327967099369911""",N.Keyword.Products.SB.UPS.1500units,,250,DAILY_BUDGET,PAUSED,USD,0,0,0.0,0.0,0,0,0,0.0,0,0,0,0,0,0,0
"Aug 01, 2025","=""516203922618177""",N.Keyword.Store.SB.UPS.StoreSpotlight,,250,DAILY_BUDGET,ENABLED,USD,1074,6,10.38,0.0,0,0,0,0.0,0,2,0,1,0,0,313
"Jun 16, 2025","=""249902179030051""",N.Keyword.Video.SB.UPS.Surge.CSP,,250,DAILY_BUDGET,PAUSED,USD,1365,23,16.32,0.0,0,0,0,0.0,0,26,0,1,124,18,247
"Jun 09, 2025","=""300358990869228""",B.Keyword.Store.SB.UPS.StoreSpotlight,,250,DAILY_BUDGET,ENABLED,USD,1366,14,84.85,3141.96,20,27,14,2308.08,20,257,0,41,0,0,1115
"Jul 04, 2025","=""288898439745613""",B2B - N.Keyword.Products.SB.UPS.1500units,,250,DAILY_BUDGET,ENABLED,USD,803,6,46.74,0.0,0,0,0,0.0,0,5,0,0,0,0,324
"May 30, 2025","=""209147373785811""",N.Keyword.Video.SB.UPS.PFCSinewave.CPPFC(1),,250,DAILY_BUDGET,PAUSED,USD,970,6,11.33,0.0,0,0,0,0.0,0,15,0,2,100,16,158
"May 20, 2025","=""425328024590643""",C.Keyword.Products.SB.UPS.1500units,,250,DAILY_BUDGET,ENABLED,USD,10624,33,211.52,394.9,3,3,2,204.95,2,44,0,5,0,0,4256
"May 09, 2025","=""74868404430193""",N.Keyword.Video.SB.UPS.SmartAppLCD.OR.OR500LCRM1U,,250,DAILY_BUDGET,PAUSED,USD,787,4,2.85,0.0,0,0,0,0.0,0,9,0,0,54,3,101
"Jul 29, 2025","=""501364882562485""",C.Keyword.Video.SB.UPS.IntelligentLCD.CP1500AVRLCD3.B0BCMLLSHL,,250,DAILY_BUDGET,ENABLED,USD,1418,4,45.05,0.0,0,0,0,0.0,0,5,0,0,225,38,342
"May 24, 2025","=""425328024590643""",C.Keyword.Products.SB.UPS.1500units,,250,DAILY_BUDGET,ENABLED,USD,7120,23,142.25,178.0,1,1,1,178.0,1,62,0,2,0,0,3122
"Aug 14, 2025","=""456008348744441""",N.SB.Products.SB.UPS.PFC,,250,DAILY_BUDGET,PAUSED,USD,10886,7,15.08,0.0,0,0,0,0.0,0,5,4,0,0,0,1538
"Aug 03, 2025","=""450441693358033""",B2B - B.Keyword.Products.SB.UPS.1500units,,250,DAILY_BUDGET,ENABLED,USD,406,3,7.99,0.0,0,0,0,0.0,0,3,0,0,0,0,33
"Jul 17, 2025","=""504590116611528""",C.Keyword.Video.SB.PFCSinewave.CP1500PFCRM2U.B0B354X985_v2,,250,DAILY_BUDGET,PAUSED,USD,0,0,0.0,0.0,0,0,0,0.0,0,0,0,0,0,0,0
"Aug 10, 2025","=""450441693358033""",B2B - B.Keyword.Products.SB.UPS.1500units,,250,DAILY_BUDGET,ENABLED,USD,473,2,68.22,1079.85,1,3,1,1079.85,3,4,3,1,0,0,32
"Jun 13, 2025","=""84817009251939""",C.Keyword.Video.SB.PFCSinewave.CP1500PFCRM2U.B0B354X985,,250,DAILY_BUDGET,ENABLED,USD,10648,65,103.61,199.95,1,1,1,199.95,1,144,0,8,916,79,1816
"Jul 07, 2025","=""369323377946560""",B2B - N.Keyword.Store.SB.UPS.StoreSpotlight,,250,DAILY_BUDGET,ENABLED,USD,14537,23,548.84,1814.85,2,3,0,0.0,0,20,0,2,0,0,6903
"Jul 06, 2025","=""367333782614376""",N.SB.Products.SB.UPS.PFCRM,,250,DAILY_BUDGET,PAUSED,USD,192917,331,1161.57,299.95,1,1,1,299.95,1,240,0,11,0,0,54231
"Jul 07, 2025","=""504590116611528""",C.Keyword.Video.SB.PFCSinewave.CP1500PFCRM2U.B0B354X985_v2,,250,DAILY_BUDGET,PAUSED,USD,22009,369,2711.72,9776.67,34,37,20,4857.47,21,765,0,60,6065,1078,8330
"Jul 16, 2025","=""504590116611528""",C.Keyword.Video.SB.PFCSinewave.CP1500PFCRM2U.B0B354X985_v2,,250,DAILY_BUDGET,PAUSED,USD,0,0,0.0,0.0,0,0,0,0.0,0,0,0,0,0,0,0
"May 27, 2025","=""84817009251939""",C.Keyword.Video.SB.PFCSinewave.CP1500PFCRM2U.B0B354X985,,250,DAILY_BUDGET,ENABLED,USD,9944,88,134.68,2754.6,8,8,6,2084.7,6,182,0,23,867,64,1706
"Jul 26, 2025","=""349078398145277""",N.SB.Products.SB.UPS.Eco,,250,DAILY_BUDGET,PAUSED,USD,48631,184,516.08,1479.35,12,13,8,899.6,8,218,0,17,0,0,10950
"May 31, 2025","=""450441693358033""",B2B - B.Keyword.Products.SB.UPS.1500units,,250,DAILY_BUDGET,ENABLED,USD,390,2,25.44,0.0,0,0,0,0.0,0,4,0,1,0,0,58
"Aug 01, 2025","=""353873361287335""",B2B - B.Keyword.Store.SB.UPS.StoreSpotlight,,250,DAILY_BUDGET,ENABLED,USD,213,4,10.52,1979.55,4,9,0,0.0,0,12,0,3,0,0,118
"Jul 23, 2025","=""400654489506156""",B.Keyword.Products.SB.UPS.BestSellers,,250,DAILY_BUDGET,PAUSED,USD,71091,74,918.54,528.8,3,4,3,528.8,4,141,0,7,0,0,19457
"Jul 09, 2025","=""367333782614376""",N.SB.Products.SB.UPS.PFCRM,,250,DAILY_BUDGET,PAUSED,USD,24306,106,207.92,3489.43,10,13,7,2759.55,9,211,0,24,0,0,4996
"Jun 07, 2025","=""450441693358033""",B2B - B.Keyword.Products.SB.UPS.1500units,,250,DAILY_BUDGET,ENABLED,USD,22774,77,291.99,2124.27,11,15,7,1528.37,9,271,0,19,0,0,3863
"Jul 06, 2025","=""327967099369911""",N.Keyword.Products.SB.UPS.1500units,,250,DAILY_BUDGET,PAUSED,USD,205613,384,2654.32,958.6,8,8,8,958.6,8,499,0,27,0,0,64833
"Aug 26, 2025","=""353873361287335""",B2B - B.Keyword.Store.SB.UPS.StoreSpotlight,,250,DAILY_BUDGET,ENABLED,USD,277,5,18.71,2770.46,3,4,1,819.9,2,28,8,5,0,0,142
"Jul 07, 2025","=""74868404430193""",N.Keyword.Video.SB.UPS.SmartAppLCD.OR.OR500LCRM1U,,250,DAILY_BUDGET,PAUSED,USD,1746,11,5.89,0.0,0,0,0,0.0,0,14,0,0,118,15,263
"Jul 30, 2025","=""490434522578484""",C.Keyword.Video.SB.UPS.PFCSinewave.CP1500PFCLCD.B00429N19W,,250,DAILY_BUDGET,ENABLED,USD,876,4,65.15,0.0,0,0,0,0.0,0,2,0,0,134,26,196
"Aug 14, 2025","=""450441693358033""",B2B - B.Keyword.Products.SB.UPS.1500units,,250,DAILY_BUDGET,ENABLED,USD,704,5,89.51,497.85,2,3,0,0.0,0,12,2,2,0,0,120
"Jun 20, 2025","=""288898439745613""",B2B - N.Keyword.Products.SB.UPS.1500units,,250,DAILY_BUDGET,ENABLED,USD,8701,28,155.37,3670.13,13,16,4,957.93,5,39,0,20,0,0,2872
"Jul 01, 2025","=""501138070676838""",N.SB.Products.SB.UPS.AVR,,250,DAILY_BUDGET,PAUSED,USD,25703,33,69.24,534.85,3,3,3,534.85,3,77,0,10,0,0,4271
"Jul 18, 2025","=""450441693358033""",B2B - B.Keyword.Products.SB.UPS.1500units,,250,DAILY_BUDGET,ENABLED,USD,1240,2,15.44,0.0,0,0,0,0.0,0,2,0,0,0,0,71
"May 03, 2025","=""516203922618177""",N.Keyword.Store.SB.UPS.StoreSpotlight,,250,DAILY_BUDGET,ENABLED,USD,10399,52,121.13,554.9,2,2,2,554.9,2,119,0,10,0,0,3088
"May 04, 2025","=""300358990869228""",B.Keyword.Store.SB.UPS.StoreSpotlight,,250,DAILY_BUDGET,ENABLED,USD,1346,20,107.61,2229.33,19,22,16,1968.42,17,229,0,34,0,0,1106
"May 05, 2025","=""249902179030051""",N.Keyword.Video.SB.UPS.Surge.CSP,,250,DAILY_BUDGET,PAUSED,USD,1885,21,18.07,53.97,2,3,1,35.98,2,38,0,6,140,14,319
"Jul 08, 2025","=""85546644235770""",C.Keyword.Video.SB.UPS.IntelligentLCD.CPAVR3,,250,DAILY_BUDGET,PAUSED,USD,8157,44,52.72,1918.34,9,9,6,1218.49,6,125,0,15,720,60,1425
"May 12, 2025","=""249902179030051""",N.Keyword.Video.SB.UPS.Surge.CSP,,250,DAILY_BUDGET,PAUSED,USD,2266,37,28.79,17.99,1,1,1,17.99,1,49,0,4,175,21,378
"Aug 18, 2025","=""456008348744441""",N.SB.Products.SB.UPS.PFC,,250,DAILY_BUDGET,PAUSED,USD,54907,58,219.39,740.95,1,1,1,740.95,1,53,56,4,0,0,17734
"Aug 07, 2025","=""300358990869228""",B.Keyword.Store.SB.UPS.StoreSpotlight,,250,DAILY_BUDGET,ENABLED,USD,77,2,0.93,239.95,1,1,0,0.0,0,5,4,1,0,0,48
"Aug 09, 2025","=""300358990869228""",B.Keyword.Store.SB.UPS.StoreSpotlight,,250,DAILY_BUDGET,ENABLED,USD,121,0,1.61,0.0,0,0,0,0.0,0,7,0,0,0,0,77
"Jun 05, 2025","=""288898439745613""",B2B - N.Keyword.Products.SB.UPS.1500units,,250,DAILY_BUDGET,ENABLED,USD,9720,24,149.23,77.95,1,1,1,77.95,1,55,0,1,0,0,3420
"Jun 08, 2025","=""288898439745613""",B2B - N.Keyword.Products.SB.UPS.1500units,,250,DAILY_BUDGET,ENABLED,USD,84966,131,1002.26,326.42,2,2,2,326.42,2,159,0,10,0,0,28255
"Jun 15, 2025","=""60249080858733""",C.Keyword.Video.SB.UPS.PFCSinewave.CPPFC(1),,250,DAILY_BUDGET,PAUSED,USD,127,0,0.0,0.0,0,0,0,0.0,0,0,0,0,8,0,17
"Jul 25, 2025","=""516203922618177""",N.Keyword.Store.SB.UPS.StoreSpotlight,,250,DAILY_BUDGET,ENABLED,USD,1016,4,7.12,0.0,0,0,0,0.0,0,3,0,0,0,0,287
"Jun 27, 2025","=""84817009251939""",C.Keyword.Video.SB.PFCSinewave.CP1500PFCRM2U.B0B354X985,,250,DAILY_BUDGET,ENABLED,USD,28471,165,305.05,2922.43,10,10,7,1937.07,7,324,0,22,2611,247,5372
"May 13, 2025","=""85546644235770""",C.Keyword.Video.SB.UPS.IntelligentLCD.CPAVR3,,250,DAILY_BUDGET,PAUSED,USD,5472,26,38.74,499.85,3,3,3,499.85,3,56,0,8,445,48,951
"Jul 10, 2025","=""400654489506156""",B.Keyword.Products.SB.UPS.BestSellers,,250,DAILY_BUDGET,PAUSED,USD,86493,92,1029.43,1540.15,10,10,8,1236.21,8,144,0,10,0,0,25347
"Jun 03, 2025","=""327967099369911""",N.Keyword.Products.SB.UPS.1500units,,250,DAILY_BUDGET,PAUSED,USD,0,0,0.0,0.0,0,0,0,0.0,0,0,0,0,0,0,0
"May 28, 2025","=""112828660396406""",N.Keyword.Video.SB.UPS.SmartAppSinewave.OLHD,,250,DAILY_BUDGET,PAUSED,USD,889,1,2.49,0.0,0,0,0,0.0,0,4,0,0,78,14,144
"May 20, 2025","=""209147373785811""",N.Keyword.Video.SB.UPS.PFCSinewave.CPPFC(1),,250,DAILY_BUDGET,PAUSED,USD,1196,7,15.16,439.9,2,2,0,0.0,0,39,0,6,83,17,170
"Jun 01, 2025","=""60249080858733""",C.Keyword.Video.SB.UPS.PFCSinewave.CPPFC(1),,250,DAILY_BUDGET,PAUSED,USD,59,2,2.71,0.0,0,0,0,0.0,0,1,0,0,4,1,11
"Aug 01, 2025","=""327967099369911""",N.Keyword.Products.SB.UPS.1500units,,250,DAILY_BUDGET,PAUSED,USD,4631,9,17.84,0.0,0,0,0,0.0,0,6,0,0,0,0,1926
"Jun 02, 2025","=""38757712528936""",B.Keyword.Video.SB.UPS.PFCSinewave.CPPFC(1),,250,DAILY_BUDGET,PAUSED,USD,1472,23,43.4,2211.85,2,3,1,1971.9,2,60,0,2,200,51,316
"May 13, 2025","=""38757712528936""",B.Keyword.Video.SB.UPS.PFCSinewave.CPPFC(1),,250,DAILY_BUDGET,PAUSED,USD,1615,9,20.09,0.0,0,0,0,0.0,0,18,0,0,175,48,313
"May 23, 2025","=""74868404430193""",N.Keyword.Video.SB.UPS.SmartAppLCD.OR.OR500LCRM1U,,250,DAILY_BUDGET,PAUSED,USD,768,4,4.1,0.0,0,0,0,0.0,0,14,0,0,54,3,115
"Jul 21, 2025","=""501364882562485""",C.Keyword.Video.SB.UPS.IntelligentLCD.CP1500AVRLCD3.B0BCMLLSHL,,250,DAILY_BUDGET,ENABLED,USD,1101,1,15.16,0.0,0,0,0,0.0,0,1,0,0,190,35,270
"Jun 06, 2025","=""249902179030051""",N.Keyword.Video.SB.UPS.Surge.CSP,,250,DAILY_BUDGET,PAUSED,USD,1412,29,24.69,0.0,0,0,0,0.0,0,53,0,6,118,13,247
"Jun 29, 2025","=""84817009251939""",C.Keyword.Video.SB.PFCSinewave.CP1500PFCRM2U.B0B354X985,,250,DAILY_BUDGET,ENABLED,USD,27424,197,382.47,4678.21,14,15,8,2278.56,8,425,0,32,2467,243,5092
"Aug 01, 2025","=""456008348744441""",N.SB.Products.SB.UPS.PFC,,250,DAILY_BUDGET,PAUSED,USD,430820,288,1458.61,289.85,3,3,0,0.0,0,149,0,11,0,0,123930
"Aug 09, 2025","=""533624646611887""",C.Keyword.Store.SB.UPS.StoreSpotlight,,250,DAILY_BUDGET,PAUSED,USD,1643,4,8.31,0.0,0,0,0,0.0,0,10,10,0,0,0,444
"Jun 15, 2025","=""456008348744441""",N.SB.Products.SB.UPS.PFC,,250,DAILY_BUDGET,PAUSED,USD,15912,11,15.18,359.95,1,1,1,359.95,1,19,0,1,0,0,2529
"Jul 05, 2025","=""533553529526025""",N.Keyword.Video.SB.PFCSinewave.CP1500PFCRM2U.B0B354X985,,250,DAILY_BUDGET,PAUSED,USD,880,7,43.87,179.95,1,1,1,179.95,1,24,0,1,181,33,256
"Aug 22, 2025","=""367333782614376""",N.SB.Products.SB.UPS.PFCRM,,250,DAILY_BUDGET,PAUSED,USD,35572,110,302.79,740.95,1,1,1,740.95,1,131,85,5,0,0,7216
"Jul 26, 2025","=""353873361287335""",B2B - B.Keyword.Store.SB.UPS.StoreSpotlight,,250,DAILY_BUDGET,ENABLED,USD,58,0,0.0,0.0,0,0,0,0.0,0,0,0,0,0,0,25
"Jun 30, 2025","=""327967099369911""",N.Keyword.Products.SB.UPS.1500units,,250,DAILY_BUDGET,PAUSED,USD,33175,12,30.3,0.0,0,0,0,0.0,0,5,0,1,0,0,6881
"Jun 17, 2025","=""300358990869228""",B.Keyword.Store.SB.UPS.StoreSpotlight,,250,DAILY_BUDGET,ENABLED,USD,941,12,32.55,5677.21,24,41,18,3139.79,26,239,0,48,0,0,734
"May 08, 2025","=""300358990869228""",B.Keyword.Store.SB.UPS.StoreSpotlight,,250,DAILY_BUDGET,ENABLED,USD,1286,14,130.02,4067.21,32,38,21,2467.78,25,260,0,53,0,0,1105
"Jun 06, 2025","=""288898439745613""",B2B - N.Keyword.Products.SB.UPS.1500units,,250,DAILY_BUDGET,ENABLED,USD,93243,146,970.98,2019.89,7,7,5,1479.99,5,210,0,11,0,0,31761
"Jun 16, 2025","=""450441693358033""",B2B - B.Keyword.Products.SB.UPS.1500units,,250,DAILY_BUDGET,ENABLED,USD,1824,8,23.49,1898.71,4,4,0,0.0,0,29,0,5,0,0,302
"Aug 03, 2025","=""400654489506156""",B.Keyword.Products.SB.UPS.BestSellers,,250,DAILY_BUDGET,PAUSED,USD,50131,47,589.32,319.9,2,2,2,319.9,2,87,0,3,0,0,17080
"May 18, 2025","=""112828660396406""",N.Keyword.Video.SB.UPS.SmartAppSinewave.OLHD,,250,DAILY_BUDGET,PAUSED,USD,495,1,1.27,0.0,0,0,0,0.0,0,3,0,0,29,1,63
"Jun 07, 2025","=""85546644235770""",C.Keyword.Video.SB.UPS.IntelligentLCD.CPAVR3,,250,DAILY_BUDGET,PAUSED,USD,5678,70,103.09,1799.6,6,8,5,1599.65,7,168,0,12,634,51,1233
"Jul 24, 2025","=""400654489506156""",B.Keyword.Products.SB.UPS.BestSellers,,250,DAILY_BUDGET,PAUSED,USD,62696,73,819.36,2180.39,8,25,4,756.78,4,153,0,15,0,0,18324
"May 11, 2025","=""85546644235770""",C.Keyword.Video.SB.UPS.IntelligentLCD.CPAVR3,,250,DAILY_BUDGET,PAUSED,USD,2170,13,14.37,515.85,2,3,2,515.85,3,26,0,2,169,12,373
"Jun 27, 2025","=""288898439745613""",B2B - N.Keyword.Products.SB.UPS.1500units,,250,DAILY_BUDGET,ENABLED,USD,6352,15,75.61,259.9,2,2,2,259.9,2,41,0,3,0,0,2107
"Jun 30, 2025","=""516203922618177""",N.Keyword.Store.SB.UPS.StoreSpotlight,,250,DAILY_BUDGET,ENABLED,USD,4213,7,14.44,0.0,0,0,0,0.0,0,31,0,1,0,0,549
"Jul 07, 2025","=""367333782614376""",N.SB.Products.SB.UPS.PFCRM,,250,DAILY_BUDGET,PAUSED,USD,166202,314,1119.69,3495.63,9,11,6,2085.7,6,344,0,15,0,0,44958
"Jul 18, 2025","=""353873361287335""",B2B - B.Keyword.Store.SB.UPS.StoreSpotlight,,250,DAILY_BUDGET,ENABLED,USD,121,2,14.01,1078.75,3,3,0,0.0,0,10,0,3,0,0,78
"May 08, 2025","=""353873361287335""",B2B - B.Keyword.Store.SB.UPS.StoreSpotlight,,250,DAILY_BUDGET,ENABLED,USD,105,1,0.2,0.0,0,0,0,0.0,0,4,0,0,0,0,31
"May 22, 2025","=""353873361287335""",B2B - B.Keyword.Store.SB.UPS.StoreSpotlight,,250,DAILY_BUDGET,ENABLED,USD,76,0,0.0,0.0,0,0,0,0.0,0,0,0,0,0,0,31
"Aug 19, 2025","=""288898439745613""",B2B - N.Keyword.Products.SB.UPS.1500units,,250,DAILY_BUDGET,ENABLED,USD,16597,37,513.48,419.9,2,2,2,419.9,2,62,38,5,0,0,6010
"May 11, 2025","=""249902179030051""",N.Keyword.Video.SB.UPS.Surge.CSP,,250,DAILY_BUDGET,PAUSED,USD,3336,41,36.44,73.47,3,3,2,48.98,2,55,0,5,275,20,648
"Jul 14, 2025","=""335733425531216""",N.Keyword.Video.SB.UPS.PFCSinewave.CP1500PFCLCD.B00429N19W,,250,DAILY_BUDGET,ENABLED,USD,17207,148,794.73,1540.54,10,10,9,1471.59,9,216,0,20,4023,1423,4979
"Jul 13, 2025","=""349078398145277""",N.SB.Products.SB.UPS.Eco,,250,DAILY_BUDGET,PAUSED,USD,54202,147,289.74,423.8,4,4,4,423.8,4,153,0,9,0,0,11941
"Jul 25, 2025","=""533624646611887""",C.Keyword.Store.SB.UPS.StoreSpotlight,,250,DAILY_BUDGET,PAUSED,USD,13953,68,661.92,239.9,2,2,2,239.9,2,65,0,12,0,0,6928
"Jun 04, 2025","=""288898439745613""",B2B - N.Keyword.Products.SB.UPS.1500units,,250,DAILY_BUDGET,ENABLED,USD,10899,36,247.55,2480.24,7,7,3,1611.44,3,37,0,8,0,0,3826
"May 07, 2025","=""369323377946560""",B2B - N.Keyword.Store.SB.UPS.StoreSpotlight,,250,DAILY_BUDGET,ENABLED,USD,208,2,4.5,0.0,0,0,0,0.0,0,1,0,0,0,0,134
"Jun 23, 2025","=""288898439745613""",B2B - N.Keyword.Products.SB.UPS.1500units,,250,DAILY_BUDGET,ENABLED,USD,10943,36,191.68,1905.7,5,6,2,399.9,2,55,0,8,0,0,3627
"Jul 17, 2025","=""293529288726869""",B.Keyword.Video.SB.UPS.PFCSinewave.CP1500PFCLCD.B00429N19W,,250,DAILY_BUDGET,ENABLED,USD,522,8,43.54,0.0,0,0,0,0.0,0,11,0,0,133,54,182
"May 15, 2025","=""38757712528936""",B.Keyword.Video.SB.UPS.PFCSinewave.CPPFC(1),,250,DAILY_BUDGET,PAUSED,USD,1579,7,29.37,219.95,1,1,1,219.95,1,24,0,1,151,38,269
"Jun 25, 2025","=""456008348744441""",N.SB.Products.SB.UPS.PFC,,250,DAILY_BUDGET,PAUSED,USD,60214,240,765.27,4620.93,13,16,10,3361.13,12,340,0,22,0,0,15919
"Aug 28, 2025","=""335733425531216""",N.Keyword.Video.SB.UPS.PFCSinewave.CP1500PFCLCD.B00429N19W,,250,DAILY_BUDGET,ENABLED,USD,3763,18,72.16,239.95,1,1,1,239.95,1,39,9,1,615,195,911
"Jun 12, 2025","=""60249080858733""",C.Keyword.Video.SB.UPS.PFCSinewave.CPPFC(1),,250,DAILY_BUDGET,PAUSED,USD,196,0,0.0,0.0,0,0,0,0.0,0,0,0,0,11,1,15
"Jul 08, 2025","=""112828660396406""",N.Keyword.Video.SB.UPS.SmartAppSinewave.OLHD,,250,DAILY_BUDGET,PAUSED,USD,43,0,0.0,0.0,0,0,0,0.0,0,0,0,0,1,0,5
"Aug 07, 2025","=""501138070676838""",N.SB.Products.SB.UPS.AVR,,250,DAILY_BUDGET,PAUSED,USD,17172,24,70.63,199.95,1,1,1,199.95,1,35,12,1,0,0,3491
"Jun 01, 2025","=""38757712528936""",B.Keyword.Video.SB.UPS.PFCSinewave.CPPFC(1),,250,DAILY_BUDGET,PAUSED,USD,1198,15,40.04,1364.95,1,1,1,1364.95,1,33,0,3,172,52,249
"Aug 27, 2025","=""288898439745613""",B2B - N.Keyword.Products.SB.UPS.1500units,,250,DAILY_BUDGET,ENABLED,USD,13855,30,383.95,1140.55,4,5,3,780.6,4,27,16,7,0,0,4854
"Jul 23, 2025","=""533624646611887""",C.Keyword.Store.SB.UPS.StoreSpotlight,,250,DAILY_BUDGET,PAUSED,USD,15757,84,807.07,879.75,5,5,4,639.8,4,96,1,15,0,0,7783
"Aug 22, 2025","=""456008348744441""",N.SB.Products.SB.UPS.PFC,,250,DAILY_BUDGET,PAUSED,USD,48342,72,293.21,0.0,0,0,0,0.0,0,66,65,2,0,0,14544
"Jun 21, 2025","=""209147373785811""",N.Keyword.Video.SB.UPS.PFCSinewave.CPPFC(1),,250,DAILY_BUDGET,PAUSED,USD,1606,19,28.28,238.03,1,1,1,238.03,1,35,0,2,161,24,312
"Jul 10, 2025","=""84817009251939""",C.Keyword.Video.SB.PFCSinewave.CP1500PFCRM2U.B0B354X985,,250,DAILY_BUDGET,ENABLED,USD,0,0,0.0,0.0,0,0,0,0.0,0,0,0,0,0,0,0
"Jun 21, 2025","=""288898439745613""",B2B - N.Keyword.Products.SB.UPS.1500units,,250,DAILY_BUDGET,ENABLED,USD,4412,17,114.88,875.83,4,4,3,637.8,3,20,0,7,0,0,1564
"Jun 23, 2025","=""249902179030051""",N.Keyword.Video.SB.UPS.Surge.CSP,,250,DAILY_BUDGET,PAUSED,USD,1409,29,23.6,0.0,0,0,0,0.0,0,46,0,2,179,17,334
"Jul 23, 2025","=""300358990869228""",B.Keyword.Store.SB.UPS.StoreSpotlight,,250,DAILY_BUDGET,ENABLED,USD,347,2,3.07,199.95,1,1,1,199.95,1,4,0,1,0,0,302
"Jun 25, 2025","=""85546644235770""",C.Keyword.Video.SB.UPS.IntelligentLCD.CPAVR3,,250,DAILY_BUDGET,PAUSED,USD,6515,45,50.39,0.0,0,0,0,0.0,0,96,0,4,604,42,1252
"Aug 25, 2025","=""369323377946560""",B2B - N.Keyword.Store.SB.UPS.StoreSpotlight,,250,DAILY_BUDGET,ENABLED,USD,5451,26,498.5,5470.87,10,26,3,1663.55,9,56,36,14,0,0,2202
"Aug 12, 2025","=""450441693358033""",B2B - B.Keyword.Products.SB.UPS.1500units,,250,DAILY_BUDGET,ENABLED,USD,489,0,0.0,0.0,0,0,0,0.0,0,0,0,0,0,0,125
"Jun 29, 2025","=""38757712528936""",B.Keyword.Video.SB.UPS.PFCSinewave.CPPFC(1),,250,DAILY_BUDGET,PAUSED,USD,1288,14,48.77,479.38,2,2,2,479.38,2,35,0,3,144,51,244
"Jul 06, 2025","=""533624646611887""",C.Keyword.Store.SB.UPS.StoreSpotlight,,250,DAILY_BUDGET,PAUSED,USD,10333,33,208.56,119.95,1,1,1,119.95,1,32,0,3,0,0,4443
"Jul 26, 2025","=""456008348744441""",N.SB.Products.SB.UPS.PFC,,250,DAILY_BUDGET,PAUSED,USD,90121,85,392.44,0.0,0,0,0,0.0,0,39,0,2,0,0,26325
"Jul 19, 2025","=""504590116611528""",C.Keyword.Video.SB.PFCSinewave.CP1500PFCRM2U.B0B354X985_v2,,250,DAILY_BUDGET,PAUSED,USD,1741,47,230.29,479.9,2,2,2,479.9,2,83,0,2,446,73,630
"May 21, 2025","=""209147373785811""",N.Keyword.Video.SB.UPS.PFCSinewave.CPPFC(1),,250,DAILY_BUDGET,PAUSED,USD,1360,3,8.04,0.0,0,0,0,0.0,0,6,0,0,102,13,213
"May 26, 2025","=""400654489506156""",B.Keyword.Products.SB.UPS.BestSellers,,250,DAILY_BUDGET,PAUSED,USD,1163,2,7.63,0.0,0,0,0,0.0,0,4,0,0,0,0,335
"May 14, 2025","=""112828660396406""",N.Keyword.Video.SB.UPS.SmartAppSinewave.OLHD,,250,DAILY_BUDGET,PAUSED,USD,389,1,0.55,0.0,0,0,0,0.0,0,4,0,1,24,2,58
"Jun 14, 2025","=""450441693358033""",B2B - B.Keyword.Products.SB.UPS.1500units,,250,DAILY_BUDGET,ENABLED,USD,466,2,9.18,0.0,0,0,0,0.0,0,0,0,0,0,0,130
"Jun 02, 2025","=""249902179030051""",N.Keyword.Video.SB.UPS.Surge.CSP,,250,DAILY_BUDGET,PAUSED,USD,583,10,8.12,0.0,0,0,0,0.0,0,13,0,0,41,3,90
"Aug 05, 2025","=""288898439745613""",B2B - N.Keyword.Products.SB.UPS.1500units,,250,DAILY_BUDGET,ENABLED,USD,5836,20,109.05,199.95,1,1,1,199.95,1,23,5,2,0,0,1493
"Jul 12, 2025","=""456008348744441""",N.SB.Products.SB.UPS.PFC,,250,DAILY_BUDGET,PAUSED,USD,863,5,8.35,0.0,0,0,0,0.0,0,12,0,0,0,0,157
"May 21, 2025","=""516203922618177""",N.Keyword.Store.SB.UPS.StoreSpotlight,,250,DAILY_BUDGET,ENABLED,USD,11047,45,84.31,1048.81,7,7,4,573.26,4,80,0,11,0,0,3013
"Jul 22, 2025","=""456008348744441""",N.SB.Products.SB.UPS.PFC,,250,DAILY_BUDGET,PAUSED,USD,63430,51,259.6,239.95,1,1,1,239.95,1,50,0,2,0,0,16655
"Jun 23, 2025","=""38757712528936""",B.Keyword.Video.SB.UPS.PFCSinewave.CPPFC(1),,250,DAILY_BUDGET,PAUSED,USD,1702,15,41.24,0.0,0,0,0,0.0,0,21,0,0,213,59,338
"Jul 07, 2025","=""450441693358033""",B2B - B.Keyword.Products.SB.UPS.1500units,,250,DAILY_BUDGET,ENABLED,USD,1121,4,15.31,1879.7,3,6,0,0.0,0,7,0,3,0,0,177
"May 16, 2025","=""249902179030051""",N.Keyword.Video.SB.UPS.Surge.CSP,,250,DAILY_BUDGET,PAUSED,USD,1685,21,18.23,17.99,1,1,0,0.0,0,24,0,1,122,11,267
"Jun 22, 2025","=""249902179030051""",N.Keyword.Video.SB.UPS.Surge.CSP,,250,DAILY_BUDGET,PAUSED,USD,1621,26,17.62,24.99,1,1,1,24.99,1,60,0,5,152,13,358
"Aug 02, 2025","=""367333782614376""",N.SB.Products.SB.UPS.PFCRM,,250,DAILY_BUDGET,PAUSED,USD,61919,84,268.8,1319.75,5,5,1,239.95,1,104,0,12,0,0,11887
"Aug 18, 2025","=""450441693358033""",B2B - B.Keyword.Products.SB.UPS.1500units,,250,DAILY_BUDGET,ENABLED,USD,1808,6,132.79,1379.84,4,4,2,719.9,2,16,0,5,0,0,141
"Jul 12, 2025","=""293529288726869""",B.Keyword.Video.SB.UPS.PFCSinewave.CP1500PFCLCD.B00429N19W,,250,DAILY_BUDGET,ENABLED,USD,569,7,39.31,0.0,0,0,0,0.0,0,11,0,0,151,57,180
"Jun 13, 2025","=""85546644235770""",C.Keyword.Video.SB.UPS.IntelligentLCD.CPAVR3,,250,DAILY_BUDGET,PAUSED,USD,6861,74,115.47,999.75,5,5,4,799.8,4,205,0,23,775,84,1433
"Jul 09, 2025","=""84817009251939""",C.Keyword.Video.SB.PFCSinewave.CP1500PFCRM2U.B0B354X985,,250,DAILY_BUDGET,ENABLED,USD,0,0,0.0,0.0,0,0,0,0.0,0,0,0,0,0,0,0
"Jul 05, 2025","=""84817009251939""",C.Keyword.Video.SB.PFCSinewave.CP1500PFCRM2U.B0B354X985,,250,DAILY_BUDGET,ENABLED,USD,21952,103,185.19,3959.4,7,12,4,1259.8,4,261,0,9,1876,105,4048
"Jun 29, 2025","=""74868404430193""",N.Keyword.Video.SB.UPS.SmartAppLCD.OR.OR500LCRM1U,,250,DAILY_BUDGET,PAUSED,USD,939,6,4.76,517.86,2,2,0,0.0,0,26,0,3,66,10,156
"Aug 03, 2025","=""349078398145277""",N.SB.Products.SB.UPS.Eco,,250,DAILY_BUDGET,PAUSED,USD,52345,198,572.29,1411.3,14,14,12,1217.4,12,264,0,26,0,0,12232
"Jul 28, 2025","=""504590116611528""",C.Keyword.Video.SB.PFCSinewave.CP1500PFCRM2U.B0B354X985_v2,,250,DAILY_BUDGET,PAUSED,USD,0,0,0.0,0.0,0,0,0,0.0,0,0,0,0,0,0,0
"Jul 01, 2025","=""353873361287335""",B2B - B.Keyword.Store.SB.UPS.StoreSpotlight,,250,DAILY_BUDGET,ENABLED,USD,204,2,3.64,428.9,2,2,2,428.9,2,6,0,2,0,0,65
"May 20, 2025","=""327967099369911""",N.Keyword.Products.SB.UPS.1500units,,250,DAILY_BUDGET,PAUSED,USD,175645,269,1625.04,3099.2,14,16,11,2229.45,11,311,0,27,0,0,59674
"Aug 03, 2025","=""456008348744441""",N.SB.Products.SB.UPS.PFC,,250,DAILY_BUDGET,PAUSED,USD,77422,69,314.33,0.0,0,0,0,0.0,0,35,2,2,0,0,21476
"Jul 21, 2025","=""400654489506156""",B.Keyword.Products.SB.UPS.BestSellers,,250,DAILY_BUDGET,PAUSED,USD,86071,101,1185.56,1109.65,7,7,4,789.8,4,148,0,10,0,0,24153
"Jun 01, 2025","=""516203922618177""",N.Keyword.Store.SB.UPS.StoreSpotlight,,250,DAILY_BUDGET,ENABLED,USD,19527,80,139.33,1466.5,10,10,9,1346.55,9,130,0,19,0,0,5056
"May 20, 2025","=""369323377946560""",B2B - N.Keyword.Store.SB.UPS.StoreSpotlight,,250,DAILY_BUDGET,ENABLED,USD,287,1,3.47,0.0,0,0,0,0.0,0,1,0,1,0,0,135
"Aug 12, 2025","=""349078398145277""",N.SB.Products.SB.UPS.Eco,,250,DAILY_BUDGET,PAUSED,USD,103326,289,525.35,1547.24,10,16,9,1487.29,15,262,243,24,0,0,25698
"Aug 13, 2025","=""450441693358033""",B2B - B.Keyword.Products.SB.UPS.1500units,,250,DAILY_BUDGET,ENABLED,USD,1304,5,78.89,519.94,2,2,0,0.0,0,7,0,1,0,0,162
"Jul 29, 2025","=""349078398145277""",N.SB.Products.SB.UPS.Eco,,250,DAILY_BUDGET,PAUSED,USD,55529,197,590.16,1147.17,9,10,8,907.27,8,277,0,15,0,0,15378
"Jun 21, 2025","=""38757712528936""",B.Keyword.Video.SB.UPS.PFCSinewave.CPPFC(1),,250,DAILY_BUDGET,PAUSED,USD,1571,21,84.44,459.88,2,2,2,459.88,2,53,0,3,159,44,284
"Aug 17, 2025","=""501138070676838""",N.SB.Products.SB.UPS.AVR,,250,DAILY_BUDGET,PAUSED,USD,14995,34,71.86,0.0,0,0,0,0.0,0,29,29,0,0,0,2424
"Jul 13, 2025","=""335733425531216""",N.Keyword.Video.SB.UPS.PFCSinewave.CP1500PFCLCD.B00429N19W,,250,DAILY_BUDGET,ENABLED,USD,12260,100,570.54,1706.81,9,9,8,1526.86,8,195,0,17,2713,1026,3328
"Jul 09, 2025","=""293529288726869""",B.Keyword.Video.SB.UPS.PFCSinewave.CP1500PFCLCD.B00429N19W,,250,DAILY_BUDGET,ENABLED,USD,6417,79,474.09,2448.75,8,11,5,1209.0,6,166,0,14,1125,410,1506
"Jul 20, 2025","=""293529288726869""",B.Keyword.Video.SB.UPS.PFCSinewave.CP1500PFCLCD.B00429N19W,,250,DAILY_BUDGET,ENABLED,USD,416,3,7.94,239.95,1,1,1,239.95,1,15,0,1,80,26,105
"Aug 18, 2025","=""353873361287335""",B2B - B.Keyword.Store.SB.UPS.StoreSpotlight,,250,DAILY_BUDGET,ENABLED,USD,231,1,0.22,0.0,0,0,0,0.0,0,2,4,0,0,0,111
"Jul 09, 2025","=""288898439745613""",B2B - N.Keyword.Products.SB.UPS.1500units,,250,DAILY_BUDGET,ENABLED,USD,7437,42,262.27,1498.25,6,6,5,1258.3,5,78,0,12,0,0,3113
"Jul 06, 2025","=""288898439745613""",B2B - N.Keyword.Products.SB.UPS.1500units,,250,DAILY_BUDGET,ENABLED,USD,3371,8,44.19,0.0,0,0,0,0.0,0,22,0,1,0,0,1299
"Jul 11, 2025","=""293529288726869""",B.Keyword.Video.SB.UPS.PFCSinewave.CP1500PFCLCD.B00429N19W,,250,DAILY_BUDGET,ENABLED,USD,1138,40,229.16,1229.65,7,7,5,629.75,5,96,0,11,300,96,388
"Jul 11, 2025","=""367333782614376""",N.SB.Products.SB.UPS.PFCRM,,250,DAILY_BUDGET,PAUSED,USD,37839,81,189.98,3219.68,12,13,6,1398.35,7,156,0,19,0,0,5462
"Jul 10, 2025","=""516203922618177""",N.Keyword.Store.SB.UPS.StoreSpotlight,,250,DAILY_BUDGET,ENABLED,USD,2981,22,51.6,319.9,2,2,2,319.9,2,43,0,11,0,0,925
"Jun 10, 2025","=""38757712528936""",B.Keyword.Video.SB.UPS.PFCSinewave.CPPFC(1),,250,DAILY_BUDGET,PAUSED,USD,3156,31,76.02,571.8,3,3,2,478.81,2,87,0,6,283,78,469
"May 07, 2025","=""516203922618177""",N.Keyword.Store.SB.UPS.StoreSpotlight,,250,DAILY_BUDGET,ENABLED,USD,9724,34,96.11,0.0,0,0,0,0.0,0,50,0,3,0,0,2708
"Aug 10, 2025","=""367333782614376""",N.SB.Products.SB.UPS.PFCRM,,250,DAILY_BUDGET,PAUSED,USD,83236,224,763.44,1298.72,8,8,7,1058.77,7,220,207,15,0,0,21151
"Jul 25, 2025","=""504590116611528""",C.Keyword.Video.SB.PFCSinewave.CP1500PFCRM2U.B0B354X985_v2,,250,DAILY_BUDGET,PAUSED,USD,0,0,0.0,0.0,0,0,0,0.0,0,0,0,0,0,0,0
"Jul 26, 2025","=""533624646611887""",C.Keyword.Store.SB.UPS.StoreSpotlight,,250,DAILY_BUDGET,PAUSED,USD,10497,52,520.83,479.8,2,4,1,239.9,2,62,0,4,0,0,5218
"Jun 14, 2025","=""60249080858733""",C.Keyword.Video.SB.UPS.PFCSinewave.CPPFC(1),,250,DAILY_BUDGET,PAUSED,USD,128,0,0.0,0.0,0,0,0,0.0,0,0,0,0,9,0,11
"Jun 14, 2025","=""300358990869228""",B.Keyword.Store.SB.UPS.StoreSpotlight,,250,DAILY_BUDGET,ENABLED,USD,1007,8,69.19,2227.98,22,24,14,1336.55,14,271,0,43,0,0,821
"Jun 07, 2025","=""327967099369911""",N.Keyword.Products.SB.UPS.1500units,,250,DAILY_BUDGET,PAUSED,USD,0,0,0.0,0.0,0,0,0,0.0,0,0,0,0,0,0,0
"Aug 22, 2025","=""335733425531216""",N.Keyword.Video.SB.UPS.PFCSinewave.CP1500PFCLCD.B00429N19W,,250,DAILY_BUDGET,ENABLED,USD,4857,33,120.57,359.95,1,1,0,0.0,0,59,17,4,827,303,1155
"Aug 18, 2025","=""400654489506156""",B.Keyword.Products.SB.UPS.BestSellers,,250,DAILY_BUDGET,PAUSED,USD,87761,85,1244.92,2844.15,7,13,7,2844.15,13,196,149,11,0,0,28678
"Jun 12, 2025","=""38757712528936""",B.Keyword.Video.SB.UPS.PFCSinewave.CPPFC(1),,250,DAILY_BUDGET,PAUSED,USD,3892,15,46.27,134.95,1,1,1,134.95,1,24,0,1,311,97,471
"Jul 24, 2025","=""501138070676838""",N.SB.Products.SB.UPS.AVR,,250,DAILY_BUDGET,PAUSED,USD,15237,19,60.46,0.0,0,0,0,0.0,0,12,0,1,0,0,2083
"Aug 21, 2025","=""452338404496050""",B.SB.Products.SB.UPS.PFC,,250,DAILY_BUDGET,PAUSED,USD,7842,60,600.84,2338.36,11,13,4,822.32,4,162,44,16,0,0,2876
"Jul 16, 2025","=""209147373785811""",N.Keyword.Video.SB.UPS.PFCSinewave.CPPFC(1),,250,DAILY_BUDGET,PAUSED,USD,0,0,0.0,0.0,0,0,0,0.0,0,0,0,0,0,0,0
"Jun 21, 2025","=""85546644235770""",C.Keyword.Video.SB.UPS.IntelligentLCD.CPAVR3,,250,DAILY_BUDGET,PAUSED,USD,3372,41,43.99,399.9,2,2,2,399.9,2,62,0,5,333,21,689
"Aug 08, 2025","=""335733425531216""",N.Keyword.Video.SB.UPS.PFCSinewave.CP1500PFCLCD.B00429N19W,,250,DAILY_BUDGET,ENABLED,USD,7033,54,239.02,1539.65,7,7,6,1449.7,6,87,26,12,1591,566,2049
"Jun 22, 2025","=""85546644235770""",C.Keyword.Video.SB.UPS.IntelligentLCD.CPAVR3,,250,DAILY_BUDGET,PAUSED,USD,4895,64,81.76,639.85,3,3,2,439.9,2,100,0,6,607,35,1156
"Aug 24, 2025","=""490434522578484""",C.Keyword.Video.SB.UPS.PFCSinewave.CP1500PFCLCD.B00429N19W,,250,DAILY_BUDGET,ENABLED,USD,662,1,17.46,0.0,0,0,0,0.0,0,0,1,0,117,36,159
"May 17, 2025","=""74868404430193""",N.Keyword.Video.SB.UPS.SmartAppLCD.OR.OR500LCRM1U,,250,DAILY_BUDGET,PAUSED,USD,666,5,4.48,346.77,3,3,3,346.77,3,10,0,1,60,4,114
"Aug 23, 2025","=""501138070676838""",N.SB.Products.SB.UPS.AVR,,250,DAILY_BUDGET,PAUSED,USD,15579,16,38.84,0.0,0,0,0,0.0,0,22,10,5,0,0,1809
"Aug 09, 2025","=""293529288726869""",B.Keyword.Video.SB.UPS.PFCSinewave.CP1500PFCLCD.B00429N19W,,250,DAILY_BUDGET,ENABLED,USD,479,5,106.14,239.95,1,1,1,239.95,1,16,2,1,76,26,112
"Aug 05, 2025","=""369323377946560""",B2B - N.Keyword.Store.SB.UPS.StoreSpotlight,,250,DAILY_BUDGET,ENABLED,USD,2093,10,82.35,524.9,2,2,1,164.95,1,8,8,2,0,0,968
"May 24, 2025","=""288898439745613""",B2B - N.Keyword.Products.SB.UPS.1500units,,250,DAILY_BUDGET,ENABLED,USD,4850,12,133.74,0.0,0,0,0,0.0,0,8,0,0,0,0,1962
"Jul 21, 2025","=""85546644235770""",C.Keyword.Video.SB.UPS.IntelligentLCD.CPAVR3,,250,DAILY_BUDGET,PAUSED,USD,0,0,0.0,0.0,0,0,0,0.0,0,0,0,0,0,0,0
"Aug 25, 2025","=""353873361287335""",B2B - B.Keyword.Store.SB.UPS.StoreSpotlight,,250,DAILY_BUDGET,ENABLED,USD,263,3,3.67,479.9,2,2,1,119.95,1,6,5,2,0,0,132
"May 15, 2025","=""85546644235770""",C.Keyword.Video.SB.UPS.IntelligentLCD.CPAVR3,,250,DAILY_BUDGET,PAUSED,USD,5470,39,62.89,1259.65,6,7,2,439.85,3,74,0,7,428,38,923
"Jul 01, 2025","=""456008348744441""",N.SB.Products.SB.UPS.PFC,,250,DAILY_BUDGET,PAUSED,USD,294689,390,3489.8,1749.59,9,9,8,1509.64,8,322,0,26,0,0,88641
"Jul 12, 2025","=""353873361287335""",B2B - B.Keyword.Store.SB.UPS.StoreSpotlight,,250,DAILY_BUDGET,ENABLED,USD,51,0,0.0,0.0,0,0,0,0.0,0,0,0,0,0,0,27
"May 05, 2025","=""425328024590643""",C.Keyword.Products.SB.UPS.1500units,,250,DAILY_BUDGET,ENABLED,USD,11289,27,134.47,290.9,2,2,2,290.9,2,52,0,2,0,0,4534
"May 03, 2025","=""85546644235770""",C.Keyword.Video.SB.UPS.IntelligentLCD.CPAVR3,,250,DAILY_BUDGET,PAUSED,USD,2774,14,20.56,53.95,1,1,1,53.95,1,39,0,1,204,15,441
"Jul 03, 2025","=""533624646611887""",C.Keyword.Store.SB.UPS.StoreSpotlight,,250,DAILY_BUDGET,PAUSED,USD,445,3,17.91,0.0,0,0,0,0.0,0,8,0,2,0,0,192
"Jun 22, 2025","=""300358990869228""",B.Keyword.Store.SB.UPS.StoreSpotlight,,250,DAILY_BUDGET,ENABLED,USD,604,8,19.35,779.68,7,7,5,493.78,5,233,0,29,0,0,450
"Jul 04, 2025","=""353873361287335""",B2B - B.Keyword.Store.SB.UPS.StoreSpotlight,,250,DAILY_BUDGET,ENABLED,USD,98,2,3.73,0.0,0,0,0,0.0,0,3,0,0,0,0,49
"Jun 21, 2025","=""112828660396406""",N.Keyword.Video.SB.UPS.SmartAppSinewave.OLHD,,250,DAILY_BUDGET,PAUSED,USD,784,1,1.57,0.0,0,0,0,0.0,0,6,0,0,48,3,108
"Jul 01, 2025","=""450441693358033""",B2B - B.Keyword.Products.SB.UPS.1500units,,250,DAILY_BUDGET,ENABLED,USD,1068,4,6.23,740.95,1,1,0,0.0,0,19,0,2,0,0,233
"Jul 04, 2025","=""112828660396406""",N.Keyword.Video.SB.UPS.SmartAppSinewave.OLHD,,250,DAILY_BUDGET,PAUSED,USD,712,1,3.3,299.95,1,1,1,299.95,1,3,0,1,56,1,113
"Jul 02, 2025","=""288898439745613""",B2B - N.Keyword.Products.SB.UPS.1500units,,250,DAILY_BUDGET,ENABLED,USD,5741,19,99.39,1179.7,5,6,5,1179.7,6,40,0,7,0,0,1790
"Aug 16, 2025","=""490434522578484""",C.Keyword.Video.SB.UPS.PFCSinewave.CP1500PFCLCD.B00429N19W,,250,DAILY_BUDGET,ENABLED,USD,649,5,91.63,0.0,0,0,0,0.0,0,5,2,0,83,19,131
"Jun 23, 2025","=""84817009251939""",C.Keyword.Video.SB.PFCSinewave.CP1500PFCRM2U.B0B354X985,,250,DAILY_BUDGET,ENABLED,USD,29197,203,367.6,9733.07,13,32,6,1917.59,6,448,0,28,2797,240,5508
"Jul 16, 2025","=""84817009251939""",C.Keyword.Video.SB.PFCSinewave.CP1500PFCRM2U.B0B354X985,,250,DAILY_BUDGET,ENABLED,USD,0,0,0.0,0.0,0,0,0,0.0,0,0,0,0,0,0,0
"May 20, 2025","=""516203922618177""",N.Keyword.Store.SB.UPS.StoreSpotlight,,250,DAILY_BUDGET,ENABLED,USD,11835,62,170.47,579.8,4,4,2,269.9,2,67,0,11,0,0,3358
"Jun 15, 2025","=""38757712528936""",B.Keyword.Video.SB.UPS.PFCSinewave.CPPFC(1),,250,DAILY_BUDGET,PAUSED,USD,4788,47,310.31,325.49,2,2,1,238.5,1,65,0,2,728,211,1124
"Aug 10, 2025","=""490434522578484""",C.Keyword.Video.SB.UPS.PFCSinewave.CP1500PFCLCD.B00429N19W,,250,DAILY_BUDGET,ENABLED,USD,2233,3,88.57,0.0,0,0,0,0.0,0,7,1,1,457,146,618
"May 29, 2025","=""353873361287335""",B2B - B.Keyword.Store.SB.UPS.StoreSpotlight,,250,DAILY_BUDGET,ENABLED,USD,85,1,0.51,0.0,0,0,0,0.0,0,0,0,0,0,0,47
"Jun 09, 2025","=""60249080858733""",C.Keyword.Video.SB.UPS.PFCSinewave.CPPFC(1),,250,DAILY_BUDGET,PAUSED,USD,223,0,0.0,0.0,0,0,0,0.0,0,0,0,0,10,5,18
"Aug 16, 2025","=""501364882562485""",C.Keyword.Video.SB.UPS.IntelligentLCD.CP1500AVRLCD3.B0BCMLLSHL,,250,DAILY_BUDGET,ENABLED,USD,936,6,92.08,0.0,0,0,0,0.0,0,5,5,0,115,16,178
"Jul 08, 2025","=""452338404496050""",B.SB.Products.SB.UPS.PFC,,250,DAILY_BUDGET,PAUSED,USD,103670,221,1238.2,1204.79,5,5,5,1204.79,5,215,0,12,0,0,27785
"Jul 07, 2025","=""84817009251939""",C.Keyword.Video.SB.PFCSinewave.CP1500PFCRM2U.B0B354X985,,250,DAILY_BUDGET,ENABLED,USD,4685,12,40.33,299.95,1,1,1,299.95,1,30,0,2,555,30,1106
"May 29, 2025","=""209147373785811""",N.Keyword.Video.SB.UPS.PFCSinewave.CPPFC(1),,250,DAILY_BUDGET,PAUSED,USD,1088,14,32.24,559.85,3,3,3,559.85,3,34,0,3,109,22,191
"May 18, 2025","=""85546644235770""",C.Keyword.Video.SB.UPS.IntelligentLCD.CPAVR3,,250,DAILY_BUDGET,PAUSED,USD,5418,47,75.32,569.85,3,3,2,379.9,2,71,0,6,496,40,1054
"Aug 05, 2025","=""501138070676838""",N.SB.Products.SB.UPS.AVR,,250,DAILY_BUDGET,PAUSED,USD,16412,20,53.29,199.95,1,1,1,199.95,1,28,8,1,0,0,3320
"Aug 24, 2025","=""288898439745613""",B2B - N.Keyword.Products.SB.UPS.1500units,,250,DAILY_BUDGET,ENABLED,USD,8127,14,184.39,0.0,0,0,0,0.0,0,29,7,2,0,0,3413
"May 13, 2025","=""74868404430193""",N.Keyword.Video.SB.UPS.SmartAppLCD.OR.OR500LCRM1U,,250,DAILY_BUDGET,PAUSED,USD,778,6,5.67,799.8,3,4,1,199.95,1,16,0,4,53,4,118
"Jul 23, 2025","=""369323377946560""",B2B - N.Keyword.Store.SB.UPS.StoreSpotlight,,250,DAILY_BUDGET,ENABLED,USD,1351,2,5.69,0.0,0,0,0,0.0,0,2,0,1,0,0,387
"Aug 17, 2025","=""533624646611887""",C.Keyword.Store.SB.UPS.StoreSpotlight,,250,DAILY_BUDGET,PAUSED,USD,12152,55,926.34,347.89,3,3,3,347.89,3,84,61,7,0,0,6013
"Jul 04, 2025","=""367333782614376""",N.SB.Products.SB.UPS.PFCRM,,250,DAILY_BUDGET,PAUSED,USD,197302,382,1340.97,498.54,3,3,3,498.54,3,253,0,12,0,0,59310
"May 11, 2025","=""209147373785811""",N.Keyword.Video.SB.UPS.PFCSinewave.CPPFC(1),,250,DAILY_BUDGET,PAUSED,USD,1278,12,25.91,409.9,2,2,2,409.9,2,26,0,2,113,23,213
"May 16, 2025","=""84817009251939""",C.Keyword.Video.SB.PFCSinewave.CP1500PFCRM2U.B0B354X985,,250,DAILY_BUDGET,ENABLED,USD,8267,53,80.4,2328.9,6,8,4,722.05,5,139,0,7,620,52,1376
"Jun 22, 2025","=""369323377946560""",B2B - N.Keyword.Store.SB.UPS.StoreSpotlight,,250,DAILY_BUDGET,ENABLED,USD,444,0,0.0,0.0,0,0,0,0.0,0,0,0,0,0,0,114
"Jun 16, 2025","=""74868404430193""",N.Keyword.Video.SB.UPS.SmartAppLCD.OR.OR500LCRM1U,,250,DAILY_BUDGET,PAUSED,USD,935,4,3.25,0.0,0,0,0,0.0,0,6,0,0,57,9,130
"Aug 07, 2025","=""327967099369911""",N.Keyword.Products.SB.UPS.1500units,,250,DAILY_BUDGET,PAUSED,USD,6164,13,27.04,0.0,0,0,0,0.0,0,10,13,0,0,0,1058
"Jun 11, 2025","=""300358990869228""",B.Keyword.Store.SB.UPS.StoreSpotlight,,250,DAILY_BUDGET,ENABLED,USD,1677,12,93.84,4510.37,31,37,21,3209.03,25,370,0,56,0,0,1398
"Jul 06, 2025","=""516203922618177""",N.Keyword.Store.SB.UPS.StoreSpotlight,,250,DAILY_BUDGET,ENABLED,USD,207,0,0.0,0.0,0,0,0,0.0,0,0,0,0,0,0,73
"May 24, 2025","=""60249080858733""",C.Keyword.Video.SB.UPS.PFCSinewave.CPPFC(1),,250,DAILY_BUDGET,PAUSED,USD,87,2,4.12,0.0,0,0,0,0.0,0,1,0,0,6,1,15
"May 19, 2025","=""209147373785811""",N.Keyword.Video.SB.UPS.PFCSinewave.CPPFC(1),,250,DAILY_BUDGET,PAUSED,USD,1419,13,25.31,382.9,2,2,2,382.9,2,36,0,3,99,21,215
"Jul 05, 2025","=""504590116611528""",C.Keyword.Video.SB.PFCSinewave.CP1500PFCRM2U.B0B354X985_v2,,250,DAILY_BUDGET,PAUSED,USD,4869,114,825.17,839.1,4,4,3,839.1,3,236,0,12,1356,298,1786
"May 23, 2025","=""425328024590643""",C.Keyword.Products.SB.UPS.1500units,,250,DAILY_BUDGET,ENABLED,USD,9284,32,191.89,0.0,0,0,0,0.0,0,57,0,1,0,0,3893
"May 06, 2025","=""85546644235770""",C.Keyword.Video.SB.UPS.IntelligentLCD.CPAVR3,,250,DAILY_BUDGET,PAUSED,USD,3106,21,25.64,0.0,0,0,0,0.0,0,28,0,2,239,15,495
"Jul 04, 2025","=""516203922618177""",N.Keyword.Store.SB.UPS.StoreSpotlight,,250,DAILY_BUDGET,ENABLED,USD,213,1,0.49,0.0,0,0,0,0.0,0,1,0,0,0,0,92
"Aug 27, 2025","=""456008348744441""",N.SB.Products.SB.UPS.PFC,,250,DAILY_BUDGET,PAUSED,USD,44954,37,128.69,599.9,2,2,1,359.95,1,37,44,3,0,0,13475
"Aug 07, 2025","=""452338404496050""",B.SB.Products.SB.UPS.PFC,,250,DAILY_BUDGET,PAUSED,USD,5383,36,323.31,1213.99,5,5,3,679.85,3,52,36,10,0,0,2157
"May 08, 2025","=""369323377946560""",B2B - N.Keyword.Store.SB.UPS.StoreSpotlight,,250,DAILY_BUDGET,ENABLED,USD,171,1,2.78,0.0,0,0,0,0.0,0,1,0,0,0,0,111
"May 07, 2025","=""288898439745613""",B2B - N.Keyword.Products.SB.UPS.1500units,,250,DAILY_BUDGET,ENABLED,USD,15601,18,176.69,324.85,3,3,2,244.9,2,21,0,3,0,0,6433
"Jul 04, 2025","=""450441693358033""",B2B - B.Keyword.Products.SB.UPS.1500units,,250,DAILY_BUDGET,ENABLED,USD,326,1,0.23,0.0,0,0,0,0.0,0,0,0,0,0,0,29
"Jun 18, 2025","=""456008348744441""",N.SB.Products.SB.UPS.PFC,,250,DAILY_BUDGET,PAUSED,USD,16644,76,151.79,1586.2,8,8,8,1586.2,8,131,0,35,0,0,5074
"Aug 26, 2025","=""450441693358033""",B2B - B.Keyword.Products.SB.UPS.1500units,,250,DAILY_BUDGET,ENABLED,USD,1847,5,166.46,937.72,3,3,1,359.95,1,16,0,4,0,0,151
"Jul 04, 2025","=""456008348744441""",N.SB.Products.SB.UPS.PFC,,250,DAILY_BUDGET,PAUSED,USD,260255,207,3586.26,630.52,3,3,2,410.88,2,117,0,6,0,0,69593
"Jul 05, 2025","=""349078398145277""",N.SB.Products.SB.UPS.Eco,,250,DAILY_BUDGET,PAUSED,USD,162699,326,996.39,749.75,5,5,5,749.75,5,252,0,19,0,0,45263
"May 25, 2025","=""300358990869228""",B.Keyword.Store.SB.UPS.StoreSpotlight,,250,DAILY_BUDGET,ENABLED,USD,1410,22,127.87,3914.47,31,36,22,2701.98,27,239,0,43,0,0,1123
"Jul 28, 2025","=""288898439745613""",B2B - N.Keyword.Products.SB.UPS.1500units,,250,DAILY_BUDGET,ENABLED,USD,4378,12,51.11,4840.17,6,7,3,2737.32,4,45,0,13,0,0,1142
"Jul 03, 2025","=""209147373785811""",N.Keyword.Video.SB.UPS.PFCSinewave.CPPFC(1),,250,DAILY_BUDGET,PAUSED,USD,15377,66,1263.36,629.75,3,5,2,449.8,4,89,0,6,2631,890,3889
"Jun 14, 2025","=""38757712528936""",B.Keyword.Video.SB.UPS.PFCSinewave.CPPFC(1),,250,DAILY_BUDGET,PAUSED,USD,5828,52,318.78,697.08,3,3,1,219.95,1,101,0,6,826,250,1318
"Jun 26, 2025","=""209147373785811""",N.Keyword.Video.SB.UPS.PFCSinewave.CPPFC(1),,250,DAILY_BUDGET,PAUSED,USD,1956,12,25.18,229.35,1,1,1,229.35,1,28,0,3,176,42,331
"Aug 01, 2025","=""452338404496050""",B.SB.Products.SB.UPS.PFC,,250,DAILY_BUDGET,PAUSED,USD,4076,35,179.72,28.79,1,1,1,28.79,1,51,2,1,0,0,1782
"Aug 24, 2025","=""425328024590643""",C.Keyword.Products.SB.UPS.1500units,,250,DAILY_BUDGET,ENABLED,USD,1232,1,0.4,0.0,0,0,0,0.0,0,0,1,0,0,0,347
"Jul 28, 2025","=""533624646611887""",C.Keyword.Store.SB.UPS.StoreSpotlight,,250,DAILY_BUDGET,PAUSED,USD,16730,89,831.19,1000.37,4,6,2,520.52,3,101,0,15,0,0,8035
"Jun 08, 2025","=""209147373785811""",N.Keyword.Video.SB.UPS.PFCSinewave.CPPFC(1),,250,DAILY_BUDGET,PAUSED,USD,1514,7,12.16,0.0,0,0,0,0.0,0,14,0,1,117,21,228
"Aug 16, 2025","=""450441693358033""",B2B - B.Keyword.Products.SB.UPS.1500units,,250,DAILY_BUDGET,ENABLED,USD,367,0,0.0,0.0,0,0,0,0.0,0,0,0,0,0,0,14
"Aug 22, 2025","=""400654489506156""",B.Keyword.Products.SB.UPS.BestSellers,,250,DAILY_BUDGET,PAUSED,USD,63127,77,834.88,881.74,5,6,5,881.74,6,119,128,8,0,0,19791
"May 20, 2025","=""450441693358033""",B2B - B.Keyword.Products.SB.UPS.1500units,,250,DAILY_BUDGET,ENABLED,USD,1192,5,9.6,634.9,2,2,1,334.95,1,19,0,2,0,0,321
"May 15, 2025","=""60249080858733""",C.Keyword.Video.SB.UPS.PFCSinewave.CPPFC(1),,250,DAILY_BUDGET,PAUSED,USD,92,0,0.0,0.0,0,0,0,0.0,0,0,0,0,1,0,7
"Jun 04, 2025","=""327967099369911""",N.Keyword.Products.SB.UPS.1500units,,250,DAILY_BUDGET,PAUSED,USD,0,0,0.0,0.0,0,0,0,0.0,0,0,0,0,0,0,0
"May 04, 2025","=""84817009251939""",C.Keyword.Video.SB.PFCSinewave.CP1500PFCRM2U.B0B354X985,,250,DAILY_BUDGET,ENABLED,USD,13305,53,74.67,797.9,2,2,1,577.95,1,158,0,8,918,80,2148
"Aug 10, 2025","=""300358990869228""",B.Keyword.Store.SB.UPS.StoreSpotlight,,250,DAILY_BUDGET,ENABLED,USD,154,0,1.37,47.0,1,2,1,47.0,2,11,4,2,0,0,93
"Jun 09, 2025","=""450441693358033""",B2B - B.Keyword.Products.SB.UPS.1500units,,250,DAILY_BUDGET,ENABLED,USD,9993,29,83.42,1562.01,8,10,7,1484.06,9,68,0,11,0,0,1831
"Jun 28, 2025","=""38757712528936""",B.Keyword.Video.SB.UPS.PFCSinewave.CPPFC(1),,250,DAILY_BUDGET,PAUSED,USD,1421,18,63.05,479.77,2,2,1,239.82,1,40,0,2,157,52,258
"Jul 08, 2025","=""456008348744441""",N.SB.Products.SB.UPS.PFC,,250,DAILY_BUDGET,PAUSED,USD,1638905,394,6753.87,2099.59,9,9,9,2099.59,9,213,0,11,0,0,289856
"Jun 26, 2025","=""112828660396406""",N.Keyword.Video.SB.UPS.SmartAppSinewave.OLHD,,250,DAILY_BUDGET,PAUSED,USD,783,1,2.04,0.0,0,0,0,0.0,0,0,0,0,43,5,100
"Jul 14, 2025","=""533553529526025""",N.Keyword.Video.SB.PFCSinewave.CP1500PFCRM2U.B0B354X985,,250,DAILY_BUDGET,PAUSED,USD,0,0,0.0,0.0,0,0,0,0.0,0,0,0,0,0,0,0
"Jul 03, 2025","=""450441693358033""",B2B - B.Keyword.Products.SB.UPS.1500units,,250,DAILY_BUDGET,ENABLED,USD,1235,5,12.18,419.85,3,3,2,359.9,2,17,0,2,0,0,186
"Jul 15, 2025","=""400654489506156""",B.Keyword.Products.SB.UPS.BestSellers,,250,DAILY_BUDGET,PAUSED,USD,85871,75,849.27,478.8,4,4,3,399.85,3,112,0,10,0,0,22914
"Jun 26, 2025","=""456008348744441""",N.SB.Products.SB.UPS.PFC,,250,DAILY_BUDGET,PAUSED,USD,58659,184,549.7,2987.67,13,13,6,1298.52,6,241,0,23,0,0,14609
"Aug 26, 2025","=""452338404496050""",B.SB.Products.SB.UPS.PFC,,250,DAILY_BUDGET,PAUSED,USD,7621,44,405.6,1097.32,6,6,4,639.38,4,97,44,18,0,0,2855
"May 31, 2025","=""85546644235770""",C.Keyword.Video.SB.UPS.IntelligentLCD.CPAVR3,,250,DAILY_BUDGET,PAUSED,USD,6210,75,116.88,999.75,5,5,5,999.75,5,164,0,12,766,72,1351
"May 30, 2025","=""85546644235770""",C.Keyword.Video.SB.UPS.IntelligentLCD.CPAVR3,,250,DAILY_BUDGET,PAUSED,USD,6665,67,111.64,346.95,2,2,2,346.95,2,125,0,13,749,77,1390
"May 20, 2025","=""112828660396406""",N.Keyword.Video.SB.UPS.SmartAppSinewave.OLHD,,250,DAILY_BUDGET,PAUSED,USD,663,1,1.51,0.0,0,0,0,0.0,0,1,0,0,49,4,89
"May 05, 2025","=""300358990869228""",B.Keyword.Store.SB.UPS.StoreSpotlight,,250,DAILY_BUDGET,ENABLED,USD,1597,18,142.3,4859.8,42,49,30,3720.28,36,422,0,66,0,0,1350
"Jun 06, 2025","=""60249080858733""",C.Keyword.Video.SB.UPS.PFCSinewave.CPPFC(1),,250,DAILY_BUDGET,PAUSED,USD,201,0,0.0,0.0,0,0,0,0.0,0,0,0,0,6,2,20
"Jul 15, 2025","=""353873361287335""",B2B - B.Keyword.Store.SB.UPS.StoreSpotlight,,250,DAILY_BUDGET,ENABLED,USD,240,5,17.72,1102.55,2,2,1,81.52,1,4,0,3,0,0,112
"Jun 12, 2025","=""456008348744441""",N.SB.Products.SB.UPS.PFC,,250,DAILY_BUDGET,PAUSED,USD,45368,74,134.27,658.53,3,3,2,478.58,2,129,0,10,0,0,8540
"Jul 28, 2025","=""85546644235770""",C.Keyword.Video.SB.UPS.IntelligentLCD.CPAVR3,,250,DAILY_BUDGET,PAUSED,USD,0,0,0.0,0.0,0,0,0,0.0,0,0,0,0,0,0,0
"May 19, 2025","=""249902179030051""",N.Keyword.Video.SB.UPS.Surge.CSP,,250,DAILY_BUDGET,PAUSED,USD,1676,27,20.87,0.0,0,0,0,0.0,0,44,0,4,123,14,293
"Jun 25, 2025","=""209147373785811""",N.Keyword.Video.SB.UPS.PFCSinewave.CPPFC(1),,250,DAILY_BUDGET,PAUSED,USD,2085,13,20.67,229.46,1,1,0,0.0,0,38,0,3,186,30,347
"Aug 27, 2025","=""300358990869228""",B.Keyword.Store.SB.UPS.StoreSpotlight,,250,DAILY_BUDGET,ENABLED,USD,140,0,1.62,0.0,0,0,0,0.0,0,9,0,1,0,0,109
"May 12, 2025","=""425328024590643""",C.Keyword.Products.SB.UPS.1500units,,250,DAILY_BUDGET,ENABLED,USD,11132,28,182.93,588.85,4,4,3,398.9,3,53,0,4,0,0,4289
"May 08, 2025","=""450441693358033""",B2B - B.Keyword.Products.SB.UPS.1500units,,250,DAILY_BUDGET,ENABLED,USD,1251,3,9.88,0.0,0,0,0,0.0,0,4,0,0,0,0,298
"Aug 16, 2025","=""400654489506156""",B.Keyword.Products.SB.UPS.BestSellers,,250,DAILY_BUDGET,PAUSED,USD,71751,68,1012.17,729.99,6,6,3,350.14,3,153,114,8,0,0,22690
"Jul 31, 2025","=""516203922618177""",N.Keyword.Store.SB.UPS.StoreSpotlight,,250,DAILY_BUDGET,ENABLED,USD,548,1,1.72,0.0,0,0,0,0.0,0,1,0,0,0,0,185
"Jul 08, 2025","=""288898439745613""",B2B - N.Keyword.Products.SB.UPS.1500units,,250,DAILY_BUDGET,ENABLED,USD,7968,41,359.42,3080.9,11,14,7,1999.65,7,78,0,17,0,0,3574
"Jul 19, 2025","=""300358990869228""",B.Keyword.Store.SB.UPS.StoreSpotlight,,250,DAILY_BUDGET,ENABLED,USD,320,1,2.42,0.0,0,0,0,0.0,0,10,0,0,0,0,238
"Aug 03, 2025","=""369323377946560""",B2B - N.Keyword.Store.SB.UPS.StoreSpotlight,,250,DAILY_BUDGET,ENABLED,USD,579,2,17.61,0.0,0,0,0,0.0,0,1,0,0,0,0,267
"May 14, 2025","=""60249080858733""",C.Keyword.Video.SB.UPS.PFCSinewave.CPPFC(1),,250,DAILY_BUDGET,PAUSED,USD,85,0,0.0,0.0,0,0,0,0.0,0,0,0,0,6,0,5
"May 11, 2025","=""450441693358033""",B2B - B.Keyword.Products.SB.UPS.1500units,,250,DAILY_BUDGET,ENABLED,USD,328,1,10.01,0.0,0,0,0,0.0,0,2,0,1,0,0,76
"Jun 23, 2025","=""353873361287335""",B2B - B.Keyword.Store.SB.UPS.StoreSpotlight,,250,DAILY_BUDGET,ENABLED,USD,283,3,5.46,1799.7,1,6,0,0.0,0,6,0,3,0,0,121
"May 02, 2025","=""353873361287335""",B2B - B.Keyword.Store.SB.UPS.StoreSpotlight,,250,DAILY_BUDGET,ENABLED,USD,90,1,0.87,0.0,0,0,0,0.0,0,5,0,0,0,0,30
"Jul 01, 2025","=""369323377946560""",B2B - N.Keyword.Store.SB.UPS.StoreSpotlight,,250,DAILY_BUDGET,ENABLED,USD,802,2,5.9,0.0,0,0,0,0.0,0,8,0,1,0,0,218
"May 15, 2025","=""369323377946560""",B2B - N.Keyword.Store.SB.UPS.StoreSpotlight,,250,DAILY_BUDGET,ENABLED,USD,168,0,0.0,0.0,0,0,0,0.0,0,0,0,0,0,0,83
"May 23, 2025","=""450441693358033""",B2B - B.Keyword.Products.SB.UPS.1500units,,250,DAILY_BUDGET,ENABLED,USD,876,3,7.63,0.0,0,0,0,0.0,0,3,0,1,0,0,185
"Jul 03, 2025","=""452338404496050""",B.SB.Products.SB.UPS.PFC,,250,DAILY_BUDGET,PAUSED,USD,17479,14,62.12,0.0,0,0,0,0.0,0,4,0,0,0,0,5568
"Jun 30, 2025","=""456008348744441""",N.SB.Products.SB.UPS.PFC,,250,DAILY_BUDGET,PAUSED,USD,420952,514,4493.53,918.72,5,5,4,798.77,4,377,0,19,0,0,128077
"Jul 18, 2025","=""501364882562485""",C.Keyword.Video.SB.UPS.IntelligentLCD.CP1500AVRLCD3.B0BCMLLSHL,,250,DAILY_BUDGET,ENABLED,USD,55,0,0.0,0.0,0,0,0,0.0,0,0,0,0,8,2,11
"Jul 04, 2025","=""74868404430193""",N.Keyword.Video.SB.UPS.SmartAppLCD.OR.OR500LCRM1U,,250,DAILY_BUDGET,PAUSED,USD,687,7,3.44,0.0,0,0,0,0.0,0,9,0,1,38,2,98
"May 06, 2025","=""516203922618177""",N.Keyword.Store.SB.UPS.StoreSpotlight,,250,DAILY_BUDGET,ENABLED,USD,11489,41,129.84,447.75,5,5,5,447.75,5,60,0,8,0,0,3274
"May 01, 2025","=""38757712528936""",B.Keyword.Video.SB.UPS.PFCSinewave.CPPFC(1),,250,DAILY_BUDGET,PAUSED,USD,2064,25,112.83,53.95,1,1,1,53.95,1,65,0,2,217,58,373
"May 05, 2025","=""38757712528936""",B.Keyword.Video.SB.UPS.PFCSinewave.CPPFC(1),,250,DAILY_BUDGET,PAUSED,USD,1645,10,27.79,0.0,0,0,0,0.0,0,22,0,1,155,40,301
"Jun 24, 2025","=""501138070676838""",N.SB.Products.SB.UPS.AVR,,250,DAILY_BUDGET,PAUSED,USD,31150,62,115.49,775.75,5,5,5,775.75,5,82,0,13,0,0,5431
"Jul 04, 2025","=""85546644235770""",C.Keyword.Video.SB.UPS.IntelligentLCD.CPAVR3,,250,DAILY_BUDGET,PAUSED,USD,1673,14,15.17,599.85,3,3,2,399.9,2,30,0,5,134,8,269
"Aug 11, 2025","=""452338404496050""",B.SB.Products.SB.UPS.PFC,,250,DAILY_BUDGET,PAUSED,USD,6713,37,538.35,1238.67,6,9,3,373.97,3,62,36,9,0,0,2198
"May 18, 2025","=""353873361287335""",B2B - B.Keyword.Store.SB.UPS.StoreSpotlight,,250,DAILY_BUDGET,ENABLED,USD,22,0,0.0,0.0,0,0,0,0.0,0,0,0,0,0,0,7
"May 22, 2025","=""85546644235770""",C.Keyword.Video.SB.UPS.IntelligentLCD.CPAVR3,,250,DAILY_BUDGET,PAUSED,USD,6219,50,78.01,1323.69,6,7,6,1323.69,7,111,0,10,617,53,1227
"Jul 05, 2025","=""452338404496050""",B.SB.Products.SB.UPS.PFC,,250,DAILY_BUDGET,PAUSED,USD,21439,43,306.32,599.2,2,2,2,599.2,2,44,0,3,0,0,5321
"Aug 07, 2025","=""501364882562485""",C.Keyword.Video.SB.UPS.IntelligentLCD.CP1500AVRLCD3.B0BCMLLSHL,,250,DAILY_BUDGET,ENABLED,USD,125,0,0.0,0.0,0,0,0,0.0,0,0,0,0,7,1,16
"May 24, 2025","=""112828660396406""",N.Keyword.Video.SB.UPS.SmartAppSinewave.OLHD,,250,DAILY_BUDGET,PAUSED,USD,521,4,6.68,0.0,0,0,0,0.0,0,6,0,0,44,1,74
"Jul 17, 2025","=""516203922618177""",N.Keyword.Store.SB.UPS.StoreSpotlight,,250,DAILY_BUDGET,ENABLED,USD,17766,19,70.83,0.0,0,0,0,0.0,0,20,0,0,0,0,6159
"Jun 05, 2025","=""369323377946560""",B2B - N.Keyword.Store.SB.UPS.StoreSpotlight,,250,DAILY_BUDGET,ENABLED,USD,992,3,7.0,0.0,0,0,0,0.0,0,6,0,0,0,0,239
"May 28, 2025","=""300358990869228""",B.Keyword.Store.SB.UPS.StoreSpotlight,,250,DAILY_BUDGET,ENABLED,USD,1815,26,168.94,3467.61,32,36,23,2610.84,26,344,0,52,0,0,1512
"Aug 27, 2025","=""501138070676838""",N.SB.Products.SB.UPS.AVR,,250,DAILY_BUDGET,PAUSED,USD,6061,17,29.39,199.95,1,1,1,199.95,1,17,20,3,0,0,1197
"Jun 18, 2025","=""60249080858733""",C.Keyword.Video.SB.UPS.PFCSinewave.CPPFC(1),,250,DAILY_BUDGET,PAUSED,USD,216,0,0.0,0.0,0,0,0,0.0,0,0,0,0,10,4,18
"Jun 19, 2025","=""60249080858733""",C.Keyword.Video.SB.UPS.PFCSinewave.CPPFC(1),,250,DAILY_BUDGET,PAUSED,USD,275,0,0.0,0.0,0,0,0,0.0,0,0,0,0,11,4,24
"Aug 16, 2025","=""335733425531216""",N.Keyword.Video.SB.UPS.PFCSinewave.CP1500PFCLCD.B00429N19W,,250,DAILY_BUDGET,ENABLED,USD,4873,41,148.18,1667.51,4,4,3,926.56,3,100,35,9,788,286,1119
"Jun 13, 2025","=""60249080858733""",C.Keyword.Video.SB.UPS.PFCSinewave.CPPFC(1),,250,DAILY_BUDGET,PAUSED,USD,162,1,1.8,0.0,0,0,0,0.0,0,1,0,0,6,1,14
"Aug 08, 2025","=""400654489506156""",B.Keyword.Products.SB.UPS.BestSellers,,250,DAILY_BUDGET,PAUSED,USD,55020,52,901.51,731.8,3,4,2,339.9,2,83,77,8,0,0,18494
"Jun 30, 2025","=""60249080858733""",C.Keyword.Video.SB.UPS.PFCSinewave.CPPFC(1),,250,DAILY_BUDGET,PAUSED,USD,423,1,1.65,239.63,1,1,1,239.63,1,1,0,1,43,15,71
"Aug 17, 2025","=""293529288726869""",B.Keyword.Video.SB.UPS.PFCSinewave.CP1500PFCLCD.B00429N19W,,250,DAILY_BUDGET,ENABLED,USD,837,10,252.66,0.0,0,0,0,0.0,0,7,6,0,173,67,230
"Jul 06, 2025","=""450441693358033""",B2B - B.Keyword.Products.SB.UPS.1500units,,250,DAILY_BUDGET,ENABLED,USD,373,2,6.89,0.0,0,0,0,0.0,0,1,0,0,0,0,66
"Jun 20, 2025","=""38757712528936""",B.Keyword.Video.SB.UPS.PFCSinewave.CPPFC(1),,250,DAILY_BUDGET,PAUSED,USD,2083,16,59.14,179.95,1,1,1,179.95,1,37,0,3,227,66,379
"May 12, 2025","=""353873361287335""",B2B - B.Keyword.Store.SB.UPS.StoreSpotlight,,250,DAILY_BUDGET,ENABLED,USD,198,1,0.2,0.0,0,0,0,0.0,0,0,0,0,0,0,74
"Jul 16, 2025","=""367333782614376""",N.SB.Products.SB.UPS.PFCRM,,250,DAILY_BUDGET,PAUSED,USD,35353,90,180.24,1866.83,3,5,2,384.93,3,120,0,7,0,0,7639
"Aug 04, 2025","=""367333782614376""",N.SB.Products.SB.UPS.PFCRM,,250,DAILY_BUDGET,PAUSED,USD,60684,117,388.47,2267.68,7,8,6,1907.73,7,205,3,12,0,0,13254
"May 01, 2025","=""209147373785811""",N.Keyword.Video.SB.UPS.PFCSinewave.CPPFC(1),,250,DAILY_BUDGET,PAUSED,USD,1028,6,13.95,409.9,2,2,2,409.9,2,45,0,4,73,12,160
"May 30, 2025","=""74868404430193""",N.Keyword.Video.SB.UPS.SmartAppLCD.OR.OR500LCRM1U,,250,DAILY_BUDGET,PAUSED,USD,745,4,4.28,659.9,1,2,1,659.9,2,11,0,1,60,8,124
"May 26, 2025","=""112828660396406""",N.Keyword.Video.SB.UPS.SmartAppSinewave.OLHD,,250,DAILY_BUDGET,PAUSED,USD,581,2,3.03,0.0,0,0,0,0.0,0,1,0,0,40,3,86
"Jun 19, 2025","=""516203922618177""",N.Keyword.Store.SB.UPS.StoreSpotlight,,250,DAILY_BUDGET,ENABLED,USD,13312,26,49.01,438.12,2,2,1,238.17,1,41,0,3,0,0,2388
"May 21, 2025","=""450441693358033""",B2B - B.Keyword.Products.SB.UPS.1500units,,250,DAILY_BUDGET,ENABLED,USD,1362,5,10.58,0.0,0,0,0,0.0,0,10,0,2,0,0,280
"Aug 15, 2025","=""327967099369911""",N.Keyword.Products.SB.UPS.1500units,,250,DAILY_BUDGET,PAUSED,USD,4967,5,10.4,0.0,0,0,0,0.0,0,7,8,0,0,0,649
"Jul 04, 2025","=""327967099369911""",N.Keyword.Products.SB.UPS.1500units,,250,DAILY_BUDGET,PAUSED,USD,133410,340,2286.06,2061.18,14,16,13,1941.28,14,545,0,31,0,0,40533
"May 02, 2025","=""74868404430193""",N.Keyword.Video.SB.UPS.SmartAppLCD.OR.OR500LCRM1U,,250,DAILY_BUDGET,PAUSED,USD,1089,8,6.49,0.0,0,0,0,0.0,0,23,0,1,59,7,135
"May 28, 2025","=""74868404430193""",N.Keyword.Video.SB.UPS.SmartAppLCD.OR.OR500LCRM1U,,250,DAILY_BUDGET,PAUSED,USD,820,7,6.11,0.0,0,0,0,0.0,0,9,0,0,67,10,141
"May 16, 2025","=""516203922618177""",N.Keyword.Store.SB.UPS.StoreSpotlight,,250,DAILY_BUDGET,ENABLED,USD,12465,95,184.4,1645.65,8,8,7,1425.7,7,138,1,11,0,0,4051
"Jun 05, 2025","=""38757712528936""",B.Keyword.Video.SB.UPS.PFCSinewave.CPPFC(1),,250,DAILY_BUDGET,PAUSED,USD,1529,21,58.51,478.03,2,2,2,478.03,2,41,0,3,187,59,332
"Jul 11, 2025","=""533624646611887""",C.Keyword.Store.SB.UPS.StoreSpotlight,,250,DAILY_BUDGET,PAUSED,USD,25499,148,1329.1,1988.45,11,11,10,1748.5,10,241,0,24,0,0,12395
"Jul 06, 2025","=""456008348744441""",N.SB.Products.SB.UPS.PFC,,250,DAILY_BUDGET,PAUSED,USD,469415,354,6660.07,0.0,0,0,0,0.0,0,160,0,8,0,0,128388
"May 30, 2025","=""327967099369911""",N.Keyword.Products.SB.UPS.1500units,,250,DAILY_BUDGET,PAUSED,USD,0,0,0.0,0.0,0,0,0,0.0,0,0,0,0,0,0,0
"Jul 14, 2025","=""501138070676838""",N.SB.Products.SB.UPS.AVR,,250,DAILY_BUDGET,PAUSED,USD,15849,33,58.81,47.72,1,1,1,47.72,1,51,0,2,0,0,2040
"Aug 06, 2025","=""450441693358033""",B2B - B.Keyword.Products.SB.UPS.1500units,,250,DAILY_BUDGET,ENABLED,USD,1683,3,72.41,3003.55,6,9,5,2803.6,8,7,0,2,0,0,120
"Aug 14, 2025","=""400654489506156""",B.Keyword.Products.SB.UPS.BestSellers,,250,DAILY_BUDGET,PAUSED,USD,82667,70,1170.5,359.9,2,2,2,359.9,2,158,116,6,0,0,27442
"May 22, 2025","=""84817009251939""",C.Keyword.Video.SB.PFCSinewave.CP1500PFCRM2U.B0B354X985,,250,DAILY_BUDGET,ENABLED,USD,11186,71,100.6,4318.45,11,11,4,1339.8,4,192,0,18,823,67,1855
"Jun 03, 2025","=""450441693358033""",B2B - B.Keyword.Products.SB.UPS.1500units,,250,DAILY_BUDGET,ENABLED,USD,1699,3,9.99,1055.7,1,6,0,0.0,0,4,0,1,0,0,255
"May 18, 2025","=""516203922618177""",N.Keyword.Store.SB.UPS.StoreSpotlight,,250,DAILY_BUDGET,ENABLED,USD,11150,55,133.95,1703.06,9,9,9,1703.06,9,93,0,12,0,0,3245
"May 31, 2025","=""327967099369911""",N.Keyword.Products.SB.UPS.1500units,,250,DAILY_BUDGET,PAUSED,USD,0,0,0.0,0.0,0,0,0,0.0,0,0,0,0,0,0,0
"May 11, 2025","=""400654489506156""",B.Keyword.Products.SB.UPS.BestSellers,,250,DAILY_BUDGET,PAUSED,USD,1081,3,4.36,0.0,0,0,0,0.0,0,0,0,0,0,0,373
"Aug 18, 2025","=""327967099369911""",N.Keyword.Products.SB.UPS.1500units,,250,DAILY_BUDGET,PAUSED,USD,1028,3,2.43,0.0,0,0,0,0.0,0,9,2,1,0,0,285
"Jul 11, 2025","=""456008348744441""",N.SB.Products.SB.UPS.PFC,,250,DAILY_BUDGET,PAUSED,USD,1510,2,3.21,0.0,0,0,0,0.0,0,2,0,0,0,0,151
"May 07, 2025","=""353873361287335""",B2B - B.Keyword.Store.SB.UPS.StoreSpotlight,,250,DAILY_BUDGET,ENABLED,USD,122,2,0.99,1331.9,3,6,0,0.0,0,5,0,3,0,0,69
"Aug 01, 2025","=""367333782614376""",N.SB.Products.SB.UPS.PFCRM,,250,DAILY_BUDGET,PAUSED,USD,49632,115,408.24,359.95,1,1,0,0.0,0,89,0,7,0,0,11479
"Jul 15, 2025","=""293529288726869""",B.Keyword.Video.SB.UPS.PFCSinewave.CP1500PFCLCD.B00429N19W,,250,DAILY_BUDGET,ENABLED,USD,792,13,36.48,539.9,2,2,2,539.9,2,36,0,4,202,68,279
"Aug 24, 2025","=""400654489506156""",B.Keyword.Products.SB.UPS.BestSellers,,250,DAILY_BUDGET,PAUSED,USD,47666,55,946.35,1356.6,8,8,6,996.7,6,191,98,15,0,0,14810
"Jul 06, 2025","=""85546644235770""",C.Keyword.Video.SB.UPS.IntelligentLCD.CPAVR3,,250,DAILY_BUDGET,PAUSED,USD,1939,14,17.02,399.9,1,2,1,399.9,2,31,0,2,157,9,331
"May 30, 2025","=""516203922618177""",N.Keyword.Store.SB.UPS.StoreSpotlight,,250,DAILY_BUDGET,ENABLED,USD,22092,112,228.17,289.9,2,2,1,89.95,1,166,0,13,0,0,5957
"Aug 04, 2025","=""353873361287335""",B2B - B.Keyword.Store.SB.UPS.StoreSpotlight,,250,DAILY_BUDGET,ENABLED,USD,197,3,12.68,0.0,0,0,0,0.0,0,1,0,0,0,0,86
"Aug 20, 2025","=""533624646611887""",C.Keyword.Store.SB.UPS.StoreSpotlight,,250,DAILY_BUDGET,PAUSED,USD,16165,70,833.96,1184.74,6,6,4,769.8,4,89,96,7,0,0,7817
"Jun 10, 2025","=""74868404430193""",N.Keyword.Video.SB.UPS.SmartAppLCD.OR.OR500LCRM1U,,250,DAILY_BUDGET,PAUSED,USD,1041,9,7.25,219.41,1,1,1,219.41,1,28,0,2,57,11,144
"Jul 26, 2025","=""327967099369911""",N.Keyword.Products.SB.UPS.1500units,,250,DAILY_BUDGET,PAUSED,USD,3263,8,11.47,0.0,0,0,0,0.0,0,40,0,3,0,0,710
"May 20, 2025","=""38757712528936""",B.Keyword.Video.SB.UPS.PFCSinewave.CPPFC(1),,250,DAILY_BUDGET,PAUSED,USD,1501,16,56.54,599.85,2,3,2,599.85,3,41,0,4,175,43,293
"Jun 12, 2025","=""353873361287335""",B2B - B.Keyword.Store.SB.UPS.StoreSpotlight,,250,DAILY_BUDGET,ENABLED,USD,131,0,0.0,0.0,0,0,0,0.0,0,0,0,0,0,0,58
"May 27, 2025","=""38757712528936""",B.Keyword.Video.SB.UPS.PFCSinewave.CPPFC(1),,250,DAILY_BUDGET,PAUSED,USD,1588,17,55.29,535.85,3,3,1,219.95,1,47,0,4,211,62,344
"Jun 08, 2025","=""249902179030051""",N.Keyword.Video.SB.UPS.Surge.CSP,,250,DAILY_BUDGET,PAUSED,USD,2319,43,33.01,20.18,1,1,1,20.18,1,71,0,3,210,19,451
"Aug 02, 2025","=""300358990869228""",B.Keyword.Store.SB.UPS.StoreSpotlight,,250,DAILY_BUDGET,ENABLED,USD,136,0,1.14,0.0,0,0,0,0.0,0,12,0,0,0,0,90
"Aug 21, 2025","=""353873361287335""",B2B - B.Keyword.Store.SB.UPS.StoreSpotlight,,250,DAILY_BUDGET,ENABLED,USD,270,3,39.66,879.8,1,4,0,0.0,0,4,4,0,0,0,120
"Jun 02, 2025","=""425328024590643""",C.Keyword.Products.SB.UPS.1500units,,250,DAILY_BUDGET,ENABLED,USD,0,0,0.0,0.0,0,0,0,0.0,0,0,0,0,0,0,0
"Jul 25, 2025","=""490434522578484""",C.Keyword.Video.SB.UPS.PFCSinewave.CP1500PFCLCD.B00429N19W,,250,DAILY_BUDGET,ENABLED,USD,1112,5,110.64,119.95,1,1,0,0.0,0,8,0,2,198,40,286
"Jun 14, 2025","=""74868404430193""",N.Keyword.Video.SB.UPS.SmartAppLCD.OR.OR500LCRM1U,,250,DAILY_BUDGET,PAUSED,USD,760,4,3.76,68.95,1,1,1,68.95,1,7,0,1,59,10,130
"Jul 07, 2025","=""209147373785811""",N.Keyword.Video.SB.UPS.PFCSinewave.CPPFC(1),,250,DAILY_BUDGET,PAUSED,USD,0,0,0.0,0.0,0,0,0,0.0,0,0,0,0,0,0,0
"Jul 30, 2025","=""300358990869228""",B.Keyword.Store.SB.UPS.StoreSpotlight,,250,DAILY_BUDGET,ENABLED,USD,197,1,1.79,182.16,3,9,3,182.16,9,18,0,3,0,0,118
"May 24, 2025","=""249902179030051""",N.Keyword.Video.SB.UPS.Surge.CSP,,250,DAILY_BUDGET,PAUSED,USD,1057,19,15.18,0.0,0,0,0,0.0,0,24,0,3,92,5,218
"Aug 04, 2025","=""533624646611887""",C.Keyword.Store.SB.UPS.StoreSpotlight,,250,DAILY_BUDGET,PAUSED,USD,12910,60,806.87,1118.7,5,6,5,1118.7,6,71,1,13,0,0,5999
"Jun 20, 2025","=""249902179030051""",N.Keyword.Video.SB.UPS.Surge.CSP,,250,DAILY_BUDGET,PAUSED,USD,1434,26,22.7,40.36,1,2,1,40.36,2,46,0,6,148,18,331
"Aug 15, 2025","=""516203922618177""",N.Keyword.Store.SB.UPS.StoreSpotlight,,250,DAILY_BUDGET,ENABLED,USD,829,2,5.89,0.0,0,0,0,0.0,0,20,2,3,0,0,276
"Jun 27, 2025","=""456008348744441""",N.SB.Products.SB.UPS.PFC,,250,DAILY_BUDGET,PAUSED,USD,149108,282,2962.5,3186.28,10,18,7,1655.43,11,255,0,20,0,0,50994
"Jun 02, 2025","=""85546644235770""",C.Keyword.Video.SB.UPS.IntelligentLCD.CPAVR3,,250,DAILY_BUDGET,PAUSED,USD,7521,97,151.52,1459.6,6,8,5,859.75,5,195,0,16,898,85,1619
"May 22, 2025","=""327967099369911""",N.Keyword.Products.SB.UPS.1500units,,250,DAILY_BUDGET,PAUSED,USD,159233,259,1577.32,1440.6,7,8,6,1264.65,7,380,0,17,0,0,56031
"Jun 03, 2025","=""425328024590643""",C.Keyword.Products.SB.UPS.1500units,,250,DAILY_BUDGET,ENABLED,USD,0,0,0.0,0.0,0,0,0,0.0,0,0,0,0,0,0,0
"Aug 15, 2025","=""353873361287335""",B2B - B.Keyword.Store.SB.UPS.StoreSpotlight,,250,DAILY_BUDGET,ENABLED,USD,99,0,0.0,0.0,0,0,0,0.0,0,0,0,0,0,0,44
"Jul 01, 2025","=""327967099369911""",N.Keyword.Products.SB.UPS.1500units,,250,DAILY_BUDGET,PAUSED,USD,30274,62,170.34,639.85,3,3,3,639.85,3,101,0,4,0,0,9542
"May 09, 2025","=""300358990869228""",B.Keyword.Store.SB.UPS.StoreSpotlight,,250,DAILY_BUDGET,ENABLED,USD,1282,18,133.17,2040.16,20,22,16,1465.37,17,235,0,37,0,0,1093
"May 28, 2025","=""369323377946560""",B2B - N.Keyword.Store.SB.UPS.StoreSpotlight,,250,DAILY_BUDGET,ENABLED,USD,751,5,14.52,0.0,0,0,0,0.0,0,6,0,1,0,0,342
"Aug 23, 2025","=""367333782614376""",N.SB.Products.SB.UPS.PFCRM,,250,DAILY_BUDGET,PAUSED,USD,50607,94,287.61,839.85,3,3,2,479.9,2,119,90,8,0,0,9801
"May 24, 2025","=""74868404430193""",N.Keyword.Video.SB.UPS.SmartAppLCD.OR.OR500LCRM1U,,250,DAILY_BUDGET,PAUSED,USD,665,2,1.96,0.0,0,0,0,0.0,0,2,0,0,52,8,78
"Jun 03, 2025","=""84817009251939""",C.Keyword.Video.SB.PFCSinewave.CP1500PFCRM2U.B0B354X985,,250,DAILY_BUDGET,ENABLED,USD,10769,77,116.3,4138.73,7,7,5,2929.83,5,192,0,14,806,66,1676
"Jul 22, 2025","=""335733425531216""",N.Keyword.Video.SB.UPS.PFCSinewave.CP1500PFCLCD.B00429N19W,,250,DAILY_BUDGET,ENABLED,USD,6866,55,230.22,1159.75,5,5,4,919.8,4,163,0,18,1597,528,2018
"Aug 24, 2025","=""367333782614376""",N.SB.Products.SB.UPS.PFCRM,,250,DAILY_BUDGET,PAUSED,USD,51131,125,354.13,0.0,0,0,0,0.0,0,158,121,10,0,0,10752
"Jun 19, 2025","=""74868404430193""",N.Keyword.Video.SB.UPS.SmartAppLCD.OR.OR500LCRM1U,,250,DAILY_BUDGET,PAUSED,USD,1322,7,5.95,0.0,0,0,0,0.0,0,17,0,1,72,13,191
"Jul 16, 2025","=""335733425531216""",N.Keyword.Video.SB.UPS.PFCSinewave.CP1500PFCLCD.B00429N19W,,250,DAILY_BUDGET,ENABLED,USD,9310,71,262.54,1341.65,6,7,5,1165.7,6,102,0,9,2177,700,2766
"Jul 08, 2025","=""60249080858733""",C.Keyword.Video.SB.UPS.PFCSinewave.CPPFC(1),,250,DAILY_BUDGET,PAUSED,USD,0,0,0.0,0.0,0,0,0,0.0,0,0,0,0,0,0,0
"Aug 20, 2025","=""327967099369911""",N.Keyword.Products.SB.UPS.1500units,,250,DAILY_BUDGET,PAUSED,USD,1149,4,3.89,0.0,0,0,0,0.0,0,3,2,0,0,0,241
"Aug 12, 2025","=""501364882562485""",C.Keyword.Video.SB.UPS.IntelligentLCD.CP1500AVRLCD3.B0BCMLLSHL,,250,DAILY_BUDGET,ENABLED,USD,166,1,5.72,0.0,0,0,0,0.0,0,0,0,0,10,2,19
"Aug 28, 2025","=""450441693358033""",B2B - B.Keyword.Products.SB.UPS.1500units,,250,DAILY_BUDGET,ENABLED,USD,1647,3,9.26,979.75,3,5,0,0.0,0,18,5,3,0,0,96
"Jul 17, 2025","=""288898439745613""",B2B - N.Keyword.Products.SB.UPS.1500units,,250,DAILY_BUDGET,ENABLED,USD,5465,24,95.58,3981.44,9,12,3,619.85,3,52,0,5,0,0,1714
"May 03, 2025","=""38757712528936""",B.Keyword.Video.SB.UPS.PFCSinewave.CPPFC(1),,250,DAILY_BUDGET,PAUSED,USD,1733,18,77.46,189.95,1,1,1,189.95,1,32,0,3,173,47,344
"Jun 04, 2025","=""85546644235770""",C.Keyword.Video.SB.UPS.IntelligentLCD.CPAVR3,,250,DAILY_BUDGET,PAUSED,USD,9088,107,167.1,2175.45,11,11,8,1575.6,8,178,0,16,1103,117,2024
"Jun 18, 2025","=""209147373785811""",N.Keyword.Video.SB.UPS.PFCSinewave.CPPFC(1),,250,DAILY_BUDGET,PAUSED,USD,1510,11,15.01,0.0,0,0,0,0.0,0,23,0,0,173,44,284
"Jul 07, 2025","=""533553529526025""",N.Keyword.Video.SB.PFCSinewave.CP1500PFCRM2U.B0B354X985,,250,DAILY_BUDGET,PAUSED,USD,3626,36,215.82,599.9,2,2,1,299.95,1,56,0,6,594,113,917
"Jun 05, 2025","=""60249080858733""",C.Keyword.Video.SB.UPS.PFCSinewave.CPPFC(1),,250,DAILY_BUDGET,PAUSED,USD,236,1,3.34,0.0,0,0,0,0.0,0,3,0,1,14,2,26
"Jul 20, 2025","=""533624646611887""",C.Keyword.Store.SB.UPS.StoreSpotlight,,250,DAILY_BUDGET,PAUSED,USD,10764,66,613.81,59.98,1,2,1,59.98,2,86,0,5,0,0,5365
"May 14, 2025","=""84817009251939""",C.Keyword.Video.SB.PFCSinewave.CP1500PFCRM2U.B0B354X985,,250,DAILY_BUDGET,ENABLED,USD,11626,64,101.85,1539.75,4,5,3,1339.8,4,135,0,5,784,43,1748
"Aug 07, 2025","=""353873361287335""",B2B - B.Keyword.Store.SB.UPS.StoreSpotlight,,250,DAILY_BUDGET,ENABLED,USD,248,7,98.92,239.95,1,1,1,239.95,1,28,9,5,0,0,127
"May 19, 2025","=""300358990869228""",B.Keyword.Store.SB.UPS.StoreSpotlight,,250,DAILY_BUDGET,ENABLED,USD,1570,31,141.56,8939.93,44,68,32,4466.97,46,304,0,67,0,0,1285
"Jul 13, 2025","=""452338404496050""",B.SB.Products.SB.UPS.PFC,,250,DAILY_BUDGET,PAUSED,USD,111554,237,983.57,2715.62,12,12,10,2237.09,10,317,0,25,0,0,26523
"Jul 09, 2025","=""353873361287335""",B2B - B.Keyword.Store.SB.UPS.StoreSpotlight,,250,DAILY_BUDGET,ENABLED,USD,170,2,2.53,2999.5,1,10,1,2999.5,10,3,0,1,0,0,106
"Jul 22, 2025","=""369323377946560""",B2B - N.Keyword.Store.SB.UPS.StoreSpotlight,,250,DAILY_BUDGET,ENABLED,USD,1458,3,11.88,0.0,0,0,0,0.0,0,3,0,0,0,0,445
"Jul 10, 2025","=""450441693358033""",B2B - B.Keyword.Products.SB.UPS.1500units,,250,DAILY_BUDGET,ENABLED,USD,1552,4,21.84,299.95,1,1,0,0.0,0,32,0,3,0,0,193
"Aug 10, 2025","=""501138070676838""",N.SB.Products.SB.UPS.AVR,,250,DAILY_BUDGET,PAUSED,USD,11508,27,81.69,569.85,3,3,3,569.85,3,44,24,5,0,0,1945
"Aug 21, 2025","=""335733425531216""",N.Keyword.Video.SB.UPS.PFCSinewave.CP1500PFCLCD.B00429N19W,,250,DAILY_BUDGET,ENABLED,USD,5323,39,151.59,820.84,4,4,4,820.84,4,89,29,12,908,274,1321
"Jul 05, 2025","=""300358990869228""",B.Keyword.Store.SB.UPS.StoreSpotlight,,250,DAILY_BUDGET,ENABLED,USD,52,0,0.41,0.0,0,0,0,0.0,0,2,0,0,0,0,38
"Jul 18, 2025","=""425328024590643""",C.Keyword.Products.SB.UPS.1500units,,250,DAILY_BUDGET,ENABLED,USD,255,2,10.03,0.0,0,0,0,0.0,0,2,0,0,0,0,97
"May 01, 2025","=""450441693358033""",B2B - B.Keyword.Products.SB.UPS.1500units,,250,DAILY_BUDGET,ENABLED,USD,1209,9,61.08,462.61,4,4,3,414.89,3,14,0,4,0,0,283
"Jul 15, 2025","=""504590116611528""",C.Keyword.Video.SB.PFCSinewave.CP1500PFCRM2U.B0B354X985_v2,,250,DAILY_BUDGET,PAUSED,USD,0,0,0.0,0.0,0,0,0,0.0,0,0,0,0,0,0,0
"Aug 10, 2025","=""400654489506156""",B.Keyword.Products.SB.UPS.BestSellers,,250,DAILY_BUDGET,PAUSED,USD,54288,62,885.37,1105.85,3,3,3,1105.85,3,116,127,6,0,0,18390
"Jul 14, 2025","=""516203922618177""",N.Keyword.Store.SB.UPS.StoreSpotlight,,250,DAILY_BUDGET,ENABLED,USD,1953,6,13.57,0.0,0,0,0,0.0,0,3,0,1,0,0,537
"Jul 07, 2025","=""249902179030051""",N.Keyword.Video.SB.UPS.Surge.CSP,,250,DAILY_BUDGET,PAUSED,USD,0,0,0.0,0.0,0,0,0,0.0,0,0,0,0,0,0,0
"May 27, 2025","=""353873361287335""",B2B - B.Keyword.Store.SB.UPS.StoreSpotlight,,250,DAILY_BUDGET,ENABLED,USD,69,2,12.43,0.0,0,0,0,0.0,0,2,0,0,0,0,38
"Jul 29, 2025","=""400654489506156""",B.Keyword.Products.SB.UPS.BestSellers,,250,DAILY_BUDGET,PAUSED,USD,90334,88,726.85,1450.98,6,6,6,1450.98,6,135,5,12,0,0,30742
"Jul 31, 2025","=""452338404496050""",B.SB.Products.SB.UPS.PFC,,250,DAILY_BUDGET,PAUSED,USD,4442,23,104.11,359.95,1,1,1,359.95,1,28,0,2,0,0,1822
"May 13, 2025","=""369323377946560""",B2B - N.Keyword.Store.SB.UPS.StoreSpotlight,,250,DAILY_BUDGET,ENABLED,USD,166,0,0.0,0.0,0,0,0,0.0,0,0,0,0,0,0,93
"May 31, 2025","=""300358990869228""",B.Keyword.Store.SB.UPS.StoreSpotlight,,250,DAILY_BUDGET,ENABLED,USD,1642,19,146.4,2602.48,19,25,14,1908.24,19,309,0,47,0,0,1376
"Aug 08, 2025","=""450441693358033""",B2B - B.Keyword.Products.SB.UPS.1500units,,250,DAILY_BUDGET,ENABLED,USD,1144,2,36.22,995.9,2,2,0,0.0,0,23,5,4,0,0,95
"Aug 07, 2025","=""490434522578484""",C.Keyword.Video.SB.UPS.PFCSinewave.CP1500PFCLCD.B00429N19W,,250,DAILY_BUDGET,ENABLED,USD,3192,9,241.84,119.95,1,1,1,119.95,1,14,7,2,683,171,940
"Jul 31, 2025","=""425328024590643""",C.Keyword.Products.SB.UPS.1500units,,250,DAILY_BUDGET,ENABLED,USD,1139,1,0.4,0.0,0,0,0,0.0,0,2,0,0,0,0,360
"Jun 12, 2025","=""209147373785811""",N.Keyword.Video.SB.UPS.PFCSinewave.CPPFC(1),,250,DAILY_BUDGET,PAUSED,USD,1332,9,28.35,0.0,0,0,0,0.0,0,14,0,1,105,32,193
"Jun 05, 2025","=""74868404430193""",N.Keyword.Video.SB.UPS.SmartAppLCD.OR.OR500LCRM1U,,250,DAILY_BUDGET,PAUSED,USD,915,7,6.0,0.0,0,0,0,0.0,0,24,0,1,82,14,142
"May 16, 2025","=""60249080858733""",C.Keyword.Video.SB.UPS.PFCSinewave.CPPFC(1),,250,DAILY_BUDGET,PAUSED,USD,77,1,1.58,0.0,0,0,0,0.0,0,3,0,0,3,0,6
"Jul 04, 2025","=""209147373785811""",N.Keyword.Video.SB.UPS.PFCSinewave.CPPFC(1),,250,DAILY_BUDGET,PAUSED,USD,0,0,0.0,0.0,0,0,0,0.0,0,0,0,0,0,0,0
"Jun 19, 2025","=""450441693358033""",B2B - B.Keyword.Products.SB.UPS.1500units,,250,DAILY_BUDGET,ENABLED,USD,1600,9,15.81,9771.92,3,4,0,0.0,0,27,0,4,0,0,304
"May 02, 2025","=""38757712528936""",B.Keyword.Video.SB.UPS.PFCSinewave.CPPFC(1),,250,DAILY_BUDGET,PAUSED,USD,1973,19,106.66,729.85,4,4,2,329.9,2,50,0,7,209,52,361
"May 07, 2025","=""249902179030051""",N.Keyword.Video.SB.UPS.Surge.CSP,,250,DAILY_BUDGET,PAUSED,USD,3090,50,43.27,48.98,2,2,2,48.98,2,61,0,4,236,29,549
"Jun 06, 2025","=""74868404430193""",N.Keyword.Video.SB.UPS.SmartAppLCD.OR.OR500LCRM1U,,250,DAILY_BUDGET,PAUSED,USD,765,10,8.63,0.0,0,0,0,0.0,0,25,0,3,71,11,132
"Aug 02, 2025","=""501138070676838""",N.SB.Products.SB.UPS.AVR,,250,DAILY_BUDGET,PAUSED,USD,10199,13,24.56,0.0,0,0,0,0.0,0,14,0,0,0,0,1481
"May 31, 2025","=""38757712528936""",B.Keyword.Video.SB.UPS.PFCSinewave.CPPFC(1),,250,DAILY_BUDGET,PAUSED,USD,1340,12,66.39,179.98,1,2,1,179.98,2,17,0,2,191,61,286
"Jul 25, 2025","=""501364882562485""",C.Keyword.Video.SB.UPS.IntelligentLCD.CP1500AVRLCD3.B0BCMLLSHL,,250,DAILY_BUDGET,ENABLED,USD,877,1,7.41,0.0,0,0,0,0.0,0,0,0,0,150,23,214
"May 17, 2025","=""353873361287335""",B2B - B.Keyword.Store.SB.UPS.StoreSpotlight,,250,DAILY_BUDGET,ENABLED,USD,26,0,0.0,0.0,0,0,0,0.0,0,0,0,0,0,0,15
"Jun 04, 2025","=""249902179030051""",N.Keyword.Video.SB.UPS.Surge.CSP,,250,DAILY_BUDGET,PAUSED,USD,1157,22,18.68,49.98,2,2,2,49.98,2,32,0,2,102,11,202
"Jul 12, 2025","=""74868404430193""",N.Keyword.Video.SB.UPS.SmartAppLCD.OR.OR500LCRM1U,,250,DAILY_BUDGET,PAUSED,USD,0,0,0.0,0.0,0,0,0,0.0,0,0,0,0,0,0,0
"Aug 05, 2025","=""456008348744441""",N.SB.Products.SB.UPS.PFC,,250,DAILY_BUDGET,PAUSED,USD,35742,13,30.91,0.0,0,0,0,0.0,0,19,11,2,0,0,4975
"Jul 12, 2025","=""209147373785811""",N.Keyword.Video.SB.UPS.PFCSinewave.CPPFC(1),,250,DAILY_BUDGET,PAUSED,USD,0,0,0.0,0.0,0,0,0,0.0,0,0,0,0,0,0,0
"Jul 22, 2025","=""293529288726869""",B.Keyword.Video.SB.UPS.PFCSinewave.CP1500PFCLCD.B00429N19W,,250,DAILY_BUDGET,ENABLED,USD,279,2,6.25,0.0,0,0,0,0.0,0,3,0,0,48,17,79
"Jul 29, 2025","=""456008348744441""",N.SB.Products.SB.UPS.PFC,,250,DAILY_BUDGET,PAUSED,USD,90105,84,371.63,0.0,0,0,0,0.0,0,51,0,1,0,0,28448
"Jul 03, 2025","=""249902179030051""",N.Keyword.Video.SB.UPS.Surge.CSP,,250,DAILY_BUDGET,PAUSED,USD,191,8,6.13,0.0,0,0,0,0.0,0,9,0,0,15,3,30
"Jul 13, 2025","=""504590116611528""",C.Keyword.Video.SB.PFCSinewave.CP1500PFCRM2U.B0B354X985_v2,,250,DAILY_BUDGET,PAUSED,USD,0,0,0.0,0.0,0,0,0,0.0,0,0,0,0,0,0,0
"Jul 02, 2025","=""501138070676838""",N.SB.Products.SB.UPS.AVR,,250,DAILY_BUDGET,PAUSED,USD,20294,42,100.51,199.95,1,1,1,199.95,1,31,0,2,0,0,3514
"Jun 04, 2025","=""209147373785811""",N.Keyword.Video.SB.UPS.PFCSinewave.CPPFC(1),,250,DAILY_BUDGET,PAUSED,USD,1495,4,5.38,97.07,1,1,1,97.07,1,7,0,1,128,24,245
"Jun 29, 2025","=""450441693358033""",B2B - B.Keyword.Products.SB.UPS.1500units,,250,DAILY_BUDGET,ENABLED,USD,410,3,2.99,0.0,0,0,0,0.0,0,4,0,0,0,0,78
"Aug 08, 2025","=""533624646611887""",C.Keyword.Store.SB.UPS.StoreSpotlight,,250,DAILY_BUDGET,PAUSED,USD,2900,10,20.78,0.0,0,0,0,0.0,0,5,11,0,0,0,748
"Jul 25, 2025","=""456008348744441""",N.SB.Products.SB.UPS.PFC,,250,DAILY_BUDGET,PAUSED,USD,80693,91,426.49,175.95,1,1,1,175.95,1,56,0,1,0,0,24495
"Jun 01, 2025","=""353873361287335""",B2B - B.Keyword.Store.SB.UPS.StoreSpotlight,,250,DAILY_BUDGET,ENABLED,USD,24,0,0.0,0.0,0,0,0,0.0,0,0,0,0,0,0,14
"Aug 08, 2025","=""300358990869228""",B.Keyword.Store.SB.UPS.StoreSpotlight,,250,DAILY_BUDGET,ENABLED,USD,97,0,1.09,0.0,0,0,0,0.0,0,6,0,0,0,0,69
"Jul 21, 2025","=""501138070676838""",N.SB.Products.SB.UPS.AVR,,250,DAILY_BUDGET,PAUSED,USD,10906,26,68.41,0.0,0,0,0,0.0,0,37,0,0,0,0,1379
"Jun 19, 2025","=""209147373785811""",N.Keyword.Video.SB.UPS.PFCSinewave.CPPFC(1),,250,DAILY_BUDGET,PAUSED,USD,1799,12,25.37,238.22,1,1,1,238.22,1,29,0,1,211,49,327
"May 15, 2025","=""74868404430193""",N.Keyword.Video.SB.UPS.SmartAppLCD.OR.OR500LCRM1U,,250,DAILY_BUDGET,PAUSED,USD,681,6,4.49,0.0,0,0,0,0.0,0,7,0,0,52,11,118
"May 11, 2025","=""38757712528936""",B.Keyword.Video.SB.UPS.PFCSinewave.CPPFC(1),,250,DAILY_BUDGET,PAUSED,USD,1367,22,87.63,1408.86,7,7,3,659.85,3,64,0,9,139,41,252
"Aug 05, 2025","=""353873361287335""",B2B - B.Keyword.Store.SB.UPS.StoreSpotlight,,250,DAILY_BUDGET,ENABLED,USD,282,5,4.94,1501.9,2,2,1,59.95,1,21,1,4,0,0,135
"May 29, 2025","=""60249080858733""",C.Keyword.Video.SB.UPS.PFCSinewave.CPPFC(1),,250,DAILY_BUDGET,PAUSED,USD,103,1,3.1,0.0,0,0,0,0.0,0,1,0,0,8,5,18
"Jun 20, 2025","=""456008348744441""",N.SB.Products.SB.UPS.PFC,,250,DAILY_BUDGET,PAUSED,USD,24102,104,209.26,1550.15,6,6,6,1550.15,6,185,0,15,0,0,5111
"Aug 27, 2025","=""400654489506156""",B.Keyword.Products.SB.UPS.BestSellers,,250,DAILY_BUDGET,PAUSED,USD,59336,65,908.26,1357.5,8,10,5,879.7,6,91,104,10,0,0,19652
"Jun 01, 2025","=""288898439745613""",B2B - N.Keyword.Products.SB.UPS.1500units,,250,DAILY_BUDGET,ENABLED,USD,6498,10,80.66,399.9,1,2,1,399.9,2,9,0,2,0,0,2471
"Jul 14, 2025","=""84817009251939""",C.Keyword.Video.SB.PFCSinewave.CP1500PFCRM2U.B0B354X985,,250,DAILY_BUDGET,ENABLED,USD,0,0,0.0,0.0,0,0,0,0.0,0,0,0,0,0,0,0
"Jul 22, 2025","=""504590116611528""",C.Keyword.Video.SB.PFCSinewave.CP1500PFCRM2U.B0B354X985_v2,,250,DAILY_BUDGET,PAUSED,USD,0,0,0.0,0.0,0,0,0,0.0,0,0,0,0,0,0,0
"Jun 14, 2025","=""501138070676838""",N.SB.Products.SB.UPS.AVR,,250,DAILY_BUDGET,PAUSED,USD,30340,40,84.78,939.75,5,5,4,739.8,4,46,0,5,0,0,5907
"Aug 07, 2025","=""450441693358033""",B2B - B.Keyword.Products.SB.UPS.1500units,,250,DAILY_BUDGET,ENABLED,USD,1386,8,180.39,463.01,1,1,1,463.01,1,21,20,1,0,0,110
"Jul 02, 2025","=""327967099369911""",N.Keyword.Products.SB.UPS.1500units,,250,DAILY_BUDGET,PAUSED,USD,31996,56,195.66,589.89,3,3,2,499.9,2,99,0,3,0,0,9281
"May 08, 2025","=""74868404430193""",N.Keyword.Video.SB.UPS.SmartAppLCD.OR.OR500LCRM1U,,250,DAILY_BUDGET,PAUSED,USD,996,4,4.18,299.95,1,1,1,299.95,1,6,0,0,58,6,132
"Jul 26, 2025","=""369323377946560""",B2B - N.Keyword.Store.SB.UPS.StoreSpotlight,,250,DAILY_BUDGET,ENABLED,USD,499,4,30.38,0.0,0,0,0,0.0,0,2,0,1,0,0,238
"Jun 24, 2025","=""60249080858733""",C.Keyword.Video.SB.UPS.PFCSinewave.CPPFC(1),,250,DAILY_BUDGET,PAUSED,USD,370,1,1.01,0.0,0,0,0,0.0,0,1,0,0,29,5,51
"Aug 16, 2025","=""369323377946560""",B2B - N.Keyword.Store.SB.UPS.StoreSpotlight,,250,DAILY_BUDGET,ENABLED,USD,1934,8,129.56,816.75,2,5,2,816.75,5,17,19,3,0,0,828
"Aug 13, 2025","=""490434522578484""",C.Keyword.Video.SB.UPS.PFCSinewave.CP1500PFCLCD.B00429N19W,,250,DAILY_BUDGET,ENABLED,USD,3147,6,139.82,0.0,0,0,0,0.0,0,11,23,97,602,132,844
"Jul 29, 2025","=""501138070676838""",N.SB.Products.SB.UPS.AVR,,250,DAILY_BUDGET,PAUSED,USD,11313,13,37.72,0.0,0,0,0,0.0,0,7,0,0,0,0,1591
"Aug 01, 2025","=""293529288726869""",B.Keyword.Video.SB.UPS.PFCSinewave.CP1500PFCLCD.B00429N19W,,250,DAILY_BUDGET,ENABLED,USD,511,5,65.08,0.0,0,0,0,0.0,0,8,0,0,78,23,103
"Aug 01, 2025","=""349078398145277""",N.SB.Products.SB.UPS.Eco,,250,DAILY_BUDGET,PAUSED,USD,77797,142,365.96,899.85,3,3,1,119.95,1,125,0,7,0,0,19177
"Jun 01, 2025","=""112828660396406""",N.Keyword.Video.SB.UPS.SmartAppSinewave.OLHD,,250,DAILY_BUDGET,PAUSED,USD,538,1,1.71,0.0,0,0,0,0.0,0,1,0,0,44,3,79
"May 09, 2025","=""84817009251939""",C.Keyword.Video.SB.PFCSinewave.CP1500PFCRM2U.B0B354X985,,250,DAILY_BUDGET,ENABLED,USD,12720,72,121.66,3335.4,9,10,7,2344.65,7,207,0,15,939,62,2003
"Jun 07, 2025","=""249902179030051""",N.Keyword.Video.SB.UPS.Surge.CSP,,250,DAILY_BUDGET,PAUSED,USD,1443,31,23.79,24.49,1,1,1,24.49,1,43,0,7,137,19,299
"May 26, 2025","=""60249080858733""",C.Keyword.Video.SB.UPS.PFCSinewave.CPPFC(1),,250,DAILY_BUDGET,PAUSED,USD,100,0,0.0,0.0,0,0,0,0.0,0,0,0,0,3,0,8
"May 23, 2025","=""209147373785811""",N.Keyword.Video.SB.UPS.PFCSinewave.CPPFC(1),,250,DAILY_BUDGET,PAUSED,USD,1181,8,13.42,239.95,1,1,0,0.0,0,17,0,2,87,13,184
"Jul 28, 2025","=""501138070676838""",N.SB.Products.SB.UPS.AVR,,250,DAILY_BUDGET,PAUSED,USD,17458,20,49.46,239.95,1,1,1,239.95,1,36,0,4,0,0,2087
"Aug 13, 2025","=""300358990869228""",B.Keyword.Store.SB.UPS.StoreSpotlight,,250,DAILY_BUDGET,ENABLED,USD,257,1,2.08,295.9,2,2,2,295.9,2,19,1,2,0,0,203
"Jul 09, 2025","=""38757712528936""",B.Keyword.Video.SB.UPS.PFCSinewave.CPPFC(1),,250,DAILY_BUDGET,PAUSED,USD,0,0,0.0,0.0,0,0,0,0.0,0,0,0,0,0,0,0
"Jun 13, 2025","=""74868404430193""",N.Keyword.Video.SB.UPS.SmartAppLCD.OR.OR500LCRM1U,,250,DAILY_BUDGET,PAUSED,USD,790,9,5.57,0.0,0,0,0,0.0,0,14,0,0,51,5,112
"Aug 07, 2025","=""516203922618177""",N.Keyword.Store.SB.UPS.StoreSpotlight,,250,DAILY_BUDGET,ENABLED,USD,1066,2,4.67,0.0,0,0,0,0.0,0,0,2,0,0,0,351
"Jun 11, 2025","=""288898439745613""",B2B - N.Keyword.Products.SB.UPS.1500units,,250,DAILY_BUDGET,ENABLED,USD,10013,17,101.13,533.31,2,2,2,533.31,2,33,0,4,0,0,3392
"Aug 19, 2025","=""533624646611887""",C.Keyword.Store.SB.UPS.StoreSpotlight,,250,DAILY_BUDGET,PAUSED,USD,17352,98,1380.3,1119.5,8,10,5,819.65,7,86,123,11,0,0,8361
"May 13, 2025","=""60249080858733""",C.Keyword.Video.SB.UPS.PFCSinewave.CPPFC(1),,250,DAILY_BUDGET,PAUSED,USD,144,0,0.0,0.0,0,0,0,0.0,0,0,0,0,9,0,21
"Aug 03, 2025","=""501364882562485""",C.Keyword.Video.SB.UPS.IntelligentLCD.CP1500AVRLCD3.B0BCMLLSHL,,250,DAILY_BUDGET,ENABLED,USD,722,2,38.11,0.0,0,0,0,0.0,0,2,0,0,128,26,170
"Aug 23, 2025","=""452338404496050""",B.SB.Products.SB.UPS.PFC,,250,DAILY_BUDGET,PAUSED,USD,6132,41,414.95,599.85,3,3,2,419.9,2,89,46,6,0,0,2291
"May 25, 2025","=""209147373785811""",N.Keyword.Video.SB.UPS.PFCSinewave.CPPFC(1),,250,DAILY_BUDGET,PAUSED,USD,890,12,28.92,749.8,4,4,4,749.8,4,28,0,6,62,11,122
"Jul 19, 2025","=""293529288726869""",B.Keyword.Video.SB.UPS.PFCSinewave.CP1500PFCLCD.B00429N19W,,250,DAILY_BUDGET,ENABLED,USD,443,4,19.25,0.0,0,0,0,0.0,0,10,0,0,74,23,102
"Jun 25, 2025","=""84817009251939""",C.Keyword.Video.SB.PFCSinewave.CP1500PFCRM2U.B0B354X985,,250,DAILY_BUDGET,ENABLED,USD,24245,155,297.26,6133.05,11,19,7,3613.4,12,338,0,20,2183,168,4397
"May 24, 2025","=""300358990869228""",B.Keyword.Store.SB.UPS.StoreSpotlight,,250,DAILY_BUDGET,ENABLED,USD,1351,18,128.0,2980.78,25,26,22,2722.86,22,249,0,38,0,0,1105
"Aug 20, 2025","=""501364882562485""",C.Keyword.Video.SB.UPS.IntelligentLCD.CP1500AVRLCD3.B0BCMLLSHL,,250,DAILY_BUDGET,ENABLED,USD,1042,3,56.29,0.0,0,0,0,0.0,0,2,3,1,154,26,239
"Jul 19, 2025","=""353873361287335""",B2B - B.Keyword.Store.SB.UPS.StoreSpotlight,,250,DAILY_BUDGET,ENABLED,USD,46,2,9.27,89.95,1,1,0,0.0,0,1,0,1,0,0,27
"May 10, 2025","=""60249080858733""",C.Keyword.Video.SB.UPS.PFCSinewave.CPPFC(1),,250,DAILY_BUDGET,PAUSED,USD,30,0,0.0,0.0,0,0,0,0.0,0,0,0,0,5,0,6
"May 29, 2025","=""112828660396406""",N.Keyword.Video.SB.UPS.SmartAppSinewave.OLHD,,250,DAILY_BUDGET,PAUSED,USD,959,5,7.93,0.0,0,0,0,0.0,0,10,0,0,80,4,161
"Jun 02, 2025","=""84817009251939""",C.Keyword.Video.SB.PFCSinewave.CP1500PFCRM2U.B0B354X985,,250,DAILY_BUDGET,ENABLED,USD,11500,84,126.87,5886.7,16,18,5,1367.35,5,181,0,18,913,81,1883
"Aug 10, 2025","=""533624646611887""",C.Keyword.Store.SB.UPS.StoreSpotlight,,250,DAILY_BUDGET,PAUSED,USD,1701,6,9.5,0.0,0,0,0,0.0,0,1,6,0,0,0,398
"Aug 26, 2025","=""516203922618177""",N.Keyword.Store.SB.UPS.StoreSpotlight,,250,DAILY_BUDGET,ENABLED,USD,896,3,3.25,79.95,1,1,0,0.0,0,9,5,1,0,0,330
"Aug 28, 2025","=""501364882562485""",C.Keyword.Video.SB.UPS.IntelligentLCD.CP1500AVRLCD3.B0BCMLLSHL,,250,DAILY_BUDGET,ENABLED,USD,994,2,23.09,0.0,0,0,0,0.0,0,2,2,0,176,28,243
"May 24, 2025","=""450441693358033""",B2B - B.Keyword.Products.SB.UPS.1500units,,250,DAILY_BUDGET,ENABLED,USD,337,4,11.86,1110.13,3,5,2,469.95,3,7,0,4,0,0,76
"Aug 13, 2025","=""293529288726869""",B.Keyword.Video.SB.UPS.PFCSinewave.CP1500PFCLCD.B00429N19W,,250,DAILY_BUDGET,ENABLED,USD,901,8,110.14,2180.75,4,5,1,719.9,2,31,3,3,145,48,230
"Jun 21, 2025","=""60249080858733""",C.Keyword.Video.SB.UPS.PFCSinewave.CPPFC(1),,250,DAILY_BUDGET,PAUSED,USD,258,0,0.0,0.0,0,0,0,0.0,0,0,0,0,26,8,45
"Aug 20, 2025","=""353873361287335""",B2B - B.Keyword.Store.SB.UPS.StoreSpotlight,,250,DAILY_BUDGET,ENABLED,USD,221,2,0.64,1694.95,1,1,0,0.0,0,7,3,1,0,0,111
"May 18, 2025","=""327967099369911""",N.Keyword.Products.SB.UPS.1500units,,250,DAILY_BUDGET,PAUSED,USD,170274,252,1456.98,934.8,5,5,5,934.8,5,311,3,13,0,0,63527
"Jul 18, 2025","=""533624646611887""",C.Keyword.Store.SB.UPS.StoreSpotlight,,250,DAILY_BUDGET,PAUSED,USD,6620,21,122.94,78.95,1,1,1,78.95,1,32,0,4,0,0,2817
"Jun 26, 2025","=""38757712528936""",B.Keyword.Video.SB.UPS.PFCSinewave.CPPFC(1),,250,DAILY_BUDGET,PAUSED,USD,1886,10,30.88,439.88,2,2,2,439.88,2,25,0,3,160,46,294
"May 20, 2025","=""400654489506156""",B.Keyword.Products.SB.UPS.BestSellers,,250,DAILY_BUDGET,PAUSED,USD,1341,1,10.91,0.0,0,0,0,0.0,0,1,0,0,0,0,438
"Jul 30, 2025","=""335733425531216""",N.Keyword.Video.SB.UPS.PFCSinewave.CP1500PFCLCD.B00429N19W,,250,DAILY_BUDGET,ENABLED,USD,6904,54,215.25,359.9,2,2,1,119.95,1,93,0,10,1321,436,1810
"Aug 22, 2025","=""501138070676838""",N.SB.Products.SB.UPS.AVR,,250,DAILY_BUDGET,PAUSED,USD,11961,24,54.12,239.95,1,1,1,239.95,1,35,23,1,0,0,1778
"Jul 24, 2025","=""288898439745613""",B2B - N.Keyword.Products.SB.UPS.1500units,,250,DAILY_BUDGET,ENABLED,USD,4568,14,66.37,359.95,1,1,1,359.95,1,31,0,5,0,0,1215
"Aug 12, 2025","=""369323377946560""",B2B - N.Keyword.Store.SB.UPS.StoreSpotlight,,250,DAILY_BUDGET,ENABLED,USD,5635,18,278.21,199.95,1,1,1,199.95,1,14,20,3,0,0,2928
"May 11, 2025","=""288898439745613""",B2B - N.Keyword.Products.SB.UPS.1500units,,250,DAILY_BUDGET,ENABLED,USD,7772,13,123.65,1199.7,4,6,4,1199.7,6,37,0,6,0,0,3376
"May 12, 2025","=""74868404430193""",N.Keyword.Video.SB.UPS.SmartAppLCD.OR.OR500LCRM1U,,250,DAILY_BUDGET,PAUSED,USD,620,4,3.79,0.0,0,0,0,0.0,0,11,0,1,41,5,100
"Jun 28, 2025","=""369323377946560""",B2B - N.Keyword.Store.SB.UPS.StoreSpotlight,,250,DAILY_BUDGET,ENABLED,USD,343,0,0.0,0.0,0,0,0,0.0,0,0,0,0,0,0,78
"Aug 11, 2025","=""335733425531216""",N.Keyword.Video.SB.UPS.PFCSinewave.CP1500PFCLCD.B00429N19W,,250,DAILY_BUDGET,ENABLED,USD,8466,59,266.32,1439.15,6,7,4,899.8,4,94,31,11,1833,650,2376
"May 04, 2025","=""249902179030051""",N.Keyword.Video.SB.UPS.Surge.CSP,,250,DAILY_BUDGET,PAUSED,USD,2808,60,53.26,57.08,3,3,3,57.08,3,100,0,7,230,15,521
"Jun 29, 2025","=""369323377946560""",B2B - N.Keyword.Store.SB.UPS.StoreSpotlight,,250,DAILY_BUDGET,ENABLED,USD,411,1,2.63,0.0,0,0,0,0.0,0,0,0,0,0,0,93
"Jul 09, 2025","=""400654489506156""",B.Keyword.Products.SB.UPS.BestSellers,,250,DAILY_BUDGET,PAUSED,USD,100751,125,1558.74,2652.89,14,19,10,1914.4,12,288,0,36,0,0,31447
"Aug 23, 2025","=""516203922618177""",N.Keyword.Store.SB.UPS.StoreSpotlight,,250,DAILY_BUDGET,ENABLED,USD,727,10,13.64,199.95,1,1,1,199.95,1,28,13,2,0,0,294
"May 16, 2025","=""85546644235770""",C.Keyword.Video.SB.UPS.IntelligentLCD.CPAVR3,,250,DAILY_BUDGET,PAUSED,USD,5882,53,82.52,1519.6,8,9,5,949.75,5,103,0,13,495,28,1004
"Jun 16, 2025","=""501138070676838""",N.SB.Products.SB.UPS.AVR,,250,DAILY_BUDGET,PAUSED,USD,36806,53,106.62,119.95,1,1,1,119.95,1,48,0,3,0,0,7328
"Jun 04, 2025","=""74868404430193""",N.Keyword.Video.SB.UPS.SmartAppLCD.OR.OR500LCRM1U,,250,DAILY_BUDGET,PAUSED,USD,1076,7,5.89,0.0,0,0,0,0.0,0,12,0,0,76,13,160
"Aug 16, 2025","=""349078398145277""",N.SB.Products.SB.UPS.Eco,,250,DAILY_BUDGET,PAUSED,USD,51775,263,611.03,1269.49,11,11,8,839.64,8,308,191,20,0,0,12305
"Jul 15, 2025","=""516203922618177""",N.Keyword.Store.SB.UPS.StoreSpotlight,,250,DAILY_BUDGET,ENABLED,USD,1951,9,15.77,119.95,1,1,1,119.95,1,8,0,1,0,0,583
"May 31, 2025","=""112828660396406""",N.Keyword.Video.SB.UPS.SmartAppSinewave.OLHD,,250,DAILY_BUDGET,PAUSED,USD,439,0,0.0,0.0,0,0,0,0.0,0,0,0,0,35,5,69
"Jun 06, 2025","=""516203922618177""",N.Keyword.Store.SB.UPS.StoreSpotlight,,250,DAILY_BUDGET,ENABLED,USD,10921,42,72.37,519.0,3,3,3,519.0,3,115,0,10,0,0,2694
"May 06, 2025","=""112828660396406""",N.Keyword.Video.SB.UPS.SmartAppSinewave.OLHD,,250,DAILY_BUDGET,PAUSED,USD,555,0,0.0,0.0,0,0,0,0.0,0,0,0,0,40,4,83
"Jul 22, 2025","=""349078398145277""",N.SB.Products.SB.UPS.Eco,,250,DAILY_BUDGET,PAUSED,USD,40211,98,190.74,336.85,2,3,2,336.85,3,105,0,9,0,0,6989
"Jun 28, 2025","=""84817009251939""",C.Keyword.Video.SB.PFCSinewave.CP1500PFCRM2U.B0B354X985,,250,DAILY_BUDGET,ENABLED,USD,26112,168,331.49,3310.55,10,13,4,1244.13,5,348,0,22,2349,232,4835
"Jun 12, 2025","=""450441693358033""",B2B - B.Keyword.Products.SB.UPS.1500units,,250,DAILY_BUDGET,ENABLED,USD,1410,3,3.79,359.95,1,1,1,359.95,1,3,0,1,0,0,239
"Aug 25, 2025","=""490434522578484""",C.Keyword.Video.SB.UPS.PFCSinewave.CP1500PFCLCD.B00429N19W,,250,DAILY_BUDGET,ENABLED,USD,933,4,75.39,0.0,0,0,0,0.0,0,3,2,0,155,31,215
"Aug 26, 2025","=""349078398145277""",N.SB.Products.SB.UPS.Eco,,250,DAILY_BUDGET,PAUSED,USD,45950,168,360.99,1783.83,10,12,8,1066.5,10,271,131,20,0,0,10432
"May 23, 2025","=""84817009251939""",C.Keyword.Video.SB.PFCSinewave.CP1500PFCRM2U.B0B354X985,,250,DAILY_BUDGET,ENABLED,USD,11564,68,95.18,1334.8,4,4,3,999.85,3,179,0,11,854,53,1891
"Jun 06, 2025","=""369323377946560""",B2B - N.Keyword.Store.SB.UPS.StoreSpotlight,,250,DAILY_BUDGET,ENABLED,USD,20617,33,103.24,199.95,1,1,1,199.95,1,62,0,2,0,0,6803
"Aug 21, 2025","=""367333782614376""",N.SB.Products.SB.UPS.PFCRM,,250,DAILY_BUDGET,PAUSED,USD,42433,155,417.34,2485.04,8,8,6,1664.74,6,225,120,25,0,0,9182
"Jul 24, 2025","=""353873361287335""",B2B - B.Keyword.Store.SB.UPS.StoreSpotlight,,250,DAILY_BUDGET,ENABLED,USD,177,1,8.91,726.95,1,1,0,0.0,0,1,0,2,0,0,99
"Aug 17, 2025","=""490434522578484""",C.Keyword.Video.SB.UPS.PFCSinewave.CP1500PFCLCD.B00429N19W,,250,DAILY_BUDGET,ENABLED,USD,670,2,58.04,0.0,0,0,0,0.0,0,3,1,0,107,30,145
"Jul 03, 2025","=""516203922618177""",N.Keyword.Store.SB.UPS.StoreSpotlight,,250,DAILY_BUDGET,ENABLED,USD,859,2,6.16,119.95,1,1,1,119.95,1,3,0,1,0,0,262
"Aug 06, 2025","=""353873361287335""",B2B - B.Keyword.Store.SB.UPS.StoreSpotlight,,250,DAILY_BUDGET,ENABLED,USD,296,6,30.74,391.9,2,2,2,391.9,2,12,18,3,0,0,124
"May 07, 2025","=""60249080858733""",C.Keyword.Video.SB.UPS.PFCSinewave.CPPFC(1),,250,DAILY_BUDGET,PAUSED,USD,67,0,0.0,0.0,0,0,0,0.0,0,0,0,0,3,0,6
"Aug 24, 2025","=""450441693358033""",B2B - B.Keyword.Products.SB.UPS.1500units,,250,DAILY_BUDGET,ENABLED,USD,242,2,3.14,1401.8,2,4,1,681.9,2,6,0,2,0,0,30
"Aug 09, 2025","=""425328024590643""",C.Keyword.Products.SB.UPS.1500units,,250,DAILY_BUDGET,ENABLED,USD,655,1,0.4,0.0,0,0,0,0.0,0,2,0,0,0,0,206
"Aug 09, 2025","=""327967099369911""",N.Keyword.Products.SB.UPS.1500units,,250,DAILY_BUDGET,PAUSED,USD,8003,12,19.98,0.0,0,0,0,0.0,0,13,20,1,0,0,960
"Jun 03, 2025","=""85546644235770""",C.Keyword.Video.SB.UPS.IntelligentLCD.CPAVR3,,250,DAILY_BUDGET,PAUSED,USD,8343,80,119.08,1319.65,6,7,3,799.8,4,140,0,10,995,116,1783
"Jul 14, 2025","=""533624646611887""",C.Keyword.Store.SB.UPS.StoreSpotlight,,250,DAILY_BUDGET,PAUSED,USD,4277,15,19.05,199.9,2,2,0,0.0,0,33,0,2,0,0,995
"Jul 16, 2025","=""300358990869228""",B.Keyword.Store.SB.UPS.StoreSpotlight,,250,DAILY_BUDGET,ENABLED,USD,475,2,4.04,667.6,2,2,2,667.6,2,3,0,2,0,0,376
"Aug 15, 2025","=""335733425531216""",N.Keyword.Video.SB.UPS.PFCSinewave.CP1500PFCLCD.B00429N19W,,250,DAILY_BUDGET,ENABLED,USD,7800,49,183.66,639.85,2,3,1,239.95,1,85,35,3,1463,482,2021
"May 08, 2025","=""400654489506156""",B.Keyword.Products.SB.UPS.BestSellers,,250,DAILY_BUDGET,PAUSED,USD,1462,1,8.96,0.0,0,0,0,0.0,0,0,0,0,0,0,489
"May 16, 2025","=""300358990869228""",B.Keyword.Store.SB.UPS.StoreSpotlight,,250,DAILY_BUDGET,ENABLED,USD,1340,14,110.52,3539.92,28,34,17,1773.03,18,262,0,46,0,0,1120
"Aug 21, 2025","=""533624646611887""",C.Keyword.Store.SB.UPS.StoreSpotlight,,250,DAILY_BUDGET,PAUSED,USD,16416,84,1095.57,1559.56,10,10,8,1079.66,8,135,126,25,0,0,7891
"Jul 09, 2025","=""456008348744441""",N.SB.Products.SB.UPS.PFC,,250,DAILY_BUDGET,PAUSED,USD,748249,231,2939.87,709.85,3,3,3,709.85,3,82,0,7,0,0,114099
"Jun 15, 2025","=""74868404430193""",N.Keyword.Video.SB.UPS.SmartAppLCD.OR.OR500LCRM1U,,250,DAILY_BUDGET,PAUSED,USD,771,1,0.59,0.0,0,0,0,0.0,0,1,0,0,49,8,110
"Jun 24, 2025","=""353873361287335""",B2B - B.Keyword.Store.SB.UPS.StoreSpotlight,,250,DAILY_BUDGET,ENABLED,USD,242,0,0.0,0.0,0,0,0,0.0,0,0,0,0,0,0,84
"Jul 31, 2025","=""288898439745613""",B2B - N.Keyword.Products.SB.UPS.1500units,,250,DAILY_BUDGET,ENABLED,USD,3689,18,95.68,559.9,2,2,2,559.9,2,51,0,8,0,0,1154
"Jul 19, 2025","=""450441693358033""",B2B - B.Keyword.Products.SB.UPS.1500units,,250,DAILY_BUDGET,ENABLED,USD,347,1,5.1,359.95,1,1,1,359.95,1,1,0,1,0,0,26
"Jul 19, 2025","=""490434522578484""",C.Keyword.Video.SB.UPS.PFCSinewave.CP1500PFCLCD.B00429N19W,,250,DAILY_BUDGET,ENABLED,USD,72,0,0.0,0.0,0,0,0,0.0,0,0,0,0,3,2,7
"Jul 22, 2025","=""501138070676838""",N.SB.Products.SB.UPS.AVR,,250,DAILY_BUDGET,PAUSED,USD,14886,16,40.57,339.9,2,2,1,139.95,1,21,0,2,0,0,1598
"Aug 24, 2025","=""300358990869228""",B.Keyword.Store.SB.UPS.StoreSpotlight,,250,DAILY_BUDGET,ENABLED,USD,167,1,1.43,119.95,1,1,1,119.95,1,5,1,1,0,0,126
"Jul 21, 2025","=""293529288726869""",B.Keyword.Video.SB.UPS.PFCSinewave.CP1500PFCLCD.B00429N19W,,250,DAILY_BUDGET,ENABLED,USD,563,3,4.88,0.0,0,0,0,0.0,0,4,0,10,99,22,150
"Jun 12, 2025","=""84817009251939""",C.Keyword.Video.SB.PFCSinewave.CP1500PFCRM2U.B0B354X985,,250,DAILY_BUDGET,ENABLED,USD,11919,83,136.36,2201.6,6,8,2,659.9,2,184,0,12,1028,81,2098
"May 02, 2025","=""249902179030051""",N.Keyword.Video.SB.UPS.Surge.CSP,,250,DAILY_BUDGET,PAUSED,USD,2800,43,39.09,123.49,3,6,3,123.49,6,75,0,11,215,20,457
"Aug 21, 2025","=""327967099369911""",N.Keyword.Products.SB.UPS.1500units,,250,DAILY_BUDGET,PAUSED,USD,2376,0,0.0,0.0,0,0,0,0.0,0,0,1,0,0,0,214
"May 08, 2025","=""84817009251939""",C.Keyword.Video.SB.PFCSinewave.CP1500PFCRM2U.B0B354X985,,250,DAILY_BUDGET,ENABLED,USD,9605,48,76.17,3199.54,10,10,4,1339.8,4,123,0,16,650,37,1450
"Jul 10, 2025","=""293529288726869""",B.Keyword.Video.SB.UPS.PFCSinewave.CP1500PFCLCD.B00429N19W,,250,DAILY_BUDGET,ENABLED,USD,1132,24,139.58,2128.5,7,10,5,1859.6,8,57,0,10,304,109,387
"Aug 20, 2025","=""450441693358033""",B2B - B.Keyword.Products.SB.UPS.1500units,,250,DAILY_BUDGET,ENABLED,USD,1483,5,132.94,1462.75,2,5,0,0.0,0,18,1,2,0,0,132
"Aug 13, 2025","=""369323377946560""",B2B - N.Keyword.Store.SB.UPS.StoreSpotlight,,250,DAILY_BUDGET,ENABLED,USD,6363,18,215.44,359.95,1,1,1,359.95,1,22,24,5,0,0,3215
"Jul 12, 2025","=""300358990869228""",B.Keyword.Store.SB.UPS.StoreSpotlight,,250,DAILY_BUDGET,ENABLED,USD,352,2,3.47,0.0,0,0,0,0.0,0,51,0,1,0,0,248
"May 07, 2025","=""327967099369911""",N.Keyword.Products.SB.UPS.1500units,,250,DAILY_BUDGET,PAUSED,USD,300632,362,2932.13,898.65,7,7,6,788.7,6,371,0,16,0,0,106797
"Jul 22, 2025","=""367333782614376""",N.SB.Products.SB.UPS.PFCRM,,250,DAILY_BUDGET,PAUSED,USD,28899,38,125.57,81.99,1,1,0,0.0,0,30,0,3,0,0,3676
"Aug 02, 2025","=""353873361287335""",B2B - B.Keyword.Store.SB.UPS.StoreSpotlight,,250,DAILY_BUDGET,ENABLED,USD,70,0,0.0,0.0,0,0,0,0.0,0,0,0,0,0,0,34
"Jul 08, 2025","=""450441693358033""",B2B - B.Keyword.Products.SB.UPS.1500units,,250,DAILY_BUDGET,ENABLED,USD,1366,11,78.74,1199.8,3,4,1,299.95,1,16,0,3,0,0,320
"Jul 22, 2025","=""490434522578484""",C.Keyword.Video.SB.UPS.PFCSinewave.CP1500PFCLCD.B00429N19W,,250,DAILY_BUDGET,ENABLED,USD,933,4,50.76,0.0,0,0,0,0.0,0,16,0,3,201,57,262
"Jul 18, 2025","=""504590116611528""",C.Keyword.Video.SB.PFCSinewave.CP1500PFCRM2U.B0B354X985_v2,,250,DAILY_BUDGET,PAUSED,USD,1,0,0.0,0.0,0,0,0,0.0,0,0,0,0,0,0,0
"May 29, 2025","=""450441693358033""",B2B - B.Keyword.Products.SB.UPS.1500units,,250,DAILY_BUDGET,ENABLED,USD,1579,9,21.41,459.9,2,2,1,219.95,1,26,0,4,0,0,322
"May 01, 2025","=""112828660396406""",N.Keyword.Video.SB.UPS.SmartAppSinewave.OLHD,,250,DAILY_BUDGET,PAUSED,USD,320,0,0.0,0.0,0,0,0,0.0,0,0,0,0,22,2,49
"Jul 15, 2025","=""456008348744441""",N.SB.Products.SB.UPS.PFC,,250,DAILY_BUDGET,PAUSED,USD,1021,2,4.83,0.0,0,0,0,0.0,0,0,0,0,0,0,181
"Jul 16, 2025","=""327967099369911""",N.Keyword.Products.SB.UPS.1500units,,250,DAILY_BUDGET,PAUSED,USD,20033,22,36.15,379.9,2,2,1,179.95,1,28,0,2,0,0,3216
"Aug 01, 2025","=""288898439745613""",B2B - N.Keyword.Products.SB.UPS.1500units,,250,DAILY_BUDGET,ENABLED,USD,2847,7,27.42,1649.8,4,5,1,450.0,1,19,0,6,0,0,895
"Jul 08, 2025","=""516203922618177""",N.Keyword.Store.SB.UPS.StoreSpotlight,,250,DAILY_BUDGET,ENABLED,USD,4727,31,53.22,239.85,3,3,2,119.9,2,109,0,6,0,0,1579
"Aug 07, 2025","=""400654489506156""",B.Keyword.Products.SB.UPS.BestSellers,,250,DAILY_BUDGET,PAUSED,USD,63657,54,669.37,319.9,2,2,1,119.95,1,82,86,7,0,0,21253
"Jul 20, 2025","=""400654489506156""",B.Keyword.Products.SB.UPS.BestSellers,,250,DAILY_BUDGET,PAUSED,USD,80937,77,1100.04,580.98,4,4,3,367.85,3,96,0,7,0,0,23638
"Jul 29, 2025","=""300358990869228""",B.Keyword.Store.SB.UPS.StoreSpotlight,,250,DAILY_BUDGET,ENABLED,USD,183,1,1.79,129.95,1,1,1,129.95,1,15,0,3,0,0,124
"Jul 02, 2025","=""369323377946560""",B2B - N.Keyword.Store.SB.UPS.StoreSpotlight,,250,DAILY_BUDGET,ENABLED,USD,726,1,5.0,0.0,0,0,0,0.0,0,0,0,0,0,0,207
"May 26, 2025","=""300358990869228""",B.Keyword.Store.SB.UPS.StoreSpotlight,,250,DAILY_BUDGET,ENABLED,USD,1550,25,146.35,3383.54,30,31,22,2634.04,23,300,0,53,0,0,1296
"Jul 10, 2025","=""504590116611528""",C.Keyword.Video.SB.PFCSinewave.CP1500PFCRM2U.B0B354X985_v2,,250,DAILY_BUDGET,PAUSED,USD,0,0,0.0,0.0,0,0,0,0.0,0,0,0,0,0,0,0
"Jul 31, 2025","=""327967099369911""",N.Keyword.Products.SB.UPS.1500units,,250,DAILY_BUDGET,PAUSED,USD,2861,3,4.75,0.0,0,0,0,0.0,0,46,0,0,0,0,384
"Jun 09, 2025","=""209147373785811""",N.Keyword.Video.SB.UPS.PFCSinewave.CPPFC(1),,250,DAILY_BUDGET,PAUSED,USD,1443,8,18.63,298.93,2,2,2,298.93,2,15,0,3,136,25,252
"Jul 17, 2025","=""367333782614376""",N.SB.Products.SB.UPS.PFCRM,,250,DAILY_BUDGET,PAUSED,USD,37195,60,130.07,1100.9,2,2,1,359.95,1,75,0,3,0,0,6956
"Jul 01, 2025","=""60249080858733""",C.Keyword.Video.SB.UPS.PFCSinewave.CPPFC(1),,250,DAILY_BUDGET,PAUSED,USD,429,0,0.0,0.0,0,0,0,0.0,0,0,0,0,42,11,77
"Aug 13, 2025","=""288898439745613""",B2B - N.Keyword.Products.SB.UPS.1500units,,250,DAILY_BUDGET,ENABLED,USD,59160,116,1921.75,1611.71,5,9,4,1251.76,8,118,79,8,0,0,23691
"Jul 18, 2025","=""84817009251939""",C.Keyword.Video.SB.PFCSinewave.CP1500PFCRM2U.B0B354X985,,250,DAILY_BUDGET,ENABLED,USD,0,0,0.0,0.0,0,0,0,0.0,0,0,0,0,0,0,0
"Aug 12, 2025","=""300358990869228""",B.Keyword.Store.SB.UPS.StoreSpotlight,,250,DAILY_BUDGET,ENABLED,USD,242,1,2.37,119.95,1,1,0,0.0,0,18,1,3,0,0,173
"Jul 27, 2025","=""501364882562485""",C.Keyword.Video.SB.UPS.IntelligentLCD.CP1500AVRLCD3.B0BCMLLSHL,,250,DAILY_BUDGET,ENABLED,USD,746,4,40.57,0.0,0,0,0,0.0,0,6,0,0,102,11,150
"Jun 20, 2025","=""353873361287335""",B2B - B.Keyword.Store.SB.UPS.StoreSpotlight,,250,DAILY_BUDGET,ENABLED,USD,202,0,0.0,0.0,0,0,0,0.0,0,0,0,0,0,0,80
"May 05, 2025","=""353873361287335""",B2B - B.Keyword.Store.SB.UPS.StoreSpotlight,,250,DAILY_BUDGET,ENABLED,USD,106,2,10.26,0.0,0,0,0,0.0,0,0,0,0,0,0,43
"Aug 18, 2025","=""288898439745613""",B2B - N.Keyword.Products.SB.UPS.1500units,,250,DAILY_BUDGET,ENABLED,USD,15115,30,575.75,719.9,2,2,1,359.95,1,27,22,1,0,0,5615
"Jun 11, 2025","=""353873361287335""",B2B - B.Keyword.Store.SB.UPS.StoreSpotlight,,250,DAILY_BUDGET,ENABLED,USD,127,1,1.28,0.0,0,0,0,0.0,0,0,0,0,0,0,50
"Aug 05, 2025","=""533624646611887""",C.Keyword.Store.SB.UPS.StoreSpotlight,,250,DAILY_BUDGET,PAUSED,USD,2961,7,13.1,0.0,0,0,0,0.0,0,12,8,0,0,0,725
"Jun 21, 2025","=""300358990869228""",B.Keyword.Store.SB.UPS.StoreSpotlight,,250,DAILY_BUDGET,ENABLED,USD,646,6,19.67,1365.97,9,11,6,705.87,7,170,0,26,0,0,475
"Jul 21, 2025","=""349078398145277""",N.SB.Products.SB.UPS.Eco,,250,DAILY_BUDGET,PAUSED,USD,60278,141,284.99,2282.2,8,16,5,1082.7,6,145,0,13,0,0,11390
"Aug 15, 2025","=""501138070676838""",N.SB.Products.SB.UPS.AVR,,250,DAILY_BUDGET,PAUSED,USD,9143,29,62.76,0.0,0,0,0,0.0,0,42,22,4,0,0,2195
"Jul 15, 2025","=""85546644235770""",C.Keyword.Video.SB.UPS.IntelligentLCD.CPAVR3,,250,DAILY_BUDGET,PAUSED,USD,3944,28,33.47,239.95,1,1,1,239.95,1,74,0,7,336,29,682
"Jul 22, 2025","=""327967099369911""",N.Keyword.Products.SB.UPS.1500units,,250,DAILY_BUDGET,PAUSED,USD,5365,17,45.74,239.95,1,1,1,239.95,1,19,0,1,0,0,1300
"May 29, 2025","=""369323377946560""",B2B - N.Keyword.Store.SB.UPS.StoreSpotlight,,250,DAILY_BUDGET,ENABLED,USD,546,1,6.93,0.0,0,0,0,0.0,0,0,0,0,0,0,295
"Jul 23, 2025","=""353873361287335""",B2B - B.Keyword.Store.SB.UPS.StoreSpotlight,,250,DAILY_BUDGET,ENABLED,USD,289,2,9.33,0.0,0,0,0,0.0,0,3,0,1,0,0,167
"Jul 18, 2025","=""300358990869228""",B.Keyword.Store.SB.UPS.StoreSpotlight,,250,DAILY_BUDGET,ENABLED,USD,372,0,2.98,17.7,1,6,1,17.7,6,9,0,1,0,0,292
"Jun 21, 2025","=""84817009251939""",C.Keyword.Video.SB.PFCSinewave.CP1500PFCRM2U.B0B354X985,,250,DAILY_BUDGET,ENABLED,USD,22159,189,342.07,2645.52,9,9,6,1595.67,6,501,0,24,2062,170,4247
"Jul 06, 2025","=""495634510759677""",B.Keyword.Video.SB.PFCSinewave.CP1500PFCRM2U.B0B354X985,,250,DAILY_BUDGET,PAUSED,USD,1,0,0.0,0.0,0,0,0,0.0,0,0,0,0,1,0,1
"Aug 27, 2025","=""293529288726869""",B.Keyword.Video.SB.UPS.PFCSinewave.CP1500PFCLCD.B00429N19W,,250,DAILY_BUDGET,ENABLED,USD,895,14,61.94,1199.8,3,4,2,959.85,3,73,29,5,198,68,260
"Jul 09, 2025","=""369323377946560""",B2B - N.Keyword.Store.SB.UPS.StoreSpotlight,,250,DAILY_BUDGET,ENABLED,USD,24190,37,785.17,0.0,0,0,0,0.0,0,10,0,1,0,0,10728
"May 19, 2025","=""450441693358033""",B2B - B.Keyword.Products.SB.UPS.1500units,,250,DAILY_BUDGET,ENABLED,USD,1322,4,15.84,748.22,3,3,0,0.0,0,8,0,3,0,0,294
"May 28, 2025","=""38757712528936""",B.Keyword.Video.SB.UPS.PFCSinewave.CPPFC(1),,250,DAILY_BUDGET,PAUSED,USD,1485,16,55.06,576.97,3,3,2,337.02,2,31,0,3,187,52,300
"May 02, 2025","=""400654489506156""",B.Keyword.Products.SB.UPS.BestSellers,,250,DAILY_BUDGET,PAUSED,USD,9909,7,38.25,0.0,0,0,0,0.0,0,11,0,1,0,0,3027
"Aug 12, 2025","=""327967099369911""",N.Keyword.Products.SB.UPS.1500units,,250,DAILY_BUDGET,PAUSED,USD,7058,13,21.42,0.0,0,0,0,0.0,0,12,10,2,0,0,1440
"May 02, 2025","=""60249080858733""",C.Keyword.Video.SB.UPS.PFCSinewave.CPPFC(1),,250,DAILY_BUDGET,PAUSED,USD,166,0,0.0,0.0,0,0,0,0.0,0,1,0,0,18,7,23
"Jul 16, 2025","=""369323377946560""",B2B - N.Keyword.Store.SB.UPS.StoreSpotlight,,250,DAILY_BUDGET,ENABLED,USD,675,5,21.96,0.0,0,0,0,0.0,0,6,0,1,0,0,300
"May 09, 2025","=""112828660396406""",N.Keyword.Video.SB.UPS.SmartAppSinewave.OLHD,,250,DAILY_BUDGET,PAUSED,USD,597,0,0.0,0.0,0,0,0,0.0,0,0,0,0,52,6,85
"May 02, 2025","=""369323377946560""",B2B - N.Keyword.Store.SB.UPS.StoreSpotlight,,250,DAILY_BUDGET,ENABLED,USD,211,1,3.78,0.0,0,0,0,0.0,0,2,0,0,0,0,133
"Jun 18, 2025","=""353873361287335""",B2B - B.Keyword.Store.SB.UPS.StoreSpotlight,,250,DAILY_BUDGET,ENABLED,USD,207,0,0.0,0.0,0,0,0,0.0,0,0,0,0,0,0,92
"Jun 26, 2025","=""249902179030051""",N.Keyword.Video.SB.UPS.Surge.CSP,,250,DAILY_BUDGET,PAUSED,USD,999,15,10.91,80.72,1,4,0,0.0,0,31,0,2,111,19,227
"May 03, 2025","=""112828660396406""",N.Keyword.Video.SB.UPS.SmartAppSinewave.OLHD,,250,DAILY_BUDGET,PAUSED,USD,230,0,0.0,0.0,0,0,0,0.0,0,0,0,0,21,2,35
"May 07, 2025","=""209147373785811""",N.Keyword.Video.SB.UPS.PFCSinewave.CPPFC(1),,250,DAILY_BUDGET,PAUSED,USD,1728,7,13.73,439.9,2,2,1,219.95,1,18,0,3,106,18,260
"Jul 27, 2025","=""425328024590643""",C.Keyword.Products.SB.UPS.1500units,,250,DAILY_BUDGET,ENABLED,USD,1446,1,9.48,0.0,0,0,0,0.0,0,4,0,1,0,0,393
"May 14, 2025","=""353873361287335""",B2B - B.Keyword.Store.SB.UPS.StoreSpotlight,,250,DAILY_BUDGET,ENABLED,USD,128,0,0.0,0.0,0,0,0,0.0,0,0,0,0,0,0,71
"Jun 26, 2025","=""84817009251939""",C.Keyword.Video.SB.PFCSinewave.CP1500PFCRM2U.B0B354X985,,250,DAILY_BUDGET,ENABLED,USD,26779,155,270.44,3796.68,7,11,4,1279.98,5,329,0,18,2205,193,4780
"Jul 15, 2025","=""452338404496050""",B.SB.Products.SB.UPS.PFC,,250,DAILY_BUDGET,PAUSED,USD,115097,241,991.78,1104.46,4,5,4,1104.46,5,232,0,12,0,0,27683
"Jun 26, 2025","=""516203922618177""",N.Keyword.Store.SB.UPS.StoreSpotlight,,250,DAILY_BUDGET,ENABLED,USD,141997,393,1248.64,3823.9,15,21,11,2224.3,13,512,0,48,0,0,42460
"Jul 21, 2025","=""327967099369911""",N.Keyword.Products.SB.UPS.1500units,,250,DAILY_BUDGET,PAUSED,USD,8454,19,38.13,489.85,3,3,2,369.9,2,68,0,4,0,0,2013
"Jul 05, 2025","=""450441693358033""",B2B - B.Keyword.Products.SB.UPS.1500units,,250,DAILY_BUDGET,ENABLED,USD,366,1,6.04,179.95,1,1,1,179.95,1,4,0,1,0,0,48
"May 23, 2025","=""288898439745613""",B2B - N.Keyword.Products.SB.UPS.1500units,,250,DAILY_BUDGET,ENABLED,USD,7953,22,219.22,524.9,2,2,1,334.95,1,51,0,5,0,0,3207
"May 17, 2025","=""369323377946560""",B2B - N.Keyword.Store.SB.UPS.StoreSpotlight,,250,DAILY_BUDGET,ENABLED,USD,162,1,1.29,0.0,0,0,0,0.0,0,0,0,0,0,0,67
"Jul 29, 2025","=""367333782614376""",N.SB.Products.SB.UPS.PFCRM,,250,DAILY_BUDGET,PAUSED,USD,65954,115,388.03,1008.75,5,5,4,788.8,4,152,0,18,0,0,12996
"Jul 28, 2025","=""353873361287335""",B2B - B.Keyword.Store.SB.UPS.StoreSpotlight,,250,DAILY_BUDGET,ENABLED,USD,195,7,25.71,1686.65,3,3,1,358.85,1,11,0,4,0,0,93
"Jul 29, 2025","=""369323377946560""",B2B - N.Keyword.Store.SB.UPS.StoreSpotlight,,250,DAILY_BUDGET,ENABLED,USD,1770,11,86.54,1461.55,6,7,4,926.75,5,17,0,9,0,0,789
"May 27, 2025","=""209147373785811""",N.Keyword.Video.SB.UPS.PFCSinewave.CPPFC(1),,250,DAILY_BUDGET,PAUSED,USD,1290,5,5.95,700.95,1,1,1,700.95,1,9,0,4,103,24,194
"Aug 04, 2025","=""300358990869228""",B.Keyword.Store.SB.UPS.StoreSpotlight,,250,DAILY_BUDGET,ENABLED,USD,145,0,1.15,0.0,0,0,0,0.0,0,2,1,0,0,0,100
"May 12, 2025","=""400654489506156""",B.Keyword.Products.SB.UPS.BestSellers,,250,DAILY_BUDGET,PAUSED,USD,1802,2,6.21,189.95,1,1,1,189.95,1,4,0,1,0,0,581
"Jun 23, 2025","=""501138070676838""",N.SB.Products.SB.UPS.AVR,,250,DAILY_BUDGET,PAUSED,USD,35544,100,168.04,1395.47,8,8,8,1395.47,8,170,0,12,0,0,6553
"May 17, 2025","=""516203922618177""",N.Keyword.Store.SB.UPS.StoreSpotlight,,250,DAILY_BUDGET,ENABLED,USD,9814,61,94.31,649.75,4,4,4,649.75,4,116,0,11,0,0,3110
"Jul 05, 2025","=""249902179030051""",N.Keyword.Video.SB.UPS.Surge.CSP,,250,DAILY_BUDGET,PAUSED,USD,0,0,0.0,0.0,0,0,0,0.0,0,0,0,0,0,0,0
"Jul 25, 2025","=""400654489506156""",B.Keyword.Products.SB.UPS.BestSellers,,250,DAILY_BUDGET,PAUSED,USD,57342,63,600.75,1272.32,8,10,8,1272.32,10,223,0,16,0,0,18393
"Jul 20, 2025","=""369323377946560""",B2B - N.Keyword.Store.SB.UPS.StoreSpotlight,,250,DAILY_BUDGET,ENABLED,USD,295,0,0.0,0.0,0,0,0,0.0,0,0,0,0,0,0,130
"Jul 29, 2025","=""533624646611887""",C.Keyword.Store.SB.UPS.StoreSpotlight,,250,DAILY_BUDGET,PAUSED,USD,16630,65,658.03,484.8,4,4,3,364.85,3,63,0,13,0,0,8013
"Jun 10, 2025","=""300358990869228""",B.Keyword.Store.SB.UPS.StoreSpotlight,,250,DAILY_BUDGET,ENABLED,USD,1730,21,105.46,8552.79,51,89,40,6795.02,76,426,0,75,0,0,1460
"May 13, 2025","=""288898439745613""",B2B - N.Keyword.Products.SB.UPS.1500units,,250,DAILY_BUDGET,ENABLED,USD,13043,37,345.19,1706.55,8,9,6,1344.7,6,61,0,12,0,0,5307
"Jul 12, 2025","=""533624646611887""",C.Keyword.Store.SB.UPS.StoreSpotlight,,250,DAILY_BUDGET,PAUSED,USD,7564,38,228.18,482.28,4,4,4,482.28,4,41,0,6,0,0,3301
"Jun 19, 2025","=""112828660396406""",N.Keyword.Video.SB.UPS.SmartAppSinewave.OLHD,,250,DAILY_BUDGET,PAUSED,USD,959,0,0.0,0.0,0,0,0,0.0,0,0,0,0,67,5,130
"Aug 04, 2025","=""369323377946560""",B2B - N.Keyword.Store.SB.UPS.StoreSpotlight,,250,DAILY_BUDGET,ENABLED,USD,1571,8,49.13,949.84,4,8,2,264.94,2,11,0,6,0,0,782
"Aug 05, 2025","=""516203922618177""",N.Keyword.Store.SB.UPS.StoreSpotlight,,250,DAILY_BUDGET,ENABLED,USD,1129,3,9.87,0.0,0,0,0,0.0,0,6,2,2,0,0,369
"Aug 07, 2025","=""533624646611887""",C.Keyword.Store.SB.UPS.StoreSpotlight,,250,DAILY_BUDGET,PAUSED,USD,3430,7,15.8,0.0,0,0,0,0.0,0,1,7,1,0,0,756
"Aug 28, 2025","=""452338404496050""",B.SB.Products.SB.UPS.PFC,,250,DAILY_BUDGET,PAUSED,USD,6515,34,376.63,2264.5,8,10,6,1929.6,8,86,33,11,0,0,2348
"Jul 08, 2025","=""533624646611887""",C.Keyword.Store.SB.UPS.StoreSpotlight,,250,DAILY_BUDGET,PAUSED,USD,20153,123,1151.61,1159.6,7,8,6,1039.65,7,166,0,13,0,0,10684
"Jul 10, 2025","=""112828660396406""",N.Keyword.Video.SB.UPS.SmartAppSinewave.OLHD,,250,DAILY_BUDGET,PAUSED,USD,0,0,0.0,0.0,0,0,0,0.0,0,0,0,0,0,0,0
"Jun 24, 2025","=""450441693358033""",B2B - B.Keyword.Products.SB.UPS.1500units,,250,DAILY_BUDGET,ENABLED,USD,1597,9,23.91,1045.8,4,4,1,199.95,1,32,0,7,0,0,243
"Jun 06, 2025","=""38757712528936""",B.Keyword.Video.SB.UPS.PFCSinewave.CPPFC(1),,250,DAILY_BUDGET,PAUSED,USD,1403,16,52.42,239.23,1,1,1,239.23,1,35,0,2,186,54,329
"May 30, 2025","=""112828660396406""",N.Keyword.Video.SB.UPS.SmartAppSinewave.OLHD,,250,DAILY_BUDGET,PAUSED,USD,680,2,3.25,0.0,0,0,0,0.0,0,8,0,0,37,3,84
"Aug 12, 2025","=""425328024590643""",C.Keyword.Products.SB.UPS.1500units,,250,DAILY_BUDGET,ENABLED,USD,1006,3,4.17,0.0,0,0,0,0.0,0,3,1,0,0,0,315
"Jun 24, 2025","=""456008348744441""",N.SB.Products.SB.UPS.PFC,,250,DAILY_BUDGET,PAUSED,USD,82631,222,579.26,1375.83,4,4,4,1375.83,4,285,0,15,0,0,20735
"Aug 25, 2025","=""425328024590643""",C.Keyword.Products.SB.UPS.1500units,,250,DAILY_BUDGET,ENABLED,USD,1334,4,9.4,0.0,0,0,0,0.0,0,6,1,0,0,0,406
"May 30, 2025","=""369323377946560""",B2B - N.Keyword.Store.SB.UPS.StoreSpotlight,,250,DAILY_BUDGET,ENABLED,USD,398,1,1.29,0.0,0,0,0,0.0,0,0,0,0,0,0,216
"May 16, 2025","=""327967099369911""",N.Keyword.Products.SB.UPS.1500units,,250,DAILY_BUDGET,PAUSED,USD,207312,301,1917.62,2219.3,11,13,10,2029.35,12,289,5,21,0,0,72323
"May 19, 2025","=""85546644235770""",C.Keyword.Video.SB.UPS.IntelligentLCD.CPAVR3,,250,DAILY_BUDGET,PAUSED,USD,8215,74,129.11,939.7,4,6,3,819.75,5,144,0,11,822,58,1579
"Jun 09, 2025","=""369323377946560""",B2B - N.Keyword.Store.SB.UPS.StoreSpotlight,,250,DAILY_BUDGET,ENABLED,USD,17666,52,150.69,691.73,4,6,2,212.9,2,63,0,10,0,0,5199
"Aug 27, 2025","=""369323377946560""",B2B - N.Keyword.Store.SB.UPS.StoreSpotlight,,250,DAILY_BUDGET,ENABLED,USD,5166,18,315.41,479.9,2,2,1,359.95,1,10,23,2,0,0,2007
"Jun 21, 2025","=""249902179030051""",N.Keyword.Video.SB.UPS.Surge.CSP,,250,DAILY_BUDGET,PAUSED,USD,1288,22,17.48,0.0,0,0,0,0.0,0,31,0,1,130,17,252
"Jul 18, 2025","=""349078398145277""",N.SB.Products.SB.UPS.Eco,,250,DAILY_BUDGET,PAUSED,USD,52007,144,274.58,642.34,7,9,5,466.44,7,133,0,14,0,0,11596
"Jun 29, 2025","=""85546644235770""",C.Keyword.Video.SB.UPS.IntelligentLCD.CPAVR3,,250,DAILY_BUDGET,PAUSED,USD,2508,25,29.1,375.9,2,2,2,375.9,2,54,0,5,216,15,439
"Jul 07, 2025","=""327967099369911""",N.Keyword.Products.SB.UPS.1500units,,250,DAILY_BUDGET,PAUSED,USD,203751,429,2958.3,2458.78,15,15,13,2316.17,13,512,0,44,0,0,63411
"Aug 03, 2025","=""288898439745613""",B2B - N.Keyword.Products.SB.UPS.1500units,,250,DAILY_BUDGET,ENABLED,USD,1535,6,38.77,740.95,1,1,1,740.95,1,9,0,1,0,0,461
"Aug 02, 2025","=""349078398145277""",N.SB.Products.SB.UPS.Eco,,250,DAILY_BUDGET,PAUSED,USD,53982,165,381.06,936.55,9,9,7,719.65,7,205,4,17,0,0,12596
"May 06, 2025","=""369323377946560""",B2B - N.Keyword.Store.SB.UPS.StoreSpotlight,,250,DAILY_BUDGET,ENABLED,USD,194,1,1.23,0.0,0,0,0,0.0,0,6,0,0,0,0,105
"Aug 24, 2025","=""293529288726869""",B.Keyword.Video.SB.UPS.PFCSinewave.CP1500PFCLCD.B00429N19W,,250,DAILY_BUDGET,ENABLED,USD,785,9,92.64,0.0,0,0,0,0.0,0,14,8,1,189,62,251
"Jun 29, 2025","=""353873361287335""",B2B - B.Keyword.Store.SB.UPS.StoreSpotlight,,250,DAILY_BUDGET,ENABLED,USD,40,0,0.0,0.0,0,0,0,0.0,0,0,0,0,0,0,11
"Jul 04, 2025","=""349078398145277""",N.SB.Products.SB.UPS.Eco,,250,DAILY_BUDGET,PAUSED,USD,130469,253,781.19,239.9,2,2,2,239.9,2,202,0,11,0,0,37130
"Jul 23, 2025","=""288898439745613""",B2B - N.Keyword.Products.SB.UPS.1500units,,250,DAILY_BUDGET,ENABLED,USD,4888,11,60.56,289.9,2,2,0,0.0,0,12,0,2,0,0,1292
"May 23, 2025","=""60249080858733""",C.Keyword.Video.SB.UPS.PFCSinewave.CPPFC(1),,250,DAILY_BUDGET,PAUSED,USD,111,0,0.0,0.0,0,0,0,0.0,0,0,0,0,6,2,11
"Aug 15, 2025","=""450441693358033""",B2B - B.Keyword.Products.SB.UPS.1500units,,250,DAILY_BUDGET,ENABLED,USD,814,1,8.31,0.0,0,0,0,0.0,0,1,0,0,0,0,93
"Jun 11, 2025","=""249902179030051""",N.Keyword.Video.SB.UPS.Surge.CSP,,250,DAILY_BUDGET,PAUSED,USD,1300,31,21.71,20.18,1,1,1,20.18,1,40,0,3,99,14,226
"May 29, 2025","=""84817009251939""",C.Keyword.Video.SB.PFCSinewave.CP1500PFCRM2U.B0B354X985,,250,DAILY_BUDGET,ENABLED,USD,11656,71,116.43,2203.65,7,7,4,1414.8,4,161,0,14,991,76,2027
"Jul 31, 2025","=""501364882562485""",C.Keyword.Video.SB.UPS.IntelligentLCD.CP1500AVRLCD3.B0BCMLLSHL,,250,DAILY_BUDGET,ENABLED,USD,992,2,27.34,0.0,0,0,0,0.0,0,3,0,0,193,30,242
"Jun 29, 2025","=""288898439745613""",B2B - N.Keyword.Products.SB.UPS.1500units,,250,DAILY_BUDGET,ENABLED,USD,3249,13,68.9,729.78,2,4,1,129.88,2,30,0,2,0,0,1162
"Jun 15, 2025","=""85546644235770""",C.Keyword.Video.SB.UPS.IntelligentLCD.CPAVR3,,250,DAILY_BUDGET,PAUSED,USD,5931,57,89.82,0.0,0,0,0,0.0,0,99,0,3,703,82,1315
"Aug 17, 2025","=""367333782614376""",N.SB.Products.SB.UPS.PFCRM,,250,DAILY_BUDGET,PAUSED,USD,28342,88,254.28,0.0,0,0,0,0.0,0,123,81,6,0,0,6332
"Aug 10, 2025","=""353873361287335""",B2B - B.Keyword.Store.SB.UPS.StoreSpotlight,,250,DAILY_BUDGET,ENABLED,USD,69,2,78.0,179.9,2,2,1,119.95,1,3,7,1,0,0,35
"May 18, 2025","=""425328024590643""",C.Keyword.Products.SB.UPS.1500units,,250,DAILY_BUDGET,ENABLED,USD,8665,34,208.7,679.8,3,4,3,679.8,4,57,0,5,0,0,3513
"Aug 14, 2025","=""425328024590643""",C.Keyword.Products.SB.UPS.1500units,,250,DAILY_BUDGET,ENABLED,USD,951,2,2.82,0.0,0,0,0,0.0,0,1,1,0,0,0,336
"May 21, 2025","=""74868404430193""",N.Keyword.Video.SB.UPS.SmartAppLCD.OR.OR500LCRM1U,,250,DAILY_BUDGET,PAUSED,USD,789,2,1.45,299.95,1,1,0,0.0,0,4,0,1,48,7,116
"Jun 16, 2025","=""85546644235770""",C.Keyword.Video.SB.UPS.IntelligentLCD.CPAVR3,,250,DAILY_BUDGET,PAUSED,USD,8335,72,124.86,1164.7,6,6,5,964.75,5,124,0,13,955,93,1818
"Jul 27, 2025","=""490434522578484""",C.Keyword.Video.SB.UPS.PFCSinewave.CP1500PFCLCD.B00429N19W,,250,DAILY_BUDGET,ENABLED,USD,695,2,24.6,0.0,0,0,0,0.0,0,1,0,0,88,24,147
"Jun 15, 2025","=""84817009251939""",C.Keyword.Video.SB.PFCSinewave.CP1500PFCRM2U.B0B354X985,,250,DAILY_BUDGET,ENABLED,USD,15703,81,147.16,2251.8,4,4,3,1891.85,3,221,0,4,1299,103,2738
"Jul 24, 2025","=""293529288726869""",B.Keyword.Video.SB.UPS.PFCSinewave.CP1500PFCLCD.B00429N19W,,250,DAILY_BUDGET,ENABLED,USD,627,7,15.31,0.0,0,0,0,0.0,0,6,0,1,116,46,147
"Jul 10, 2025","=""209147373785811""",N.Keyword.Video.SB.UPS.PFCSinewave.CPPFC(1),,250,DAILY_BUDGET,PAUSED,USD,0,0,0.0,0.0,0,0,0,0.0,0,0,0,0,0,0,0
"Jun 28, 2025","=""209147373785811""",N.Keyword.Video.SB.UPS.PFCSinewave.CPPFC(1),,250,DAILY_BUDGET,PAUSED,USD,54724,201,2711.21,719.65,3,3,2,479.9,2,286,0,10,8458,2919,13301
"Aug 26, 2025","=""335733425531216""",N.Keyword.Video.SB.UPS.PFCSinewave.CP1500PFCLCD.B00429N19W,,250,DAILY_BUDGET,ENABLED,USD,4954,35,126.48,1159.8,4,4,3,799.85,3,55,16,5,873,294,1261
"May 19, 2025","=""84817009251939""",C.Keyword.Video.SB.PFCSinewave.CP1500PFCRM2U.B0B354X985,,250,DAILY_BUDGET,ENABLED,USD,10621,68,102.4,1124.8,4,4,3,1004.85,3,145,0,7,791,54,1635
"Jul 20, 2025","=""327967099369911""",N.Keyword.Products.SB.UPS.1500units,,250,DAILY_BUDGET,PAUSED,USD,6861,18,36.82,0.0,0,0,0,0.0,0,33,0,1,0,0,1197
"Jul 13, 2025","=""450441693358033""",B2B - B.Keyword.Products.SB.UPS.1500units,,250,DAILY_BUDGET,ENABLED,USD,407,0,0.0,0.0,0,0,0,0.0,0,2,0,0,0,0,35
"Jul 28, 2025","=""400654489506156""",B.Keyword.Products.SB.UPS.BestSellers,,250,DAILY_BUDGET,PAUSED,USD,65576,72,675.55,943.65,5,7,5,943.65,7,107,0,9,0,0,21304
"Jul 14, 2025","=""367333782614376""",N.SB.Products.SB.UPS.PFCRM,,250,DAILY_BUDGET,PAUSED,USD,28450,48,75.95,772.87,4,4,3,502.56,3,100,0,11,0,0,3637
"Jul 18, 2025","=""327967099369911""",N.Keyword.Products.SB.UPS.1500units,,250,DAILY_BUDGET,PAUSED,USD,6225,19,38.32,0.0,0,0,0,0.0,0,30,0,0,0,0,1073
"Aug 16, 2025","=""452338404496050""",B.SB.Products.SB.UPS.PFC,,250,DAILY_BUDGET,PAUSED,USD,6313,35,369.55,1291.83,5,5,4,1091.88,4,64,23,10,0,0,2340
"Aug 14, 2025","=""300358990869228""",B.Keyword.Store.SB.UPS.StoreSpotlight,,250,DAILY_BUDGET,ENABLED,USD,260,0,2.13,248.83,2,2,2,248.83,2,12,0,2,0,0,186
"May 05, 2025","=""450441693358033""",B2B - B.Keyword.Products.SB.UPS.1500units,,250,DAILY_BUDGET,ENABLED,USD,1618,5,11.1,349.01,2,2,2,349.01,2,11,0,2,0,0,306
"May 05, 2025","=""288898439745613""",B2B - N.Keyword.Products.SB.UPS.1500units,,250,DAILY_BUDGET,ENABLED,USD,15498,32,321.27,4592.9,10,22,2,1289.7,6,102,0,14,0,0,5988
"Aug 25, 2025","=""456008348744441""",N.SB.Products.SB.UPS.PFC,,250,DAILY_BUDGET,PAUSED,USD,62253,57,203.51,0.0,0,0,0,0.0,0,52,53,1,0,0,18477
"Jul 21, 2025","=""335733425531216""",N.Keyword.Video.SB.UPS.PFCSinewave.CP1500PFCLCD.B00429N19W,,250,DAILY_BUDGET,ENABLED,USD,13147,110,492.03,1059.75,5,5,3,719.85,3,169,0,10,2934,999,3765
"Jun 28, 2025","=""516203922618177""",N.Keyword.Store.SB.UPS.StoreSpotlight,,250,DAILY_BUDGET,ENABLED,USD,8076,15,32.36,0.0,0,0,0,0.0,0,15,0,0,0,0,998
"Aug 13, 2025","=""452338404496050""",B.SB.Products.SB.UPS.PFC,,250,DAILY_BUDGET,PAUSED,USD,7400,31,258.17,659.85,3,3,3,659.85,3,71,29,39,0,0,2568
"May 25, 2025","=""327967099369911""",N.Keyword.Products.SB.UPS.1500units,,250,DAILY_BUDGET,PAUSED,USD,103072,179,926.25,1249.65,7,7,5,809.75,5,270,0,17,0,0,36889
"May 18, 2025","=""288898439745613""",B2B - N.Keyword.Products.SB.UPS.1500units,,250,DAILY_BUDGET,ENABLED,USD,6571,16,129.0,219.95,1,1,1,219.95,1,37,0,2,0,0,2861
"Jun 23, 2025","=""300358990869228""",B.Keyword.Store.SB.UPS.StoreSpotlight,,250,DAILY_BUDGET,ENABLED,USD,711,7,18.01,3007.17,15,19,12,1775.49,15,161,0,23,0,0,522
"Jul 18, 2025","=""293529288726869""",B.Keyword.Video.SB.UPS.PFCSinewave.CP1500PFCLCD.B00429N19W,,250,DAILY_BUDGET,ENABLED,USD,495,5,14.95,239.95,1,1,0,0.0,0,15,0,1,112,40,146
"Aug 19, 2025","=""367333782614376""",N.SB.Products.SB.UPS.PFCRM,,250,DAILY_BUDGET,PAUSED,USD,56290,122,349.7,3970.5,8,10,6,2530.7,6,153,121,13,0,0,11203
"Jun 18, 2025","=""516203922618177""",N.Keyword.Store.SB.UPS.StoreSpotlight,,250,DAILY_BUDGET,ENABLED,USD,10380,27,44.84,434.07,2,2,1,234.12,1,68,0,5,0,0,1678
"Jun 11, 2025","=""74868404430193""",N.Keyword.Video.SB.UPS.SmartAppLCD.OR.OR500LCRM1U,,250,DAILY_BUDGET,PAUSED,USD,1001,3,2.47,219.33,1,1,1,219.33,1,5,0,2,62,10,147
"May 17, 2025","=""327967099369911""",N.Keyword.Products.SB.UPS.1500units,,250,DAILY_BUDGET,PAUSED,USD,149568,257,1514.16,1944.45,12,12,10,1559.55,10,372,3,23,0,0,52956
"May 09, 2025","=""400654489506156""",B.Keyword.Products.SB.UPS.BestSellers,,250,DAILY_BUDGET,PAUSED,USD,1693,1,2.15,0.0,0,0,0,0.0,0,1,0,0,0,0,573
"Aug 10, 2025","=""369323377946560""",B2B - N.Keyword.Store.SB.UPS.StoreSpotlight,,250,DAILY_BUDGET,ENABLED,USD,670,4,31.25,479.9,2,2,2,479.9,2,4,4,2,0,0,334
"Jun 30, 2025","=""38757712528936""",B.Keyword.Video.SB.UPS.PFCSinewave.CPPFC(1),,250,DAILY_BUDGET,PAUSED,USD,1159,8,41.27,0.0,0,0,0,0.0,0,14,0,0,140,45,244
"Aug 19, 2025","=""501364882562485""",C.Keyword.Video.SB.UPS.IntelligentLCD.CP1500AVRLCD3.B0BCMLLSHL,,250,DAILY_BUDGET,ENABLED,USD,1200,4,76.49,0.0,0,0,0,0.0,0,4,0,0,165,32,248
"Aug 24, 2025","=""349078398145277""",N.SB.Products.SB.UPS.Eco,,250,DAILY_BUDGET,PAUSED,USD,46705,215,456.51,1159.5,9,10,8,1039.55,9,294,180,21,0,0,11408
"Jul 23, 2025","=""504590116611528""",C.Keyword.Video.SB.PFCSinewave.CP1500PFCRM2U.B0B354X985_v2,,250,DAILY_BUDGET,PAUSED,USD,0,0,0.0,0.0,0,0,0,0.0,0,0,0,0,0,0,0
"Jun 25, 2025","=""288898439745613""",B2B - N.Keyword.Products.SB.UPS.1500units,,250,DAILY_BUDGET,ENABLED,USD,7952,26,126.7,979.8,3,4,1,599.9,2,54,0,7,0,0,2857
"Aug 11, 2025","=""425328024590643""",C.Keyword.Products.SB.UPS.1500units,,250,DAILY_BUDGET,ENABLED,USD,1024,0,0.0,0.0,0,0,0,0.0,0,0,0,0,0,0,264
"Aug 23, 2025","=""533624646611887""",C.Keyword.Store.SB.UPS.StoreSpotlight,,250,DAILY_BUDGET,PAUSED,USD,11425,64,880.38,595.8,4,4,4,595.8,4,70,70,4,0,0,5687
"Jul 06, 2025","=""452338404496050""",B.SB.Products.SB.UPS.PFC,,250,DAILY_BUDGET,PAUSED,USD,41403,71,364.22,1678.15,8,8,7,1498.2,7,117,0,10,0,0,9698
"Jul 07, 2025","=""353873361287335""",B2B - B.Keyword.Store.SB.UPS.StoreSpotlight,,250,DAILY_BUDGET,ENABLED,USD,99,0,0.0,0.0,0,0,0,0.0,0,0,0,0,0,0,57
"Jul 23, 2025","=""501364882562485""",C.Keyword.Video.SB.UPS.IntelligentLCD.CP1500AVRLCD3.B0BCMLLSHL,,250,DAILY_BUDGET,ENABLED,USD,1028,1,33.17,0.0,0,0,0,0.0,0,0,0,0,191,24,235
"May 19, 2025","=""369323377946560""",B2B - N.Keyword.Store.SB.UPS.StoreSpotlight,,250,DAILY_BUDGET,ENABLED,USD,372,4,7.46,0.0,0,0,0,0.0,0,6,0,0,0,0,175
"Aug 03, 2025","=""533624646611887""",C.Keyword.Store.SB.UPS.StoreSpotlight,,250,DAILY_BUDGET,PAUSED,USD,11737,58,600.88,1327.43,9,9,9,1327.43,9,95,0,12,0,0,5837
"Jul 27, 2025","=""367333782614376""",N.SB.Products.SB.UPS.PFCRM,,250,DAILY_BUDGET,PAUSED,USD,80083,110,351.42,2185.79,5,5,4,1715.84,4,107,0,9,0,0,15288
"Aug 25, 2025","=""293529288726869""",B.Keyword.Video.SB.UPS.PFCSinewave.CP1500PFCLCD.B00429N19W,,250,DAILY_BUDGET,ENABLED,USD,823,11,227.16,0.0,0,0,0,0.0,0,9,7,1,158,62,218
"Jul 07, 2025","=""452338404496050""",B.SB.Products.SB.UPS.PFC,,250,DAILY_BUDGET,PAUSED,USD,80139,137,614.05,286.32,2,2,1,47.72,1,82,0,8,0,0,20080
"Jun 25, 2025","=""516203922618177""",N.Keyword.Store.SB.UPS.StoreSpotlight,,250,DAILY_BUDGET,ENABLED,USD,112047,276,829.52,2694.95,18,21,15,2355.1,18,364,0,30,0,0,31971
"May 25, 2025","=""400654489506156""",B.Keyword.Products.SB.UPS.BestSellers,,250,DAILY_BUDGET,PAUSED,USD,1045,0,0.0,0.0,0,0,0,0.0,0,0,0,0,0,0,294
"May 10, 2025","=""112828660396406""",N.Keyword.Video.SB.UPS.SmartAppSinewave.OLHD,,250,DAILY_BUDGET,PAUSED,USD,369,0,0.0,0.0,0,0,0,0.0,0,1,0,0,25,2,59
"May 23, 2025","=""300358990869228""",B.Keyword.Store.SB.UPS.StoreSpotlight,,250,DAILY_BUDGET,ENABLED,USD,1321,23,114.33,4846.4,30,33,22,3579.07,24,284,0,39,0,0,1067
"May 24, 2025","=""369323377946560""",B2B - N.Keyword.Store.SB.UPS.StoreSpotlight,,250,DAILY_BUDGET,ENABLED,USD,194,0,0.0,0.0,0,0,0,0.0,0,0,0,0,0,0,84
"Jul 14, 2025","=""300358990869228""",B.Keyword.Store.SB.UPS.StoreSpotlight,,250,DAILY_BUDGET,ENABLED,USD,481,2,4.94,179.9,2,2,1,59.95,1,12,0,2,0,0,370
"Jul 29, 2025","=""425328024590643""",C.Keyword.Products.SB.UPS.1500units,,250,DAILY_BUDGET,ENABLED,USD,1898,2,4.39,0.0,0,0,0,0.0,0,2,0,0,0,0,542
"Jul 09, 2025","=""74868404430193""",N.Keyword.Video.SB.UPS.SmartAppLCD.OR.OR500LCRM1U,,250,DAILY_BUDGET,PAUSED,USD,0,0,0.0,0.0,0,0,0,0.0,0,0,0,0,0,0,0
"Jul 08, 2025","=""400654489506156""",B.Keyword.Products.SB.UPS.BestSellers,,250,DAILY_BUDGET,PAUSED,USD,172795,184,1919.35,2505.71,16,17,14,2305.81,15,314,0,32,0,0,58272
"May 30, 2025","=""425328024590643""",C.Keyword.Products.SB.UPS.1500units,,250,DAILY_BUDGET,ENABLED,USD,0,0,0.0,0.0,0,0,0,0.0,0,0,0,0,0,0,0
"Aug 02, 2025","=""425328024590643""",C.Keyword.Products.SB.UPS.1500units,,250,DAILY_BUDGET,ENABLED,USD,1198,0,0.0,0.0,0,0,0,0.0,0,0,0,0,0,0,306
"May 23, 2025","=""369323377946560""",B2B - N.Keyword.Store.SB.UPS.StoreSpotlight,,250,DAILY_BUDGET,ENABLED,USD,257,1,2.01,0.0,0,0,0,0.0,0,1,0,0,0,0,109
"Aug 10, 2025","=""327967099369911""",N.Keyword.Products.SB.UPS.1500units,,250,DAILY_BUDGET,PAUSED,USD,11328,11,20.39,164.95,1,1,0,0.0,0,25,14,3,0,0,1711
"May 25, 2025","=""38757712528936""",B.Keyword.Video.SB.UPS.PFCSinewave.CPPFC(1),,250,DAILY_BUDGET,PAUSED,USD,1278,12,14.77,0.0,0,0,0,0.0,0,18,0,0,144,32,251
"Jun 27, 2025","=""74868404430193""",N.Keyword.Video.SB.UPS.SmartAppLCD.OR.OR500LCRM1U,,250,DAILY_BUDGET,PAUSED,USD,1116,8,7.94,0.0,0,0,0,0.0,0,13,0,3,71,11,159
"Jul 27, 2025","=""327967099369911""",N.Keyword.Products.SB.UPS.1500units,,250,DAILY_BUDGET,PAUSED,USD,3784,14,15.79,0.0,0,0,0,0.0,0,12,0,0,0,0,793
"May 17, 2025","=""288898439745613""",B2B - N.Keyword.Products.SB.UPS.1500units,,250,DAILY_BUDGET,ENABLED,USD,6166,14,93.2,2926.7,5,6,4,2736.75,5,29,1,6,0,0,2585
"Aug 22, 2025","=""349078398145277""",N.SB.Products.SB.UPS.Eco,,250,DAILY_BUDGET,PAUSED,USD,40677,167,393.07,992.55,8,9,6,793.65,7,257,138,28,0,0,10034
"Jul 30, 2025","=""353873361287335""",B2B - B.Keyword.Store.SB.UPS.StoreSpotlight,,250,DAILY_BUDGET,ENABLED,USD,187,3,6.69,0.0,0,0,0,0.0,0,4,0,0,0,0,99
"Jun 06, 2025","=""85546644235770""",C.Keyword.Video.SB.UPS.IntelligentLCD.CPAVR3,,250,DAILY_BUDGET,PAUSED,USD,6484,71,113.35,1265.65,6,7,3,575.85,3,151,0,11,703,66,1357
"Aug 25, 2025","=""367333782614376""",N.SB.Products.SB.UPS.PFCRM,,250,DAILY_BUDGET,PAUSED,USD,52499,145,412.91,1059.8,4,4,4,1059.8,4,225,135,15,0,0,10707
"Jul 14, 2025","=""452338404496050""",B.SB.Products.SB.UPS.PFC,,250,DAILY_BUDGET,PAUSED,USD,98787,241,983.54,3414.0,14,20,9,2449.45,11,299,0,31,0,0,23180
"Jul 21, 2025","=""353873361287335""",B2B - B.Keyword.Store.SB.UPS.StoreSpotlight,,250,DAILY_BUDGET,ENABLED,USD,246,6,14.03,1508.75,5,5,0,0.0,0,20,0,5,0,0,134
"May 09, 2025","=""38757712528936""",B.Keyword.Video.SB.UPS.PFCSinewave.CPPFC(1),,250,DAILY_BUDGET,PAUSED,USD,1449,6,25.75,0.0,0,0,0,0.0,0,14,0,2,149,37,242
"Jun 03, 2025","=""300358990869228""",B.Keyword.Store.SB.UPS.StoreSpotlight,,250,DAILY_BUDGET,ENABLED,USD,1775,25,124.92,7369.06,47,56,38,5673.08,44,342,0,68,0,0,1518
"May 27, 2025","=""85546644235770""",C.Keyword.Video.SB.UPS.IntelligentLCD.CPAVR3,,250,DAILY_BUDGET,PAUSED,USD,8689,81,124.99,1856.5,8,10,6,1286.65,7,182,0,19,1078,97,1944
"Jul 01, 2025","=""209147373785811""",N.Keyword.Video.SB.UPS.PFCSinewave.CPPFC(1),,250,DAILY_BUDGET,PAUSED,USD,33202,161,2479.5,919.8,4,4,2,439.9,2,237,0,58,5550,1884,8305
"May 14, 2025","=""209147373785811""",N.Keyword.Video.SB.UPS.PFCSinewave.CPPFC(1),,250,DAILY_BUDGET,PAUSED,USD,1227,11,20.82,164.95,1,1,1,164.95,1,24,0,2,109,19,193
"May 04, 2025","=""288898439745613""",B2B - N.Keyword.Products.SB.UPS.1500units,,250,DAILY_BUDGET,ENABLED,USD,9055,12,120.94,0.0,0,0,0,0.0,0,11,0,1,0,0,3799
"May 05, 2025","=""84817009251939""",C.Keyword.Video.SB.PFCSinewave.CP1500PFCRM2U.B0B354X985,,250,DAILY_BUDGET,ENABLED,USD,9626,49,103.41,2840.6,7,8,3,1004.85,3,104,0,12,636,41,1328
"Jul 11, 2025","=""300358990869228""",B.Keyword.Store.SB.UPS.StoreSpotlight,,250,DAILY_BUDGET,ENABLED,USD,515,4,9.51,276.4,3,3,3,276.4,3,27,0,7,0,0,405
"Jun 21, 2025","=""456008348744441""",N.SB.Products.SB.UPS.PFC,,250,DAILY_BUDGET,PAUSED,USD,27272,87,165.24,1310.7,4,4,4,1310.7,4,161,0,6,0,0,4777
"Jun 21, 2025","=""450441693358033""",B2B - B.Keyword.Products.SB.UPS.1500units,,250,DAILY_BUDGET,ENABLED,USD,409,2,6.6,0.0,0,0,0,0.0,0,5,0,0,0,0,67
"Jun 20, 2025","=""501138070676838""",N.SB.Products.SB.UPS.AVR,,250,DAILY_BUDGET,PAUSED,USD,27767,68,130.0,358.05,2,2,1,238.1,1,106,0,17,0,0,5569
"Jul 12, 2025","=""335733425531216""",N.Keyword.Video.SB.UPS.PFCSinewave.CP1500PFCLCD.B00429N19W,,250,DAILY_BUDGET,ENABLED,USD,11280,75,428.68,97.99,1,1,1,97.99,1,124,0,7,2392,914,2967
"Jul 26, 2025","=""288898439745613""",B2B - N.Keyword.Products.SB.UPS.1500units,,250,DAILY_BUDGET,ENABLED,USD,1383,0,0.0,0.0,0,0,0,0.0,0,0,0,0,0,0,425
"Aug 19, 2025","=""456008348744441""",N.SB.Products.SB.UPS.PFC,,250,DAILY_BUDGET,PAUSED,USD,65222,68,257.68,179.95,1,1,1,179.95,1,38,62,3,0,0,20457
"May 21, 2025","=""84817009251939""",C.Keyword.Video.SB.PFCSinewave.CP1500PFCRM2U.B0B354X985,,250,DAILY_BUDGET,ENABLED,USD,10534,76,107.65,7114.4,10,12,5,2406.65,7,160,0,14,835,56,1750
"Aug 11, 2025","=""369323377946560""",B2B - N.Keyword.Store.SB.UPS.StoreSpotlight,,250,DAILY_BUDGET,ENABLED,USD,4038,14,152.4,559.85,3,3,3,559.85,3,18,15,2,0,0,2233
"Aug 28, 2025","=""349078398145277""",N.SB.Products.SB.UPS.Eco,,250,DAILY_BUDGET,PAUSED,USD,31063,136,323.61,896.65,7,7,7,896.65,7,216,91,12,0,0,8272
"Jul 07, 2025","=""288898439745613""",B2B - N.Keyword.Products.SB.UPS.1500units,,250,DAILY_BUDGET,ENABLED,USD,4925,5,28.9,0.0,0,0,0,0.0,0,10,0,1,0,0,1606
"Jul 17, 2025","=""349078398145277""",N.SB.Products.SB.UPS.Eco,,250,DAILY_BUDGET,PAUSED,USD,62456,192,349.37,1052.5,9,10,9,1052.5,10,212,0,25,0,0,13278
"Jun 30, 2025","=""288898439745613""",B2B - N.Keyword.Products.SB.UPS.1500units,,250,DAILY_BUDGET,ENABLED,USD,5739,18,70.49,779.44,2,2,2,779.44,2,34,0,3,0,0,1714
"Jul 30, 2025","=""516203922618177""",N.Keyword.Store.SB.UPS.StoreSpotlight,,250,DAILY_BUDGET,ENABLED,USD,834,2,6.57,239.95,1,1,1,239.95,1,4,0,1,0,0,259
"Aug 27, 2025","=""425328024590643""",C.Keyword.Products.SB.UPS.1500units,,250,DAILY_BUDGET,ENABLED,USD,1188,1,0.85,0.0,0,0,0,0.0,0,3,1,0,0,0,336
"May 01, 2025","=""74868404430193""",N.Keyword.Video.SB.UPS.SmartAppLCD.OR.OR500LCRM1U,,250,DAILY_BUDGET,PAUSED,USD,1159,5,4.29,0.0,0,0,0,0.0,0,21,0,0,65,3,173
"Jul 01, 2025","=""74868404430193""",N.Keyword.Video.SB.UPS.SmartAppLCD.OR.OR500LCRM1U,,250,DAILY_BUDGET,PAUSED,USD,1424,9,8.38,0.0,0,0,0,0.0,0,20,0,1,77,9,184
"Jul 03, 2025","=""353873361287335""",B2B - B.Keyword.Store.SB.UPS.StoreSpotlight,,250,DAILY_BUDGET,ENABLED,USD,220,2,11.67,0.0,0,0,0,0.0,0,5,0,0,0,0,87
"May 08, 2025","=""249902179030051""",N.Keyword.Video.SB.UPS.Surge.CSP,,250,DAILY_BUDGET,PAUSED,USD,2868,40,31.88,27.48,1,1,1,27.48,1,66,0,5,230,13,525
"May 25, 2025","=""353873361287335""",B2B - B.Keyword.Store.SB.UPS.StoreSpotlight,,250,DAILY_BUDGET,ENABLED,USD,17,0,0.0,0.0,0,0,0,0.0,0,0,0,0,0,0,8
"May 31, 2025","=""353873361287335""",B2B - B.Keyword.Store.SB.UPS.StoreSpotlight,,250,DAILY_BUDGET,ENABLED,USD,12,0,0.0,0.0,0,0,0,0.0,0,0,0,0,0,0,5
"Jul 04, 2025","=""533553529526025""",N.Keyword.Video.SB.PFCSinewave.CP1500PFCRM2U.B0B354X985,,250,DAILY_BUDGET,PAUSED,USD,187,0,0.0,0.0,0,0,0,0.0,0,0,0,0,30,4,52
"May 19, 2025","=""400654489506156""",B.Keyword.Products.SB.UPS.BestSellers,,250,DAILY_BUDGET,PAUSED,USD,1489,5,22.08,189.95,1,1,1,189.95,1,3,0,1,0,0,510
"Jun 28, 2025","=""288898439745613""",B2B - N.Keyword.Products.SB.UPS.1500units,,250,DAILY_BUDGET,ENABLED,USD,2974,10,53.79,199.95,1,1,1,199.95,1,16,0,4,0,0,1035
"Jun 28, 2025","=""300358990869228""",B.Keyword.Store.SB.UPS.StoreSpotlight,,250,DAILY_BUDGET,ENABLED,USD,500,5,11.48,1022.96,4,4,4,1022.96,4,123,0,12,0,0,359
"Jul 06, 2025","=""209147373785811""",N.Keyword.Video.SB.UPS.PFCSinewave.CPPFC(1),,250,DAILY_BUDGET,PAUSED,USD,0,0,0.0,0.0,0,0,0,0.0,0,0,0,0,0,0,0
"Jun 27, 2025","=""501138070676838""",N.SB.Products.SB.UPS.AVR,,250,DAILY_BUDGET,PAUSED,USD,29342,66,141.61,869.75,5,5,4,749.8,4,120,0,8,0,0,5726
"Aug 15, 2025","=""456008348744441""",N.SB.Products.SB.UPS.PFC,,250,DAILY_BUDGET,PAUSED,USD,6805,7,14.97,0.0,0,0,0,0.0,0,15,7,0,0,0,1360
"Jul 24, 2025","=""516203922618177""",N.Keyword.Store.SB.UPS.StoreSpotlight,,250,DAILY_BUDGET,ENABLED,USD,1027,8,21.75,0.0,0,0,0,0.0,0,15,0,1,0,0,336
"Jul 23, 2025","=""293529288726869""",B.Keyword.Video.SB.UPS.PFCSinewave.CP1500PFCLCD.B00429N19W,,250,DAILY_BUDGET,ENABLED,USD,523,2,7.28,0.0,0,0,0,0.0,0,2,0,0,80,24,119
"Aug 08, 2025","=""452338404496050""",B.SB.Products.SB.UPS.PFC,,250,DAILY_BUDGET,PAUSED,USD,5000,33,356.24,1189.7,6,6,2,439.9,2,62,34,8,0,0,2104
"May 31, 2025","=""425328024590643""",C.Keyword.Products.SB.UPS.1500units,,250,DAILY_BUDGET,ENABLED,USD,0,0,0.0,0.0,0,0,0,0.0,0,0,0,0,0,0,0
"Jun 09, 2025","=""112828660396406""",N.Keyword.Video.SB.UPS.SmartAppSinewave.OLHD,,250,DAILY_BUDGET,PAUSED,USD,970,5,7.89,0.0,0,0,0,0.0,0,8,0,0,59,4,115
"Jul 17, 2025","=""533553529526025""",N.Keyword.Video.SB.PFCSinewave.CP1500PFCRM2U.B0B354X985,,250,DAILY_BUDGET,PAUSED,USD,0,0,0.0,0.0,0,0,0,0.0,0,0,0,0,0,0,0
"May 08, 2025","=""60249080858733""",C.Keyword.Video.SB.UPS.PFCSinewave.CPPFC(1),,250,DAILY_BUDGET,PAUSED,USD,37,0,0.0,0.0,0,0,0,0.0,0,0,0,0,0,0,4
"Aug 19, 2025","=""349078398145277""",N.SB.Products.SB.UPS.Eco,,250,DAILY_BUDGET,PAUSED,USD,55655,250,576.52,799.64,8,8,8,799.64,8,319,204,35,0,0,13506
"Jun 24, 2025","=""516203922618177""",N.Keyword.Store.SB.UPS.StoreSpotlight,,250,DAILY_BUDGET,ENABLED,USD,14065,37,72.26,1279.7,6,6,6,1279.7,6,77,0,7,0,0,2299
"Aug 26, 2025","=""367333782614376""",N.SB.Products.SB.UPS.PFCRM,,250,DAILY_BUDGET,PAUSED,USD,41350,142,427.73,1168.73,6,6,4,1154.74,4,212,117,12,0,0,8610
"Jun 14, 2025","=""456008348744441""",N.SB.Products.SB.UPS.PFC,,250,DAILY_BUDGET,PAUSED,USD,16706,18,31.54,0.0,0,0,0,0.0,0,26,0,0,0,0,2384
"May 10, 2025","=""327967099369911""",N.Keyword.Products.SB.UPS.1500units,,250,DAILY_BUDGET,PAUSED,USD,298131,372,3043.2,1742.7,7,8,4,563.85,4,431,0,21,0,0,100333
"Jul 25, 2025","=""501138070676838""",N.SB.Products.SB.UPS.AVR,,250,DAILY_BUDGET,PAUSED,USD,15855,16,39.72,0.0,0,0,0,0.0,0,9,0,1,0,0,1602
"May 01, 2025","=""300358990869228""",B.Keyword.Store.SB.UPS.StoreSpotlight,,250,DAILY_BUDGET,ENABLED,USD,2199,25,153.75,4747.05,34,39,23,3651.24,27,356,0,68,0,0,1965
"Jun 07, 2025","=""60249080858733""",C.Keyword.Video.SB.UPS.PFCSinewave.CPPFC(1),,250,DAILY_BUDGET,PAUSED,USD,196,0,0.0,0.0,0,0,0,0.0,0,0,0,0,12,5,18
"May 09, 2025","=""516203922618177""",N.Keyword.Store.SB.UPS.StoreSpotlight,,250,DAILY_BUDGET,ENABLED,USD,7922,29,120.08,109.95,1,1,1,109.95,1,32,0,1,0,0,2097
"Aug 15, 2025","=""452338404496050""",B.SB.Products.SB.UPS.PFC,,250,DAILY_BUDGET,PAUSED,USD,6398,46,375.76,845.7,2,6,0,0.0,0,57,36,3,0,0,2511
"Aug 22, 2025","=""353873361287335""",B2B - B.Keyword.Store.SB.UPS.StoreSpotlight,,250,DAILY_BUDGET,ENABLED,USD,202,3,10.33,954.9,3,3,1,185.0,1,28,4,7,0,0,97
"Aug 04, 2025","=""327967099369911""",N.Keyword.Products.SB.UPS.1500units,,250,DAILY_BUDGET,PAUSED,USD,4403,8,10.78,0.0,0,0,0,0.0,0,16,0,0,0,0,654
"Jun 20, 2025","=""516203922618177""",N.Keyword.Store.SB.UPS.StoreSpotlight,,250,DAILY_BUDGET,ENABLED,USD,12005,31,59.53,662.94,5,5,4,482.99,4,50,0,5,0,0,2222
"Aug 07, 2025","=""456008348744441""",N.SB.Products.SB.UPS.PFC,,250,DAILY_BUDGET,PAUSED,USD,31282,6,15.87,0.0,0,0,0,0.0,0,4,10,0,0,0,2962
"Jul 31, 2025","=""300358990869228""",B.Keyword.Store.SB.UPS.StoreSpotlight,,250,DAILY_BUDGET,ENABLED,USD,135,1,1.28,0.0,0,0,0,0.0,0,15,0,0,0,0,83
"Jul 14, 2025","=""504590116611528""",C.Keyword.Video.SB.PFCSinewave.CP1500PFCRM2U.B0B354X985_v2,,250,DAILY_BUDGET,PAUSED,USD,0,0,0.0,0.0,0,0,0,0.0,0,0,0,0,0,0,0
"May 19, 2025","=""288898439745613""",B2B - N.Keyword.Products.SB.UPS.1500units,,250,DAILY_BUDGET,ENABLED,USD,13919,38,341.86,1664.55,8,9,7,1284.65,7,50,0,8,0,0,5507
"Jun 30, 2025","=""300358990869228""",B.Keyword.Store.SB.UPS.StoreSpotlight,,250,DAILY_BUDGET,ENABLED,USD,490,6,10.89,3958.9,10,13,7,2838.1,9,89,0,16,0,0,362
"Aug 15, 2025","=""400654489506156""",B.Keyword.Products.SB.UPS.BestSellers,,250,DAILY_BUDGET,PAUSED,USD,87965,85,858.34,1555.14,9,10,6,1145.29,7,174,133,20,0,0,29226
"Jun 02, 2025","=""60249080858733""",C.Keyword.Video.SB.UPS.PFCSinewave.CPPFC(1),,250,DAILY_BUDGET,PAUSED,USD,157,1,1.0,239.5,1,1,1,239.5,1,11,0,1,9,3,23
"Jul 15, 2025","=""367333782614376""",N.SB.Products.SB.UPS.PFCRM,,250,DAILY_BUDGET,PAUSED,USD,43069,59,123.54,719.9,2,2,2,719.9,2,54,0,3,0,0,8470
"Aug 25, 2025","=""516203922618177""",N.Keyword.Store.SB.UPS.StoreSpotlight,,250,DAILY_BUDGET,ENABLED,USD,1019,4,8.67,0.0,0,0,0,0.0,0,8,5,1,0,0,354
"May 28, 2025","=""450441693358033""",B2B - B.Keyword.Products.SB.UPS.1500units,,250,DAILY_BUDGET,ENABLED,USD,1868,2,5.3,170.95,1,1,1,170.95,1,30,0,1,0,0,318
"May 21, 2025","=""60249080858733""",C.Keyword.Video.SB.UPS.PFCSinewave.CPPFC(1),,250,DAILY_BUDGET,PAUSED,USD,77,0,0.0,0.0,0,0,0,0.0,0,0,0,0,1,0,5
"Aug 17, 2025","=""300358990869228""",B.Keyword.Store.SB.UPS.StoreSpotlight,,250,DAILY_BUDGET,ENABLED,USD,246,0,2.16,89.95,1,1,1,89.95,1,20,1,3,0,0,170
"Jun 04, 2025","=""450441693358033""",B2B - B.Keyword.Products.SB.UPS.1500units,,250,DAILY_BUDGET,ENABLED,USD,1959,4,20.29,175.95,1,1,0,0.0,0,13,0,4,0,0,289
"Jun 07, 2025","=""353873361287335""",B2B - B.Keyword.Store.SB.UPS.StoreSpotlight,,250,DAILY_BUDGET,ENABLED,USD,2686,4,11.66,6747.17,2,2,1,5759.95,1,9,0,2,0,0,920
"Jun 13, 2025","=""501138070676838""",N.SB.Products.SB.UPS.AVR,,250,DAILY_BUDGET,PAUSED,USD,267296,142,244.99,0.0,0,0,0,0.0,0,59,0,1,0,0,65966
"Aug 21, 2025","=""369323377946560""",B2B - N.Keyword.Store.SB.UPS.StoreSpotlight,,250,DAILY_BUDGET,ENABLED,USD,4570,18,259.92,425.0,1,1,1,425.0,1,34,18,2,0,0,1974
"Jun 15, 2025","=""516203922618177""",N.Keyword.Store.SB.UPS.StoreSpotlight,,250,DAILY_BUDGET,ENABLED,USD,14479,43,87.1,119.9,2,2,2,119.9,2,79,0,5,0,0,2999
"Jul 25, 2025","=""369323377946560""",B2B - N.Keyword.Store.SB.UPS.StoreSpotlight,,250,DAILY_BUDGET,ENABLED,USD,1312,9,89.21,462.84,2,6,1,308.56,4,16,0,2,0,0,596
"Aug 20, 2025","=""501138070676838""",N.SB.Products.SB.UPS.AVR,,250,DAILY_BUDGET,PAUSED,USD,8691,8,16.09,0.0,0,0,0,0.0,0,5,5,0,0,0,1614
"Aug 03, 2025","=""516203922618177""",N.Keyword.Store.SB.UPS.StoreSpotlight,,250,DAILY_BUDGET,ENABLED,USD,793,4,9.75,239.95,1,1,1,239.95,1,4,0,1,0,0,235
"Jul 15, 2025","=""335733425531216""",N.Keyword.Video.SB.UPS.PFCSinewave.CP1500PFCLCD.B00429N19W,,250,DAILY_BUDGET,ENABLED,USD,17470,139,692.98,3580.86,10,26,7,2141.61,11,184,0,16,4072,1523,4996
"Jul 07, 2025","=""335733425531216""",N.Keyword.Video.SB.UPS.PFCSinewave.CP1500PFCLCD.B00429N19W,,250,DAILY_BUDGET,ENABLED,USD,6513,27,229.24,169.95,1,1,1,169.95,1,25,0,2,1112,454,1472
"Jun 11, 2025","=""209147373785811""",N.Keyword.Video.SB.UPS.PFCSinewave.CPPFC(1),,250,DAILY_BUDGET,PAUSED,USD,1338,9,23.75,238.84,1,1,0,0.0,0,24,0,2,114,29,217
"Jul 09, 2025","=""533624646611887""",C.Keyword.Store.SB.UPS.StoreSpotlight,,250,DAILY_BUDGET,PAUSED,USD,27989,141,1103.36,1863.94,8,12,6,1528.09,9,97,0,16,0,0,13649
"Aug 15, 2025","=""288898439745613""",B2B - N.Keyword.Products.SB.UPS.1500units,,250,DAILY_BUDGET,ENABLED,USD,47475,94,1897.54,4415.72,11,18,5,1259.75,5,107,72,16,0,0,19096
"Jul 16, 2025","=""353873361287335""",B2B - B.Keyword.Store.SB.UPS.StoreSpotlight,,250,DAILY_BUDGET,ENABLED,USD,168,0,0.0,0.0,0,0,0,0.0,0,0,0,0,0,0,90
"Jul 08, 2025","=""209147373785811""",N.Keyword.Video.SB.UPS.PFCSinewave.CPPFC(1),,250,DAILY_BUDGET,PAUSED,USD,0,0,0.0,0.0,0,0,0,0.0,0,0,0,0,0,0,0
"Jul 26, 2025","=""400654489506156""",B.Keyword.Products.SB.UPS.BestSellers,,250,DAILY_BUDGET,PAUSED,USD,46740,56,716.06,1060.85,3,3,2,359.9,2,100,4,8,0,0,15075
"Jun 12, 2025","=""300358990869228""",B.Keyword.Store.SB.UPS.StoreSpotlight,,250,DAILY_BUDGET,ENABLED,USD,1411,9,96.76,6880.92,49,58,38,5657.97,44,364,0,67,0,0,1193
"Aug 10, 2025","=""456008348744441""",N.SB.Products.SB.UPS.PFC,,250,DAILY_BUDGET,PAUSED,USD,24327,10,18.65,0.0,0,0,0,0.0,0,3,8,0,0,0,3378
"Jul 02, 2025","=""300358990869228""",B.Keyword.Store.SB.UPS.StoreSpotlight,,250,DAILY_BUDGET,ENABLED,USD,411,5,8.04,2765.62,7,9,6,542.77,6,81,0,24,0,0,303
"Jul 14, 2025","=""450441693358033""",B2B - B.Keyword.Products.SB.UPS.1500units,,250,DAILY_BUDGET,ENABLED,USD,1905,7,35.98,839.85,2,3,0,0.0,0,14,0,2,0,0,115
"Jun 26, 2025","=""85546644235770""",C.Keyword.Video.SB.UPS.IntelligentLCD.CPAVR3,,250,DAILY_BUDGET,PAUSED,USD,7487,70,86.11,1399.65,6,7,4,999.75,5,149,0,12,703,51,1456
"Aug 07, 2025","=""288898439745613""",B2B - N.Keyword.Products.SB.UPS.1500units,,250,DAILY_BUDGET,ENABLED,USD,5639,18,82.06,559.9,2,2,0,0.0,0,20,8,2,0,0,1545
"Jul 06, 2025","=""84817009251939""",C.Keyword.Video.SB.PFCSinewave.CP1500PFCRM2U.B0B354X985,,250,DAILY_BUDGET,ENABLED,USD,26903,103,203.41,1918.88,5,7,5,1918.88,7,242,0,14,2136,135,4893
"Aug 21, 2025","=""490434522578484""",C.Keyword.Video.SB.UPS.PFCSinewave.CP1500PFCLCD.B00429N19W,,250,DAILY_BUDGET,ENABLED,USD,922,0,0.0,0.0,0,0,0,0.0,0,0,0,0,127,30,197
"Jul 26, 2025","=""452338404496050""",B.SB.Products.SB.UPS.PFC,,250,DAILY_BUDGET,PAUSED,USD,4955,42,161.38,0.0,0,0,0,0.0,0,44,0,1,0,0,2035
"Aug 07, 2025","=""349078398145277""",N.SB.Products.SB.UPS.Eco,,250,DAILY_BUDGET,PAUSED,USD,126571,290,615.89,650.7,6,6,3,336.85,3,256,269,60,0,0,29721
"Aug 18, 2025","=""367333782614376""",N.SB.Products.SB.UPS.PFCRM,,250,DAILY_BUDGET,PAUSED,USD,40753,135,373.16,1017.84,4,4,4,1017.84,4,209,115,10,0,0,9492
"Aug 06, 2025","=""400654489506156""",B.Keyword.Products.SB.UPS.BestSellers,,250,DAILY_BUDGET,PAUSED,USD,60640,68,1122.38,796.75,5,5,5,796.75,5,125,85,7,0,0,19085
"May 04, 2025","=""327967099369911""",N.Keyword.Products.SB.UPS.1500units,,250,DAILY_BUDGET,PAUSED,USD,324424,396,3482.11,3737.05,17,19,16,3547.1,18,549,0,44,0,0,112813
"Jul 13, 2025","=""288898439745613""",B2B - N.Keyword.Products.SB.UPS.1500units,,250,DAILY_BUDGET,ENABLED,USD,1651,13,66.85,1179.7,5,6,1,359.95,1,19,0,9,0,0,520
"Jul 20, 2025","=""349078398145277""",N.SB.Products.SB.UPS.Eco,,250,DAILY_BUDGET,PAUSED,USD,50424,176,353.65,737.23,7,9,6,708.44,8,154,0,14,0,0,12582
"Aug 11, 2025","=""293529288726869""",B.Keyword.Video.SB.UPS.PFCSinewave.CP1500PFCLCD.B00429N19W,,250,DAILY_BUDGET,ENABLED,USD,816,6,181.25,0.0,0,0,0,0.0,0,7,5,0,137,39,196
"Jul 05, 2025","=""369323377946560""",B2B - N.Keyword.Store.SB.UPS.StoreSpotlight,,250,DAILY_BUDGET,ENABLED,USD,6922,12,354.51,0.0,0,0,0,0.0,0,1,0,0,0,0,3542
"May 09, 2025","=""327967099369911""",N.Keyword.Products.SB.UPS.1500units,,250,DAILY_BUDGET,PAUSED,USD,287488,372,3104.51,4998.99,27,43,7,1227.7,7,400,0,37,0,0,96375
"Aug 03, 2025","=""300358990869228""",B.Keyword.Store.SB.UPS.StoreSpotlight,,250,DAILY_BUDGET,ENABLED,USD,181,2,1.41,59.95,1,1,1,59.95,1,25,0,2,0,0,103
"Jul 19, 2025","=""327967099369911""",N.Keyword.Products.SB.UPS.1500units,,250,DAILY_BUDGET,PAUSED,USD,2975,9,18.47,0.0,0,0,0,0.0,0,17,0,0,0,0,689
"Aug 03, 2025","=""425328024590643""",C.Keyword.Products.SB.UPS.1500units,,250,DAILY_BUDGET,ENABLED,USD,1150,5,11.71,199.95,1,1,1,199.95,1,4,0,1,0,0,309
"Aug 09, 2025","=""450441693358033""",B2B - B.Keyword.Products.SB.UPS.1500units,,250,DAILY_BUDGET,ENABLED,USD,297,3,101.07,0.0,0,0,0,0.0,0,20,0,1,0,0,34
"Jun 01, 2025","=""84817009251939""",C.Keyword.Video.SB.PFCSinewave.CP1500PFCRM2U.B0B354X985,,250,DAILY_BUDGET,ENABLED,USD,13736,88,126.89,1806.74,6,6,5,1799.75,5,178,0,10,1068,88,2240
"Aug 22, 2025","=""501364882562485""",C.Keyword.Video.SB.UPS.IntelligentLCD.CP1500AVRLCD3.B0BCMLLSHL,,250,DAILY_BUDGET,ENABLED,USD,915,2,29.49,199.95,1,1,1,199.95,1,2,1,1,131,21,188
"Jun 19, 2025","=""288898439745613""",B2B - N.Keyword.Products.SB.UPS.1500units,,250,DAILY_BUDGET,ENABLED,USD,10728,51,300.92,4649.03,9,14,3,638.12,3,107,0,13,0,0,3702
"Jul 10, 2025","=""456008348744441""",N.SB.Products.SB.UPS.PFC,,250,DAILY_BUDGET,PAUSED,USD,1848,4,7.34,519.9,2,2,2,519.9,2,8,0,2,0,0,254
"May 30, 2025","=""38757712528936""",B.Keyword.Video.SB.UPS.PFCSinewave.CPPFC(1),,250,DAILY_BUDGET,PAUSED,USD,1460,14,47.16,199.95,1,1,1,199.95,1,37,0,3,188,59,319
"Jul 26, 2025","=""425328024590643""",C.Keyword.Products.SB.UPS.1500units,,250,DAILY_BUDGET,ENABLED,USD,1519,2,9.44,119.95,1,1,1,119.95,1,1,0,1,0,0,431
"Jun 08, 2025","=""60249080858733""",C.Keyword.Video.SB.UPS.PFCSinewave.CPPFC(1),,250,DAILY_BUDGET,PAUSED,USD,177,1,3.08,239.95,1,1,1,239.95,1,2,0,1,10,2,20
"Jul 28, 2025","=""516203922618177""",N.Keyword.Store.SB.UPS.StoreSpotlight,,250,DAILY_BUDGET,ENABLED,USD,1093,5,9.81,0.0,0,0,0,0.0,0,4,0,1,0,0,417
"Aug 27, 2025","=""452338404496050""",B.SB.Products.SB.UPS.PFC,,250,DAILY_BUDGET,PAUSED,USD,6998,37,361.04,1071.75,3,5,3,1071.75,5,66,50,7,0,0,2582
"Jun 17, 2025","=""516203922618177""",N.Keyword.Store.SB.UPS.StoreSpotlight,,250,DAILY_BUDGET,ENABLED,USD,11693,34,48.33,0.0,0,0,0,0.0,0,24,0,1,0,0,2127
"Jun 04, 2025","=""60249080858733""",C.Keyword.Video.SB.UPS.PFCSinewave.CPPFC(1),,250,DAILY_BUDGET,PAUSED,USD,180,1,2.98,0.0,0,0,0,0.0,0,1,0,0,19,3,25
"Jun 18, 2025","=""74868404430193""",N.Keyword.Video.SB.UPS.SmartAppLCD.OR.OR500LCRM1U,,250,DAILY_BUDGET,PAUSED,USD,997,6,6.11,0.0,0,0,0,0.0,0,17,0,0,60,5,152
"Aug 27, 2025","=""516203922618177""",N.Keyword.Store.SB.UPS.StoreSpotlight,,250,DAILY_BUDGET,ENABLED,USD,754,3,7.54,0.0,0,0,0,0.0,0,1,3,0,0,0,246
"Jul 06, 2025","=""501138070676838""",N.SB.Products.SB.UPS.AVR,,250,DAILY_BUDGET,PAUSED,USD,6206,3,6.01,0.0,0,0,0,0.0,0,6,0,0,0,0,453
"Jul 12, 2025","=""84817009251939""",C.Keyword.Video.SB.PFCSinewave.CP1500PFCRM2U.B0B354X985,,250,DAILY_BUDGET,ENABLED,USD,0,0,0.0,0.0,0,0,0,0.0,0,0,0,0,0,0,0
"Jun 15, 2025","=""501138070676838""",N.SB.Products.SB.UPS.AVR,,250,DAILY_BUDGET,PAUSED,USD,37838,63,124.93,681.25,4,4,3,481.3,3,97,0,19,0,0,7300
"May 21, 2025","=""369323377946560""",B2B - N.Keyword.Store.SB.UPS.StoreSpotlight,,250,DAILY_BUDGET,ENABLED,USD,265,1,2.71,0.0,0,0,0,0.0,0,0,0,0,0,0,135
"Aug 13, 2025","=""353873361287335""",B2B - B.Keyword.Store.SB.UPS.StoreSpotlight,,250,DAILY_BUDGET,ENABLED,USD,90,1,2.39,119.95,1,1,1,119.95,1,0,1,0,0,0,51
"Jul 11, 2025","=""501138070676838""",N.SB.Products.SB.UPS.AVR,,250,DAILY_BUDGET,PAUSED,USD,15882,23,39.39,0.0,0,0,0,0.0,0,18,0,0,0,0,1545
"Jul 15, 2025","=""533624646611887""",C.Keyword.Store.SB.UPS.StoreSpotlight,,250,DAILY_BUDGET,PAUSED,USD,3415,6,6.38,599.75,1,5,1,599.75,5,6,0,1,0,0,760
"Jul 28, 2025","=""369323377946560""",B2B - N.Keyword.Store.SB.UPS.StoreSpotlight,,250,DAILY_BUDGET,ENABLED,USD,1629,9,105.64,538.8,2,2,1,179.95,1,14,0,2,0,0,725
"Jul 11, 2025","=""516203922618177""",N.Keyword.Store.SB.UPS.StoreSpotlight,,250,DAILY_BUDGET,ENABLED,USD,2160,18,37.01,0.0,0,0,0,0.0,0,15,0,2,0,0,541
"Aug 18, 2025","=""349078398145277""",N.SB.Products.SB.UPS.Eco,,250,DAILY_BUDGET,PAUSED,USD,63616,240,587.68,2494.05,17,19,13,1674.3,14,356,214,30,0,0,14403
"Jul 09, 2025","=""501138070676838""",N.SB.Products.SB.UPS.AVR,,250,DAILY_BUDGET,PAUSED,USD,17883,38,92.16,399.9,2,2,2,399.9,2,39,0,5,0,0,2877
"Jul 11, 2025","=""209147373785811""",N.Keyword.Video.SB.UPS.PFCSinewave.CPPFC(1),,250,DAILY_BUDGET,PAUSED,USD,0,0,0.0,0.0,0,0,0,0.0,0,0,0,0,0,0,0
"Aug 16, 2025","=""501138070676838""",N.SB.Products.SB.UPS.AVR,,250,DAILY_BUDGET,PAUSED,USD,7694,19,41.81,175.95,1,1,1,175.95,1,20,12,2,0,0,2061
"May 28, 2025","=""327967099369911""",N.Keyword.Products.SB.UPS.1500units,,250,DAILY_BUDGET,PAUSED,USD,0,0,0.0,0.0,0,0,0,0.0,0,0,0,0,0,0,0
"Aug 22, 2025","=""369323377946560""",B2B - N.Keyword.Store.SB.UPS.StoreSpotlight,,250,DAILY_BUDGET,ENABLED,USD,4418,22,271.65,1539.75,5,5,3,949.85,3,18,25,8,0,0,1880
"May 31, 2025","=""74868404430193""",N.Keyword.Video.SB.UPS.SmartAppLCD.OR.OR500LCRM1U,,250,DAILY_BUDGET,PAUSED,USD,698,5,3.32,199.95,1,1,1,199.95,1,13,0,1,44,5,96
"Aug 09, 2025","=""349078398145277""",N.SB.Products.SB.UPS.Eco,,250,DAILY_BUDGET,PAUSED,USD,84020,250,481.6,1230.94,10,10,9,1050.99,9,323,217,20,0,0,20671
"Aug 20, 2025","=""516203922618177""",N.Keyword.Store.SB.UPS.StoreSpotlight,,250,DAILY_BUDGET,ENABLED,USD,1093,5,12.98,0.0,0,0,0,0.0,0,5,6,0,0,0,355
"Jul 13, 2025","=""369323377946560""",B2B - N.Keyword.Store.SB.UPS.StoreSpotlight,,250,DAILY_BUDGET,ENABLED,USD,212,3,9.65,0.0,0,0,0,0.0,0,7,0,0,0,0,97
"May 16, 2025","=""369323377946560""",B2B - N.Keyword.Store.SB.UPS.StoreSpotlight,,250,DAILY_BUDGET,ENABLED,USD,125,2,2.44,0.0,0,0,0,0.0,0,4,0,0,0,0,66
"Jul 31, 2025","=""490434522578484""",C.Keyword.Video.SB.UPS.PFCSinewave.CP1500PFCLCD.B00429N19W,,250,DAILY_BUDGET,ENABLED,USD,831,1,11.43,0.0,0,0,0,0.0,0,1,0,0,111,25,178
"Aug 28, 2025","=""501138070676838""",N.SB.Products.SB.UPS.AVR,,250,DAILY_BUDGET,PAUSED,USD,6615,14,27.63,199.95,1,1,1,199.95,1,42,19,4,0,0,1280
"Jul 30, 2025","=""456008348744441""",N.SB.Products.SB.UPS.PFC,,250,DAILY_BUDGET,PAUSED,USD,71395,94,411.42,1756.85,3,3,3,1756.85,3,95,0,9,0,0,23859
"Aug 12, 2025","=""353873361287335""",B2B - B.Keyword.Store.SB.UPS.StoreSpotlight,,250,DAILY_BUDGET,ENABLED,USD,85,1,41.94,239.95,1,1,0,0.0,0,1,1,0,0,0,41
"Jun 13, 2025","=""369323377946560""",B2B - N.Keyword.Store.SB.UPS.StoreSpotlight,,250,DAILY_BUDGET,ENABLED,USD,825,1,1.67,0.0,0,0,0,0.0,0,1,0,0,0,0,227
"Jul 27, 2025","=""369323377946560""",B2B - N.Keyword.Store.SB.UPS.StoreSpotlight,,250,DAILY_BUDGET,ENABLED,USD,527,4,39.25,0.0,0,0,0,0.0,0,0,0,0,0,0,277
"Jul 16, 2025","=""516203922618177""",N.Keyword.Store.SB.UPS.StoreSpotlight,,250,DAILY_BUDGET,ENABLED,USD,2065,8,14.23,0.0,0,0,0,0.0,0,7,0,0,0,0,634
"Jul 07, 2025","=""38757712528936""",B.Keyword.Video.SB.UPS.PFCSinewave.CPPFC(1),,250,DAILY_BUDGET,PAUSED,USD,0,0,0.0,0.0,0,0,0,0.0,0,0,0,0,0,0,0
"May 14, 2025","=""74868404430193""",N.Keyword.Video.SB.UPS.SmartAppLCD.OR.OR500LCRM1U,,250,DAILY_BUDGET,PAUSED,USD,571,3,3.37,0.0,0,0,0,0.0,0,4,0,0,44,6,99
"Jul 13, 2025","=""533624646611887""",C.Keyword.Store.SB.UPS.StoreSpotlight,,250,DAILY_BUDGET,PAUSED,USD,3235,4,8.5,0.0,0,0,0,0.0,0,2,0,0,0,0,897
"Jul 14, 2025","=""456008348744441""",N.SB.Products.SB.UPS.PFC,,250,DAILY_BUDGET,PAUSED,USD,928,2,3.23,0.0,0,0,0,0.0,0,1,0,0,0,0,140
"Jun 22, 2025","=""288898439745613""",B2B - N.Keyword.Products.SB.UPS.1500units,,250,DAILY_BUDGET,ENABLED,USD,4607,20,113.23,897.8,2,4,2,897.8,4,17,0,4,0,0,1608
"Jul 30, 2025","=""533624646611887""",C.Keyword.Store.SB.UPS.StoreSpotlight,,250,DAILY_BUDGET,PAUSED,USD,16546,86,894.98,1564.5,7,10,5,1204.6,8,77,0,9,0,0,7993
"May 04, 2025","=""209147373785811""",N.Keyword.Video.SB.UPS.PFCSinewave.CPPFC(1),,250,DAILY_BUDGET,PAUSED,USD,924,7,12.89,0.0,0,0,0,0.0,0,8,0,0,80,18,151
"Aug 02, 2025","=""490434522578484""",C.Keyword.Video.SB.UPS.PFCSinewave.CP1500PFCLCD.B00429N19W,,250,DAILY_BUDGET,ENABLED,USD,499,1,22.65,0.0,0,0,0,0.0,0,1,0,0,60,13,107
"Aug 20, 2025","=""335733425531216""",N.Keyword.Video.SB.UPS.PFCSinewave.CP1500PFCLCD.B00429N19W,,250,DAILY_BUDGET,ENABLED,USD,5917,27,98.23,239.95,1,1,1,239.95,1,64,10,4,1030,334,1474
"May 12, 2025","=""84817009251939""",C.Keyword.Video.SB.PFCSinewave.CP1500PFCRM2U.B0B354X985,,250,DAILY_BUDGET,ENABLED,USD,8987,46,82.93,1749.65,6,7,3,859.85,3,95,0,7,576,49,1235
"Aug 16, 2025","=""425328024590643""",C.Keyword.Products.SB.UPS.1500units,,250,DAILY_BUDGET,ENABLED,USD,817,0,0.0,0.0,0,0,0,0.0,0,0,0,0,0,0,291
"Jul 31, 2025","=""450441693358033""",B2B - B.Keyword.Products.SB.UPS.1500units,,250,DAILY_BUDGET,ENABLED,USD,1728,5,9.84,2354.4,5,12,1,89.95,1,11,0,5,0,0,115
"Aug 28, 2025","=""327967099369911""",N.Keyword.Products.SB.UPS.1500units,,250,DAILY_BUDGET,PAUSED,USD,1216,5,8.13,0.0,0,0,0,0.0,0,7,4,1,0,0,149
"Aug 08, 2025","=""456008348744441""",N.SB.Products.SB.UPS.PFC,,250,DAILY_BUDGET,PAUSED,USD,32749,14,31.2,59.95,1,1,1,59.95,1,4,13,1,0,0,2940
"Jun 02, 2025","=""74868404430193""",N.Keyword.Video.SB.UPS.SmartAppLCD.OR.OR500LCRM1U,,250,DAILY_BUDGET,PAUSED,USD,877,3,1.69,0.0,0,0,0,0.0,0,9,0,0,71,11,130
"May 07, 2025","=""85546644235770""",C.Keyword.Video.SB.UPS.IntelligentLCD.CPAVR3,,250,DAILY_BUDGET,PAUSED,USD,3052,19,23.5,695.8,4,4,4,695.8,4,62,0,7,207,15,434
"May 07, 2025","=""112828660396406""",N.Keyword.Video.SB.UPS.SmartAppSinewave.OLHD,,250,DAILY_BUDGET,PAUSED,USD,703,5,7.89,0.0,0,0,0,0.0,0,7,0,0,50,6,98
"Jul 26, 2025","=""504590116611528""",C.Keyword.Video.SB.PFCSinewave.CP1500PFCRM2U.B0B354X985_v2,,250,DAILY_BUDGET,PAUSED,USD,0,0,0.0,0.0,0,0,0,0.0,0,0,0,0,0,0,0
"Jul 17, 2025","=""353873361287335""",B2B - B.Keyword.Store.SB.UPS.StoreSpotlight,,250,DAILY_BUDGET,ENABLED,USD,191,4,47.52,1097.75,3,5,1,239.95,1,8,0,5,0,0,116
"Jun 05, 2025","=""327967099369911""",N.Keyword.Products.SB.UPS.1500units,,250,DAILY_BUDGET,PAUSED,USD,0,0,0.0,0.0,0,0,0,0.0,0,0,0,0,0,0,0
"Aug 11, 2025","=""456008348744441""",N.SB.Products.SB.UPS.PFC,,250,DAILY_BUDGET,PAUSED,USD,24184,8,15.74,0.0,0,0,0,0.0,0,0,5,0,0,0,2330
"Aug 14, 2025","=""501364882562485""",C.Keyword.Video.SB.UPS.IntelligentLCD.CP1500AVRLCD3.B0BCMLLSHL,,250,DAILY_BUDGET,ENABLED,USD,95,0,0.0,0.0,0,0,0,0.0,0,0,0,0,11,3,20
"Jul 19, 2025","=""501138070676838""",N.SB.Products.SB.UPS.AVR,,250,DAILY_BUDGET,PAUSED,USD,4101,17,39.61,0.0,0,0,0,0.0,0,34,0,0,0,0,961
"Jun 22, 2025","=""112828660396406""",N.Keyword.Video.SB.UPS.SmartAppSinewave.OLHD,,250,DAILY_BUDGET,PAUSED,USD,871,1,1.33,0.0,0,0,0,0.0,0,1,0,0,78,7,124
"May 04, 2025","=""516203922618177""",N.Keyword.Store.SB.UPS.StoreSpotlight,,250,DAILY_BUDGET,ENABLED,USD,10897,48,96.12,217.85,2,3,2,217.85,3,85,0,3,0,0,3203
"Jul 27, 2025","=""349078398145277""",N.SB.Products.SB.UPS.Eco,,250,DAILY_BUDGET,PAUSED,USD,61554,244,730.4,1353.5,8,10,5,673.75,5,328,0,21,0,0,13963
"Jul 24, 2025","=""501364882562485""",C.Keyword.Video.SB.UPS.IntelligentLCD.CP1500AVRLCD3.B0BCMLLSHL,,250,DAILY_BUDGET,ENABLED,USD,1088,3,33.43,0.0,0,0,0,0.0,0,2,0,0,179,27,255
"Jul 19, 2025","=""456008348744441""",N.SB.Products.SB.UPS.PFC,,250,DAILY_BUDGET,PAUSED,USD,43499,65,294.63,239.95,1,1,1,239.95,1,59,0,2,0,0,16367
"Aug 15, 2025","=""369323377946560""",B2B - N.Keyword.Store.SB.UPS.StoreSpotlight,,250,DAILY_BUDGET,ENABLED,USD,5677,18,304.19,1652.28,5,6,3,632.39,3,8,22,3,0,0,2970
"Jul 16, 2025","=""533553529526025""",N.Keyword.Video.SB.PFCSinewave.CP1500PFCRM2U.B0B354X985,,250,DAILY_BUDGET,PAUSED,USD,0,0,0.0,0.0,0,0,0,0.0,0,0,0,0,0,0,0
"Jul 25, 2025","=""452338404496050""",B.SB.Products.SB.UPS.PFC,,250,DAILY_BUDGET,PAUSED,USD,4896,43,169.02,770.09,5,5,3,414.21,3,83,0,6,0,0,2082
"May 29, 2025","=""85546644235770""",C.Keyword.Video.SB.UPS.IntelligentLCD.CPAVR3,,250,DAILY_BUDGET,PAUSED,USD,7851,69,106.1,799.8,4,4,3,599.85,3,130,0,14,979,90,1723
"Aug 19, 2025","=""516203922618177""",N.Keyword.Store.SB.UPS.StoreSpotlight,,250,DAILY_BUDGET,ENABLED,USD,1231,7,12.83,0.0,0,0,0,0.0,0,21,7,2,0,0,432
"May 20, 2025","=""60249080858733""",C.Keyword.Video.SB.UPS.PFCSinewave.CPPFC(1),,250,DAILY_BUDGET,PAUSED,USD,70,1,2.8,0.0,0,0,0,0.0,0,1,0,0,4,0,10
"Aug 09, 2025","=""516203922618177""",N.Keyword.Store.SB.UPS.StoreSpotlight,,250,DAILY_BUDGET,ENABLED,USD,663,0,0.0,0.0,0,0,0,0.0,0,0,0,0,0,0,276
"Jul 16, 2025","=""501138070676838""",N.SB.Products.SB.UPS.AVR,,250,DAILY_BUDGET,PAUSED,USD,9026,17,29.14,108.95,1,1,1,108.95,1,16,0,3,0,0,1353
"May 06, 2025","=""84817009251939""",C.Keyword.Video.SB.PFCSinewave.CP1500PFCRM2U.B0B354X985,,250,DAILY_BUDGET,ENABLED,USD,8872,35,60.9,2564.6,5,8,2,1224.8,4,55,0,6,566,43,1255
"Jun 26, 2025","=""450441693358033""",B2B - B.Keyword.Products.SB.UPS.1500units,,250,DAILY_BUDGET,ENABLED,USD,1584,3,12.19,0.0,0,0,0,0.0,0,3,0,0,0,0,265
"Aug 06, 2025","=""533624646611887""",C.Keyword.Store.SB.UPS.StoreSpotlight,,250,DAILY_BUDGET,PAUSED,USD,3175,8,15.7,0.0,0,0,0,0.0,0,9,12,2,0,0,778
"Jul 07, 2025","=""293529288726869""",B.Keyword.Video.SB.UPS.PFCSinewave.CP1500PFCLCD.B00429N19W,,250,DAILY_BUDGET,ENABLED,USD,29693,115,568.96,0.0,0,0,0,0.0,0,142,0,5,4260,1464,5770
"Jun 13, 2025","=""112828660396406""",N.Keyword.Video.SB.UPS.SmartAppSinewave.OLHD,,250,DAILY_BUDGET,PAUSED,USD,862,2,1.43,0.0,0,0,0,0.0,0,15,0,1,52,4,118
"Jul 10, 2025","=""533624646611887""",C.Keyword.Store.SB.UPS.StoreSpotlight,,250,DAILY_BUDGET,PAUSED,USD,25852,131,1187.72,448.69,3,3,3,448.69,3,135,0,7,0,0,12474
"Aug 28, 2025","=""516203922618177""",N.Keyword.Store.SB.UPS.StoreSpotlight,,250,DAILY_BUDGET,ENABLED,USD,764,2,6.45,0.0,0,0,0,0.0,0,6,3,1,0,0,240
"Jul 31, 2025","=""369323377946560""",B2B - N.Keyword.Store.SB.UPS.StoreSpotlight,,250,DAILY_BUDGET,ENABLED,USD,1609,12,72.38,1109.7,4,6,2,479.9,2,30,0,6,0,0,684
"Jul 25, 2025","=""300358990869228""",B.Keyword.Store.SB.UPS.StoreSpotlight,,250,DAILY_BUDGET,ENABLED,USD,335,0,2.74,199.95,1,1,0,0.0,0,5,0,2,0,0,261
"Aug 25, 2025","=""533624646611887""",C.Keyword.Store.SB.UPS.StoreSpotlight,,250,DAILY_BUDGET,PAUSED,USD,17713,86,1074.97,1567.35,9,13,9,1567.35,13,73,113,15,0,0,8796
"Jul 22, 2025","=""450441693358033""",B2B - B.Keyword.Products.SB.UPS.1500units,,250,DAILY_BUDGET,ENABLED,USD,1446,0,0.0,0.0,0,0,0,0.0,0,0,0,0,0,0,114
"Aug 25, 2025","=""501364882562485""",C.Keyword.Video.SB.UPS.IntelligentLCD.CP1500AVRLCD3.B0BCMLLSHL,,250,DAILY_BUDGET,ENABLED,USD,1010,5,83.18,0.0,0,0,0,0.0,0,6,0,0,169,20,243
"May 06, 2025","=""209147373785811""",N.Keyword.Video.SB.UPS.PFCSinewave.CPPFC(1),,250,DAILY_BUDGET,PAUSED,USD,1139,8,14.61,0.0,0,0,0,0.0,0,22,0,0,108,21,198
"May 21, 2025","=""249902179030051""",N.Keyword.Video.SB.UPS.Surge.CSP,,250,DAILY_BUDGET,PAUSED,USD,1599,24,19.36,60.47,2,3,2,60.47,3,33,0,6,133,14,288
"Aug 11, 2025","=""400654489506156""",B.Keyword.Products.SB.UPS.BestSellers,,250,DAILY_BUDGET,PAUSED,USD,60842,72,1168.7,1366.63,9,9,6,1221.7,6,114,112,11,0,0,19830
"May 07, 2025","=""450441693358033""",B2B - B.Keyword.Products.SB.UPS.1500units,,250,DAILY_BUDGET,ENABLED,USD,1135,1,4.95,0.0,0,0,0,0.0,0,1,0,0,0,0,244
"May 28, 2025","=""209147373785811""",N.Keyword.Video.SB.UPS.PFCSinewave.CPPFC(1),,250,DAILY_BUDGET,PAUSED,USD,1163,5,7.37,0.0,0,0,0,0.0,0,14,0,0,107,25,205
"Jun 12, 2025","=""516203922618177""",N.Keyword.Store.SB.UPS.StoreSpotlight,,250,DAILY_BUDGET,ENABLED,USD,14376,67,141.4,859.75,3,5,3,859.75,5,107,0,6,0,0,3566
"May 03, 2025","=""249902179030051""",N.Keyword.Video.SB.UPS.Surge.CSP,,250,DAILY_BUDGET,PAUSED,USD,2794,44,39.59,266.49,6,15,4,211.05,12,68,0,11,233,21,519
"Jul 24, 2025","=""327967099369911""",N.Keyword.Products.SB.UPS.1500units,,250,DAILY_BUDGET,PAUSED,USD,5219,9,15.93,0.0,0,0,0,0.0,0,21,0,0,0,0,1235
"May 15, 2025","=""112828660396406""",N.Keyword.Video.SB.UPS.SmartAppSinewave.OLHD,,250,DAILY_BUDGET,PAUSED,USD,629,0,0.0,0.0,0,0,0,0.0,0,0,0,0,32,3,82
"May 17, 2025","=""209147373785811""",N.Keyword.Video.SB.UPS.PFCSinewave.CPPFC(1),,250,DAILY_BUDGET,PAUSED,USD,1587,11,24.05,0.0,0,0,0,0.0,0,19,0,1,112,21,233
"Jul 30, 2025","=""367333782614376""",N.SB.Products.SB.UPS.PFCRM,,250,DAILY_BUDGET,PAUSED,USD,35921,92,289.65,239.6,4,6,2,210.31,3,166,0,11,0,0,7254
"Aug 17, 2025","=""349078398145277""",N.SB.Products.SB.UPS.Eco,,250,DAILY_BUDGET,PAUSED,USD,55066,235,547.35,1754.3,14,14,11,1377.45,11,364,188,35,0,0,13823
"Jun 14, 2025","=""353873361287335""",B2B - B.Keyword.Store.SB.UPS.StoreSpotlight,,250,DAILY_BUDGET,ENABLED,USD,108,1,7.8,0.0,0,0,0,0.0,0,0,0,0,0,0,32
"Jul 26, 2025","=""501138070676838""",N.SB.Products.SB.UPS.AVR,,250,DAILY_BUDGET,PAUSED,USD,15136,18,44.39,199.95,1,1,1,199.95,1,14,0,1,0,0,1431
"May 12, 2025","=""112828660396406""",N.Keyword.Video.SB.UPS.SmartAppSinewave.OLHD,,250,DAILY_BUDGET,PAUSED,USD,608,1,2.61,0.0,0,0,0,0.0,0,1,0,0,32,1,67
"Jul 12, 2025","=""450441693358033""",B2B - B.Keyword.Products.SB.UPS.1500units,,250,DAILY_BUDGET,ENABLED,USD,335,0,0.0,0.0,0,0,0,0.0,0,0,0,0,0,0,38
"Jun 30, 2025","=""74868404430193""",N.Keyword.Video.SB.UPS.SmartAppLCD.OR.OR500LCRM1U,,250,DAILY_BUDGET,PAUSED,USD,1314,9,4.72,0.0,0,0,0,0.0,0,11,0,0,82,13,193
"Jun 02, 2025","=""353873361287335""",B2B - B.Keyword.Store.SB.UPS.StoreSpotlight,,250,DAILY_BUDGET,ENABLED,USD,64,0,0.0,0.0,0,0,0,0.0,0,0,0,0,0,0,35
"Jul 08, 2025","=""369323377946560""",B2B - N.Keyword.Store.SB.UPS.StoreSpotlight,,250,DAILY_BUDGET,ENABLED,USD,27216,43,782.44,3691.33,8,15,2,1199.8,4,45,0,6,0,0,13559
"Jul 11, 2025","=""84817009251939""",C.Keyword.Video.SB.PFCSinewave.CP1500PFCRM2U.B0B354X985,,250,DAILY_BUDGET,ENABLED,USD,0,0,0.0,0.0,0,0,0,0.0,0,0,0,0,0,0,0
"Jun 08, 2025","=""300358990869228""",B.Keyword.Store.SB.UPS.StoreSpotlight,,250,DAILY_BUDGET,ENABLED,USD,498,3,9.65,0.0,0,0,0,0.0,0,14,0,1,0,0,370
"May 17, 2025","=""60249080858733""",C.Keyword.Video.SB.UPS.PFCSinewave.CPPFC(1),,250,DAILY_BUDGET,PAUSED,USD,74,0,0.0,0.0,0,0,0,0.0,0,0,0,0,3,0,11
"May 25, 2025","=""112828660396406""",N.Keyword.Video.SB.UPS.SmartAppSinewave.OLHD,,250,DAILY_BUDGET,PAUSED,USD,411,1,2.43,0.0,0,0,0,0.0,0,1,0,0,31,2,66
"Jun 01, 2025","=""74868404430193""",N.Keyword.Video.SB.UPS.SmartAppLCD.OR.OR500LCRM1U,,250,DAILY_BUDGET,PAUSED,USD,803,4,3.05,419.2,2,2,1,199.95,1,4,0,2,58,9,129
"Aug 12, 2025","=""501138070676838""",N.SB.Products.SB.UPS.AVR,,250,DAILY_BUDGET,PAUSED,USD,20402,27,62.86,699.75,4,5,4,699.75,5,41,17,4,0,0,3093
"Aug 17, 2025","=""353873361287335""",B2B - B.Keyword.Store.SB.UPS.StoreSpotlight,,250,DAILY_BUDGET,ENABLED,USD,47,0,0.0,0.0,0,0,0,0.0,0,0,0,0,0,0,19
"Jul 27, 2025","=""501138070676838""",N.SB.Products.SB.UPS.AVR,,250,DAILY_BUDGET,PAUSED,USD,15974,18,48.03,0.0,0,0,0,0.0,0,14,0,2,0,0,1724
"Jun 13, 2025","=""456008348744441""",N.SB.Products.SB.UPS.PFC,,250,DAILY_BUDGET,PAUSED,USD,28174,42,77.34,715.72,3,3,1,238.67,1,55,0,18,0,0,4111
"Aug 20, 2025","=""400654489506156""",B.Keyword.Products.SB.UPS.BestSellers,,250,DAILY_BUDGET,PAUSED,USD,65159,50,758.7,9664.83,7,17,5,5068.34,10,93,82,9,0,0,20911
"Aug 28, 2025","=""400654489506156""",B.Keyword.Products.SB.UPS.BestSellers,,250,DAILY_BUDGET,PAUSED,USD,52450,55,826.21,1261.65,7,7,6,971.7,6,125,91,10,0,0,16769
"Jun 25, 2025","=""60249080858733""",C.Keyword.Video.SB.UPS.PFCSinewave.CPPFC(1),,250,DAILY_BUDGET,PAUSED,USD,365,3,4.15,0.0,0,0,0,0.0,0,4,0,1,25,6,44
"Jun 13, 2025","=""38757712528936""",B.Keyword.Video.SB.UPS.PFCSinewave.CPPFC(1),,250,DAILY_BUDGET,PAUSED,USD,4467,28,117.6,379.9,2,2,2,379.9,2,69,0,4,479,138,691
"Aug 15, 2025","=""490434522578484""",C.Keyword.Video.SB.UPS.PFCSinewave.CP1500PFCLCD.B00429N19W,,250,DAILY_BUDGET,ENABLED,USD,2817,10,184.4,700.95,1,1,0,0.0,0,17,1,2,535,147,737
"May 13, 2025","=""450441693358033""",B2B - B.Keyword.Products.SB.UPS.1500units,,250,DAILY_BUDGET,ENABLED,USD,1273,5,24.85,349.93,2,3,2,349.93,3,9,0,2,0,0,229
"Aug 19, 2025","=""450441693358033""",B2B - B.Keyword.Products.SB.UPS.1500units,,250,DAILY_BUDGET,ENABLED,USD,1822,5,13.2,380.0,1,2,1,380.0,2,10,1,1,0,0,128
"Jul 08, 2025","=""84817009251939""",C.Keyword.Video.SB.PFCSinewave.CP1500PFCRM2U.B0B354X985,,250,DAILY_BUDGET,ENABLED,USD,124,4,17.22,299.95,1,1,1,299.95,1,9,0,2,14,0,34
"May 19, 2025","=""516203922618177""",N.Keyword.Store.SB.UPS.StoreSpotlight,,250,DAILY_BUDGET,ENABLED,USD,13868,61,107.68,968.65,7,7,5,792.75,5,85,0,16,0,0,3887
"May 17, 2025","=""249902179030051""",N.Keyword.Video.SB.UPS.Surge.CSP,,250,DAILY_BUDGET,PAUSED,USD,1596,20,17.24,148.07,5,8,4,118.23,6,33,0,6,122,7,283
"Jun 10, 2025","=""112828660396406""",N.Keyword.Video.SB.UPS.SmartAppSinewave.OLHD,,250,DAILY_BUDGET,PAUSED,USD,790,4,5.98,0.0,0,0,0,0.0,0,4,0,0,55,1,99
"Aug 03, 2025","=""504590116611528""",C.Keyword.Video.SB.PFCSinewave.CP1500PFCRM2U.B0B354X985_v2,,250,DAILY_BUDGET,PAUSED,USD,0,0,0.0,0.0,0,0,0,0.0,0,0,0,0,0,0,0
"Jul 06, 2025","=""300358990869228""",B.Keyword.Store.SB.UPS.StoreSpotlight,,250,DAILY_BUDGET,ENABLED,USD,64,0,0.5,0.0,0,0,0,0.0,0,0,0,0,0,0,39
"Jun 26, 2025","=""300358990869228""",B.Keyword.Store.SB.UPS.StoreSpotlight,,250,DAILY_BUDGET,ENABLED,USD,551,5,9.33,2209.02,8,15,7,2161.3,14,113,0,15,0,0,431
"Aug 23, 2025","=""300358990869228""",B.Keyword.Store.SB.UPS.StoreSpotlight,,250,DAILY_BUDGET,ENABLED,USD,128,2,1.51,0.0,0,0,0,0.0,0,5,3,1,0,0,93
"Jul 02, 2025","=""74868404430193""",N.Keyword.Video.SB.UPS.SmartAppLCD.OR.OR500LCRM1U,,250,DAILY_BUDGET,PAUSED,USD,1195,6,3.91,89.95,1,1,1,89.95,1,29,0,1,82,17,164
"Aug 28, 2025","=""425328024590643""",C.Keyword.Products.SB.UPS.1500units,,250,DAILY_BUDGET,ENABLED,USD,1261,0,0.0,0.0,0,0,0,0.0,0,0,0,0,0,0,309
"May 25, 2025","=""84817009251939""",C.Keyword.Video.SB.PFCSinewave.CP1500PFCRM2U.B0B354X985,,250,DAILY_BUDGET,ENABLED,USD,8503,55,80.36,719.9,2,2,2,719.9,2,133,0,5,718,48,1502
"Aug 05, 2025","=""300358990869228""",B.Keyword.Store.SB.UPS.StoreSpotlight,,250,DAILY_BUDGET,ENABLED,USD,120,1,0.97,0.0,0,0,0,0.0,0,14,0,2,0,0,71
"Aug 27, 2025","=""349078398145277""",N.SB.Products.SB.UPS.Eco,,250,DAILY_BUDGET,PAUSED,USD,37507,132,285.52,934.55,6,9,4,449.8,4,205,115,11,0,0,9136
"Aug 21, 2025","=""450441693358033""",B2B - B.Keyword.Products.SB.UPS.1500units,,250,DAILY_BUDGET,ENABLED,USD,1514,5,114.01,447.42,2,2,0,0.0,0,16,3,2,0,0,143
"Jul 10, 2025","=""85546644235770""",C.Keyword.Video.SB.UPS.IntelligentLCD.CPAVR3,,250,DAILY_BUDGET,PAUSED,USD,5423,39,47.46,1399.65,7,7,5,999.75,5,102,0,8,480,45,985
"Jun 05, 2025","=""209147373785811""",N.Keyword.Video.SB.UPS.PFCSinewave.CPPFC(1),,250,DAILY_BUDGET,PAUSED,USD,1921,11,21.27,532.95,3,6,0,0.0,0,19,0,4,208,53,354
"Jun 05, 2025","=""450441693358033""",B2B - B.Keyword.Products.SB.UPS.1500units,,250,DAILY_BUDGET,ENABLED,USD,1563,2,3.23,59.95,1,1,0,0.0,0,3,0,1,0,0,235
"Jul 24, 2025","=""533624646611887""",C.Keyword.Store.SB.UPS.StoreSpotlight,,250,DAILY_BUDGET,PAUSED,USD,15427,79,816.34,1539.35,9,13,7,1239.6,8,107,0,56,0,0,7839
"May 01, 2025","=""516203922618177""",N.Keyword.Store.SB.UPS.StoreSpotlight,,250,DAILY_BUDGET,ENABLED,USD,35522,170,280.57,1857.45,11,11,10,1667.5,10,249,0,19,0,0,12108
"Jun 08, 2025","=""450441693358033""",B2B - B.Keyword.Products.SB.UPS.1500units,,250,DAILY_BUDGET,ENABLED,USD,23898,61,293.15,1514.53,6,6,6,1514.53,6,108,0,16,0,0,4062
"Jul 13, 2025","=""400654489506156""",B.Keyword.Products.SB.UPS.BestSellers,,250,DAILY_BUDGET,PAUSED,USD,67601,77,767.45,909.65,6,7,3,439.85,3,161,0,10,0,0,19144
"Jul 12, 2025","=""327967099369911""",N.Keyword.Products.SB.UPS.1500units,,250,DAILY_BUDGET,PAUSED,USD,16916,28,35.45,0.0,0,0,0,0.0,0,44,0,4,0,0,1838
"Jul 11, 2025","=""349078398145277""",N.SB.Products.SB.UPS.Eco,,250,DAILY_BUDGET,PAUSED,USD,56295,186,406.97,1580.15,14,17,13,1380.2,16,236,0,22,0,0,10824
"Aug 24, 2025","=""501138070676838""",N.SB.Products.SB.UPS.AVR,,250,DAILY_BUDGET,PAUSED,USD,17856,26,59.39,109.95,1,1,1,109.95,1,28,20,4,0,0,2156
"May 10, 2025","=""300358990869228""",B.Keyword.Store.SB.UPS.StoreSpotlight,,250,DAILY_BUDGET,ENABLED,USD,1184,13,116.79,2036.3,23,27,17,1617.1,19,196,0,37,0,0,1011
"Jul 26, 2025","=""293529288726869""",B.Keyword.Video.SB.UPS.PFCSinewave.CP1500PFCLCD.B00429N19W,,250,DAILY_BUDGET,ENABLED,USD,364,3,13.89,249.9,2,2,2,249.9,2,3,0,1,38,14,57
"Jun 04, 2025","=""38757712528936""",B.Keyword.Video.SB.UPS.PFCSinewave.CPPFC(1),,250,DAILY_BUDGET,PAUSED,USD,1368,12,24.73,479.01,2,2,2,479.01,2,25,0,2,172,45,277
"Jul 22, 2025","=""288898439745613""",B2B - N.Keyword.Products.SB.UPS.1500units,,250,DAILY_BUDGET,ENABLED,USD,4623,13,64.94,359.95,1,1,1,359.95,1,21,0,1,0,0,1266
"May 07, 2025","=""84817009251939""",C.Keyword.Video.SB.PFCSinewave.CP1500PFCRM2U.B0B354X985,,250,DAILY_BUDGET,ENABLED,USD,10125,66,115.86,5579.15,9,17,3,1004.85,3,172,0,16,732,63,1566
"May 11, 2025","=""112828660396406""",N.Keyword.Video.SB.UPS.SmartAppSinewave.OLHD,,250,DAILY_BUDGET,PAUSED,USD,370,1,2.05,0.0,0,0,0,0.0,0,3,0,1,18,2,44
"Aug 03, 2025","=""335733425531216""",N.Keyword.Video.SB.UPS.PFCSinewave.CP1500PFCLCD.B00429N19W,,250,DAILY_BUDGET,ENABLED,USD,4292,27,125.65,0.0,0,0,0,0.0,0,53,0,3,870,312,1134
"May 27, 2025","=""249902179030051""",N.Keyword.Video.SB.UPS.Surge.CSP,,250,DAILY_BUDGET,PAUSED,USD,831,16,12.5,24.49,1,1,1,24.49,1,25,0,1,90,8,154
"Jun 07, 2025","=""300358990869228""",B.Keyword.Store.SB.UPS.StoreSpotlight,,250,DAILY_BUDGET,ENABLED,USD,569,0,10.39,47.72,1,1,1,47.72,1,22,0,2,0,0,458
"Jun 18, 2025","=""450441693358033""",B2B - B.Keyword.Products.SB.UPS.1500units,,250,DAILY_BUDGET,ENABLED,USD,1376,3,9.05,2717.85,1,3,0,0.0,0,4,0,1,0,0,251
"Jun 24, 2025","=""369323377946560""",B2B - N.Keyword.Store.SB.UPS.StoreSpotlight,,250,DAILY_BUDGET,ENABLED,USD,1217,4,9.91,0.0,0,0,0,0.0,0,1,0,0,0,0,331
"May 22, 2025","=""60249080858733""",C.Keyword.Video.SB.UPS.PFCSinewave.CPPFC(1),,250,DAILY_BUDGET,PAUSED,USD,89,0,0.0,0.0,0,0,0,0.0,0,0,0,0,7,2,11
"Aug 15, 2025","=""501364882562485""",C.Keyword.Video.SB.UPS.IntelligentLCD.CP1500AVRLCD3.B0BCMLLSHL,,250,DAILY_BUDGET,ENABLED,USD,157,1,2.21,0.0,0,0,0,0.0,0,2,0,2,10,1,20
"May 27, 2025","=""300358990869228""",B.Keyword.Store.SB.UPS.StoreSpotlight,,250,DAILY_BUDGET,ENABLED,USD,1911,41,171.72,8852.91,53,64,41,6284.12,49,487,0,95,0,0,1585
"Jun 09, 2025","=""74868404430193""",N.Keyword.Video.SB.UPS.SmartAppLCD.OR.OR500LCRM1U,,250,DAILY_BUDGET,PAUSED,USD,1354,8,6.06,219.5,1,1,0,0.0,0,23,0,1,93,12,175
"Aug 26, 2025","=""369323377946560""",B2B - N.Keyword.Store.SB.UPS.StoreSpotlight,,250,DAILY_BUDGET,ENABLED,USD,5552,26,492.85,2149.18,8,10,4,1069.38,6,29,31,9,0,0,2237
"Aug 04, 2025","=""400654489506156""",B.Keyword.Products.SB.UPS.BestSellers,,250,DAILY_BUDGET,PAUSED,USD,62338,80,736.6,1869.4,10,12,6,1029.7,6,211,15,21,0,0,20272
"Aug 08, 2025","=""349078398145277""",N.SB.Products.SB.UPS.Eco,,250,DAILY_BUDGET,PAUSED,USD,111350,258,497.74,1097.35,11,13,11,1097.35,13,252,226,22,0,0,25661
"Jul 29, 2025","=""490434522578484""",C.Keyword.Video.SB.UPS.PFCSinewave.CP1500PFCLCD.B00429N19W,,250,DAILY_BUDGET,ENABLED,USD,874,4,37.09,0.0,0,0,0,0.0,0,1,0,0,123,34,206
"May 28, 2025","=""516203922618177""",N.Keyword.Store.SB.UPS.StoreSpotlight,,250,DAILY_BUDGET,ENABLED,USD,26557,121,266.32,2942.86,14,14,11,2450.01,11,156,0,25,0,0,7109
"May 21, 2025","=""425328024590643""",C.Keyword.Products.SB.UPS.1500units,,250,DAILY_BUDGET,ENABLED,USD,10133,30,208.37,409.8,3,3,2,289.85,2,43,0,3,0,0,4156
"Jul 05, 2025","=""501138070676838""",N.SB.Products.SB.UPS.AVR,,250,DAILY_BUDGET,PAUSED,USD,5107,4,11.7,0.0,0,0,0,0.0,0,8,0,0,0,0,428
"Jul 22, 2025","=""533624646611887""",C.Keyword.Store.SB.UPS.StoreSpotlight,,250,DAILY_BUDGET,PAUSED,USD,10268,42,517.03,349.85,3,3,3,349.85,3,36,0,8,0,0,4955
"Jul 13, 2025","=""516203922618177""",N.Keyword.Store.SB.UPS.StoreSpotlight,,250,DAILY_BUDGET,ENABLED,USD,1695,7,14.3,0.0,0,0,0,0.0,0,22,0,0,0,0,436
"Jun 11, 2025","=""501138070676838""",N.SB.Products.SB.UPS.AVR,,250,DAILY_BUDGET,PAUSED,USD,7560,9,15.38,0.0,0,0,0,0.0,0,6,0,0,0,0,2535
"Jul 18, 2025","=""400654489506156""",B.Keyword.Products.SB.UPS.BestSellers,,250,DAILY_BUDGET,PAUSED,USD,86445,68,731.45,1180.8,4,4,3,479.85,3,117,0,9,0,0,24344
"Aug 24, 2025","=""533624646611887""",C.Keyword.Store.SB.UPS.StoreSpotlight,,250,DAILY_BUDGET,PAUSED,USD,11958,77,1084.01,576.85,3,3,3,576.85,3,99,94,15,0,0,6065
"May 25, 2025","=""85546644235770""",C.Keyword.Video.SB.UPS.IntelligentLCD.CPAVR3,,250,DAILY_BUDGET,PAUSED,USD,5479,63,92.64,759.8,4,4,4,759.8,4,125,0,9,606,49,1225
"Jun 23, 2025","=""369323377946560""",B2B - N.Keyword.Store.SB.UPS.StoreSpotlight,,250,DAILY_BUDGET,ENABLED,USD,1074,3,12.8,218.38,1,1,1,218.38,1,3,0,1,0,0,321
"Aug 12, 2025","=""490434522578484""",C.Keyword.Video.SB.UPS.PFCSinewave.CP1500PFCLCD.B00429N19W,,250,DAILY_BUDGET,ENABLED,USD,3230,13,215.77,239.95,1,1,1,239.95,1,8,12,2,678,197,899
"May 07, 2025","=""400654489506156""",B.Keyword.Products.SB.UPS.BestSellers,,250,DAILY_BUDGET,PAUSED,USD,1967,4,23.38,0.0,0,0,0,0.0,0,16,0,7,0,0,700
"Aug 02, 2025","=""335733425531216""",N.Keyword.Video.SB.UPS.PFCSinewave.CP1500PFCLCD.B00429N19W,,250,DAILY_BUDGET,ENABLED,USD,4330,32,120.43,239.9,2,2,1,179.95,1,41,0,2,864,282,1198
"May 27, 2025","=""60249080858733""",C.Keyword.Video.SB.UPS.PFCSinewave.CPPFC(1),,250,DAILY_BUDGET,PAUSED,USD,144,0,0.0,0.0,0,0,0,0.0,0,0,0,0,8,0,22
"Jul 12, 2025","=""369323377946560""",B2B - N.Keyword.Store.SB.UPS.StoreSpotlight,,250,DAILY_BUDGET,ENABLED,USD,540,0,0.0,0.0,0,0,0,0.0,0,0,0,0,0,0,207
"May 26, 2025","=""450441693358033""",B2B - B.Keyword.Products.SB.UPS.1500units,,250,DAILY_BUDGET,ENABLED,USD,455,2,3.9,137.9,1,2,0,0.0,0,19,0,1,0,0,104
"Jun 19, 2025","=""501138070676838""",N.SB.Products.SB.UPS.AVR,,250,DAILY_BUDGET,PAUSED,USD,42615,76,144.85,259.9,2,2,2,259.9,2,100,0,5,0,0,7925
"Jul 18, 2025","=""452338404496050""",B.SB.Products.SB.UPS.PFC,,250,DAILY_BUDGET,PAUSED,USD,4856,30,122.09,986.36,5,5,3,561.42,3,91,0,7,0,0,1917
"Jun 18, 2025","=""300358990869228""",B.Keyword.Store.SB.UPS.StoreSpotlight,,250,DAILY_BUDGET,ENABLED,USD,712,5,22.62,6905.4,11,16,8,815.33,9,142,0,23,0,0,520
"Jun 17, 2025","=""38757712528936""",B.Keyword.Video.SB.UPS.PFCSinewave.CPPFC(1),,250,DAILY_BUDGET,PAUSED,USD,1976,20,67.49,367.58,3,3,3,367.58,3,29,0,3,189,61,329
"May 26, 2025","=""84817009251939""",C.Keyword.Video.SB.PFCSinewave.CP1500PFCRM2U.B0B354X985,,250,DAILY_BUDGET,ENABLED,USD,9761,74,116.23,889.85,3,3,2,554.9,2,223,0,9,839,65,1752
"May 14, 2025","=""300358990869228""",B.Keyword.Store.SB.UPS.StoreSpotlight,,250,DAILY_BUDGET,ENABLED,USD,1505,16,131.07,4335.34,30,37,17,3181.25,21,340,0,46,0,0,1293
"Aug 01, 2025","=""533624646611887""",C.Keyword.Store.SB.UPS.StoreSpotlight,,250,DAILY_BUDGET,PAUSED,USD,13591,60,638.46,2269.15,9,17,7,1549.25,15,109,0,16,0,0,6559
"May 13, 2025","=""112828660396406""",N.Keyword.Video.SB.UPS.SmartAppSinewave.OLHD,,250,DAILY_BUDGET,PAUSED,USD,419,0,0.0,0.0,0,0,0,0.0,0,0,0,0,26,1,52
"May 30, 2025","=""353873361287335""",B2B - B.Keyword.Store.SB.UPS.StoreSpotlight,,250,DAILY_BUDGET,ENABLED,USD,58,1,1.87,505.95,1,1,1,505.95,1,2,0,1,0,0,25
"Jun 18, 2025","=""249902179030051""",N.Keyword.Video.SB.UPS.Surge.CSP,,250,DAILY_BUDGET,PAUSED,USD,1450,22,16.24,155.69,5,7,3,74.97,3,38,0,9,147,20,305
"May 14, 2025","=""85546644235770""",C.Keyword.Video.SB.UPS.IntelligentLCD.CPAVR3,,250,DAILY_BUDGET,PAUSED,USD,5050,41,58.93,439.85,3,3,2,379.9,2,54,0,6,425,40,807
"Jun 05, 2025","=""353873361287335""",B2B - B.Keyword.Store.SB.UPS.StoreSpotlight,,250,DAILY_BUDGET,ENABLED,USD,103,0,0.0,0.0,0,0,0,0.0,0,0,0,0,0,0,41
"Jul 10, 2025","=""300358990869228""",B.Keyword.Store.SB.UPS.StoreSpotlight,,250,DAILY_BUDGET,ENABLED,USD,500,6,7.88,212.9,2,2,2,212.9,2,41,0,4,0,0,379
"Aug 01, 2025","=""425328024590643""",C.Keyword.Products.SB.UPS.1500units,,250,DAILY_BUDGET,ENABLED,USD,3942,3,10.48,0.0,0,0,0,0.0,0,5,0,0,0,0,1047
"Jul 03, 2025","=""456008348744441""",N.SB.Products.SB.UPS.PFC,,250,DAILY_BUDGET,PAUSED,USD,241057,244,3513.85,829.85,3,3,2,529.9,2,172,0,23,0,0,69733
"Aug 25, 2025","=""450441693358033""",B2B - B.Keyword.Products.SB.UPS.1500units,,250,DAILY_BUDGET,ENABLED,USD,2332,4,78.67,1079.85,1,3,1,1079.85,3,4,1,1,0,0,136
"Jul 05, 2025","=""335733425531216""",N.Keyword.Video.SB.UPS.PFCSinewave.CP1500PFCLCD.B00429N19W,,250,DAILY_BUDGET,ENABLED,USD,5643,22,163.49,299.95,1,1,1,299.95,1,26,0,3,1095,423,1399
"May 13, 2025","=""353873361287335""",B2B - B.Keyword.Store.SB.UPS.StoreSpotlight,,250,DAILY_BUDGET,ENABLED,USD,236,2,0.4,1209.9,1,2,0,0.0,0,9,0,2,0,0,90
"Jul 03, 2025","=""501138070676838""",N.SB.Products.SB.UPS.AVR,,250,DAILY_BUDGET,PAUSED,USD,13611,19,39.73,139.95,1,1,1,139.95,1,24,0,1,0,0,1784
"Jun 04, 2025","=""112828660396406""",N.Keyword.Video.SB.UPS.SmartAppSinewave.OLHD,,250,DAILY_BUDGET,PAUSED,USD,765,1,1.67,0.0,0,0,0,0.0,0,2,0,0,52,6,103
"May 27, 2025","=""450441693358033""",B2B - B.Keyword.Products.SB.UPS.1500units,,250,DAILY_BUDGET,ENABLED,USD,2019,7,25.23,0.0,0,0,0,0.0,0,29,0,0,0,0,348
"Aug 04, 2025","=""490434522578484""",C.Keyword.Video.SB.UPS.PFCSinewave.CP1500PFCLCD.B00429N19W,,250,DAILY_BUDGET,ENABLED,USD,1818,5,64.75,0.0,0,0,0,0.0,0,4,0,0,343,86,496
"Jul 02, 2025","=""249902179030051""",N.Keyword.Video.SB.UPS.Surge.CSP,,250,DAILY_BUDGET,PAUSED,USD,1412,24,19.97,45.17,2,2,2,45.17,2,35,0,2,162,26,321
"Jul 25, 2025","=""335733425531216""",N.Keyword.Video.SB.UPS.PFCSinewave.CP1500PFCLCD.B00429N19W,,250,DAILY_BUDGET,ENABLED,USD,7268,56,236.93,289.9,2,2,2,289.9,2,84,0,9,1373,485,1765
"Jul 12, 2025","=""516203922618177""",N.Keyword.Store.SB.UPS.StoreSpotlight,,250,DAILY_BUDGET,ENABLED,USD,1340,7,11.61,319.9,2,2,2,319.9,2,44,0,4,0,0,453
"Jul 09, 2025","=""516203922618177""",N.Keyword.Store.SB.UPS.StoreSpotlight,,250,DAILY_BUDGET,ENABLED,USD,2716,22,48.75,0.0,0,0,0,0.0,0,21,0,1,0,0,1123
"May 19, 2025","=""112828660396406""",N.Keyword.Video.SB.UPS.SmartAppSinewave.OLHD,,250,DAILY_BUDGET,PAUSED,USD,589,2,3.14,0.0,0,0,0,0.0,0,1,0,0,55,7,98
"Jul 23, 2025","=""450441693358033""",B2B - B.Keyword.Products.SB.UPS.1500units,,250,DAILY_BUDGET,ENABLED,USD,1565,2,17.68,0.0,0,0,0,0.0,0,2,0,0,0,0,128
"Jul 02, 2025","=""38757712528936""",B.Keyword.Video.SB.UPS.PFCSinewave.CPPFC(1),,250,DAILY_BUDGET,PAUSED,USD,1113,14,55.28,490.04,4,5,4,490.04,5,40,0,10,134,46,229
"May 19, 2025","=""60249080858733""",C.Keyword.Video.SB.UPS.PFCSinewave.CPPFC(1),,250,DAILY_BUDGET,PAUSED,USD,55,0,0.0,0.0,0,0,0,0.0,0,0,0,0,2,1,11
"Jun 08, 2025","=""112828660396406""",N.Keyword.Video.SB.UPS.SmartAppSinewave.OLHD,,250,DAILY_BUDGET,PAUSED,USD,712,2,2.05,1378.05,1,3,1,1378.05,3,7,0,1,52,6,117
"Jun 24, 2025","=""288898439745613""",B2B - N.Keyword.Products.SB.UPS.1500units,,250,DAILY_BUDGET,ENABLED,USD,10384,29,113.53,2311.24,4,12,4,2311.24,12,49,0,5,0,0,3521
"May 27, 2025","=""112828660396406""",N.Keyword.Video.SB.UPS.SmartAppSinewave.OLHD,,250,DAILY_BUDGET,PAUSED,USD,1263,7,18.38,0.0,0,0,0,0.0,0,17,0,0,109,8,210
"Jun 11, 2025","=""456008348744441""",N.SB.Products.SB.UPS.PFC,,250,DAILY_BUDGET,PAUSED,USD,36834,24,46.48,0.0,0,0,0,0.0,0,8,0,0,0,0,12065
"May 26, 2025","=""249902179030051""",N.Keyword.Video.SB.UPS.Surge.CSP,,250,DAILY_BUDGET,PAUSED,USD,2067,29,22.08,0.0,0,0,0,0.0,0,33,0,0,170,20,380
"Jun 11, 2025","=""60249080858733""",C.Keyword.Video.SB.UPS.PFCSinewave.CPPFC(1),,250,DAILY_BUDGET,PAUSED,USD,178,0,0.0,0.0,0,0,0,0.0,0,0,0,0,11,3,21
"Jul 07, 2025","=""349078398145277""",N.SB.Products.SB.UPS.Eco,,250,DAILY_BUDGET,PAUSED,USD,285516,636,2057.81,208.69,3,3,3,208.69,3,460,0,17,0,0,74849
"Jul 18, 2025","=""85546644235770""",C.Keyword.Video.SB.UPS.IntelligentLCD.CPAVR3,,250,DAILY_BUDGET,PAUSED,USD,2569,15,47.83,519.85,3,3,2,319.9,2,39,0,4,263,31,489
"Aug 13, 2025","=""349078398145277""",N.SB.Products.SB.UPS.Eco,,250,DAILY_BUDGET,PAUSED,USD,114358,356,694.59,1667.35,13,13,11,1450.45,11,376,277,22,0,0,32270
"Aug 08, 2025","=""369323377946560""",B2B - N.Keyword.Store.SB.UPS.StoreSpotlight,,250,DAILY_BUDGET,ENABLED,USD,1658,12,150.31,336.9,2,2,1,239.95,1,4,14,1,0,0,723
"May 19, 2025","=""425328024590643""",C.Keyword.Products.SB.UPS.1500units,,250,DAILY_BUDGET,ENABLED,USD,11629,37,200.87,0.0,0,0,0,0.0,0,57,0,3,0,0,4651
"May 13, 2025","=""300358990869228""",B.Keyword.Store.SB.UPS.StoreSpotlight,,250,DAILY_BUDGET,ENABLED,USD,1279,12,112.52,4247.51,29,40,17,1932.08,17,281,0,47,0,0,1099
"Jul 20, 2025","=""452338404496050""",B.SB.Products.SB.UPS.PFC,,250,DAILY_BUDGET,PAUSED,USD,4506,36,135.18,2637.32,5,5,3,1587.42,3,83,0,6,0,0,1855
"Jul 27, 2025","=""300358990869228""",B.Keyword.Store.SB.UPS.StoreSpotlight,,250,DAILY_BUDGET,ENABLED,USD,323,1,3.05,0.0,0,0,0,0.0,0,7,0,0,0,0,236
"May 21, 2025","=""288898439745613""",B2B - N.Keyword.Products.SB.UPS.1500units,,250,DAILY_BUDGET,ENABLED,USD,12805,40,342.54,1169.7,2,6,2,1169.7,6,57,0,6,0,0,4850
"Aug 02, 2025","=""293529288726869""",B.Keyword.Video.SB.UPS.PFCSinewave.CP1500PFCLCD.B00429N19W,,250,DAILY_BUDGET,ENABLED,USD,503,5,33.65,0.0,0,0,0,0.0,0,5,0,1,76,21,136
"May 10, 2025","=""249902179030051""",N.Keyword.Video.SB.UPS.Surge.CSP,,250,DAILY_BUDGET,PAUSED,USD,2854,42,36.3,53.97,2,3,2,53.97,3,53,0,4,229,18,512
"Jul 04, 2025","=""369323377946560""",B2B - N.Keyword.Store.SB.UPS.StoreSpotlight,,250,DAILY_BUDGET,ENABLED,USD,9049,11,202.34,3599.5,1,10,0,0.0,0,7,0,3,0,0,4032
"Aug 18, 2025","=""501138070676838""",N.SB.Products.SB.UPS.AVR,,250,DAILY_BUDGET,PAUSED,USD,11778,24,61.7,409.85,3,3,3,409.85,3,45,20,7,0,0,2083
"Aug 07, 2025","=""335733425531216""",N.Keyword.Video.SB.UPS.PFCSinewave.CP1500PFCLCD.B00429N19W,,250,DAILY_BUDGET,ENABLED,USD,8999,74,376.47,1296.75,4,5,2,479.9,2,139,34,7,1990,666,2660
"Jul 30, 2025","=""425328024590643""",C.Keyword.Products.SB.UPS.1500units,,250,DAILY_BUDGET,ENABLED,USD,1514,4,10.14,0.0,0,0,0,0.0,0,18,0,0,0,0,453
"Jun 19, 2025","=""369323377946560""",B2B - N.Keyword.Store.SB.UPS.StoreSpotlight,,250,DAILY_BUDGET,ENABLED,USD,872,0,0.0,0.0,0,0,0,0.0,0,0,0,0,0,0,255
"Jul 22, 2025","=""300358990869228""",B.Keyword.Store.SB.UPS.StoreSpotlight,,250,DAILY_BUDGET,ENABLED,USD,301,1,2.84,59.95,1,1,0,0.0,0,5,0,1,0,0,245
"Aug 06, 2025","=""288898439745613""",B2B - N.Keyword.Products.SB.UPS.1500units,,250,DAILY_BUDGET,ENABLED,USD,5604,23,120.03,1557.57,5,5,1,359.95,1,49,8,6,0,0,1540
"Aug 06, 2025","=""501138070676838""",N.SB.Products.SB.UPS.AVR,,250,DAILY_BUDGET,PAUSED,USD,17066,16,43.93,0.0,0,0,0,0.0,0,32,14,3,0,0,3275
"May 02, 2025","=""288898439745613""",B2B - N.Keyword.Products.SB.UPS.1500units,,250,DAILY_BUDGET,ENABLED,USD,14521,27,212.84,859.75,3,5,1,379.9,2,34,0,3,0,0,5901
"Jun 07, 2025","=""209147373785811""",N.Keyword.Video.SB.UPS.PFCSinewave.CPPFC(1),,250,DAILY_BUDGET,PAUSED,USD,972,5,7.24,0.0,0,0,0,0.0,0,17,0,1,101,20,165
"Aug 16, 2025","=""327967099369911""",N.Keyword.Products.SB.UPS.1500units,,250,DAILY_BUDGET,PAUSED,USD,914,4,4.01,0.0,0,0,0,0.0,0,6,2,0,0,0,230
"Jul 17, 2025","=""84817009251939""",C.Keyword.Video.SB.PFCSinewave.CP1500PFCRM2U.B0B354X985,,250,DAILY_BUDGET,ENABLED,USD,0,0,0.0,0.0,0,0,0,0.0,0,0,0,0,0,0,0
"Jun 17, 2025","=""85546644235770""",C.Keyword.Video.SB.UPS.IntelligentLCD.CPAVR3,,250,DAILY_BUDGET,PAUSED,USD,4229,37,39.63,260.66,2,2,2,260.66,2,58,0,1,402,37,811
"Jun 30, 2025","=""369323377946560""",B2B - N.Keyword.Store.SB.UPS.StoreSpotlight,,250,DAILY_BUDGET,ENABLED,USD,919,1,5.15,0.0,0,0,0,0.0,0,0,0,0,0,0,251
"May 05, 2025","=""209147373785811""",N.Keyword.Video.SB.UPS.PFCSinewave.CPPFC(1),,250,DAILY_BUDGET,PAUSED,USD,1099,8,21.54,0.0,0,0,0,0.0,0,17,0,0,84,10,171
"May 06, 2025","=""450441693358033""",B2B - B.Keyword.Products.SB.UPS.1500units,,250,DAILY_BUDGET,ENABLED,USD,1060,2,2.98,0.0,0,0,0,0.0,0,2,0,0,0,0,258
"Jul 04, 2025","=""495634510759677""",B.Keyword.Video.SB.PFCSinewave.CP1500PFCRM2U.B0B354X985,,250,DAILY_BUDGET,PAUSED,USD,2,0,0.0,0.0,0,0,0,0.0,0,0,0,0,0,0,0
"Jul 23, 2025","=""490434522578484""",C.Keyword.Video.SB.UPS.PFCSinewave.CP1500PFCLCD.B00429N19W,,250,DAILY_BUDGET,ENABLED,USD,1220,4,48.8,0.0,0,0,0,0.0,0,1,0,0,227,54,324
"Aug 02, 2025","=""533624646611887""",C.Keyword.Store.SB.UPS.StoreSpotlight,,250,DAILY_BUDGET,PAUSED,USD,10083,48,408.24,349.85,3,3,2,239.9,2,29,0,8,0,0,5164
"Aug 25, 2025","=""300358990869228""",B.Keyword.Store.SB.UPS.StoreSpotlight,,250,DAILY_BUDGET,ENABLED,USD,159,2,1.51,0.0,0,0,0,0.0,0,11,3,1,0,0,118
"Jul 28, 2025","=""425328024590643""",C.Keyword.Products.SB.UPS.1500units,,250,DAILY_BUDGET,ENABLED,USD,2187,3,19.08,0.0,0,0,0,0.0,0,7,0,0,0,0,587
"Jun 17, 2025","=""249902179030051""",N.Keyword.Video.SB.UPS.Surge.CSP,,250,DAILY_BUDGET,PAUSED,USD,1700,31,25.83,99.96,4,4,4,99.96,4,46,0,5,162,14,318
"Jul 03, 2025","=""293529288726869""",B.Keyword.Video.SB.UPS.PFCSinewave.CP1500PFCLCD.B00429N19W,,250,DAILY_BUDGET,ENABLED,USD,7618,21,142.56,0.0,0,0,0,0.0,0,13,0,0,1067,455,1183
"Jul 04, 2025","=""293529288726869""",B.Keyword.Video.SB.UPS.PFCSinewave.CP1500PFCLCD.B00429N19W,,250,DAILY_BUDGET,ENABLED,USD,103007,313,1886.46,301.94,2,2,2,301.94,2,165,0,6,20480,8950,22326
"Jul 13, 2025","=""501138070676838""",N.SB.Products.SB.UPS.AVR,,250,DAILY_BUDGET,PAUSED,USD,14128,19,45.95,0.0,0,0,0,0.0,0,27,0,3,0,0,1886
"Jun 28, 2025","=""450441693358033""",B2B - B.Keyword.Products.SB.UPS.1500units,,250,DAILY_BUDGET,ENABLED,USD,280,0,0.0,0.0,0,0,0,0.0,0,0,0,0,0,0,54
"Aug 03, 2025","=""452338404496050""",B.SB.Products.SB.UPS.PFC,,250,DAILY_BUDGET,PAUSED,USD,5780,37,178.13,1537.82,5,8,3,1530.64,6,89,1,6,0,0,2128
"May 18, 2025","=""400654489506156""",B.Keyword.Products.SB.UPS.BestSellers,,250,DAILY_BUDGET,PAUSED,USD,1047,2,3.29,0.0,0,0,0,0.0,0,9,0,2,0,0,318
"Jul 23, 2025","=""327967099369911""",N.Keyword.Products.SB.UPS.1500units,,250,DAILY_BUDGET,PAUSED,USD,5601,26,60.85,439.88,2,2,2,439.88,2,50,0,3,0,0,1276
"Aug 23, 2025","=""353873361287335""",B2B - B.Keyword.Store.SB.UPS.StoreSpotlight,,250,DAILY_BUDGET,ENABLED,USD,74,0,0.0,0.0,0,0,0,0.0,0,0,0,0,0,0,37
"May 01, 2025","=""84817009251939""",C.Keyword.Video.SB.PFCSinewave.CP1500PFCRM2U.B0B354X985,,250,DAILY_BUDGET,ENABLED,USD,14966,69,104.01,2009.75,5,5,4,1674.8,4,192,0,12,1003,63,2304
"Aug 20, 2025","=""452338404496050""",B.SB.Products.SB.UPS.PFC,,250,DAILY_BUDGET,PAUSED,USD,7339,35,388.91,749.41,4,5,1,37.99,1,34,31,7,0,0,2740
"Jul 04, 2025","=""335733425531216""",N.Keyword.Video.SB.UPS.PFCSinewave.CP1500PFCLCD.B00429N19W,,250,DAILY_BUDGET,ENABLED,USD,34396,103,767.83,0.0,0,0,0,0.0,0,62,0,3,7987,3745,8370
"Jun 16, 2025","=""60249080858733""",C.Keyword.Video.SB.UPS.PFCSinewave.CPPFC(1),,250,DAILY_BUDGET,PAUSED,USD,237,0,0.0,0.0,0,0,0,0.0,0,0,0,0,11,0,20
"May 20, 2025","=""249902179030051""",N.Keyword.Video.SB.UPS.Surge.CSP,,250,DAILY_BUDGET,PAUSED,USD,1045,17,13.68,0.0,0,0,0,0.0,0,27,0,5,103,12,194
"May 16, 2025","=""288898439745613""",B2B - N.Keyword.Products.SB.UPS.1500units,,250,DAILY_BUDGET,ENABLED,USD,9447,28,279.57,1136.89,3,3,1,739.99,1,41,1,4,0,0,3785
"Jun 04, 2025","=""353873361287335""",B2B - B.Keyword.Store.SB.UPS.StoreSpotlight,,250,DAILY_BUDGET,ENABLED,USD,123,0,0.0,0.0,0,0,0,0.0,0,0,0,0,0,0,50
"Jul 12, 2025","=""367333782614376""",N.SB.Products.SB.UPS.PFCRM,,250,DAILY_BUDGET,PAUSED,USD,21156,27,63.29,199.95,1,1,1,199.95,1,34,0,2,0,0,3201
"Jul 31, 2025","=""349078398145277""",N.SB.Products.SB.UPS.Eco,,250,DAILY_BUDGET,PAUSED,USD,33785,151,436.77,1481.35,12,13,12,1481.35,13,369,5,21,0,0,8832
"May 02, 2025","=""209147373785811""",N.Keyword.Video.SB.UPS.PFCSinewave.CPPFC(1),,250,DAILY_BUDGET,PAUSED,USD,904,5,8.73,659.85,2,3,2,659.85,3,17,0,4,54,10,127
"May 01, 2025","=""249902179030051""",N.Keyword.Video.SB.UPS.Surge.CSP,,250,DAILY_BUDGET,PAUSED,USD,3078,29,26.62,21.1,1,1,0,0.0,0,39,0,4,227,19,554
"Jun 05, 2025","=""516203922618177""",N.Keyword.Store.SB.UPS.StoreSpotlight,,250,DAILY_BUDGET,ENABLED,USD,22925,98,136.68,949.75,3,5,3,949.75,5,134,0,14,0,0,6366
"May 25, 2025","=""450441693358033""",B2B - B.Keyword.Products.SB.UPS.1500units,,250,DAILY_BUDGET,ENABLED,USD,472,2,7.69,89.99,1,1,1,89.99,1,6,0,2,0,0,75
"Jun 27, 2025","=""516203922618177""",N.Keyword.Store.SB.UPS.StoreSpotlight,,250,DAILY_BUDGET,ENABLED,USD,7653,19,29.87,0.0,0,0,0,0.0,0,24,0,0,0,0,1204
"May 24, 2025","=""327967099369911""",N.Keyword.Products.SB.UPS.1500units,,250,DAILY_BUDGET,PAUSED,USD,104508,146,802.43,1519.65,6,7,6,1519.65,7,258,0,13,0,0,37284
"Jul 01, 2025","=""516203922618177""",N.Keyword.Store.SB.UPS.StoreSpotlight,,250,DAILY_BUDGET,ENABLED,USD,2277,18,42.09,24.99,1,1,1,24.99,1,48,0,2,0,0,511
"Jul 20, 2025","=""353873361287335""",B2B - B.Keyword.Store.SB.UPS.StoreSpotlight,,250,DAILY_BUDGET,ENABLED,USD,39,0,0.0,0.0,0,0,0,0.0,0,0,0,0,0,0,22
"Jul 15, 2025","=""349078398145277""",N.SB.Products.SB.UPS.Eco,,250,DAILY_BUDGET,PAUSED,USD,47810,130,225.82,329.85,3,3,3,329.85,3,132,0,9,0,0,10789
"May 23, 2025","=""327967099369911""",N.Keyword.Products.SB.UPS.1500units,,250,DAILY_BUDGET,PAUSED,USD,135865,208,1260.36,1694.63,9,10,7,1559.64,8,221,0,16,0,0,46132
"Jun 28, 2025","=""501138070676838""",N.SB.Products.SB.UPS.AVR,,250,DAILY_BUDGET,PAUSED,USD,38381,66,140.77,739.8,3,4,3,739.8,4,93,0,10,0,0,5876
"Aug 22, 2025","=""327967099369911""",N.Keyword.Products.SB.UPS.1500units,,250,DAILY_BUDGET,PAUSED,USD,2304,5,5.43,179.95,1,1,1,179.95,1,20,1,0,0,0,182
"Aug 27, 2025","=""533624646611887""",C.Keyword.Store.SB.UPS.StoreSpotlight,,250,DAILY_BUDGET,PAUSED,USD,16090,71,948.37,779.75,5,5,5,779.75,5,74,94,10,0,0,7910
"May 15, 2025","=""516203922618177""",N.Keyword.Store.SB.UPS.StoreSpotlight,,250,DAILY_BUDGET,ENABLED,USD,10801,54,113.26,1328.32,9,10,7,1160.65,8,108,0,13,0,0,3187
"Jul 30, 2025","=""501364882562485""",C.Keyword.Video.SB.UPS.IntelligentLCD.CP1500AVRLCD3.B0BCMLLSHL,,250,DAILY_BUDGET,ENABLED,USD,1455,4,46.82,0.0,0,0,0,0.0,0,1,0,0,276,58,364
"Jul 04, 2025","=""501138070676838""",N.SB.Products.SB.UPS.AVR,,250,DAILY_BUDGET,PAUSED,USD,5694,2,4.6,0.0,0,0,0,0.0,0,3,0,0,0,0,358
"Aug 06, 2025","=""501364882562485""",C.Keyword.Video.SB.UPS.IntelligentLCD.CP1500AVRLCD3.B0BCMLLSHL,,250,DAILY_BUDGET,ENABLED,USD,114,0,0.0,0.0,0,0,0,0.0,0,0,0,0,6,0,15
"Aug 23, 2025","=""501364882562485""",C.Keyword.Video.SB.UPS.IntelligentLCD.CP1500AVRLCD3.B0BCMLLSHL,,250,DAILY_BUDGET,ENABLED,USD,658,0,0.0,0.0,0,0,0,0.0,0,0,0,0,109,23,164
"Jun 03, 2025","=""209147373785811""",N.Keyword.Video.SB.UPS.PFCSinewave.CPPFC(1),,250,DAILY_BUDGET,PAUSED,USD,1659,6,11.63,0.0,0,0,0,0.0,0,12,0,2,169,42,281
"Aug 02, 2025","=""369323377946560""",B2B - N.Keyword.Store.SB.UPS.StoreSpotlight,,250,DAILY_BUDGET,ENABLED,USD,462,3,48.82,319.9,2,2,1,119.95,1,3,0,1,0,0,215
"Aug 09, 2025","=""367333782614376""",N.SB.Products.SB.UPS.PFCRM,,250,DAILY_BUDGET,PAUSED,USD,67687,175,599.0,1560.78,6,6,3,970.89,3,250,166,17,0,0,16445
"Jul 16, 2025","=""450441693358033""",B2B - B.Keyword.Products.SB.UPS.1500units,,250,DAILY_BUDGET,ENABLED,USD,1410,2,10.2,0.0,0,0,0,0.0,0,2,0,0,0,0,111
"Jul 11, 2025","=""353873361287335""",B2B - B.Keyword.Store.SB.UPS.StoreSpotlight,,250,DAILY_BUDGET,ENABLED,USD,249,3,11.56,1806.88,5,5,0,0.0,0,12,0,5,0,0,122
"Aug 22, 2025","=""533624646611887""",C.Keyword.Store.SB.UPS.StoreSpotlight,,250,DAILY_BUDGET,PAUSED,USD,15135,92,1287.91,740.64,6,6,6,740.64,6,79,124,11,0,0,7311
"Jun 08, 2025","=""327967099369911""",N.Keyword.Products.SB.UPS.1500units,,250,DAILY_BUDGET,PAUSED,USD,0,0,0.0,0.0,0,0,0,0.0,0,0,0,0,0,0,0
"Jul 05, 2025","=""456008348744441""",N.SB.Products.SB.UPS.PFC,,250,DAILY_BUDGET,PAUSED,USD,565700,447,7479.67,1199.03,5,5,4,899.08,4,244,0,15,0,0,153317
"May 14, 2025","=""288898439745613""",B2B - N.Keyword.Products.SB.UPS.1500units,,250,DAILY_BUDGET,ENABLED,USD,11208,23,244.6,729.8,4,4,3,579.85,3,29,0,6,0,0,4530
"Jun 13, 2025","=""516203922618177""",N.Keyword.Store.SB.UPS.StoreSpotlight,,250,DAILY_BUDGET,ENABLED,USD,15579,52,94.92,489.85,3,3,2,289.9,2,121,0,5,0,0,3533
"Jul 16, 2025","=""452338404496050""",B.SB.Products.SB.UPS.PFC,,250,DAILY_BUDGET,PAUSED,USD,82147,180,728.24,2259.5,9,10,6,1299.65,7,224,0,23,0,0,19402
"Aug 23, 2025","=""369323377946560""",B2B - N.Keyword.Store.SB.UPS.StoreSpotlight,,250,DAILY_BUDGET,ENABLED,USD,1952,5,62.12,0.0,0,0,0,0.0,0,6,6,2,0,0,849
"Jul 27, 2025","=""516203922618177""",N.Keyword.Store.SB.UPS.StoreSpotlight,,250,DAILY_BUDGET,ENABLED,USD,1312,7,13.71,59.95,1,1,0,0.0,0,16,0,2,0,0,489
"Jul 13, 2025","=""327967099369911""",N.Keyword.Products.SB.UPS.1500units,,250,DAILY_BUDGET,PAUSED,USD,16054,24,32.05,0.0,0,0,0,0.0,0,50,0,4,0,0,1895
"Jun 09, 2025","=""84817009251939""",C.Keyword.Video.SB.PFCSinewave.CP1500PFCRM2U.B0B354X985,,250,DAILY_BUDGET,ENABLED,USD,12910,76,127.12,1967.68,7,7,3,818.88,3,185,0,26,1072,103,2038
"Jul 04, 2025","=""452338404496050""",B.SB.Products.SB.UPS.PFC,,250,DAILY_BUDGET,PAUSED,USD,163535,101,625.77,0.0,0,0,0,0.0,0,65,0,2,0,0,43237
"Jul 29, 2025","=""288898439745613""",B2B - N.Keyword.Products.SB.UPS.1500units,,250,DAILY_BUDGET,ENABLED,USD,4750,9,35.29,1199.25,1,15,0,0.0,0,9,0,2,0,0,1125
"Aug 02, 2025","=""450441693358033""",B2B - B.Keyword.Products.SB.UPS.1500units,,250,DAILY_BUDGET,ENABLED,USD,301,0,0.0,0.0,0,0,0,0.0,0,0,0,0,0,0,33
"Jul 19, 2025","=""288898439745613""",B2B - N.Keyword.Products.SB.UPS.1500units,,250,DAILY_BUDGET,ENABLED,USD,1325,5,20.44,0.0,0,0,0,0.0,0,13,0,0,0,0,484
"Aug 16, 2025","=""353873361287335""",B2B - B.Keyword.Store.SB.UPS.StoreSpotlight,,250,DAILY_BUDGET,ENABLED,USD,71,1,4.25,0.0,0,0,0,0.0,0,1,5,0,0,0,34
"Jun 08, 2025","=""369323377946560""",B2B - N.Keyword.Store.SB.UPS.StoreSpotlight,,250,DAILY_BUDGET,ENABLED,USD,51321,110,323.16,817.61,6,6,5,701.66,5,166,0,14,0,0,16421
"May 17, 2025","=""400654489506156""",B.Keyword.Products.SB.UPS.BestSellers,,250,DAILY_BUDGET,PAUSED,USD,1114,2,3.15,0.0,0,0,0,0.0,0,0,0,0,0,0,352
"Jun 26, 2025","=""288898439745613""",B2B - N.Keyword.Products.SB.UPS.1500units,,250,DAILY_BUDGET,ENABLED,USD,7945,24,117.73,1951.7,5,6,3,869.8,4,49,0,6,0,0,2679
"Jun 19, 2025","=""249902179030051""",N.Keyword.Video.SB.UPS.Surge.CSP,,250,DAILY_BUDGET,PAUSED,USD,1518,25,18.75,75.16,3,3,3,75.16,3,43,0,6,173,17,336
"Aug 20, 2025","=""367333782614376""",N.SB.Products.SB.UPS.PFCRM,,250,DAILY_BUDGET,PAUSED,USD,41804,115,308.74,1212.82,5,6,3,722.89,3,152,118,8,0,0,8621
"Jul 19, 2025","=""400654489506156""",B.Keyword.Products.SB.UPS.BestSellers,,250,DAILY_BUDGET,PAUSED,USD,82710,84,966.33,493.7,5,6,2,216.85,3,157,0,11,0,0,24413
"Jun 25, 2025","=""501138070676838""",N.SB.Products.SB.UPS.AVR,,250,DAILY_BUDGET,PAUSED,USD,91161,151,446.07,929.7,6,6,3,474.85,3,158,0,13,0,0,17520
"Aug 06, 2025","=""300358990869228""",B.Keyword.Store.SB.UPS.StoreSpotlight,,250,DAILY_BUDGET,ENABLED,USD,101,0,0.77,0.0,0,0,0,0.0,0,1,0,0,0,0,62
"Aug 08, 2025","=""516203922618177""",N.Keyword.Store.SB.UPS.StoreSpotlight,,250,DAILY_BUDGET,ENABLED,USD,981,2,1.08,0.0,0,0,0,0.0,0,0,1,0,0,0,326
"Jul 09, 2025","=""300358990869228""",B.Keyword.Store.SB.UPS.StoreSpotlight,,250,DAILY_BUDGET,ENABLED,USD,395,4,7.71,444.54,4,7,3,204.74,3,60,0,6,0,0,259
"Aug 23, 2025","=""335733425531216""",N.Keyword.Video.SB.UPS.PFCSinewave.CP1500PFCLCD.B00429N19W,,250,DAILY_BUDGET,ENABLED,USD,3711,28,96.24,1110.85,3,3,3,1110.85,3,58,11,8,689,221,897
"Jul 24, 2025","=""425328024590643""",C.Keyword.Products.SB.UPS.1500units,,250,DAILY_BUDGET,ENABLED,USD,2207,4,3.76,0.0,0,0,0,0.0,0,8,0,0,0,0,578
"Aug 28, 2025","=""353873361287335""",B2B - B.Keyword.Store.SB.UPS.StoreSpotlight,,250,DAILY_BUDGET,ENABLED,USD,194,1,20.47,0.0,0,0,0,0.0,0,2,1,0,0,0,91
"Aug 11, 2025","=""501364882562485""",C.Keyword.Video.SB.UPS.IntelligentLCD.CP1500AVRLCD3.B0BCMLLSHL,,250,DAILY_BUDGET,ENABLED,USD,120,0,0.0,0.0,0,0,0,0.0,0,0,0,0,4,2,13
"Jun 07, 2025","=""288898439745613""",B2B - N.Keyword.Products.SB.UPS.1500units,,250,DAILY_BUDGET,ENABLED,USD,72705,136,980.73,1579.95,5,5,5,1579.95,5,124,0,9,0,0,24135
"May 01, 2025","=""400654489506156""",B.Keyword.Products.SB.UPS.BestSellers,,250,DAILY_BUDGET,PAUSED,USD,13000,14,41.23,219.95,1,1,1,219.95,1,11,0,1,0,0,4432
"Jul 13, 2025","=""353873361287335""",B2B - B.Keyword.Store.SB.UPS.StoreSpotlight,,250,DAILY_BUDGET,ENABLED,USD,80,0,0.0,0.0,0,0,0,0.0,0,0,0,0,0,0,40
"May 03, 2025","=""327967099369911""",N.Keyword.Products.SB.UPS.1500units,,250,DAILY_BUDGET,PAUSED,USD,266203,323,2745.46,1869.55,9,9,8,1649.6,8,443,0,22,0,0,89591
"Aug 19, 2025","=""335733425531216""",N.Keyword.Video.SB.UPS.PFCSinewave.CP1500PFCLCD.B00429N19W,,250,DAILY_BUDGET,ENABLED,USD,7370,38,156.7,479.9,1,2,1,479.9,2,55,20,4,1330,450,1804
"May 21, 2025","=""38757712528936""",B.Keyword.Video.SB.UPS.PFCSinewave.CPPFC(1),,250,DAILY_BUDGET,PAUSED,USD,1495,12,104.0,439.9,2,2,2,439.9,2,15,0,2,183,45,307
"Jun 18, 2025","=""501138070676838""",N.SB.Products.SB.UPS.AVR,,250,DAILY_BUDGET,PAUSED,USD,33839,48,90.64,596.8,4,4,4,596.8,4,54,0,7,0,0,5215
"Jun 04, 2025","=""516203922618177""",N.Keyword.Store.SB.UPS.StoreSpotlight,,250,DAILY_BUDGET,ENABLED,USD,22978,117,185.29,1337.91,8,8,6,918.7,6,187,0,19,0,0,5832
"Jul 06, 2025","=""533553529526025""",N.Keyword.Video.SB.PFCSinewave.CP1500PFCRM2U.B0B354X985,,250,DAILY_BUDGET,PAUSED,USD,1663,21,124.93,505.95,1,1,1,505.95,1,32,0,1,302,73,476
"Jun 12, 2025","=""249902179030051""",N.Keyword.Video.SB.UPS.Surge.CSP,,250,DAILY_BUDGET,PAUSED,USD,1167,17,12.89,0.0,0,0,0,0.0,0,23,0,0,102,6,218
"Aug 11, 2025","=""501138070676838""",N.SB.Products.SB.UPS.AVR,,250,DAILY_BUDGET,PAUSED,USD,11425,16,48.28,0.0,0,0,0,0.0,0,20,10,0,0,0,1699
"Aug 19, 2025","=""425328024590643""",C.Keyword.Products.SB.UPS.1500units,,250,DAILY_BUDGET,ENABLED,USD,2004,1,3.27,0.0,0,0,0,0.0,0,3,0,0,0,0,548
"Aug 04, 2025","=""288898439745613""",B2B - N.Keyword.Products.SB.UPS.1500units,,250,DAILY_BUDGET,ENABLED,USD,3512,9,40.27,199.95,1,1,0,0.0,0,12,1,2,0,0,953
"Aug 14, 2025","=""288898439745613""",B2B - N.Keyword.Products.SB.UPS.1500units,,250,DAILY_BUDGET,ENABLED,USD,56562,105,2002.2,3725.31,14,17,4,829.84,4,111,69,15,0,0,22942
"May 03, 2025","=""450441693358033""",B2B - B.Keyword.Products.SB.UPS.1500units,,250,DAILY_BUDGET,ENABLED,USD,513,1,2.46,189.95,1,1,0,0.0,0,1,0,1,0,0,60
"Jun 02, 2025","=""516203922618177""",N.Keyword.Store.SB.UPS.StoreSpotlight,,250,DAILY_BUDGET,ENABLED,USD,23731,135,198.86,1545.5,10,10,6,969.7,6,211,0,19,0,0,6658
"Aug 17, 2025","=""425328024590643""",C.Keyword.Products.SB.UPS.1500units,,250,DAILY_BUDGET,ENABLED,USD,957,1,0.4,0.0,0,0,0,0.0,0,0,1,0,0,0,303
"Jul 11, 2025","=""335733425531216""",N.Keyword.Video.SB.UPS.PFCSinewave.CP1500PFCLCD.B00429N19W,,250,DAILY_BUDGET,ENABLED,USD,9175,129,991.14,2818.2,10,10,7,1698.35,7,212,0,18,2037,732,2611
"Aug 26, 2025","=""456008348744441""",N.SB.Products.SB.UPS.PFC,,250,DAILY_BUDGET,PAUSED,USD,52366,49,199.89,0.0,0,0,0,0.0,0,19,41,1,0,0,15479
"May 14, 2025","=""369323377946560""",B2B - N.Keyword.Store.SB.UPS.StoreSpotlight,,250,DAILY_BUDGET,ENABLED,USD,148,0,0.0,0.0,0,0,0,0.0,0,0,0,0,0,0,83
"Jun 05, 2025","=""84817009251939""",C.Keyword.Video.SB.PFCSinewave.CP1500PFCRM2U.B0B354X985,,250,DAILY_BUDGET,ENABLED,USD,9937,91,137.54,1159.8,4,4,1,359.95,1,243,0,15,872,77,1691
"Jun 02, 2025","=""450441693358033""",B2B - B.Keyword.Products.SB.UPS.1500units,,250,DAILY_BUDGET,ENABLED,USD,1504,3,2.19,498.69,1,1,0,0.0,0,5,0,1,0,0,246
"May 10, 2025","=""84817009251939""",C.Keyword.Video.SB.PFCSinewave.CP1500PFCRM2U.B0B354X985,,250,DAILY_BUDGET,ENABLED,USD,12506,62,96.41,554.9,2,2,2,554.9,2,126,0,3,824,53,2022
"May 14, 2025","=""516203922618177""",N.Keyword.Store.SB.UPS.StoreSpotlight,,250,DAILY_BUDGET,ENABLED,USD,10602,57,134.42,189.95,1,1,1,189.95,1,72,0,5,0,0,3082
"Jun 10, 2025","=""516203922618177""",N.Keyword.Store.SB.UPS.StoreSpotlight,,250,DAILY_BUDGET,ENABLED,USD,21824,92,157.31,1794.33,10,10,9,1555.55,9,194,0,22,0,0,5092
"Jul 24, 2025","=""335733425531216""",N.Keyword.Video.SB.UPS.PFCSinewave.CP1500PFCLCD.B00429N19W,,250,DAILY_BUDGET,ENABLED,USD,9440,72,294.79,1491.94,7,7,7,1491.94,7,82,0,9,1893,664,2397
"Jun 18, 2025","=""112828660396406""",N.Keyword.Video.SB.UPS.SmartAppSinewave.OLHD,,250,DAILY_BUDGET,PAUSED,USD,1021,5,7.5,0.0,0,0,0,0.0,0,9,0,1,61,6,114
"May 31, 2025","=""369323377946560""",B2B - N.Keyword.Store.SB.UPS.StoreSpotlight,,250,DAILY_BUDGET,ENABLED,USD,340,1,3.63,0.0,0,0,0,0.0,0,1,0,0,0,0,134
"Jun 24, 2025","=""112828660396406""",N.Keyword.Video.SB.UPS.SmartAppSinewave.OLHD,,250,DAILY_BUDGET,PAUSED,USD,1304,3,4.05,0.0,0,0,0,0.0,0,9,0,0,84,12,182
"May 13, 2025","=""84817009251939""",C.Keyword.Video.SB.PFCSinewave.CP1500PFCRM2U.B0B354X985,,250,DAILY_BUDGET,ENABLED,USD,12054,72,107.95,2617.41,6,8,2,1339.8,4,133,0,12,799,55,1748
"Jul 04, 2025","=""84817009251939""",C.Keyword.Video.SB.PFCSinewave.CP1500PFCRM2U.B0B354X985,,250,DAILY_BUDGET,ENABLED,USD,21446,117,199.25,179.95,1,1,1,179.95,1,249,0,4,1802,139,3955
"Jul 25, 2025","=""450441693358033""",B2B - B.Keyword.Products.SB.UPS.1500units,,250,DAILY_BUDGET,ENABLED,USD,1137,3,25.49,1479.8,4,4,0,0.0,0,10,0,4,0,0,111
"Jun 27, 2025","=""112828660396406""",N.Keyword.Video.SB.UPS.SmartAppSinewave.OLHD,,250,DAILY_BUDGET,PAUSED,USD,1003,6,11.0,0.0,0,0,0,0.0,0,11,0,0,78,10,155
"May 20, 2025","=""85546644235770""",C.Keyword.Video.SB.UPS.IntelligentLCD.CPAVR3,,250,DAILY_BUDGET,PAUSED,USD,7777,72,112.36,928.81,5,5,4,738.86,4,160,0,13,777,63,1542
"Jul 01, 2025","=""84817009251939""",C.Keyword.Video.SB.PFCSinewave.CP1500PFCRM2U.B0B354X985,,250,DAILY_BUDGET,ENABLED,USD,25958,172,361.73,4511.35,12,13,8,3071.55,9,357,0,19,2290,231,4629
"May 17, 2025","=""450441693358033""",B2B - B.Keyword.Products.SB.UPS.1500units,,250,DAILY_BUDGET,ENABLED,USD,662,3,25.46,0.0,0,0,0,0.0,0,11,0,1,0,0,100
"Aug 06, 2025","=""349078398145277""",N.SB.Products.SB.UPS.Eco,,250,DAILY_BUDGET,PAUSED,USD,133778,294,622.57,466.75,4,5,4,466.75,5,220,249,17,0,0,31707
"Jul 28, 2025","=""450441693358033""",B2B - B.Keyword.Products.SB.UPS.1500units,,250,DAILY_BUDGET,ENABLED,USD,1417,2,24.37,0.0,0,0,0,0.0,0,7,0,1,0,0,80
"May 21, 2025","=""327967099369911""",N.Keyword.Products.SB.UPS.1500units,,250,DAILY_BUDGET,PAUSED,USD,164542,230,1460.46,3396.2,15,16,13,2896.35,13,265,0,23,0,0,58614
"Aug 14, 2025","=""293529288726869""",B.Keyword.Video.SB.UPS.PFCSinewave.CP1500PFCLCD.B00429N19W,,250,DAILY_BUDGET,ENABLED,USD,709,8,141.39,0.0,0,0,0,0.0,0,18,6,1,131,37,174
"Jun 11, 2025","=""38757712528936""",B.Keyword.Video.SB.UPS.PFCSinewave.CPPFC(1),,250,DAILY_BUDGET,PAUSED,USD,3056,16,50.9,318.73,2,2,2,318.73,2,43,0,5,276,75,420
"Jul 19, 2025","=""335733425531216""",N.Keyword.Video.SB.UPS.PFCSinewave.CP1500PFCLCD.B00429N19W,,250,DAILY_BUDGET,ENABLED,USD,6699,51,227.63,1259.7,6,6,2,419.9,2,81,0,8,1427,506,1846
"Aug 25, 2025","=""335733425531216""",N.Keyword.Video.SB.UPS.PFCSinewave.CP1500PFCLCD.B00429N19W,,250,DAILY_BUDGET,ENABLED,USD,5530,43,157.68,969.75,5,5,3,599.85,3,105,21,13,958,286,1415
"Jun 27, 2025","=""249902179030051""",N.Keyword.Video.SB.UPS.Surge.CSP,,250,DAILY_BUDGET,PAUSED,USD,1067,14,9.93,49.98,2,2,2,49.98,2,20,0,4,136,21,252
"May 23, 2025","=""400654489506156""",B.Keyword.Products.SB.UPS.BestSellers,,250,DAILY_BUDGET,PAUSED,USD,1557,1,6.1,0.0,0,0,0,0.0,0,0,0,0,0,0,523
"Jun 22, 2025","=""450441693358033""",B2B - B.Keyword.Products.SB.UPS.1500units,,250,DAILY_BUDGET,ENABLED,USD,381,2,4.97,0.0,0,0,0,0.0,0,3,0,0,0,0,55
"May 01, 2025","=""353873361287335""",B2B - B.Keyword.Store.SB.UPS.StoreSpotlight,,250,DAILY_BUDGET,ENABLED,USD,145,2,1.91,2211.5,5,8,1,139.9,2,15,0,5,0,0,62
"Jul 19, 2025","=""84817009251939""",C.Keyword.Video.SB.PFCSinewave.CP1500PFCRM2U.B0B354X985,,250,DAILY_BUDGET,ENABLED,USD,0,0,0.0,0.0,0,0,0,0.0,0,0,0,0,0,0,0
"Jul 29, 2025","=""85546644235770""",C.Keyword.Video.SB.UPS.IntelligentLCD.CPAVR3,,250,DAILY_BUDGET,PAUSED,USD,0,0,0.0,0.0,0,0,0,0.0,0,0,0,0,0,0,0
"Aug 05, 2025","=""490434522578484""",C.Keyword.Video.SB.UPS.PFCSinewave.CP1500PFCLCD.B00429N19W,,250,DAILY_BUDGET,ENABLED,USD,3567,16,332.93,529.8,4,4,4,529.8,4,25,7,2,800,208,1065
"May 08, 2025","=""516203922618177""",N.Keyword.Store.SB.UPS.StoreSpotlight,,250,DAILY_BUDGET,ENABLED,USD,7907,42,134.69,657.8,4,4,3,322.85,3,104,0,8,0,0,2210
"May 09, 2025","=""288898439745613""",B2B - N.Keyword.Products.SB.UPS.1500units,,250,DAILY_BUDGET,ENABLED,USD,13887,23,261.12,1859.75,4,5,4,1859.75,5,37,0,3,0,0,5473
"Jul 14, 2025","=""288898439745613""",B2B - N.Keyword.Products.SB.UPS.1500units,,250,DAILY_BUDGET,ENABLED,USD,5092,18,84.82,1190.85,3,3,0,0.0,0,17,0,3,0,0,1579
"May 21, 2025","=""400654489506156""",B.Keyword.Products.SB.UPS.BestSellers,,250,DAILY_BUDGET,PAUSED,USD,1354,4,15.19,0.0,0,0,0,0.0,0,3,0,0,0,0,473
"May 31, 2025","=""60249080858733""",C.Keyword.Video.SB.UPS.PFCSinewave.CPPFC(1),,250,DAILY_BUDGET,PAUSED,USD,74,1,1.47,0.0,0,0,0,0.0,0,2,0,0,12,1,14
"Jun 27, 2025","=""353873361287335""",B2B - B.Keyword.Store.SB.UPS.StoreSpotlight,,250,DAILY_BUDGET,ENABLED,USD,128,0,0.0,0.0,0,0,0,0.0,0,0,0,0,0,0,34
"Jun 07, 2025","=""369323377946560""",B2B - N.Keyword.Store.SB.UPS.StoreSpotlight,,250,DAILY_BUDGET,ENABLED,USD,61481,133,402.84,1496.98,8,8,8,1496.98,8,180,0,30,0,0,19640
"Jun 10, 2025","=""84817009251939""",C.Keyword.Video.SB.PFCSinewave.CP1500PFCRM2U.B0B354X985,,250,DAILY_BUDGET,ENABLED,USD,17626,83,132.78,3457.55,7,9,5,2737.65,7,177,0,14,1418,110,2865
"Aug 01, 2025","=""400654489506156""",B.Keyword.Products.SB.UPS.BestSellers,,250,DAILY_BUDGET,PAUSED,USD,3663,15,84.82,341.94,2,2,2,341.94,2,35,0,3,0,0,1339
"Jul 03, 2025","=""74868404430193""",N.Keyword.Video.SB.UPS.SmartAppLCD.OR.OR500LCRM1U,,250,DAILY_BUDGET,PAUSED,USD,862,4,3.37,219.37,1,1,0,0.0,0,10,0,2,48,2,112
"Jul 06, 2025","=""353873361287335""",B2B - B.Keyword.Store.SB.UPS.StoreSpotlight,,250,DAILY_BUDGET,ENABLED,USD,26,1,6.76,0.0,0,0,0,0.0,0,7,0,0,0,0,14
"May 18, 2025","=""450441693358033""",B2B - B.Keyword.Products.SB.UPS.1500units,,250,DAILY_BUDGET,ENABLED,USD,706,1,1.1,1984.73,2,2,0,0.0,0,40,0,4,0,0,107
"Jun 16, 2025","=""38757712528936""",B.Keyword.Video.SB.UPS.PFCSinewave.CPPFC(1),,250,DAILY_BUDGET,PAUSED,USD,2576,23,52.81,1075.15,4,4,3,715.2,3,61,0,7,328,111,477
"Jun 26, 2025","=""74868404430193""",N.Keyword.Video.SB.UPS.SmartAppLCD.OR.OR500LCRM1U,,250,DAILY_BUDGET,PAUSED,USD,1144,6,3.9,68.95,1,1,0,0.0,0,13,0,1,84,6,161
"May 08, 2025","=""209147373785811""",N.Keyword.Video.SB.UPS.PFCSinewave.CPPFC(1),,250,DAILY_BUDGET,PAUSED,USD,1350,5,10.51,219.95,1,1,1,219.95,1,28,0,1,94,16,191
"Jun 24, 2025","=""74868404430193""",N.Keyword.Video.SB.UPS.SmartAppLCD.OR.OR500LCRM1U,,250,DAILY_BUDGET,PAUSED,USD,1103,7,6.22,0.0,0,0,0,0.0,0,13,0,1,70,8,161
"Aug 07, 2025","=""293529288726869""",B.Keyword.Video.SB.UPS.PFCSinewave.CP1500PFCLCD.B00429N19W,,250,DAILY_BUDGET,ENABLED,USD,496,2,1.33,0.0,0,0,0,0.0,0,1,4,0,54,14,89
"Jun 06, 2025","=""353873361287335""",B2B - B.Keyword.Store.SB.UPS.StoreSpotlight,,250,DAILY_BUDGET,ENABLED,USD,1233,2,0.57,0.0,0,0,0,0.0,0,1,0,0,0,0,384
"Jul 26, 2025","=""367333782614376""",N.SB.Products.SB.UPS.PFCRM,,250,DAILY_BUDGET,PAUSED,USD,74445,110,366.29,359.95,1,1,1,359.95,1,88,0,3,0,0,14666
"Jun 07, 2025","=""425328024590643""",C.Keyword.Products.SB.UPS.1500units,,250,DAILY_BUDGET,ENABLED,USD,0,0,0.0,0.0,0,0,0,0.0,0,0,0,0,0,0,0
"Jul 03, 2025","=""495634510759677""",B.Keyword.Video.SB.PFCSinewave.CP1500PFCRM2U.B0B354X985,,250,DAILY_BUDGET,PAUSED,USD,1,0,0.0,0.0,0,0,0,0.0,0,0,0,0,0,0,0
"Jul 03, 2025","=""327967099369911""",N.Keyword.Products.SB.UPS.1500units,,250,DAILY_BUDGET,PAUSED,USD,156297,374,2921.93,2239.35,12,13,9,1739.5,10,569,0,34,0,0,49485
"Jun 10, 2025","=""353873361287335""",B2B - B.Keyword.Store.SB.UPS.StoreSpotlight,,250,DAILY_BUDGET,ENABLED,USD,134,0,0.0,0.0,0,0,0,0.0,0,0,0,0,0,0,52
"Jun 15, 2025","=""300358990869228""",B.Keyword.Store.SB.UPS.StoreSpotlight,,250,DAILY_BUDGET,ENABLED,USD,1179,15,84.77,7327.64,23,28,20,6594.49,21,282,0,40,0,0,952
"Aug 11, 2025","=""327967099369911""",N.Keyword.Products.SB.UPS.1500units,,250,DAILY_BUDGET,PAUSED,USD,9008,11,16.01,769.8,2,4,2,769.8,4,16,10,2,0,0,1523
"May 08, 2025","=""288898439745613""",B2B - N.Keyword.Products.SB.UPS.1500units,,250,DAILY_BUDGET,ENABLED,USD,15589,25,236.5,409.9,2,2,0,0.0,0,27,0,3,0,0,6445
"Jul 24, 2025","=""504590116611528""",C.Keyword.Video.SB.PFCSinewave.CP1500PFCRM2U.B0B354X985_v2,,250,DAILY_BUDGET,PAUSED,USD,0,0,0.0,0.0,0,0,0,0.0,0,0,0,0,0,0,0
"Aug 27, 2025","=""335733425531216""",N.Keyword.Video.SB.UPS.PFCSinewave.CP1500PFCLCD.B00429N19W,,250,DAILY_BUDGET,ENABLED,USD,4734,25,105.8,1487.65,5,7,1,399.9,2,70,12,7,823,275,1193
"Aug 06, 2025","=""327967099369911""",N.Keyword.Products.SB.UPS.1500units,,250,DAILY_BUDGET,PAUSED,USD,5195,7,10.07,0.0,0,0,0,0.0,0,25,10,0,0,0,1189
"May 26, 2025","=""74868404430193""",N.Keyword.Video.SB.UPS.SmartAppLCD.OR.OR500LCRM1U,,250,DAILY_BUDGET,PAUSED,USD,827,8,6.75,0.0,0,0,0,0.0,0,12,0,0,43,12,129
"Aug 28, 2025","=""456008348744441""",N.SB.Products.SB.UPS.PFC,,250,DAILY_BUDGET,PAUSED,USD,58206,60,245.72,0.0,0,0,0,0.0,0,27,57,0,0,0,17404
"Jun 02, 2025","=""369323377946560""",B2B - N.Keyword.Store.SB.UPS.StoreSpotlight,,250,DAILY_BUDGET,ENABLED,USD,1041,1,1.73,0.0,0,0,0,0.0,0,0,0,0,0,0,313
"Aug 10, 2025","=""425328024590643""",C.Keyword.Products.SB.UPS.1500units,,250,DAILY_BUDGET,ENABLED,USD,823,2,0.8,0.0,0,0,0,0.0,0,1,1,0,0,0,207
"Jun 29, 2025","=""300358990869228""",B.Keyword.Store.SB.UPS.StoreSpotlight,,250,DAILY_BUDGET,ENABLED,USD,558,6,11.22,665.64,6,7,4,323.1,5,101,0,17,0,0,408
"Jul 11, 2025","=""533553529526025""",N.Keyword.Video.SB.PFCSinewave.CP1500PFCRM2U.B0B354X985,,250,DAILY_BUDGET,PAUSED,USD,0,0,0.0,0.0,0,0,0,0.0,0,0,0,0,0,0,0
"May 27, 2025","=""327967099369911""",N.Keyword.Products.SB.UPS.1500units,,250,DAILY_BUDGET,PAUSED,USD,19113,29,155.38,179.95,1,1,1,179.95,1,30,0,1,0,0,6469
"Jul 27, 2025","=""504590116611528""",C.Keyword.Video.SB.PFCSinewave.CP1500PFCRM2U.B0B354X985_v2,,250,DAILY_BUDGET,PAUSED,USD,0,0,0.0,0.0,0,0,0,0.0,0,0,0,0,0,0,0
"Jul 30, 2025","=""452338404496050""",B.SB.Products.SB.UPS.PFC,,250,DAILY_BUDGET,PAUSED,USD,5708,46,218.64,1014.85,4,4,4,1014.85,4,112,0,15,0,0,2237
"Aug 21, 2025","=""300358990869228""",B.Keyword.Store.SB.UPS.StoreSpotlight,,250,DAILY_BUDGET,ENABLED,USD,136,1,1.7,0.0,0,0,0,0.0,0,16,2,2,0,0,93
"May 16, 2025","=""450441693358033""",B2B - B.Keyword.Products.SB.UPS.1500units,,250,DAILY_BUDGET,ENABLED,USD,1149,1,11.7,0.0,0,0,0,0.0,0,3,0,0,0,0,208
"May 21, 2025","=""112828660396406""",N.Keyword.Video.SB.UPS.SmartAppSinewave.OLHD,,250,DAILY_BUDGET,PAUSED,USD,477,3,3.0,0.0,0,0,0,0.0,0,19,0,4,27,1,58
"Jul 20, 2025","=""501138070676838""",N.SB.Products.SB.UPS.AVR,,250,DAILY_BUDGET,PAUSED,USD,4203,24,61.02,759.75,2,5,2,759.75,5,21,0,2,0,0,1078
"May 08, 2025","=""327967099369911""",N.Keyword.Products.SB.UPS.1500units,,250,DAILY_BUDGET,PAUSED,USD,284305,350,2932.26,2806.1,12,15,12,2806.1,15,400,0,35,0,0,101659
"May 16, 2025","=""38757712528936""",B.Keyword.Video.SB.UPS.PFCSinewave.CPPFC(1),,250,DAILY_BUDGET,PAUSED,USD,1458,11,44.88,0.0,0,0,0,0.0,0,20,0,0,137,38,258
"Jul 07, 2025","=""85546644235770""",C.Keyword.Video.SB.UPS.IntelligentLCD.CPAVR3,,250,DAILY_BUDGET,PAUSED,USD,2501,14,16.12,0.0,0,0,0,0.0,0,32,0,2,213,17,421
"May 22, 2025","=""450441693358033""",B2B - B.Keyword.Products.SB.UPS.1500units,,250,DAILY_BUDGET,ENABLED,USD,1172,3,4.31,77.95,1,1,1,77.95,1,8,0,2,0,0,288
"Jul 18, 2025","=""369323377946560""",B2B - N.Keyword.Store.SB.UPS.StoreSpotlight,,250,DAILY_BUDGET,ENABLED,USD,686,3,15.26,139.95,1,1,0,0.0,0,4,0,2,0,0,259
"Jul 21, 2025","=""533624646611887""",C.Keyword.Store.SB.UPS.StoreSpotlight,,250,DAILY_BUDGET,PAUSED,USD,15993,69,632.53,2089.4,5,13,4,2089.4,12,76,0,10,0,0,7819
"May 22, 2025","=""516203922618177""",N.Keyword.Store.SB.UPS.StoreSpotlight,,250,DAILY_BUDGET,ENABLED,USD,12227,68,157.73,855.75,5,5,5,855.75,5,92,0,10,0,0,3656
"Aug 04, 2025","=""425328024590643""",C.Keyword.Products.SB.UPS.1500units,,250,DAILY_BUDGET,ENABLED,USD,1238,3,21.3,0.0,0,0,0,0.0,0,11,0,3,0,0,333
"Jul 02, 2025","=""85546644235770""",C.Keyword.Video.SB.UPS.IntelligentLCD.CPAVR3,,250,DAILY_BUDGET,PAUSED,USD,2563,14,16.19,0.0,0,0,0,0.0,0,21,0,2,195,14,399
"Jun 19, 2025","=""353873361287335""",B2B - B.Keyword.Store.SB.UPS.StoreSpotlight,,250,DAILY_BUDGET,ENABLED,USD,201,4,9.65,212.46,1,1,1,212.46,1,7,0,0,0,0,74
"Aug 11, 2025","=""516203922618177""",N.Keyword.Store.SB.UPS.StoreSpotlight,,250,DAILY_BUDGET,ENABLED,USD,945,2,6.36,0.0,0,0,0,0.0,0,0,2,0,0,0,346
"Jun 24, 2025","=""209147373785811""",N.Keyword.Video.SB.UPS.PFCSinewave.CPPFC(1),,250,DAILY_BUDGET,PAUSED,USD,2399,21,32.8,429.44,2,2,2,429.44,2,43,0,5,243,46,445
"Jul 23, 2025","=""501138070676838""",N.SB.Products.SB.UPS.AVR,,250,DAILY_BUDGET,PAUSED,USD,17609,21,50.86,0.0,0,0,0,0.0,0,28,0,2,0,0,2057
"Jun 09, 2025","=""516203922618177""",N.Keyword.Store.SB.UPS.StoreSpotlight,,250,DAILY_BUDGET,ENABLED,USD,18193,98,181.87,1953.5,8,8,6,1573.6,6,154,0,14,0,0,5102
"May 23, 2025","=""516203922618177""",N.Keyword.Store.SB.UPS.StoreSpotlight,,250,DAILY_BUDGET,ENABLED,USD,9665,52,143.48,1085.75,6,6,6,1085.75,6,81,0,9,0,0,2935
"Aug 28, 2025","=""490434522578484""",C.Keyword.Video.SB.UPS.PFCSinewave.CP1500PFCLCD.B00429N19W,,250,DAILY_BUDGET,ENABLED,USD,723,0,0.0,0.0,0,0,0,0.0,0,0,0,0,130,28,186
"Jul 27, 2025","=""533624646611887""",C.Keyword.Store.SB.UPS.StoreSpotlight,,250,DAILY_BUDGET,PAUSED,USD,11238,65,677.37,419.8,4,4,3,299.85,3,68,0,7,0,0,5591
"May 21, 2025","=""300358990869228""",B.Keyword.Store.SB.UPS.StoreSpotlight,,250,DAILY_BUDGET,ENABLED,USD,1458,22,131.48,5863.71,35,42,26,3816.29,28,299,0,42,0,0,1243
"May 27, 2025","=""425328024590643""",C.Keyword.Products.SB.UPS.1500units,,250,DAILY_BUDGET,ENABLED,USD,2035,6,25.1,189.95,1,1,1,189.95,1,6,0,2,0,0,804
"Jun 02, 2025","=""112828660396406""",N.Keyword.Video.SB.UPS.SmartAppSinewave.OLHD,,250,DAILY_BUDGET,PAUSED,USD,626,3,5.0,0.0,0,0,0,0.0,0,3,0,0,52,3,90
"Aug 12, 2025","=""293529288726869""",B.Keyword.Video.SB.UPS.PFCSinewave.CP1500PFCLCD.B00429N19W,,250,DAILY_BUDGET,ENABLED,USD,710,10,215.98,0.0,0,0,0,0.0,0,34,3,0,112,36,161
"Aug 13, 2025","=""501364882562485""",C.Keyword.Video.SB.UPS.IntelligentLCD.CP1500AVRLCD3.B0BCMLLSHL,,250,DAILY_BUDGET,ENABLED,USD,103,0,0.0,0.0,0,0,0,0.0,0,0,0,0,5,2,8
"Aug 17, 2025","=""400654489506156""",B.Keyword.Products.SB.UPS.BestSellers,,250,DAILY_BUDGET,PAUSED,USD,70358,69,1118.98,761.77,7,7,2,199.9,2,145,99,11,0,0,23066
"Jul 13, 2025","=""533553529526025""",N.Keyword.Video.SB.PFCSinewave.CP1500PFCRM2U.B0B354X985,,250,DAILY_BUDGET,PAUSED,USD,0,0,0.0,0.0,0,0,0,0.0,0,0,0,0,0,0,0
"Jul 08, 2025","=""327967099369911""",N.Keyword.Products.SB.UPS.1500units,,250,DAILY_BUDGET,PAUSED,USD,117377,559,5022.43,8151.66,26,43,16,3332.72,17,847,0,50,0,0,60187
"Aug 02, 2025","=""288898439745613""",B2B - N.Keyword.Products.SB.UPS.1500units,,250,DAILY_BUDGET,ENABLED,USD,1375,2,10.83,0.0,0,0,0,0.0,0,3,0,0,0,0,376
"Aug 23, 2025","=""288898439745613""",B2B - N.Keyword.Products.SB.UPS.1500units,,250,DAILY_BUDGET,ENABLED,USD,7974,19,392.47,0.0,0,0,0,0.0,0,8,18,1,0,0,3287
"Jul 15, 2025","=""450441693358033""",B2B - B.Keyword.Products.SB.UPS.1500units,,250,DAILY_BUDGET,ENABLED,USD,1161,2,5.35,0.0,0,0,0,0.0,0,7,0,0,0,0,118
"Jul 01, 2025","=""112828660396406""",N.Keyword.Video.SB.UPS.SmartAppSinewave.OLHD,,250,DAILY_BUDGET,PAUSED,USD,1224,5,7.72,0.0,0,0,0,0.0,0,9,0,1,94,13,187
"Aug 08, 2025","=""288898439745613""",B2B - N.Keyword.Products.SB.UPS.1500units,,250,DAILY_BUDGET,ENABLED,USD,4403,14,55.96,966.51,3,4,1,446.66,1,20,8,5,0,0,1219
"Aug 11, 2025","=""533624646611887""",C.Keyword.Store.SB.UPS.StoreSpotlight,,250,DAILY_BUDGET,PAUSED,USD,2066,3,6.61,0.0,0,0,0,0.0,0,2,3,0,0,0,474
"Jun 12, 2025","=""112828660396406""",N.Keyword.Video.SB.UPS.SmartAppSinewave.OLHD,,250,DAILY_BUDGET,PAUSED,USD,1048,4,4.3,0.0,0,0,0,0.0,0,22,0,1,78,3,143
"Aug 15, 2025","=""425328024590643""",C.Keyword.Products.SB.UPS.1500units,,250,DAILY_BUDGET,ENABLED,USD,896,1,0.83,0.0,0,0,0,0.0,0,0,0,0,0,0,340
"May 02, 2025","=""425328024590643""",C.Keyword.Products.SB.UPS.1500units,,250,DAILY_BUDGET,ENABLED,USD,12767,24,118.67,409.9,2,2,2,409.9,2,36,0,6,0,0,4309
"May 13, 2025","=""425328024590643""",C.Keyword.Products.SB.UPS.1500units,,250,DAILY_BUDGET,ENABLED,USD,10607,22,122.87,1629.91,7,13,4,1088.16,8,52,0,8,0,0,4123
"May 05, 2025","=""85546644235770""",C.Keyword.Video.SB.UPS.IntelligentLCD.CPAVR3,,250,DAILY_BUDGET,PAUSED,USD,3336,21,28.56,679.8,5,5,2,309.9,2,54,0,4,243,18,527
"May 13, 2025","=""400654489506156""",B.Keyword.Products.SB.UPS.BestSellers,,250,DAILY_BUDGET,PAUSED,USD,1733,6,15.86,0.0,0,0,0,0.0,0,5,0,0,0,0,617
"Jun 25, 2025","=""353873361287335""",B2B - B.Keyword.Store.SB.UPS.StoreSpotlight,,250,DAILY_BUDGET,ENABLED,USD,251,2,5.02,0.0,0,0,0,0.0,0,2,0,0,0,0,103
"Jul 23, 2025","=""425328024590643""",C.Keyword.Products.SB.UPS.1500units,,250,DAILY_BUDGET,ENABLED,USD,2081,2,8.04,0.0,0,0,0,0.0,0,6,0,0,0,0,513
"Aug 18, 2025","=""501364882562485""",C.Keyword.Video.SB.UPS.IntelligentLCD.CP1500AVRLCD3.B0BCMLLSHL,,250,DAILY_BUDGET,ENABLED,USD,1268,0,0.0,0.0,0,0,0,0.0,0,0,0,0,158,21,255
"Jun 23, 2025","=""112828660396406""",N.Keyword.Video.SB.UPS.SmartAppSinewave.OLHD,,250,DAILY_BUDGET,PAUSED,USD,1385,7,11.32,3845.03,3,4,1,20.18,1,30,0,4,100,14,210
"Jul 11, 2025","=""249902179030051""",N.Keyword.Video.SB.UPS.Surge.CSP,,250,DAILY_BUDGET,PAUSED,USD,0,0,0.0,0.0,0,0,0,0.0,0,0,0,0,0,0,0
"May 10, 2025","=""353873361287335""",B2B - B.Keyword.Store.SB.UPS.StoreSpotlight,,250,DAILY_BUDGET,ENABLED,USD,49,0,0.0,0.0,0,0,0,0.0,0,0,0,0,0,0,16
"May 28, 2025","=""60249080858733""",C.Keyword.Video.SB.UPS.PFCSinewave.CPPFC(1),,250,DAILY_BUDGET,PAUSED,USD,117,1,1.74,0.0,0,0,0,0.0,0,1,0,0,7,0,17
"Aug 13, 2025","=""327967099369911""",N.Keyword.Products.SB.UPS.1500units,,250,DAILY_BUDGET,PAUSED,USD,5559,10,16.38,239.95,1,1,1,239.95,1,16,5,2,0,0,1320
"Jun 23, 2025","=""74868404430193""",N.Keyword.Video.SB.UPS.SmartAppLCD.OR.OR500LCRM1U,,250,DAILY_BUDGET,PAUSED,USD,1076,1,0.9,0.0,0,0,0,0.0,0,2,0,0,71,5,146
"Jul 23, 2025","=""349078398145277""",N.SB.Products.SB.UPS.Eco,,250,DAILY_BUDGET,PAUSED,USD,55729,116,276.74,1588.2,11,16,9,978.5,10,134,0,21,0,0,9871
"Jul 19, 2025","=""367333782614376""",N.SB.Products.SB.UPS.PFCRM,,250,DAILY_BUDGET,PAUSED,USD,20251,35,100.72,359.95,1,1,0,0.0,0,39,0,3,0,0,2832
"Jul 24, 2025","=""450441693358033""",B2B - B.Keyword.Products.SB.UPS.1500units,,250,DAILY_BUDGET,ENABLED,USD,1533,5,36.61,406.57,2,2,1,47.72,1,10,0,2,0,0,98
"Jul 03, 2025","=""60249080858733""",C.Keyword.Video.SB.UPS.PFCSinewave.CPPFC(1),,250,DAILY_BUDGET,PAUSED,USD,139,3,6.18,479.9,2,2,2,479.9,2,9,0,2,16,6,24
"Jul 28, 2025","=""349078398145277""",N.SB.Products.SB.UPS.Eco,,250,DAILY_BUDGET,PAUSED,USD,59874,238,689.81,1798.34,15,20,10,1053.79,11,310,0,27,0,0,14408
"Aug 08, 2025","=""501138070676838""",N.SB.Products.SB.UPS.AVR,,250,DAILY_BUDGET,PAUSED,USD,12354,28,68.5,199.95,1,1,1,199.95,1,27,19,1,0,0,2687
"Jul 14, 2025","=""353873361287335""",B2B - B.Keyword.Store.SB.UPS.StoreSpotlight,,250,DAILY_BUDGET,ENABLED,USD,323,5,20.14,959.85,2,3,1,239.95,1,5,0,3,0,0,177
"Jul 13, 2025","=""85546644235770""",C.Keyword.Video.SB.UPS.IntelligentLCD.CPAVR3,,250,DAILY_BUDGET,PAUSED,USD,3050,30,34.49,814.42,3,4,2,638.47,3,91,0,10,334,24,673
"May 18, 2025","=""369323377946560""",B2B - N.Keyword.Store.SB.UPS.StoreSpotlight,,250,DAILY_BUDGET,ENABLED,USD,160,2,8.58,0.0,0,0,0,0.0,0,4,0,0,0,0,60
"Jun 19, 2025","=""84817009251939""",C.Keyword.Video.SB.PFCSinewave.CP1500PFCRM2U.B0B354X985,,250,DAILY_BUDGET,ENABLED,USD,24515,176,345.11,5761.61,19,21,12,3536.62,12,515,0,35,2405,228,4684
"May 25, 2025","=""74868404430193""",N.Keyword.Video.SB.UPS.SmartAppLCD.OR.OR500LCRM1U,,250,DAILY_BUDGET,PAUSED,USD,681,10,4.66,0.0,0,0,0,0.0,0,32,0,3,40,6,95
"Jun 22, 2025","=""209147373785811""",N.Keyword.Video.SB.UPS.PFCSinewave.CPPFC(1),,250,DAILY_BUDGET,PAUSED,USD,1730,19,40.02,475.83,3,3,1,237.9,1,46,0,3,181,52,327
"May 22, 2025","=""249902179030051""",N.Keyword.Video.SB.UPS.Surge.CSP,,250,DAILY_BUDGET,PAUSED,USD,1251,18,14.54,0.0,0,0,0,0.0,0,24,0,2,124,8,237
"Jul 03, 2025","=""369323377946560""",B2B - N.Keyword.Store.SB.UPS.StoreSpotlight,,250,DAILY_BUDGET,ENABLED,USD,9524,9,182.98,1481.9,1,2,0,0.0,0,8,0,2,0,0,4244
"Aug 21, 2025","=""400654489506156""",B.Keyword.Products.SB.UPS.BestSellers,,250,DAILY_BUDGET,PAUSED,USD,69642,56,585.23,599.85,3,3,2,359.9,2,86,92,5,0,0,22689
"Aug 06, 2025","=""452338404496050""",B.SB.Products.SB.UPS.PFC,,250,DAILY_BUDGET,PAUSED,USD,5360,32,322.35,1565.83,4,6,1,700.95,1,43,27,5,0,0,2185
"Jul 30, 2025","=""400654489506156""",B.Keyword.Products.SB.UPS.BestSellers,,250,DAILY_BUDGET,PAUSED,USD,97721,90,712.44,1308.44,8,8,5,708.59,5,156,0,18,0,0,34427
"Jul 07, 2025","=""400654489506156""",B.Keyword.Products.SB.UPS.BestSellers,,250,DAILY_BUDGET,PAUSED,USD,43697,64,1024.57,1104.64,7,8,7,1104.64,8,134,0,16,0,0,14609
"Jul 11, 2025","=""288898439745613""",B2B - N.Keyword.Products.SB.UPS.1500units,,250,DAILY_BUDGET,ENABLED,USD,4129,20,138.62,2024.65,5,7,4,1124.8,4,29,0,7,0,0,1215
"May 23, 2025","=""38757712528936""",B.Keyword.Video.SB.UPS.PFCSinewave.CPPFC(1),,250,DAILY_BUDGET,PAUSED,USD,1355,18,53.21,329.9,2,2,2,329.9,2,38,0,3,160,41,277
"Aug 27, 2025","=""501364882562485""",C.Keyword.Video.SB.UPS.IntelligentLCD.CP1500AVRLCD3.B0BCMLLSHL,,250,DAILY_BUDGET,ENABLED,USD,1214,2,27.17,0.0,0,0,0,0.0,0,15,0,1,219,36,295
"Jun 07, 2025","=""74868404430193""",N.Keyword.Video.SB.UPS.SmartAppLCD.OR.OR500LCRM1U,,250,DAILY_BUDGET,PAUSED,USD,884,9,6.09,0.0,0,0,0,0.0,0,22,0,0,65,4,134
"Aug 27, 2025","=""367333782614376""",N.SB.Products.SB.UPS.PFCRM,,250,DAILY_BUDGET,PAUSED,USD,39255,95,275.62,1949.6,3,8,1,239.95,1,141,117,3,0,0,7116
"Jun 27, 2025","=""85546644235770""",C.Keyword.Video.SB.UPS.IntelligentLCD.CPAVR3,,250,DAILY_BUDGET,PAUSED,USD,4330,50,61.12,199.95,1,1,1,199.95,1,88,0,4,380,30,791
"May 12, 2025","=""38757712528936""",B.Keyword.Video.SB.UPS.PFCSinewave.CPPFC(1),,250,DAILY_BUDGET,PAUSED,USD,1757,19,98.04,530.85,3,3,3,530.85,3,38,0,5,202,48,324
"Jul 23, 2025","=""456008348744441""",N.SB.Products.SB.UPS.PFC,,250,DAILY_BUDGET,PAUSED,USD,70922,73,321.24,62.49,1,1,0,0.0,0,54,0,3,0,0,19293
"Aug 12, 2025","=""367333782614376""",N.SB.Products.SB.UPS.PFCRM,,250,DAILY_BUDGET,PAUSED,USD,74147,192,656.72,1701.45,6,6,3,544.89,3,215,193,20,0,0,18243
"Aug 10, 2025","=""452338404496050""",B.SB.Products.SB.UPS.PFC,,250,DAILY_BUDGET,PAUSED,USD,6528,37,313.78,559.9,2,2,2,559.9,2,75,35,4,0,0,2236
"May 05, 2025","=""60249080858733""",C.Keyword.Video.SB.UPS.PFCSinewave.CPPFC(1),,250,DAILY_BUDGET,PAUSED,USD,63,0,0.0,0.0,0,0,0,0.0,0,0,0,0,5,1,6
"Jun 21, 2025","=""369323377946560""",B2B - N.Keyword.Store.SB.UPS.StoreSpotlight,,250,DAILY_BUDGET,ENABLED,USD,283,1,5.38,199.95,1,1,1,199.95,1,0,0,0,0,0,82
"Jul 31, 2025","=""293529288726869""",B.Keyword.Video.SB.UPS.PFCSinewave.CP1500PFCLCD.B00429N19W,,250,DAILY_BUDGET,ENABLED,USD,403,1,0.51,0.0,0,0,0,0.0,0,1,0,0,60,13,85
"May 27, 2025","=""400654489506156""",B.Keyword.Products.SB.UPS.BestSellers,,250,DAILY_BUDGET,PAUSED,USD,339,0,0.0,0.0,0,0,0,0.0,0,0,0,0,0,0,103
"Jul 24, 2025","=""300358990869228""",B.Keyword.Store.SB.UPS.StoreSpotlight,,250,DAILY_BUDGET,ENABLED,USD,388,4,3.42,0.0,0,0,0,0.0,0,8,0,1,0,0,283
"Jul 20, 2025","=""425328024590643""",C.Keyword.Products.SB.UPS.1500units,,250,DAILY_BUDGET,ENABLED,USD,859,0,0.0,0.0,0,0,0,0.0,0,0,0,0,0,0,279
"May 22, 2025","=""425328024590643""",C.Keyword.Products.SB.UPS.1500units,,250,DAILY_BUDGET,ENABLED,USD,8507,31,180.46,814.7,5,6,5,814.7,6,57,0,5,0,0,3782
"Jul 16, 2025","=""533624646611887""",C.Keyword.Store.SB.UPS.StoreSpotlight,,250,DAILY_BUDGET,PAUSED,USD,3363,8,13.44,239.9,2,2,2,239.9,2,26,0,3,0,0,873
"Jul 05, 2025","=""327967099369911""",N.Keyword.Products.SB.UPS.1500units,,250,DAILY_BUDGET,PAUSED,USD,139110,345,2355.47,2386.92,16,17,16,2386.92,17,563,0,39,0,0,46493
"May 03, 2025","=""300358990869228""",B.Keyword.Store.SB.UPS.StoreSpotlight,,250,DAILY_BUDGET,ENABLED,USD,1388,14,113.85,1927.85,18,19,17,1762.9,18,271,0,35,0,0,1166
"May 27, 2025","=""516203922618177""",N.Keyword.Store.SB.UPS.StoreSpotlight,,250,DAILY_BUDGET,ENABLED,USD,22768,84,194.71,728.07,7,7,6,668.12,6,197,0,24,0,0,6168
"Aug 06, 2025","=""490434522578484""",C.Keyword.Video.SB.UPS.PFCSinewave.CP1500PFCLCD.B00429N19W,,250,DAILY_BUDGET,ENABLED,USD,3212,7,131.34,0.0,0,0,0,0.0,0,8,5,0,705,217,941
"Jul 01, 2025","=""85546644235770""",C.Keyword.Video.SB.UPS.IntelligentLCD.CPAVR3,,250,DAILY_BUDGET,PAUSED,USD,2844,13,15.5,0.0,0,0,0,0.0,0,25,0,1,228,13,496
"Aug 11, 2025","=""367333782614376""",N.SB.Products.SB.UPS.PFCRM,,250,DAILY_BUDGET,PAUSED,USD,88031,226,752.91,2909.4,10,12,7,1949.65,7,301,221,17,0,0,20269
"May 15, 2025","=""353873361287335""",B2B - B.Keyword.Store.SB.UPS.StoreSpotlight,,250,DAILY_BUDGET,ENABLED,USD,126,2,1.38,329.99,1,1,1,329.99,1,12,0,1,0,0,44
"Aug 12, 2025","=""533624646611887""",C.Keyword.Store.SB.UPS.StoreSpotlight,,250,DAILY_BUDGET,PAUSED,USD,2836,7,12.56,0.0,0,0,0,0.0,0,14,7,1,0,0,684
"May 08, 2025","=""38757712528936""",B.Keyword.Video.SB.UPS.PFCSinewave.CPPFC(1),,250,DAILY_BUDGET,PAUSED,USD,1535,14,62.2,189.95,1,1,1,189.95,1,58,0,6,167,53,292
"Aug 05, 2025","=""400654489506156""",B.Keyword.Products.SB.UPS.BestSellers,,250,DAILY_BUDGET,PAUSED,USD,64947,64,647.54,395.38,4,5,3,305.43,4,116,60,6,0,0,20010
"Aug 17, 2025","=""501364882562485""",C.Keyword.Video.SB.UPS.IntelligentLCD.CP1500AVRLCD3.B0BCMLLSHL,,250,DAILY_BUDGET,ENABLED,USD,863,3,42.6,0.0,0,0,0,0.0,0,14,2,2,120,16,194
"May 28, 2025","=""85546644235770""",C.Keyword.Video.SB.UPS.IntelligentLCD.CPAVR3,,250,DAILY_BUDGET,PAUSED,USD,8124,79,129.89,1876.5,7,10,6,1676.55,9,147,0,16,987,96,1737
"Aug 24, 2025","=""369323377946560""",B2B - N.Keyword.Store.SB.UPS.StoreSpotlight,,250,DAILY_BUDGET,ENABLED,USD,2101,12,158.2,438.45,2,2,1,238.5,1,20,13,4,0,0,936
"May 12, 2025","=""327967099369911""",N.Keyword.Products.SB.UPS.1500units,,250,DAILY_BUDGET,PAUSED,USD,240447,305,2123.99,2935.09,16,18,10,1727.45,11,608,0,23,0,0,80777
"Aug 21, 2025","=""293529288726869""",B.Keyword.Video.SB.UPS.PFCSinewave.CP1500PFCLCD.B00429N19W,,250,DAILY_BUDGET,ENABLED,USD,856,10,293.88,0.0,0,0,0,0.0,0,39,4,3,137,53,186
"Aug 21, 2025","=""456008348744441""",N.SB.Products.SB.UPS.PFC,,250,DAILY_BUDGET,PAUSED,USD,52275,42,160.16,239.95,1,1,1,239.95,1,17,53,2,0,0,15965
"Jul 20, 2025","=""456008348744441""",N.SB.Products.SB.UPS.PFC,,250,DAILY_BUDGET,PAUSED,USD,56626,83,426.42,0.0,0,0,0,0.0,0,45,0,2,0,0,20727
"May 26, 2025","=""425328024590643""",C.Keyword.Products.SB.UPS.1500units,,250,DAILY_BUDGET,ENABLED,USD,7473,29,136.41,78.49,1,1,1,78.49,1,66,0,1,0,0,3082
"Jun 01, 2025","=""209147373785811""",N.Keyword.Video.SB.UPS.PFCSinewave.CPPFC(1),,250,DAILY_BUDGET,PAUSED,USD,780,8,23.39,0.0,0,0,0,0.0,0,30,0,3,91,29,153
"Jun 23, 2025","=""450441693358033""",B2B - B.Keyword.Products.SB.UPS.1500units,,250,DAILY_BUDGET,ENABLED,USD,1823,5,10.52,269.95,1,1,1,269.95,1,21,0,1,0,0,299
"Jun 29, 2025","=""516203922618177""",N.Keyword.Store.SB.UPS.StoreSpotlight,,250,DAILY_BUDGET,ENABLED,USD,7680,14,22.76,0.0,0,0,0,0.0,0,10,0,2,0,0,991
"Jun 22, 2025","=""516203922618177""",N.Keyword.Store.SB.UPS.StoreSpotlight,,250,DAILY_BUDGET,ENABLED,USD,13442,30,74.02,860.9,2,2,2,860.9,2,29,0,3,0,0,1754
"Jul 18, 2025","=""501138070676838""",N.SB.Products.SB.UPS.AVR,,250,DAILY_BUDGET,PAUSED,USD,5079,9,18.65,0.0,0,0,0,0.0,0,11,0,2,0,0,915
"Aug 01, 2025","=""450441693358033""",B2B - B.Keyword.Products.SB.UPS.1500units,,250,DAILY_BUDGET,ENABLED,USD,1398,2,5.63,0.0,0,0,0,0.0,0,3,0,0,0,0,96
"Jul 05, 2025","=""38757712528936""",B.Keyword.Video.SB.UPS.PFCSinewave.CPPFC(1),,250,DAILY_BUDGET,PAUSED,USD,0,0,0.0,0.0,0,0,0,0.0,0,0,0,0,0,0,0
"May 26, 2025","=""369323377946560""",B2B - N.Keyword.Store.SB.UPS.StoreSpotlight,,250,DAILY_BUDGET,ENABLED,USD,285,0,0.0,0.0,0,0,0,0.0,0,0,0,0,0,0,136
"Jun 30, 2025","=""450441693358033""",B2B - B.Keyword.Products.SB.UPS.1500units,,250,DAILY_BUDGET,ENABLED,USD,1314,6,18.14,359.85,1,3,0,0.0,0,12,0,1,0,0,262
"Jul 21, 2025","=""516203922618177""",N.Keyword.Store.SB.UPS.StoreSpotlight,,250,DAILY_BUDGET,ENABLED,USD,1263,6,9.78,0.0,0,0,0,0.0,0,1,0,0,0,0,333
"May 18, 2025","=""84817009251939""",C.Keyword.Video.SB.PFCSinewave.CP1500PFCRM2U.B0B354X985,,250,DAILY_BUDGET,ENABLED,USD,9598,74,112.59,0.0,0,0,0,0.0,0,166,0,8,732,47,1588
"Aug 20, 2025","=""300358990869228""",B.Keyword.Store.SB.UPS.StoreSpotlight,,250,DAILY_BUDGET,ENABLED,USD,120,2,1.33,1877.39,4,13,1,619.9,2,18,2,5,0,0,82
"Jun 03, 2025","=""249902179030051""",N.Keyword.Video.SB.UPS.Surge.CSP,,250,DAILY_BUDGET,PAUSED,USD,922,28,20.67,24.99,1,1,1,24.99,1,44,0,2,98,16,201
"May 10, 2025","=""74868404430193""",N.Keyword.Video.SB.UPS.SmartAppLCD.OR.OR500LCRM1U,,250,DAILY_BUDGET,PAUSED,USD,637,2,3.02,0.0,0,0,0,0.0,0,7,0,0,47,5,97
"Jul 01, 2025","=""249902179030051""",N.Keyword.Video.SB.UPS.Surge.CSP,,250,DAILY_BUDGET,PAUSED,USD,1835,30,25.67,110.52,2,5,2,110.52,5,37,0,3,211,22,421
"Jun 11, 2025","=""85546644235770""",C.Keyword.Video.SB.UPS.IntelligentLCD.CPAVR3,,250,DAILY_BUDGET,PAUSED,USD,8773,87,134.75,3297.09,11,16,10,2497.29,12,163,0,19,989,120,1842
"May 06, 2025","=""400654489506156""",B.Keyword.Products.SB.UPS.BestSellers,,250,DAILY_BUDGET,PAUSED,USD,2066,4,9.93,0.0,0,0,0,0.0,0,9,0,0,0,0,744
"Aug 12, 2025","=""400654489506156""",B.Keyword.Products.SB.UPS.BestSellers,,250,DAILY_BUDGET,PAUSED,USD,63307,59,949.38,1364.75,5,5,5,1364.75,5,126,119,8,0,0,19582
"May 22, 2025","=""400654489506156""",B.Keyword.Products.SB.UPS.BestSellers,,250,DAILY_BUDGET,PAUSED,USD,1613,3,12.35,199.95,1,1,1,199.95,1,4,0,0,0,0,503
"Jul 24, 2025","=""490434522578484""",C.Keyword.Video.SB.UPS.PFCSinewave.CP1500PFCLCD.B00429N19W,,250,DAILY_BUDGET,ENABLED,USD,1325,3,74.5,0.0,0,0,0,0.0,0,5,0,0,219,73,313
"Jul 06, 2025","=""293529288726869""",B.Keyword.Video.SB.UPS.PFCSinewave.CP1500PFCLCD.B00429N19W,,250,DAILY_BUDGET,ENABLED,USD,17402,85,453.39,901.8,4,5,1,478.24,2,129,0,11,2355,801,3205
"Jun 05, 2025","=""300358990869228""",B.Keyword.Store.SB.UPS.StoreSpotlight,,250,DAILY_BUDGET,ENABLED,USD,1631,11,109.11,4592.19,29,33,22,3562.63,25,377,0,59,0,0,1387
"Aug 17, 2025","=""456008348744441""",N.SB.Products.SB.UPS.PFC,,250,DAILY_BUDGET,PAUSED,USD,47783,31,120.58,0.0,0,0,0,0.0,0,22,28,0,0,0,15963
"May 05, 2025","=""516203922618177""",N.Keyword.Store.SB.UPS.StoreSpotlight,,250,DAILY_BUDGET,ENABLED,USD,10137,43,198.96,1232.6,8,8,7,1178.65,7,69,0,14,0,0,2973
"Jun 09, 2025","=""288898439745613""",B2B - N.Keyword.Products.SB.UPS.1500units,,250,DAILY_BUDGET,ENABLED,USD,43097,74,636.76,638.57,3,3,3,638.57,3,89,0,4,0,0,13904
"Aug 19, 2025","=""353873361287335""",B2B - B.Keyword.Store.SB.UPS.StoreSpotlight,,250,DAILY_BUDGET,ENABLED,USD,291,6,33.68,2159.7,1,6,0,0.0,0,27,10,3,0,0,140
"May 06, 2025","=""60249080858733""",C.Keyword.Video.SB.UPS.PFCSinewave.CPPFC(1),,250,DAILY_BUDGET,PAUSED,USD,32,0,0.0,0.0,0,0,0,0.0,0,0,0,0,4,0,6
"Aug 14, 2025","=""367333782614376""",N.SB.Products.SB.UPS.PFCRM,,250,DAILY_BUDGET,PAUSED,USD,56656,150,527.31,1165.75,5,5,3,749.85,3,233,142,20,0,0,11915
"May 06, 2025","=""353873361287335""",B2B - B.Keyword.Store.SB.UPS.StoreSpotlight,,250,DAILY_BUDGET,ENABLED,USD,170,0,0.0,0.0,0,0,0,0.0,0,0,0,0,0,0,61
"Jun 17, 2025","=""456008348744441""",N.SB.Products.SB.UPS.PFC,,250,DAILY_BUDGET,PAUSED,USD,16658,37,71.13,1254.0,3,3,3,1254.0,3,74,0,4,0,0,3523
"Jun 21, 2025","=""501138070676838""",N.SB.Products.SB.UPS.AVR,,250,DAILY_BUDGET,PAUSED,USD,21576,48,82.7,807.46,2,4,2,807.46,4,69,0,2,0,0,4543
"May 04, 2025","=""425328024590643""",C.Keyword.Products.SB.UPS.1500units,,250,DAILY_BUDGET,ENABLED,USD,9179,22,120.47,109.95,1,1,1,109.95,1,39,0,2,0,0,3536
"May 19, 2025","=""38757712528936""",B.Keyword.Video.SB.UPS.PFCSinewave.CPPFC(1),,250,DAILY_BUDGET,PAUSED,USD,1549,16,46.8,0.0,0,0,0,0.0,0,37,0,0,179,55,288
"Jun 25, 2025","=""249902179030051""",N.Keyword.Video.SB.UPS.Surge.CSP,,250,DAILY_BUDGET,PAUSED,USD,851,13,9.93,0.0,0,0,0,0.0,0,18,0,1,92,14,186
"May 29, 2025","=""400654489506156""",B.Keyword.Products.SB.UPS.BestSellers,,250,DAILY_BUDGET,PAUSED,USD,0,0,0.0,0.0,0,0,0,0.0,0,0,0,0,0,0,0
"May 06, 2025","=""300358990869228""",B.Keyword.Store.SB.UPS.StoreSpotlight,,250,DAILY_BUDGET,ENABLED,USD,1491,19,143.82,7120.16,31,37,23,4282.31,27,356,0,63,0,0,1244
"Jul 05, 2025","=""533624646611887""",C.Keyword.Store.SB.UPS.StoreSpotlight,,250,DAILY_BUDGET,PAUSED,USD,9994,51,339.13,539.04,3,3,3,539.04,3,48,0,5,0,0,4912
"Jul 20, 2025","=""501364882562485""",C.Keyword.Video.SB.UPS.IntelligentLCD.CP1500AVRLCD3.B0BCMLLSHL,,250,DAILY_BUDGET,ENABLED,USD,1047,3,38.37,0.0,0,0,0,0.0,0,5,0,0,219,55,260
"Jul 03, 2025","=""112828660396406""",N.Keyword.Video.SB.UPS.SmartAppSinewave.OLHD,,250,DAILY_BUDGET,PAUSED,USD,839,4,5.02,0.0,0,0,0,0.0,0,7,0,1,67,9,122
"May 15, 2025","=""288898439745613""",B2B - N.Keyword.Products.SB.UPS.1500units,,250,DAILY_BUDGET,ENABLED,USD,12484,31,316.7,1440.79,5,5,3,500.85,3,76,0,8,0,0,5008
"May 04, 2025","=""60249080858733""",C.Keyword.Video.SB.UPS.PFCSinewave.CPPFC(1),,250,DAILY_BUDGET,PAUSED,USD,94,0,0.0,0.0,0,0,0,0.0,0,0,0,0,6,1,11
"Jul 31, 2025","=""353873361287335""",B2B - B.Keyword.Store.SB.UPS.StoreSpotlight,,250,DAILY_BUDGET,ENABLED,USD,200,3,6.37,0.0,0,0,0,0.0,0,7,0,1,0,0,108
"Jul 10, 2025","=""501138070676838""",N.SB.Products.SB.UPS.AVR,,250,DAILY_BUDGET,PAUSED,USD,18224,29,67.31,0.0,0,0,0,0.0,0,42,0,1,0,0,1658
"Jun 03, 2025","=""60249080858733""",C.Keyword.Video.SB.UPS.PFCSinewave.CPPFC(1),,250,DAILY_BUDGET,PAUSED,USD,161,0,0.0,0.0,0,0,0,0.0,0,0,0,0,11,3,19
"Jun 30, 2025","=""85546644235770""",C.Keyword.Video.SB.UPS.IntelligentLCD.CPAVR3,,250,DAILY_BUDGET,PAUSED,USD,3038,20,23.3,199.95,1,1,1,199.95,1,47,0,8,245,25,502
"Jun 18, 2025","=""288898439745613""",B2B - N.Keyword.Products.SB.UPS.1500units,,250,DAILY_BUDGET,ENABLED,USD,11053,31,179.53,319.9,2,2,2,319.9,2,36,0,3,0,0,3776
"Jul 26, 2025","=""85546644235770""",C.Keyword.Video.SB.UPS.IntelligentLCD.CPAVR3,,250,DAILY_BUDGET,PAUSED,USD,0,0,0.0,0.0,0,0,0,0.0,0,0,0,0,0,0,0
"Jun 25, 2025","=""450441693358033""",B2B - B.Keyword.Products.SB.UPS.1500units,,250,DAILY_BUDGET,ENABLED,USD,1943,8,30.67,10616.45,4,11,2,8991.55,9,26,0,5,0,0,388
"Jun 12, 2025","=""85546644235770""",C.Keyword.Video.SB.UPS.IntelligentLCD.CPAVR3,,250,DAILY_BUDGET,PAUSED,USD,8012,93,146.01,1799.55,9,9,7,1399.65,7,175,0,20,919,98,1674
"Jun 13, 2025","=""288898439745613""",B2B - N.Keyword.Products.SB.UPS.1500units,,250,DAILY_BUDGET,ENABLED,USD,8190,27,227.33,1263.11,3,7,1,199.95,1,34,0,5,0,0,2977
"Jul 04, 2025","=""249902179030051""",N.Keyword.Video.SB.UPS.Surge.CSP,,250,DAILY_BUDGET,PAUSED,USD,0,0,0.0,0.0,0,0,0,0.0,0,0,0,0,0,0,0
"Jun 02, 2025","=""300358990869228""",B.Keyword.Store.SB.UPS.StoreSpotlight,,250,DAILY_BUDGET,ENABLED,USD,1945,33,128.64,6425.7,40,49,29,4241.96,34,337,0,71,0,0,1636
"May 11, 2025","=""60249080858733""",C.Keyword.Video.SB.UPS.PFCSinewave.CPPFC(1),,250,DAILY_BUDGET,PAUSED,USD,44,0,0.0,0.0,0,0,0,0.0,0,0,0,0,3,2,5
"Jun 23, 2025","=""209147373785811""",N.Keyword.Video.SB.UPS.PFCSinewave.CPPFC(1),,250,DAILY_BUDGET,PAUSED,USD,2371,22,39.81,557.29,3,3,3,557.29,3,55,0,7,257,57,450
"May 19, 2025","=""353873361287335""",B2B - B.Keyword.Store.SB.UPS.StoreSpotlight,,250,DAILY_BUDGET,ENABLED,USD,142,0,0.0,0.0,0,0,0,0.0,0,0,0,0,0,0,80
"May 11, 2025","=""516203922618177""",N.Keyword.Store.SB.UPS.StoreSpotlight,,250,DAILY_BUDGET,ENABLED,USD,6962,33,71.51,339.85,4,4,2,149.9,2,37,0,3,0,0,1892
"Aug 16, 2025","=""516203922618177""",N.Keyword.Store.SB.UPS.StoreSpotlight,,250,DAILY_BUDGET,ENABLED,USD,1012,6,6.71,499.85,3,3,2,439.9,2,18,6,4,0,0,368
"Jun 15, 2025","=""369323377946560""",B2B - N.Keyword.Store.SB.UPS.StoreSpotlight,,250,DAILY_BUDGET,ENABLED,USD,369,0,0.0,0.0,0,0,0,0.0,0,0,0,0,0,0,115
"May 22, 2025","=""74868404430193""",N.Keyword.Video.SB.UPS.SmartAppLCD.OR.OR500LCRM1U,,250,DAILY_BUDGET,PAUSED,USD,643,2,2.53,0.0,0,0,0,0.0,0,5,0,0,44,3,99
"May 06, 2025","=""288898439745613""",B2B - N.Keyword.Products.SB.UPS.1500units,,250,DAILY_BUDGET,ENABLED,USD,15885,32,328.1,3154.3,8,14,3,989.75,5,64,0,13,0,0,6444
"Jul 03, 2025","=""38757712528936""",B.Keyword.Video.SB.UPS.PFCSinewave.CPPFC(1),,250,DAILY_BUDGET,PAUSED,USD,399,3,9.54,0.0,0,0,0,0.0,0,4,0,0,49,17,75
"May 10, 2025","=""516203922618177""",N.Keyword.Store.SB.UPS.StoreSpotlight,,250,DAILY_BUDGET,ENABLED,USD,7646,34,63.88,513.76,5,8,5,513.76,8,53,0,7,0,0,2024
"Aug 23, 2025","=""425328024590643""",C.Keyword.Products.SB.UPS.1500units,,250,DAILY_BUDGET,ENABLED,USD,1541,2,17.73,199.95,1,1,1,199.95,1,2,1,2,0,0,429
"May 14, 2025","=""425328024590643""",C.Keyword.Products.SB.UPS.1500units,,250,DAILY_BUDGET,ENABLED,USD,9622,33,129.91,1169.75,4,5,4,1169.75,5,65,0,8,0,0,3966
"Aug 25, 2025","=""327967099369911""",N.Keyword.Products.SB.UPS.1500units,,250,DAILY_BUDGET,PAUSED,USD,1085,1,2.6,0.0,0,0,0,0.0,0,0,1,0,0,0,184
"May 22, 2025","=""209147373785811""",N.Keyword.Video.SB.UPS.PFCSinewave.CPPFC(1),,250,DAILY_BUDGET,PAUSED,USD,1037,5,16.1,0.0,0,0,0,0.0,0,10,0,0,81,20,157
"May 11, 2025","=""369323377946560""",B2B - N.Keyword.Store.SB.UPS.StoreSpotlight,,250,DAILY_BUDGET,ENABLED,USD,106,0,0.0,0.0,0,0,0,0.0,0,0,0,0,0,0,57
"Aug 14, 2025","=""452338404496050""",B.SB.Products.SB.UPS.PFC,,250,DAILY_BUDGET,PAUSED,USD,6930,48,647.91,1180.63,6,6,5,1080.64,5,57,43,9,0,0,2698
"Jul 17, 2025","=""85546644235770""",C.Keyword.Video.SB.UPS.IntelligentLCD.CPAVR3,,250,DAILY_BUDGET,PAUSED,USD,3673,24,25.14,1239.7,6,6,4,839.8,4,38,0,6,321,32,620
"May 23, 2025","=""112828660396406""",N.Keyword.Video.SB.UPS.SmartAppSinewave.OLHD,,250,DAILY_BUDGET,PAUSED,USD,354,3,3.93,0.0,0,0,0,0.0,0,7,0,0,29,4,41
"Jul 17, 2025","=""501138070676838""",N.SB.Products.SB.UPS.AVR,,250,DAILY_BUDGET,PAUSED,USD,9912,25,53.49,0.0,0,0,0,0.0,0,20,0,0,0,0,1405
"Aug 02, 2025","=""456008348744441""",N.SB.Products.SB.UPS.PFC,,250,DAILY_BUDGET,PAUSED,USD,76845,61,286.89,239.95,1,1,1,239.95,1,56,0,5,0,0,22393
"May 01, 2025","=""327967099369911""",N.Keyword.Products.SB.UPS.1500units,,250,DAILY_BUDGET,PAUSED,USD,18175,22,69.59,473.85,3,3,2,318.9,2,49,0,5,0,0,4616
"Jul 26, 2025","=""335733425531216""",N.Keyword.Video.SB.UPS.PFCSinewave.CP1500PFCLCD.B00429N19W,,250,DAILY_BUDGET,ENABLED,USD,6355,45,176.33,359.9,2,2,2,359.9,2,66,6,8,1174,380,1553
"Jun 16, 2025","=""353873361287335""",B2B - B.Keyword.Store.SB.UPS.StoreSpotlight,,250,DAILY_BUDGET,ENABLED,USD,212,3,4.36,635.95,1,1,1,635.95,1,18,0,1,0,0,88
"Jul 20, 2025","=""288898439745613""",B2B - N.Keyword.Products.SB.UPS.1500units,,250,DAILY_BUDGET,ENABLED,USD,1366,10,53.92,199.95,1,1,1,199.95,1,31,0,3,0,0,491
"Aug 08, 2025","=""367333782614376""",N.SB.Products.SB.UPS.PFCRM,,250,DAILY_BUDGET,PAUSED,USD,60944,184,613.23,1881.89,9,10,6,1224.0,7,281,144,14,0,0,14515
"May 22, 2025","=""38757712528936""",B.Keyword.Video.SB.UPS.PFCSinewave.CPPFC(1),,250,DAILY_BUDGET,PAUSED,USD,1482,12,32.54,0.0,0,0,0,0.0,0,27,0,1,234,70,328
"Jun 25, 2025","=""369323377946560""",B2B - N.Keyword.Store.SB.UPS.StoreSpotlight,,250,DAILY_BUDGET,ENABLED,USD,523,1,3.19,0.0,0,0,0,0.0,0,0,0,0,0,0,149
"Jul 16, 2025","=""349078398145277""",N.SB.Products.SB.UPS.Eco,,250,DAILY_BUDGET,PAUSED,USD,52482,161,329.05,509.79,5,5,5,509.79,5,210,0,19,0,0,11432
"Jul 12, 2025","=""504590116611528""",C.Keyword.Video.SB.PFCSinewave.CP1500PFCRM2U.B0B354X985_v2,,250,DAILY_BUDGET,PAUSED,USD,0,0,0.0,0.0,0,0,0,0.0,0,0,0,0,0,0,0
"Aug 10, 2025","=""501364882562485""",C.Keyword.Video.SB.UPS.IntelligentLCD.CP1500AVRLCD3.B0BCMLLSHL,,250,DAILY_BUDGET,ENABLED,USD,67,0,0.0,0.0,0,0,0,0.0,0,0,0,0,6,0,9
"May 08, 2025","=""425328024590643""",C.Keyword.Products.SB.UPS.1500units,,250,DAILY_BUDGET,ENABLED,USD,8881,16,84.05,439.9,2,2,1,219.95,1,16,0,3,0,0,3514
"May 10, 2025","=""450441693358033""",B2B - B.Keyword.Products.SB.UPS.1500units,,250,DAILY_BUDGET,ENABLED,USD,329,1,2.25,577.95,1,1,0,0.0,0,4,0,1,0,0,81
"Jul 20, 2025","=""516203922618177""",N.Keyword.Store.SB.UPS.StoreSpotlight,,250,DAILY_BUDGET,ENABLED,USD,1793,13,37.22,179.9,2,2,2,179.9,2,12,0,4,0,0,542
"May 03, 2025","=""288898439745613""",B2B - N.Keyword.Products.SB.UPS.1500units,,250,DAILY_BUDGET,ENABLED,USD,7160,17,182.27,569.85,3,3,3,569.85,3,16,0,3,0,0,2965
"May 02, 2025","=""84817009251939""",C.Keyword.Video.SB.PFCSinewave.CP1500PFCRM2U.B0B354X985,,250,DAILY_BUDGET,ENABLED,USD,13899,56,90.0,334.95,1,1,1,334.95,1,110,0,3,950,55,2173
"Jun 03, 2025","=""353873361287335""",B2B - B.Keyword.Store.SB.UPS.StoreSpotlight,,250,DAILY_BUDGET,ENABLED,USD,82,2,13.34,0.0,0,0,0,0.0,0,4,0,0,0,0,43
"Jun 14, 2025","=""85546644235770""",C.Keyword.Video.SB.UPS.IntelligentLCD.CPAVR3,,250,DAILY_BUDGET,PAUSED,USD,5517,62,100.4,199.95,1,1,1,199.95,1,99,0,8,621,58,1183
"May 01, 2025","=""60249080858733""",C.Keyword.Video.SB.UPS.PFCSinewave.CPPFC(1),,250,DAILY_BUDGET,PAUSED,USD,197,1,2.79,0.0,0,0,0,0.0,0,3,0,0,23,1,46
"Aug 16, 2025","=""288898439745613""",B2B - N.Keyword.Products.SB.UPS.1500units,,250,DAILY_BUDGET,ENABLED,USD,7732,20,327.7,219.95,1,1,0,0.0,0,17,9,1,0,0,3237
"Jul 27, 2025","=""353873361287335""",B2B - B.Keyword.Store.SB.UPS.StoreSpotlight,,250,DAILY_BUDGET,ENABLED,USD,67,1,0.84,0.0,0,0,0,0.0,0,4,0,1,0,0,38
"May 26, 2025","=""288898439745613""",B2B - N.Keyword.Products.SB.UPS.1500units,,250,DAILY_BUDGET,ENABLED,USD,7591,17,132.36,524.9,2,2,1,334.95,1,27,0,5,0,0,3030
"Jun 08, 2025","=""85546644235770""",C.Keyword.Video.SB.UPS.IntelligentLCD.CPAVR3,,250,DAILY_BUDGET,PAUSED,USD,6720,71,108.59,1259.65,7,7,7,1259.65,7,144,0,11,769,65,1485
"Jun 10, 2025","=""60249080858733""",C.Keyword.Video.SB.UPS.PFCSinewave.CPPFC(1),,250,DAILY_BUDGET,PAUSED,USD,171,0,0.0,0.0,0,0,0,0.0,0,0,0,0,5,0,11
"Jun 03, 2025","=""74868404430193""",N.Keyword.Video.SB.UPS.SmartAppLCD.OR.OR500LCRM1U,,250,DAILY_BUDGET,PAUSED,USD,757,5,5.19,0.0,0,0,0,0.0,0,7,0,0,62,13,116
"Jul 11, 2025","=""112828660396406""",N.Keyword.Video.SB.UPS.SmartAppSinewave.OLHD,,250,DAILY_BUDGET,PAUSED,USD,0,0,0.0,0.0,0,0,0,0.0,0,0,0,0,0,0,0
"May 11, 2025","=""84817009251939""",C.Keyword.Video.SB.PFCSinewave.CP1500PFCRM2U.B0B354X985,,250,DAILY_BUDGET,ENABLED,USD,8583,55,82.78,373.44,3,3,1,334.95,1,103,0,5,560,51,1311
"Jul 28, 2025","=""501364882562485""",C.Keyword.Video.SB.UPS.IntelligentLCD.CP1500AVRLCD3.B0BCMLLSHL,,250,DAILY_BUDGET,ENABLED,USD,1250,1,5.22,239.95,1,1,1,239.95,1,13,0,3,184,33,262
"May 27, 2025","=""369323377946560""",B2B - N.Keyword.Store.SB.UPS.StoreSpotlight,,250,DAILY_BUDGET,ENABLED,USD,625,5,15.52,92.99,1,1,1,92.99,1,7,0,1,0,0,327
"Jul 14, 2025","=""293529288726869""",B.Keyword.Video.SB.UPS.PFCSinewave.CP1500PFCLCD.B00429N19W,,250,DAILY_BUDGET,ENABLED,USD,902,13,47.39,359.95,1,1,1,359.95,1,27,0,4,233,82,293
"Aug 20, 2025","=""288898439745613""",B2B - N.Keyword.Products.SB.UPS.1500units,,250,DAILY_BUDGET,ENABLED,USD,15095,26,312.71,3869.4,5,12,1,359.95,1,39,15,6,0,0,5164
"May 29, 2025","=""288898439745613""",B2B - N.Keyword.Products.SB.UPS.1500units,,250,DAILY_BUDGET,ENABLED,USD,12055,23,178.49,119.95,1,1,1,119.95,1,25,0,1,0,0,4643
"Jun 22, 2025","=""38757712528936""",B.Keyword.Video.SB.UPS.PFCSinewave.CPPFC(1),,250,DAILY_BUDGET,PAUSED,USD,1098,12,30.15,47.72,1,1,0,0.0,0,17,0,2,126,33,229
"Jun 24, 2025","=""85546644235770""",C.Keyword.Video.SB.UPS.IntelligentLCD.CPAVR3,,250,DAILY_BUDGET,PAUSED,USD,5710,53,60.55,799.8,3,4,3,799.8,4,122,0,9,528,47,1070
"Aug 08, 2025","=""293529288726869""",B.Keyword.Video.SB.UPS.PFCSinewave.CP1500PFCLCD.B00429N19W,,250,DAILY_BUDGET,ENABLED,USD,470,5,56.15,0.0,0,0,0,0.0,0,6,2,1,82,22,117
"Jul 09, 2025","=""533553529526025""",N.Keyword.Video.SB.PFCSinewave.CP1500PFCRM2U.B0B354X985,,250,DAILY_BUDGET,PAUSED,USD,0,0,0.0,0.0,0,0,0,0.0,0,0,0,0,0,0,0
"Jul 11, 2025","=""38757712528936""",B.Keyword.Video.SB.UPS.PFCSinewave.CPPFC(1),,250,DAILY_BUDGET,PAUSED,USD,0,0,0.0,0.0,0,0,0,0.0,0,0,0,0,0,0,0
"Aug 09, 2025","=""501138070676838""",N.SB.Products.SB.UPS.AVR,,250,DAILY_BUDGET,PAUSED,USD,18480,18,29.5,119.9,2,2,1,59.95,1,17,12,2,0,0,2455
"Aug 16, 2025","=""293529288726869""",B.Keyword.Video.SB.UPS.PFCSinewave.CP1500PFCLCD.B00429N19W,,250,DAILY_BUDGET,ENABLED,USD,888,10,320.42,269.95,1,1,1,269.95,1,26,4,1,179,66,222
"Jul 20, 2025","=""335733425531216""",N.Keyword.Video.SB.UPS.PFCSinewave.CP1500PFCLCD.B00429N19W,,250,DAILY_BUDGET,ENABLED,USD,6681,59,236.14,419.9,2,2,2,419.9,2,102,0,6,1377,491,1717
"May 12, 2025","=""369323377946560""",B2B - N.Keyword.Store.SB.UPS.StoreSpotlight,,250,DAILY_BUDGET,ENABLED,USD,233,1,1.61,199.95,1,1,1,199.95,1,8,0,1,0,0,123
"Aug 13, 2025","=""456008348744441""",N.SB.Products.SB.UPS.PFC,,250,DAILY_BUDGET,PAUSED,USD,20351,9,17.1,0.0,0,0,0,0.0,0,4,5,0,0,0,1767
"Jun 14, 2025","=""369323377946560""",B2B - N.Keyword.Store.SB.UPS.StoreSpotlight,,250,DAILY_BUDGET,ENABLED,USD,398,0,0.0,0.0,0,0,0,0.0,0,0,0,0,0,0,129
"Jun 07, 2025","=""84817009251939""",C.Keyword.Video.SB.PFCSinewave.CP1500PFCRM2U.B0B354X985,,250,DAILY_BUDGET,ENABLED,USD,9781,59,95.51,1318.97,4,4,3,959.02,3,143,0,8,735,52,1531
"Aug 08, 2025","=""490434522578484""",C.Keyword.Video.SB.UPS.PFCSinewave.CP1500PFCLCD.B00429N19W,,250,DAILY_BUDGET,ENABLED,USD,2773,9,181.0,0.0,0,0,0,0.0,0,3,5,0,602,157,756
"Jun 06, 2025","=""300358990869228""",B.Keyword.Store.SB.UPS.StoreSpotlight,,250,DAILY_BUDGET,ENABLED,USD,1140,10,62.76,4128.8,25,35,22,3756.91,32,272,0,56,0,0,973
"May 02, 2025","=""112828660396406""",N.Keyword.Video.SB.UPS.SmartAppSinewave.OLHD,,250,DAILY_BUDGET,PAUSED,USD,288,2,2.27,0.0,0,0,0,0.0,0,3,0,0,32,2,57
"Jun 24, 2025","=""84817009251939""",C.Keyword.Video.SB.PFCSinewave.CP1500PFCRM2U.B0B354X985,,250,DAILY_BUDGET,ENABLED,USD,32584,193,379.92,4389.95,10,12,8,3670.05,10,430,0,22,2916,243,5938
"May 07, 2025","=""38757712528936""",B.Keyword.Video.SB.UPS.PFCSinewave.CPPFC(1),,250,DAILY_BUDGET,PAUSED,USD,1498,10,31.03,95.44,1,2,0,0.0,0,17,0,1,147,35,255
"Jul 09, 2025","=""209147373785811""",N.Keyword.Video.SB.UPS.PFCSinewave.CPPFC(1),,250,DAILY_BUDGET,PAUSED,USD,0,0,0.0,0.0,0,0,0,0.0,0,0,0,0,0,0,0
"Jun 10, 2025","=""85546644235770""",C.Keyword.Video.SB.UPS.IntelligentLCD.CPAVR3,,250,DAILY_BUDGET,PAUSED,USD,7817,84,132.82,1317.54,6,6,6,1317.54,6,211,0,16,923,113,1725
"Aug 11, 2025","=""490434522578484""",C.Keyword.Video.SB.UPS.PFCSinewave.CP1500PFCLCD.B00429N19W,,250,DAILY_BUDGET,ENABLED,USD,3107,15,293.22,359.95,1,1,1,359.95,1,20,13,1,657,188,882
"Aug 03, 2025","=""490434522578484""",C.Keyword.Video.SB.UPS.PFCSinewave.CP1500PFCLCD.B00429N19W,,250,DAILY_BUDGET,ENABLED,USD,524,0,0.0,0.0,0,0,0,0.0,0,0,0,0,63,13,99
"Jul 27, 2025","=""293529288726869""",B.Keyword.Video.SB.UPS.PFCSinewave.CP1500PFCLCD.B00429N19W,,250,DAILY_BUDGET,ENABLED,USD,421,2,5.98,239.95,1,1,1,239.95,1,5,0,1,63,20,96
"May 03, 2025","=""209147373785811""",N.Keyword.Video.SB.UPS.PFCSinewave.CPPFC(1),,250,DAILY_BUDGET,PAUSED,USD,960,5,8.15,0.0,0,0,0,0.0,0,4,0,0,67,10,141
"May 10, 2025","=""288898439745613""",B2B - N.Keyword.Products.SB.UPS.1500units,,250,DAILY_BUDGET,ENABLED,USD,7735,17,170.18,189.95,1,1,1,189.95,1,36,0,2,0,0,3174
"May 28, 2025","=""425328024590643""",C.Keyword.Products.SB.UPS.1500units,,250,DAILY_BUDGET,ENABLED,USD,0,0,0.0,0.0,0,0,0,0.0,0,0,0,0,0,0,0
"Aug 03, 2025","=""353873361287335""",B2B - B.Keyword.Store.SB.UPS.StoreSpotlight,,250,DAILY_BUDGET,ENABLED,USD,49,0,0.0,0.0,0,0,0,0.0,0,0,0,0,0,0,24
"Jul 02, 2025","=""456008348744441""",N.SB.Products.SB.UPS.PFC,,250,DAILY_BUDGET,PAUSED,USD,246138,336,3415.14,548.81,3,3,1,239.93,1,255,0,9,0,0,76114
"Jun 01, 2025","=""85546644235770""",C.Keyword.Video.SB.UPS.IntelligentLCD.CPAVR3,,250,DAILY_BUDGET,PAUSED,USD,5826,77,108.34,1493.01,7,7,6,1293.06,6,169,0,14,718,83,1319
"May 18, 2025","=""209147373785811""",N.Keyword.Video.SB.UPS.PFCSinewave.CPPFC(1),,250,DAILY_BUDGET,PAUSED,USD,1526,9,20.71,0.0,0,0,0,0.0,0,14,0,1,106,19,231
"May 04, 2025","=""369323377946560""",B2B - N.Keyword.Store.SB.UPS.StoreSpotlight,,250,DAILY_BUDGET,ENABLED,USD,97,0,0.0,0.0,0,0,0,0.0,0,0,0,0,0,0,51
"Aug 25, 2025","=""349078398145277""",N.SB.Products.SB.UPS.Eco,,250,DAILY_BUDGET,PAUSED,USD,41714,176,460.1,535.75,4,5,3,438.8,4,262,137,18,0,0,11020
"Jul 16, 2025","=""293529288726869""",B.Keyword.Video.SB.UPS.PFCSinewave.CP1500PFCLCD.B00429N19W,,250,DAILY_BUDGET,ENABLED,USD,505,8,34.7,1657.65,7,7,5,1228.75,5,25,0,7,133,36,168
"May 17, 2025","=""300358990869228""",B.Keyword.Store.SB.UPS.StoreSpotlight,,250,DAILY_BUDGET,ENABLED,USD,1454,21,132.37,2578.12,26,31,18,1917.12,22,341,0,34,0,0,1242
"Jul 14, 2025","=""369323377946560""",B2B - N.Keyword.Store.SB.UPS.StoreSpotlight,,250,DAILY_BUDGET,ENABLED,USD,837,0,0.0,0.0,0,0,0,0.0,0,0,0,0,0,0,346
"May 26, 2025","=""353873361287335""",B2B - B.Keyword.Store.SB.UPS.StoreSpotlight,,250,DAILY_BUDGET,ENABLED,USD,24,1,3.34,0.0,0,0,0,0.0,0,2,0,0,0,0,9
"Jul 11, 2025","=""369323377946560""",B2B - N.Keyword.Store.SB.UPS.StoreSpotlight,,250,DAILY_BUDGET,ENABLED,USD,2663,9,61.52,1199.8,2,4,1,599.9,2,10,0,2,0,0,991
"Aug 09, 2025","=""288898439745613""",B2B - N.Keyword.Products.SB.UPS.1500units,,250,DAILY_BUDGET,ENABLED,USD,1846,5,29.51,668.85,3,3,1,359.95,1,22,0,3,0,0,619
"Aug 21, 2025","=""501364882562485""",C.Keyword.Video.SB.UPS.IntelligentLCD.CP1500AVRLCD3.B0BCMLLSHL,,250,DAILY_BUDGET,ENABLED,USD,990,2,26.98,0.0,0,0,0,0.0,0,3,2,0,121,20,217
"Jun 16, 2025","=""209147373785811""",N.Keyword.Video.SB.UPS.PFCSinewave.CPPFC(1),,250,DAILY_BUDGET,PAUSED,USD,1316,6,12.94,0.0,0,0,0,0.0,0,26,0,3,137,36,226
"Aug 01, 2025","=""490434522578484""",C.Keyword.Video.SB.UPS.PFCSinewave.CP1500PFCLCD.B00429N19W,,250,DAILY_BUDGET,ENABLED,USD,1372,4,102.69,0.0,0,0,0,0.0,0,4,0,0,256,61,371
"Jul 09, 2025","=""504590116611528""",C.Keyword.Video.SB.PFCSinewave.CP1500PFCRM2U.B0B354X985_v2,,250,DAILY_BUDGET,PAUSED,USD,0,0,0.0,0.0,0,0,0,0.0,0,0,0,0,0,0,0
"May 15, 2025","=""84817009251939""",C.Keyword.Video.SB.PFCSinewave.CP1500PFCRM2U.B0B354X985,,250,DAILY_BUDGET,ENABLED,USD,7499,40,62.75,1339.8,4,4,3,1004.85,3,73,0,10,543,36,1194
"Aug 21, 2025","=""288898439745613""",B2B - N.Keyword.Products.SB.UPS.1500units,,250,DAILY_BUDGET,ENABLED,USD,13841,33,531.05,2955.75,6,8,3,2335.9,5,53,25,7,0,0,4579
"Jun 13, 2025","=""353873361287335""",B2B - B.Keyword.Store.SB.UPS.StoreSpotlight,,250,DAILY_BUDGET,ENABLED,USD,140,3,6.43,0.0,0,0,0,0.0,0,5,0,0,0,0,56
"May 17, 2025","=""112828660396406""",N.Keyword.Video.SB.UPS.SmartAppSinewave.OLHD,,250,DAILY_BUDGET,PAUSED,USD,468,1,1.67,0.0,0,0,0,0.0,0,0,0,0,40,4,72
"May 14, 2025","=""450441693358033""",B2B - B.Keyword.Products.SB.UPS.1500units,,250,DAILY_BUDGET,ENABLED,USD,1162,2,1.01,0.0,0,0,0,0.0,0,6,0,1,0,0,261
"Jun 19, 2025","=""456008348744441""",N.SB.Products.SB.UPS.PFC,,250,DAILY_BUDGET,PAUSED,USD,22569,99,192.97,2047.49,8,10,4,923.33,4,131,0,17,0,0,6509
"Jul 31, 2025","=""367333782614376""",N.SB.Products.SB.UPS.PFCRM,,250,DAILY_BUDGET,PAUSED,USD,31121,70,207.57,482.52,3,4,3,482.52,4,84,3,5,0,0,6430
"Jul 13, 2025","=""456008348744441""",N.SB.Products.SB.UPS.PFC,,250,DAILY_BUDGET,PAUSED,USD,867,1,1.42,0.0,0,0,0,0.0,0,0,0,0,0,0,121
"Jul 21, 2025","=""456008348744441""",N.SB.Products.SB.UPS.PFC,,250,DAILY_BUDGET,PAUSED,USD,110019,111,600.11,239.95,1,1,0,0.0,0,58,0,1,0,0,32316
"Jul 11, 2025","=""327967099369911""",N.Keyword.Products.SB.UPS.1500units,,250,DAILY_BUDGET,PAUSED,USD,17647,54,134.48,2138.16,8,9,6,1598.26,7,100,0,9,0,0,3228
"May 15, 2025","=""327967099369911""",N.Keyword.Products.SB.UPS.1500units,,250,DAILY_BUDGET,PAUSED,USD,211230,310,2102.96,2751.51,16,17,11,2176.66,12,301,4,23,0,0,75767
"Jul 02, 2025","=""367333782614376""",N.SB.Products.SB.UPS.PFCRM,,250,DAILY_BUDGET,PAUSED,USD,104056,135,563.91,0.0,0,0,0,0.0,0,50,0,0,0,0,33470
"Jun 14, 2025","=""288898439745613""",B2B - N.Keyword.Products.SB.UPS.1500units,,250,DAILY_BUDGET,ENABLED,USD,5587,11,72.34,359.95,1,1,1,359.95,1,16,0,1,0,0,1996
"May 09, 2025","=""353873361287335""",B2B - B.Keyword.Store.SB.UPS.StoreSpotlight,,250,DAILY_BUDGET,ENABLED,USD,127,1,2.99,0.0,0,0,0,0.0,0,0,0,0,0,0,34
"Aug 06, 2025","=""369323377946560""",B2B - N.Keyword.Store.SB.UPS.StoreSpotlight,,250,DAILY_BUDGET,ENABLED,USD,2155,8,62.02,0.0,0,0,0,0.0,0,4,10,0,0,0,884
"Jul 15, 2025","=""501138070676838""",N.SB.Products.SB.UPS.AVR,,250,DAILY_BUDGET,PAUSED,USD,9217,13,29.26,0.0,0,0,0,0.0,0,8,0,0,0,0,1227
"Jun 17, 2025","=""84817009251939""",C.Keyword.Video.SB.PFCSinewave.CP1500PFCRM2U.B0B354X985,,250,DAILY_BUDGET,ENABLED,USD,14057,106,191.57,3814.1,9,18,3,2065.4,12,246,0,18,1381,145,2618
"Jul 19, 2025","=""452338404496050""",B.SB.Products.SB.UPS.PFC,,250,DAILY_BUDGET,PAUSED,USD,4719,43,157.05,1995.46,9,11,5,1185.66,7,77,0,9,0,0,1966
"Aug 20, 2025","=""293529288726869""",B.Keyword.Video.SB.UPS.PFCSinewave.CP1500PFCLCD.B00429N19W,,250,DAILY_BUDGET,ENABLED,USD,786,10,288.76,959.8,2,4,1,479.9,2,30,21,1,175,61,228
"Jul 14, 2025","=""209147373785811""",N.Keyword.Video.SB.UPS.PFCSinewave.CPPFC(1),,250,DAILY_BUDGET,PAUSED,USD,0,0,0.0,0.0,0,0,0,0.0,0,0,0,0,0,0,0
"Jul 06, 2025","=""38757712528936""",B.Keyword.Video.SB.UPS.PFCSinewave.CPPFC(1),,250,DAILY_BUDGET,PAUSED,USD,0,0,0.0,0.0,0,0,0,0.0,0,0,0,0,0,0,0
"Aug 04, 2025","=""335733425531216""",N.Keyword.Video.SB.UPS.PFCSinewave.CP1500PFCLCD.B00429N19W,,250,DAILY_BUDGET,ENABLED,USD,5895,46,200.22,979.8,4,4,4,979.8,4,52,0,4,1238,432,1615
"May 12, 2025","=""450441693358033""",B2B - B.Keyword.Products.SB.UPS.1500units,,250,DAILY_BUDGET,ENABLED,USD,1323,7,58.98,95.44,1,2,0,0.0,0,20,0,3,0,0,320
"May 12, 2025","=""60249080858733""",C.Keyword.Video.SB.UPS.PFCSinewave.CPPFC(1),,250,DAILY_BUDGET,PAUSED,USD,109,0,0.0,0.0,0,0,0,0.0,0,0,0,0,9,2,17
"Jul 05, 2025","=""516203922618177""",N.Keyword.Store.SB.UPS.StoreSpotlight,,250,DAILY_BUDGET,ENABLED,USD,223,2,4.8,0.0,0,0,0,0.0,0,3,0,0,0,0,114
"Aug 11, 2025","=""300358990869228""",B.Keyword.Store.SB.UPS.StoreSpotlight,,250,DAILY_BUDGET,ENABLED,USD,137,0,0.96,0.0,0,0,0,0.0,0,16,0,0,0,0,89
"May 08, 2025","=""112828660396406""",N.Keyword.Video.SB.UPS.SmartAppSinewave.OLHD,,250,DAILY_BUDGET,PAUSED,USD,560,1,0.45,0.0,0,0,0,0.0,0,1,0,0,41,4,86
"May 03, 2025","=""400654489506156""",B.Keyword.Products.SB.UPS.BestSellers,,250,DAILY_BUDGET,PAUSED,USD,1250,0,0.0,0.0,0,0,0,0.0,0,0,0,0,0,0,433
"Aug 04, 2025","=""456008348744441""",N.SB.Products.SB.UPS.PFC,,250,DAILY_BUDGET,PAUSED,USD,56776,44,172.56,1159.65,2,7,2,1159.65,7,26,2,3,0,0,12376
"Jul 06, 2025","=""74868404430193""",N.Keyword.Video.SB.UPS.SmartAppLCD.OR.OR500LCRM1U,,250,DAILY_BUDGET,PAUSED,USD,904,12,7.91,0.0,0,0,0,0.0,0,42,0,0,81,11,142
"May 21, 2025","=""353873361287335""",B2B - B.Keyword.Store.SB.UPS.StoreSpotlight,,250,DAILY_BUDGET,ENABLED,USD,81,0,0.0,0.0,0,0,0,0.0,0,0,0,0,0,0,32
"Jul 17, 2025","=""533624646611887""",C.Keyword.Store.SB.UPS.StoreSpotlight,,250,DAILY_BUDGET,PAUSED,USD,3569,8,11.84,119.95,1,1,1,119.95,1,23,0,1,0,0,871
"Aug 18, 2025","=""516203922618177""",N.Keyword.Store.SB.UPS.StoreSpotlight,,250,DAILY_BUDGET,ENABLED,USD,1323,11,70.23,1349.6,4,8,4,1349.6,8,50,17,8,0,0,477
"Jul 13, 2025","=""38757712528936""",B.Keyword.Video.SB.UPS.PFCSinewave.CPPFC(1),,250,DAILY_BUDGET,PAUSED,USD,0,0,0.0,0.0,0,0,0,0.0,0,0,0,0,0,0,0
"May 12, 2025","=""85546644235770""",C.Keyword.Video.SB.UPS.IntelligentLCD.CPAVR3,,250,DAILY_BUDGET,PAUSED,USD,5658,39,59.48,579.85,3,3,3,579.85,3,70,0,6,504,39,1027
"Jul 22, 2025","=""452338404496050""",B.SB.Products.SB.UPS.PFC,,250,DAILY_BUDGET,PAUSED,USD,4168,31,138.07,1595.7,5,6,1,199.95,1,38,0,8,0,0,1626
"Aug 22, 2025","=""300358990869228""",B.Keyword.Store.SB.UPS.StoreSpotlight,,250,DAILY_BUDGET,ENABLED,USD,125,0,1.26,119.9,1,2,1,119.9,2,12,0,1,0,0,86
"Aug 19, 2025","=""369323377946560""",B2B - N.Keyword.Store.SB.UPS.StoreSpotlight,,250,DAILY_BUDGET,ENABLED,USD,8530,30,397.16,3052.11,6,12,3,663.45,3,34,42,7,0,0,2899
"Jun 20, 2025","=""74868404430193""",N.Keyword.Video.SB.UPS.SmartAppLCD.OR.OR500LCRM1U,,250,DAILY_BUDGET,PAUSED,USD,1077,6,6.33,0.0,0,0,0,0.0,0,8,0,0,74,2,170
"May 20, 2025","=""74868404430193""",N.Keyword.Video.SB.UPS.SmartAppLCD.OR.OR500LCRM1U,,250,DAILY_BUDGET,PAUSED,USD,1011,7,4.79,0.0,0,0,0,0.0,0,20,0,1,73,6,154
"Jul 10, 2025","=""353873361287335""",B2B - B.Keyword.Store.SB.UPS.StoreSpotlight,,250,DAILY_BUDGET,ENABLED,USD,267,4,4.69,299.95,1,1,0,0.0,0,10,0,1,0,0,151
"Aug 22, 2025","=""452338404496050""",B.SB.Products.SB.UPS.PFC,,250,DAILY_BUDGET,PAUSED,USD,6887,42,667.85,1135.78,5,6,4,955.83,5,70,28,5,0,0,2446
"Aug 21, 2025","=""501138070676838""",N.SB.Products.SB.UPS.AVR,,250,DAILY_BUDGET,PAUSED,USD,9131,11,21.05,0.0,0,0,0,0.0,0,23,8,1,0,0,1835
"May 14, 2025","=""400654489506156""",B.Keyword.Products.SB.UPS.BestSellers,,250,DAILY_BUDGET,PAUSED,USD,1664,1,8.34,0.0,0,0,0,0.0,0,1,0,0,0,0,578
"May 01, 2025","=""425328024590643""",C.Keyword.Products.SB.UPS.1500units,,250,DAILY_BUDGET,ENABLED,USD,21336,48,218.78,140.9,2,2,2,140.9,2,93,0,7,0,0,7813
"Jul 31, 2025","=""501138070676838""",N.SB.Products.SB.UPS.AVR,,250,DAILY_BUDGET,PAUSED,USD,4309,6,14.97,0.0,0,0,0,0.0,0,7,0,0,0,0,876
"Jul 22, 2025","=""353873361287335""",B2B - B.Keyword.Store.SB.UPS.StoreSpotlight,,250,DAILY_BUDGET,ENABLED,USD,338,3,3.91,469.9,2,2,1,199.95,1,3,0,1,0,0,177
"May 07, 2025","=""300358990869228""",B.Keyword.Store.SB.UPS.StoreSpotlight,,250,DAILY_BUDGET,ENABLED,USD,1422,14,125.38,5129.77,29,42,21,3529.63,30,294,0,45,0,0,1181
"Aug 28, 2025","=""367333782614376""",N.SB.Products.SB.UPS.PFCRM,,250,DAILY_BUDGET,PAUSED,USD,37110,95,298.0,7353.44,13,13,9,4484.64,9,190,88,29,0,0,7126
"Jul 19, 2025","=""349078398145277""",N.SB.Products.SB.UPS.Eco,,250,DAILY_BUDGET,PAUSED,USD,42700,170,368.53,1311.45,9,11,8,1191.5,10,246,0,20,0,0,10347
"Aug 16, 2025","=""456008348744441""",N.SB.Products.SB.UPS.PFC,,250,DAILY_BUDGET,PAUSED,USD,38644,51,211.1,239.95,1,1,1,239.95,1,40,47,3,0,0,12935
"Jul 18, 2025","=""335733425531216""",N.Keyword.Video.SB.UPS.PFCSinewave.CP1500PFCLCD.B00429N19W,,250,DAILY_BUDGET,ENABLED,USD,7953,64,242.83,89.99,1,1,1,89.99,1,92,0,3,1732,570,2317
"Aug 27, 2025","=""327967099369911""",N.Keyword.Products.SB.UPS.1500units,,250,DAILY_BUDGET,PAUSED,USD,1011,1,0.4,0.0,0,0,0,0.0,0,2,0,0,0,0,140
"Jul 21, 2025","=""288898439745613""",B2B - N.Keyword.Products.SB.UPS.1500units,,250,DAILY_BUDGET,ENABLED,USD,4263,17,95.48,606.8,2,4,2,606.8,4,29,0,3,0,0,1241
"Jun 13, 2025","=""209147373785811""",N.Keyword.Video.SB.UPS.PFCSinewave.CPPFC(1),,250,DAILY_BUDGET,PAUSED,USD,988,9,15.8,0.0,0,0,0,0.0,0,22,0,0,88,14,168
"Aug 19, 2025","=""501138070676838""",N.SB.Products.SB.UPS.AVR,,250,DAILY_BUDGET,PAUSED,USD,10007,21,42.23,249.9,2,2,2,249.9,2,23,19,6,0,0,2034
"May 01, 2025","=""85546644235770""",C.Keyword.Video.SB.UPS.IntelligentLCD.CPAVR3,,250,DAILY_BUDGET,PAUSED,USD,4383,31,44.15,494.9,3,3,1,189.95,1,62,0,8,308,13,677
"Aug 14, 2025","=""335733425531216""",N.Keyword.Video.SB.UPS.PFCSinewave.CP1500PFCLCD.B00429N19W,,250,DAILY_BUDGET,ENABLED,USD,7390,40,176.07,2401.64,7,16,1,239.95,1,86,24,11,1462,467,2002
"Jul 19, 2025","=""369323377946560""",B2B - N.Keyword.Store.SB.UPS.StoreSpotlight,,250,DAILY_BUDGET,ENABLED,USD,208,0,0.0,0.0,0,0,0,0.0,0,0,0,0,0,0,86
"Aug 04, 2025","=""452338404496050""",B.SB.Products.SB.UPS.PFC,,250,DAILY_BUDGET,PAUSED,USD,6107,49,215.67,2308.64,6,6,4,1719.8,4,93,9,9,0,0,2420
"Jun 28, 2025","=""60249080858733""",C.Keyword.Video.SB.UPS.PFCSinewave.CPPFC(1),,250,DAILY_BUDGET,PAUSED,USD,250,2,2.46,0.0,0,0,0,0.0,0,7,0,0,38,8,55
"Aug 06, 2025","=""425328024590643""",C.Keyword.Products.SB.UPS.1500units,,250,DAILY_BUDGET,ENABLED,USD,1227,3,10.72,0.0,0,0,0,0.0,0,2,1,0,0,0,337
"Jul 29, 2025","=""293529288726869""",B.Keyword.Video.SB.UPS.PFCSinewave.CP1500PFCLCD.B00429N19W,,250,DAILY_BUDGET,ENABLED,USD,418,4,3.23,0.0,0,0,0,0.0,0,3,0,0,50,14,83
"Aug 13, 2025","=""335733425531216""",N.Keyword.Video.SB.UPS.PFCSinewave.CP1500PFCLCD.B00429N19W,,250,DAILY_BUDGET,ENABLED,USD,8361,58,263.11,0.0,0,0,0,0.0,0,81,30,2,1687,564,2324
"Aug 20, 2025","=""456008348744441""",N.SB.Products.SB.UPS.PFC,,250,DAILY_BUDGET,PAUSED,USD,54879,47,159.7,329.9,2,2,2,329.9,2,19,44,2,0,0,16508
"May 06, 2025","=""425328024590643""",C.Keyword.Products.SB.UPS.1500units,,250,DAILY_BUDGET,ENABLED,USD,10666,30,155.61,109.95,1,1,1,109.95,1,44,0,1,0,0,4364
"May 05, 2025","=""74868404430193""",N.Keyword.Video.SB.UPS.SmartAppLCD.OR.OR500LCRM1U,,250,DAILY_BUDGET,PAUSED,USD,1052,6,4.78,0.0,0,0,0,0.0,0,7,0,0,68,9,146
"Jun 16, 2025","=""288898439745613""",B2B - N.Keyword.Products.SB.UPS.1500units,,250,DAILY_BUDGET,ENABLED,USD,9153,29,204.1,1844.41,7,11,4,964.71,5,68,0,9,0,0,3284
"Jul 20, 2025","=""367333782614376""",N.SB.Products.SB.UPS.PFCRM,,250,DAILY_BUDGET,PAUSED,USD,14785,44,106.91,439.9,2,2,2,439.9,2,57,0,3,0,0,3096
"Jul 03, 2025","=""288898439745613""",B2B - N.Keyword.Products.SB.UPS.1500units,,250,DAILY_BUDGET,ENABLED,USD,3438,17,90.59,239.95,1,1,1,239.95,1,16,0,1,0,0,1204
"Jun 15, 2025","=""249902179030051""",N.Keyword.Video.SB.UPS.Surge.CSP,,250,DAILY_BUDGET,PAUSED,USD,1486,26,19.92,0.0,0,0,0,0.0,0,52,0,3,146,19,297
"Jun 17, 2025","=""369323377946560""",B2B - N.Keyword.Store.SB.UPS.StoreSpotlight,,250,DAILY_BUDGET,ENABLED,USD,857,4,9.71,0.0,0,0,0,0.0,0,9,0,2,0,0,244
"Jul 01, 2025","=""288898439745613""",B2B - N.Keyword.Products.SB.UPS.1500units,,250,DAILY_BUDGET,ENABLED,USD,6018,18,97.25,2145.72,5,6,3,1340.8,4,29,0,8,0,0,1644
"Jun 01, 2025","=""450441693358033""",B2B - B.Keyword.Products.SB.UPS.1500units,,250,DAILY_BUDGET,ENABLED,USD,343,1,3.3,0.0,0,0,0,0.0,0,2,0,0,0,0,89
"Jul 31, 2025","=""456008348744441""",N.SB.Products.SB.UPS.PFC,,250,DAILY_BUDGET,PAUSED,USD,47248,61,289.21,119.95,1,1,1,119.95,1,32,0,3,0,0,15322
"May 18, 2025","=""300358990869228""",B.Keyword.Store.SB.UPS.StoreSpotlight,,250,DAILY_BUDGET,ENABLED,USD,1422,28,130.86,1249.14,16,17,13,769.24,14,258,0,23,0,0,1209
"Jun 08, 2025","=""38757712528936""",B.Keyword.Video.SB.UPS.PFCSinewave.CPPFC(1),,250,DAILY_BUDGET,PAUSED,USD,1449,12,40.22,716.82,3,3,2,478.05,2,32,0,4,107,20,213
"May 22, 2025","=""112828660396406""",N.Keyword.Video.SB.UPS.SmartAppSinewave.OLHD,,250,DAILY_BUDGET,PAUSED,USD,554,2,2.87,0.0,0,0,0,0.0,0,14,0,0,35,3,79
"Aug 05, 2025","=""450441693358033""",B2B - B.Keyword.Products.SB.UPS.1500units,,250,DAILY_BUDGET,ENABLED,USD,1569,2,0.4,719.9,1,2,0,0.0,0,3,0,1,0,0,108
"May 03, 2025","=""84817009251939""",C.Keyword.Video.SB.PFCSinewave.CP1500PFCRM2U.B0B354X985,,250,DAILY_BUDGET,ENABLED,USD,11437,54,69.91,2344.65,5,7,2,669.9,2,159,0,15,786,54,1812
"Jun 14, 2025","=""84817009251939""",C.Keyword.Video.SB.PFCSinewave.CP1500PFCRM2U.B0B354X985,,250,DAILY_BUDGET,ENABLED,USD,14539,86,157.53,1318.31,4,4,4,1318.31,4,310,0,17,1186,94,2513
"Jul 01, 2025","=""300358990869228""",B.Keyword.Store.SB.UPS.StoreSpotlight,,250,DAILY_BUDGET,ENABLED,USD,456,5,11.52,1112.9,5,6,5,1112.9,6,84,0,11,0,0,355
"Jul 22, 2025","=""501364882562485""",C.Keyword.Video.SB.UPS.IntelligentLCD.CP1500AVRLCD3.B0BCMLLSHL,,250,DAILY_BUDGET,ENABLED,USD,658,2,9.5,0.0,0,0,0,0.0,0,4,0,0,117,20,148
"May 15, 2025","=""249902179030051""",N.Keyword.Video.SB.UPS.Surge.CSP,,250,DAILY_BUDGET,PAUSED,USD,1425,32,25.45,0.0,0,0,0,0.0,0,46,0,3,106,9,228
"May 11, 2025","=""74868404430193""",N.Keyword.Video.SB.UPS.SmartAppLCD.OR.OR500LCRM1U,,250,DAILY_BUDGET,PAUSED,USD,723,5,3.78,0.0,0,0,0,0.0,0,7,0,0,45,6,116
"Aug 15, 2025","=""293529288726869""",B.Keyword.Video.SB.UPS.PFCSinewave.CP1500PFCLCD.B00429N19W,,250,DAILY_BUDGET,ENABLED,USD,938,10,201.02,209.9,2,2,2,209.9,2,29,8,2,159,46,218
"Aug 02, 2025","=""501364882562485""",C.Keyword.Video.SB.UPS.IntelligentLCD.CP1500AVRLCD3.B0BCMLLSHL,,250,DAILY_BUDGET,ENABLED,USD,726,1,21.92,0.0,0,0,0,0.0,0,0,0,0,129,29,178
"Aug 16, 2025","=""533624646611887""",C.Keyword.Store.SB.UPS.StoreSpotlight,,250,DAILY_BUDGET,PAUSED,USD,11687,72,924.15,299.9,2,2,1,59.95,1,52,80,8,0,0,5745
"May 06, 2025","=""249902179030051""",N.Keyword.Video.SB.UPS.Surge.CSP,,250,DAILY_BUDGET,PAUSED,USD,2443,38,32.08,207.91,6,9,6,207.91,9,50,0,6,205,22,465
"Aug 10, 2025","=""288898439745613""",B2B - N.Keyword.Products.SB.UPS.1500units,,250,DAILY_BUDGET,ENABLED,USD,2443,11,36.58,0.0,0,0,0,0.0,0,18,8,2,0,0,793
"Aug 23, 2025","=""400654489506156""",B.Keyword.Products.SB.UPS.BestSellers,,250,DAILY_BUDGET,PAUSED,USD,44999,54,838.74,508.68,5,5,4,388.73,4,134,83,20,0,0,14612
"Jul 22, 2025","=""425328024590643""",C.Keyword.Products.SB.UPS.1500units,,250,DAILY_BUDGET,ENABLED,USD,1592,4,9.59,0.0,0,0,0,0.0,0,4,0,0,0,0,404
"Jul 21, 2025","=""300358990869228""",B.Keyword.Store.SB.UPS.StoreSpotlight,,250,DAILY_BUDGET,ENABLED,USD,485,0,4.33,126.42,2,2,0,0.0,0,10,0,2,0,0,393
"Jul 09, 2025","=""249902179030051""",N.Keyword.Video.SB.UPS.Surge.CSP,,250,DAILY_BUDGET,PAUSED,USD,0,0,0.0,0.0,0,0,0,0.0,0,0,0,0,0,0,0
"Jun 26, 2025","=""353873361287335""",B2B - B.Keyword.Store.SB.UPS.StoreSpotlight,,250,DAILY_BUDGET,ENABLED,USD,167,1,0.69,0.0,0,0,0,0.0,0,7,0,0,0,0,66
"Jun 04, 2025","=""300358990869228""",B.Keyword.Store.SB.UPS.StoreSpotlight,,250,DAILY_BUDGET,ENABLED,USD,1602,24,128.67,6001.1,30,33,21,4184.42,23,339,0,57,0,0,1289
"Aug 23, 2025","=""490434522578484""",C.Keyword.Video.SB.UPS.PFCSinewave.CP1500PFCLCD.B00429N19W,,250,DAILY_BUDGET,ENABLED,USD,566,2,14.45,0.0,0,0,0,0.0,0,1,1,0,85,28,141
"Jul 07, 2025","=""300358990869228""",B.Keyword.Store.SB.UPS.StoreSpotlight,,250,DAILY_BUDGET,ENABLED,USD,138,1,0.98,0.0,0,0,0,0.0,0,4,0,2,0,0,90
"May 03, 2025","=""74868404430193""",N.Keyword.Video.SB.UPS.SmartAppLCD.OR.OR500LCRM1U,,250,DAILY_BUDGET,PAUSED,USD,1327,6,6.11,0.0,0,0,0,0.0,0,7,0,0,82,12,191
"May 06, 2025","=""327967099369911""",N.Keyword.Products.SB.UPS.1500units,,250,DAILY_BUDGET,PAUSED,USD,283875,373,3055.31,2508.95,13,21,9,1729.35,13,378,0,26,0,0,100318
"Aug 17, 2025","=""288898439745613""",B2B - N.Keyword.Products.SB.UPS.1500units,,250,DAILY_BUDGET,ENABLED,USD,7760,14,197.99,719.9,2,2,1,359.95,1,21,16,4,0,0,3154
"Jun 07, 2025","=""112828660396406""",N.Keyword.Video.SB.UPS.SmartAppSinewave.OLHD,,250,DAILY_BUDGET,PAUSED,USD,508,2,1.02,0.0,0,0,0,0.0,0,4,0,0,33,4,74
"May 17, 2025","=""38757712528936""",B.Keyword.Video.SB.UPS.PFCSinewave.CPPFC(1),,250,DAILY_BUDGET,PAUSED,USD,1460,9,36.35,175.95,1,1,1,175.95,1,14,0,1,170,38,307
"Jun 15, 2025","=""209147373785811""",N.Keyword.Video.SB.UPS.PFCSinewave.CPPFC(1),,250,DAILY_BUDGET,PAUSED,USD,1086,9,18.85,476.92,2,2,2,476.92,2,38,0,3,93,26,181
"Aug 06, 2025","=""367333782614376""",N.SB.Products.SB.UPS.PFCRM,,250,DAILY_BUDGET,PAUSED,USD,66468,173,557.25,4919.69,11,15,7,1759.05,9,248,153,25,0,0,16413
"Jul 29, 2025","=""353873361287335""",B2B - B.Keyword.Store.SB.UPS.StoreSpotlight,,250,DAILY_BUDGET,ENABLED,USD,221,3,15.32,2128.96,2,2,1,695.74,1,8,0,2,0,0,111
"Jun 25, 2025","=""112828660396406""",N.Keyword.Video.SB.UPS.SmartAppSinewave.OLHD,,250,DAILY_BUDGET,PAUSED,USD,1037,4,5.76,0.0,0,0,0,0.0,0,12,0,0,59,8,111
"Jun 06, 2025","=""84817009251939""",C.Keyword.Video.SB.PFCSinewave.CP1500PFCRM2U.B0B354X985,,250,DAILY_BUDGET,ENABLED,USD,7459,65,106.16,2279.65,6,7,3,1199.8,4,185,0,13,623,54,1202
"Jul 15, 2025","=""369323377946560""",B2B - N.Keyword.Store.SB.UPS.StoreSpotlight,,250,DAILY_BUDGET,ENABLED,USD,590,7,34.08,1304.14,6,8,3,517.39,3,11,0,6,0,0,255
"Jun 13, 2025","=""450441693358033""",B2B - B.Keyword.Products.SB.UPS.1500units,,250,DAILY_BUDGET,ENABLED,USD,1330,5,14.74,0.0,0,0,0,0.0,0,10,0,0,0,0,250
"Jun 27, 2025","=""209147373785811""",N.Keyword.Video.SB.UPS.PFCSinewave.CPPFC(1),,250,DAILY_BUDGET,PAUSED,USD,19199,81,1005.21,479.88,2,2,2,479.88,2,139,0,6,2889,982,4517
"Jun 08, 2025","=""425328024590643""",C.Keyword.Products.SB.UPS.1500units,,250,DAILY_BUDGET,ENABLED,USD,0,0,0.0,0.0,0,0,0,0.0,0,0,0,0,0,0,0
"May 23, 2025","=""85546644235770""",C.Keyword.Video.SB.UPS.IntelligentLCD.CPAVR3,,250,DAILY_BUDGET,PAUSED,USD,5939,46,71.34,1409.6,8,8,5,839.75,5,130,0,13,591,55,1152
"May 04, 2025","=""74868404430193""",N.Keyword.Video.SB.UPS.SmartAppLCD.OR.OR500LCRM1U,,250,DAILY_BUDGET,PAUSED,USD,1154,4,2.91,0.0,0,0,0,0.0,0,9,0,0,79,4,167
"Jul 29, 2025","=""327967099369911""",N.Keyword.Products.SB.UPS.1500units,,250,DAILY_BUDGET,PAUSED,USD,4080,5,6.97,0.0,0,0,0,0.0,0,7,0,0,0,0,686
"May 02, 2025","=""300358990869228""",B.Keyword.Store.SB.UPS.StoreSpotlight,,250,DAILY_BUDGET,ENABLED,USD,1634,25,149.32,6676.84,46,55,30,4121.99,36,412,0,76,0,0,1361
"May 25, 2025","=""516203922618177""",N.Keyword.Store.SB.UPS.StoreSpotlight,,250,DAILY_BUDGET,ENABLED,USD,11961,53,108.81,119.95,1,1,1,119.95,1,86,0,4,0,0,3525
"Jul 10, 2025","=""327967099369911""",N.Keyword.Products.SB.UPS.1500units,,250,DAILY_BUDGET,PAUSED,USD,18784,56,151.36,1459.7,6,6,5,1219.75,5,122,0,11,0,0,3611
"May 16, 2025","=""209147373785811""",N.Keyword.Video.SB.UPS.PFCSinewave.CPPFC(1),,250,DAILY_BUDGET,PAUSED,USD,1505,11,37.03,219.95,1,1,1,219.95,1,22,0,2,110,15,235
"Jun 15, 2025","=""450441693358033""",B2B - B.Keyword.Products.SB.UPS.1500units,,250,DAILY_BUDGET,ENABLED,USD,324,2,0.45,0.0,0,0,0,0.0,0,9,0,1,0,0,67
"Aug 14, 2025","=""369323377946560""",B2B - N.Keyword.Store.SB.UPS.StoreSpotlight,,250,DAILY_BUDGET,ENABLED,USD,6714,18,376.78,1319.8,4,4,0,0.0,0,14,24,6,0,0,3474
"Jun 18, 2025","=""85546644235770""",C.Keyword.Video.SB.UPS.IntelligentLCD.CPAVR3,,250,DAILY_BUDGET,PAUSED,USD,4456,50,70.93,199.95,1,1,1,199.95,1,93,0,6,391,19,801
"Aug 23, 2025","=""327967099369911""",N.Keyword.Products.SB.UPS.1500units,,250,DAILY_BUDGET,PAUSED,USD,1372,2,3.16,0.0,0,0,0,0.0,0,1,1,0,0,0,150
"Aug 17, 2025","=""327967099369911""",N.Keyword.Products.SB.UPS.1500units,,250,DAILY_BUDGET,PAUSED,USD,960,2,1.62,0.0,0,0,0,0.0,0,2,1,0,0,0,265
"Jul 21, 2025","=""452338404496050""",B.SB.Products.SB.UPS.PFC,,250,DAILY_BUDGET,PAUSED,USD,5975,50,256.03,1927.75,5,5,2,599.9,2,120,0,14,0,0,2399
"Jul 25, 2025","=""85546644235770""",C.Keyword.Video.SB.UPS.IntelligentLCD.CPAVR3,,250,DAILY_BUDGET,PAUSED,USD,0,0,0.0,0.0,0,0,0,0.0,0,0,0,0,0,0,0
"Aug 24, 2025","=""335733425531216""",N.Keyword.Video.SB.UPS.PFCSinewave.CP1500PFCLCD.B00429N19W,,250,DAILY_BUDGET,ENABLED,USD,4007,18,64.49,0.0,0,0,0,0.0,0,36,5,1,702,245,934
"May 29, 2025","=""74868404430193""",N.Keyword.Video.SB.UPS.SmartAppLCD.OR.OR500LCRM1U,,250,DAILY_BUDGET,PAUSED,USD,983,3,3.59,0.0,0,0,0,0.0,0,5,0,0,91,14,176
"Aug 09, 2025","=""335733425531216""",N.Keyword.Video.SB.UPS.PFCSinewave.CP1500PFCLCD.B00429N19W,,250,DAILY_BUDGET,ENABLED,USD,6369,51,224.09,1169.75,5,5,4,809.8,4,88,26,11,1286,478,1750
"Jul 30, 2025","=""504590116611528""",C.Keyword.Video.SB.PFCSinewave.CP1500PFCRM2U.B0B354X985_v2,,250,DAILY_BUDGET,PAUSED,USD,0,0,0.0,0.0,0,0,0,0.0,0,0,0,0,0,0,0
"Jul 02, 2025","=""349078398145277""",N.SB.Products.SB.UPS.Eco,,250,DAILY_BUDGET,PAUSED,USD,46185,61,244.51,0.0,0,0,0,0.0,0,57,0,1,0,0,15699
"Jul 26, 2025","=""300358990869228""",B.Keyword.Store.SB.UPS.StoreSpotlight,,250,DAILY_BUDGET,ENABLED,USD,276,0,2.18,139.95,1,1,1,139.95,1,9,0,1,0,0,186
"Jul 16, 2025","=""85546644235770""",C.Keyword.Video.SB.UPS.IntelligentLCD.CPAVR3,,250,DAILY_BUDGET,PAUSED,USD,3676,26,33.37,799.8,4,4,3,599.85,3,62,0,9,317,21,621
"Jul 26, 2025","=""450441693358033""",B2B - B.Keyword.Products.SB.UPS.1500units,,250,DAILY_BUDGET,ENABLED,USD,310,2,41.14,599.9,2,2,0,0.0,0,4,0,1,0,0,37
"Jul 16, 2025","=""400654489506156""",B.Keyword.Products.SB.UPS.BestSellers,,250,DAILY_BUDGET,PAUSED,USD,84955,93,948.31,1399.65,7,7,5,899.75,5,174,0,17,0,0,23769
"Jul 30, 2025","=""501138070676838""",N.SB.Products.SB.UPS.AVR,,250,DAILY_BUDGET,PAUSED,USD,4316,9,16.34,139.95,1,1,1,139.95,1,20,0,2,0,0,956
"Aug 18, 2025","=""369323377946560""",B2B - N.Keyword.Store.SB.UPS.StoreSpotlight,,250,DAILY_BUDGET,ENABLED,USD,7648,25,354.66,1056.8,5,5,3,561.9,3,40,43,8,0,0,2806
"Jul 05, 2025","=""495634510759677""",B.Keyword.Video.SB.PFCSinewave.CP1500PFCRM2U.B0B354X985,,250,DAILY_BUDGET,PAUSED,USD,3,0,0.0,0.0,0,0,0,0.0,0,0,0,0,2,1,2
"Jun 20, 2025","=""450441693358033""",B2B - B.Keyword.Products.SB.UPS.1500units,,250,DAILY_BUDGET,ENABLED,USD,1361,1,1.54,0.0,0,0,0,0.0,0,2,0,1,0,0,194
"Aug 05, 2025","=""367333782614376""",N.SB.Products.SB.UPS.PFCRM,,250,DAILY_BUDGET,PAUSED,USD,71562,185,645.91,1861.98,4,5,3,380.08,3,198,111,8,0,0,16815
"Aug 12, 2025","=""516203922618177""",N.Keyword.Store.SB.UPS.StoreSpotlight,,250,DAILY_BUDGET,ENABLED,USD,1115,6,12.24,64.99,1,1,1,64.99,1,14,6,4,0,0,414
"Jun 30, 2025","=""84817009251939""",C.Keyword.Video.SB.PFCSinewave.CP1500PFCRM2U.B0B354X985,,250,DAILY_BUDGET,ENABLED,USD,24234,155,278.15,3198.86,12,12,10,2779.31,10,397,0,37,2116,175,4341
"Jul 05, 2025","=""400654489506156""",B.Keyword.Products.SB.UPS.BestSellers,,250,DAILY_BUDGET,PAUSED,USD,34208,43,473.27,319.9,2,2,2,319.9,2,91,0,6,0,0,11351
"May 09, 2025","=""369323377946560""",B2B - N.Keyword.Store.SB.UPS.StoreSpotlight,,250,DAILY_BUDGET,ENABLED,USD,123,0,0.0,0.0,0,0,0,0.0,0,0,0,0,0,0,68
"May 29, 2025","=""38757712528936""",B.Keyword.Video.SB.UPS.PFCSinewave.CPPFC(1),,250,DAILY_BUDGET,PAUSED,USD,1477,11,27.17,478.99,2,2,2,478.99,2,14,0,3,193,45,312
"Jun 10, 2025","=""450441693358033""",B2B - B.Keyword.Products.SB.UPS.1500units,,250,DAILY_BUDGET,ENABLED,USD,1252,7,17.22,732.9,2,2,1,96.95,1,27,0,3,0,0,236
"May 30, 2025","=""249902179030051""",N.Keyword.Video.SB.UPS.Surge.CSP,,250,DAILY_BUDGET,PAUSED,USD,1053,17,12.46,99.96,3,4,3,99.96,4,24,0,3,98,13,196
"Jul 12, 2025","=""85546644235770""",C.Keyword.Video.SB.UPS.IntelligentLCD.CPAVR3,,250,DAILY_BUDGET,PAUSED,USD,3252,29,38.96,799.8,4,4,2,399.9,2,71,0,8,383,19,768
"Aug 26, 2025","=""327967099369911""",N.Keyword.Products.SB.UPS.1500units,,250,DAILY_BUDGET,PAUSED,USD,888,1,0.4,0.0,0,0,0,0.0,0,1,0,0,0,0,146
"Jul 05, 2025","=""288898439745613""",B2B - N.Keyword.Products.SB.UPS.1500units,,250,DAILY_BUDGET,ENABLED,USD,3276,9,34.76,11.89,1,1,1,11.89,1,27,0,3,0,0,1305
"Jun 26, 2025","=""369323377946560""",B2B - N.Keyword.Store.SB.UPS.StoreSpotlight,,250,DAILY_BUDGET,ENABLED,USD,237,1,3.03,0.0,0,0,0,0.0,0,2,0,2,0,0,82
"Jun 30, 2025","=""112828660396406""",N.Keyword.Video.SB.UPS.SmartAppSinewave.OLHD,,250,DAILY_BUDGET,PAUSED,USD,1163,2,3.79,0.0,0,0,0,0.0,0,5,0,0,69,4,138
"Jul 25, 2025","=""288898439745613""",B2B - N.Keyword.Products.SB.UPS.1500units,,250,DAILY_BUDGET,ENABLED,USD,3240,10,45.17,89.95,1,1,1,89.95,1,26,0,1,0,0,886
"Jun 22, 2025","=""60249080858733""",C.Keyword.Video.SB.UPS.PFCSinewave.CPPFC(1),,250,DAILY_BUDGET,PAUSED,USD,266,1,1.1,199.95,1,1,1,199.95,1,13,0,7,26,5,41
"May 18, 2025","=""74868404430193""",N.Keyword.Video.SB.UPS.SmartAppLCD.OR.OR500LCRM1U,,250,DAILY_BUDGET,PAUSED,USD,567,5,4.57,0.0,0,0,0,0.0,0,9,0,0,36,3,81
"Jun 16, 2025","=""84817009251939""",C.Keyword.Video.SB.PFCSinewave.CP1500PFCRM2U.B0B354X985,,250,DAILY_BUDGET,ENABLED,USD,12047,91,168.41,4178.91,9,11,8,3459.01,9,202,0,17,1000,83,1999
"May 31, 2025","=""209147373785811""",N.Keyword.Video.SB.UPS.PFCSinewave.CPPFC(1),,250,DAILY_BUDGET,PAUSED,USD,841,8,13.09,239.95,1,1,1,239.95,1,31,0,2,76,15,166
"Jul 24, 2025","=""367333782614376""",N.SB.Products.SB.UPS.PFCRM,,250,DAILY_BUDGET,PAUSED,USD,49044,80,250.84,809.85,3,3,2,449.9,2,101,1,4,0,0,8694
"Aug 04, 2025","=""349078398145277""",N.SB.Products.SB.UPS.Eco,,250,DAILY_BUDGET,PAUSED,USD,75515,221,500.17,2414.0,19,20,12,1524.4,12,257,9,33,0,0,17907
"Jun 05, 2025","=""249902179030051""",N.Keyword.Video.SB.UPS.Surge.CSP,,250,DAILY_BUDGET,PAUSED,USD,1219,22,17.86,24.99,1,1,1,24.99,1,26,0,3,109,11,224
"Aug 03, 2025","=""367333782614376""",N.SB.Products.SB.UPS.PFCRM,,250,DAILY_BUDGET,PAUSED,USD,71113,100,335.12,769.47,4,4,3,740.08,3,96,0,9,0,0,12962
"Jun 09, 2025","=""38757712528936""",B.Keyword.Video.SB.UPS.PFCSinewave.CPPFC(1),,250,DAILY_BUDGET,PAUSED,USD,3130,20,66.38,558.88,3,3,3,558.88,3,34,0,8,267,78,463
"Jul 31, 2025","=""335733425531216""",N.Keyword.Video.SB.UPS.PFCSinewave.CP1500PFCLCD.B00429N19W,,250,DAILY_BUDGET,ENABLED,USD,4435,28,112.52,439.85,3,3,3,439.85,3,43,0,5,808,249,1133
"Aug 11, 2025","=""349078398145277""",N.SB.Products.SB.UPS.Eco,,250,DAILY_BUDGET,PAUSED,USD,101348,285,536.61,737.74,7,10,6,627.79,9,240,244,20,0,0,25050
"Jul 19, 2025","=""533624646611887""",C.Keyword.Store.SB.UPS.StoreSpotlight,,250,DAILY_BUDGET,PAUSED,USD,10409,68,597.95,839.75,5,5,5,839.75,5,125,0,13,0,0,5182
"May 05, 2025","=""327967099369911""",N.Keyword.Products.SB.UPS.1500units,,250,DAILY_BUDGET,PAUSED,USD,310426,411,3414.15,2718.15,16,17,14,2448.25,15,532,0,32,0,0,105591
"Aug 19, 2025","=""400654489506156""",B.Keyword.Products.SB.UPS.BestSellers,,250,DAILY_BUDGET,PAUSED,USD,70952,64,789.23,1066.64,8,8,5,679.75,5,186,121,16,0,0,23562
"Jul 18, 2025","=""490434522578484""",C.Keyword.Video.SB.UPS.PFCSinewave.CP1500PFCLCD.B00429N19W,,250,DAILY_BUDGET,ENABLED,USD,10,0,0.0,0.0,0,0,0,0.0,0,0,0,0,0,0,0
"Jul 30, 2025","=""85546644235770""",C.Keyword.Video.SB.UPS.IntelligentLCD.CPAVR3,,250,DAILY_BUDGET,PAUSED,USD,0,0,0.0,0.0,0,0,0,0.0,0,0,0,0,0,0,0
"Jul 09, 2025","=""327967099369911""",N.Keyword.Products.SB.UPS.1500units,,250,DAILY_BUDGET,PAUSED,USD,34670,178,807.12,1756.62,9,10,7,1516.77,7,347,0,22,0,0,14108
"Jul 07, 2025","=""112828660396406""",N.Keyword.Video.SB.UPS.SmartAppSinewave.OLHD,,250,DAILY_BUDGET,PAUSED,USD,1357,4,5.4,0.0,0,0,0,0.0,0,45,0,0,115,8,242
"Aug 13, 2025","=""367333782614376""",N.SB.Products.SB.UPS.PFCRM,,250,DAILY_BUDGET,PAUSED,USD,65704,193,654.52,1685.25,7,9,7,1685.25,9,279,187,18,0,0,14952
"Jul 24, 2025","=""369323377946560""",B2B - N.Keyword.Store.SB.UPS.StoreSpotlight,,250,DAILY_BUDGET,ENABLED,USD,1136,3,14.96,0.0,0,0,0,0.0,0,1,0,0,0,0,324
"May 06, 2025","=""74868404430193""",N.Keyword.Video.SB.UPS.SmartAppLCD.OR.OR500LCRM1U,,250,DAILY_BUDGET,PAUSED,USD,1016,3,1.88,0.0,0,0,0,0.0,0,7,0,0,80,10,161
"Jul 10, 2025","=""452338404496050""",B.SB.Products.SB.UPS.PFC,,250,DAILY_BUDGET,PAUSED,USD,80787,203,997.11,719.8,4,4,3,659.85,3,232,0,20,0,0,18541
"May 30, 2025","=""84817009251939""",C.Keyword.Video.SB.PFCSinewave.CP1500PFCRM2U.B0B354X985,,250,DAILY_BUDGET,ENABLED,USD,14130,68,112.9,5279.1,7,18,2,719.9,2,191,0,11,1040,82,2213
"May 10, 2025","=""209147373785811""",N.Keyword.Video.SB.UPS.PFCSinewave.CPPFC(1),,250,DAILY_BUDGET,PAUSED,USD,1540,5,12.2,0.0,0,0,0,0.0,0,7,0,0,104,23,244
"Jun 25, 2025","=""300358990869228""",B.Keyword.Store.SB.UPS.StoreSpotlight,,250,DAILY_BUDGET,ENABLED,USD,568,4,12.5,1822.11,8,8,6,1179.17,6,75,0,12,0,0,456
"May 11, 2025","=""300358990869228""",B.Keyword.Store.SB.UPS.StoreSpotlight,,250,DAILY_BUDGET,ENABLED,USD,1077,11,109.0,673.8,8,8,8,673.8,8,177,0,32,0,0,909
"Jul 09, 2025","=""452338404496050""",B.SB.Products.SB.UPS.PFC,,250,DAILY_BUDGET,PAUSED,USD,46723,203,997.4,2355.5,10,10,8,1939.6,8,271,0,31,0,0,16124
"Aug 08, 2025","=""501364882562485""",C.Keyword.Video.SB.UPS.IntelligentLCD.CP1500AVRLCD3.B0BCMLLSHL,,250,DAILY_BUDGET,ENABLED,USD,113,0,0.0,0.0,0,0,0,0.0,0,0,0,0,5,2,11
"Jun 20, 2025","=""209147373785811""",N.Keyword.Video.SB.UPS.PFCSinewave.CPPFC(1),,250,DAILY_BUDGET,PAUSED,USD,1579,13,38.42,0.0,0,0,0,0.0,0,27,0,2,146,38,282
"May 02, 2025","=""516203922618177""",N.Keyword.Store.SB.UPS.StoreSpotlight,,250,DAILY_BUDGET,ENABLED,USD,33814,156,270.75,876.65,7,7,7,876.65,7,258,0,18,0,0,11677
"May 02, 2025","=""327967099369911""",N.Keyword.Products.SB.UPS.1500units,,250,DAILY_BUDGET,PAUSED,USD,16593,21,67.7,1094.5,4,10,3,1024.55,9,72,0,9,0,0,3404
"Aug 28, 2025","=""288898439745613""",B2B - N.Keyword.Products.SB.UPS.1500units,,250,DAILY_BUDGET,ENABLED,USD,14049,28,417.29,838.16,3,3,1,68.26,1,33,20,4,0,0,5055
"Jul 29, 2025","=""452338404496050""",B.SB.Products.SB.UPS.PFC,,250,DAILY_BUDGET,PAUSED,USD,6078,51,242.27,1298.49,7,7,7,1298.49,7,70,1,9,0,0,2170
"Aug 18, 2025","=""425328024590643""",C.Keyword.Products.SB.UPS.1500units,,250,DAILY_BUDGET,ENABLED,USD,1470,1,2.72,0.0,0,0,0,0.0,0,0,1,0,0,0,494
"Jun 06, 2025","=""209147373785811""",N.Keyword.Video.SB.UPS.PFCSinewave.CPPFC(1),,250,DAILY_BUDGET,PAUSED,USD,1222,11,24.31,0.0,0,0,0,0.0,0,15,0,0,110,21,195
"Jun 18, 2025","=""369323377946560""",B2B - N.Keyword.Store.SB.UPS.StoreSpotlight,,250,DAILY_BUDGET,ENABLED,USD,879,0,0.0,0.0,0,0,0,0.0,0,0,0,0,0,0,287
"Aug 13, 2025","=""400654489506156""",B.Keyword.Products.SB.UPS.BestSellers,,250,DAILY_BUDGET,PAUSED,USD,69726,56,738.7,1027.65,7,7,6,948.7,6,162,127,327,0,0,22197
"Jul 08, 2025","=""74868404430193""",N.Keyword.Video.SB.UPS.SmartAppLCD.OR.OR500LCRM1U,,250,DAILY_BUDGET,PAUSED,USD,72,0,0.0,0.0,0,0,0,0.0,0,0,0,0,4,0,12
"Aug 06, 2025","=""293529288726869""",B.Keyword.Video.SB.UPS.PFCSinewave.CP1500PFCLCD.B00429N19W,,250,DAILY_BUDGET,ENABLED,USD,606,7,43.32,50.0,1,1,0,0.0,0,9,4,0,84,20,127
"Aug 08, 2025","=""327967099369911""",N.Keyword.Products.SB.UPS.1500units,,250,DAILY_BUDGET,PAUSED,USD,5780,11,18.65,0.0,0,0,0,0.0,0,30,18,0,0,0,835
"Jun 15, 2025","=""288898439745613""",B2B - N.Keyword.Products.SB.UPS.1500units,,250,DAILY_BUDGET,ENABLED,USD,5876,20,124.63,865.9,2,2,0,0.0,0,41,0,2,0,0,2031
"Aug 14, 2025","=""533624646611887""",C.Keyword.Store.SB.UPS.StoreSpotlight,,250,DAILY_BUDGET,PAUSED,USD,2204,6,13.64,0.0,0,0,0,0.0,0,7,9,1,0,0,511
"Aug 22, 2025","=""490434522578484""",C.Keyword.Video.SB.UPS.PFCSinewave.CP1500PFCLCD.B00429N19W,,250,DAILY_BUDGET,ENABLED,USD,948,1,23.9,0.0,0,0,0,0.0,0,1,0,0,152,32,213
"May 01, 2025","=""369323377946560""",B2B - N.Keyword.Store.SB.UPS.StoreSpotlight,,250,DAILY_BUDGET,ENABLED,USD,225,0,0.0,0.0,0,0,0,0.0,0,0,0,0,0,0,141
"Aug 03, 2025","=""501138070676838""",N.SB.Products.SB.UPS.AVR,,250,DAILY_BUDGET,PAUSED,USD,11446,14,27.69,0.0,0,0,0,0.0,0,16,0,0,0,0,1659
"Jun 22, 2025","=""74868404430193""",N.Keyword.Video.SB.UPS.SmartAppLCD.OR.OR500LCRM1U,,250,DAILY_BUDGET,PAUSED,USD,890,7,5.59,0.0,0,0,0,0.0,0,12,0,0,62,8,144
"Aug 09, 2025","=""400654489506156""",B.Keyword.Products.SB.UPS.BestSellers,,250,DAILY_BUDGET,PAUSED,USD,50092,54,778.4,594.93,5,8,4,594.93,7,111,113,5,0,0,16513
"May 22, 2025","=""288898439745613""",B2B - N.Keyword.Products.SB.UPS.1500units,,250,DAILY_BUDGET,ENABLED,USD,11724,27,236.07,424.9,3,3,1,334.95,1,60,0,5,0,0,4394
"Jun 08, 2025","=""84817009251939""",C.Keyword.Video.SB.PFCSinewave.CP1500PFCRM2U.B0B354X985,,250,DAILY_BUDGET,ENABLED,USD,11561,57,91.16,1079.85,3,3,2,719.9,2,132,0,8,770,62,1692
"Jul 28, 2025","=""456008348744441""",N.SB.Products.SB.UPS.PFC,,250,DAILY_BUDGET,PAUSED,USD,102468,95,428.51,1029.85,3,4,3,1029.85,4,84,0,5,0,0,31564
"Jun 17, 2025","=""501138070676838""",N.SB.Products.SB.UPS.AVR,,250,DAILY_BUDGET,PAUSED,USD,50950,83,162.59,599.85,3,3,3,599.85,3,122,0,16,0,0,9438
"Jun 23, 2025","=""516203922618177""",N.Keyword.Store.SB.UPS.StoreSpotlight,,250,DAILY_BUDGET,ENABLED,USD,16517,38,67.56,553.69,4,4,3,437.74,3,56,0,3,0,0,2782
"Aug 17, 2025","=""450441693358033""",B2B - B.Keyword.Products.SB.UPS.1500units,,250,DAILY_BUDGET,ENABLED,USD,422,1,6.62,580.9,2,2,0,0.0,0,4,0,2,0,0,40
"Jun 01, 2025","=""300358990869228""",B.Keyword.Store.SB.UPS.StoreSpotlight,,250,DAILY_BUDGET,ENABLED,USD,1588,20,133.54,3904.25,26,31,21,2187.24,22,342,0,56,0,0,1315
"Jun 29, 2025","=""209147373785811""",N.Keyword.Video.SB.UPS.PFCSinewave.CPPFC(1),,250,DAILY_BUDGET,PAUSED,USD,54572,220,3592.23,1498.69,6,6,5,1258.98,5,328,0,11,8444,2882,13310
"May 18, 2025","=""249902179030051""",N.Keyword.Video.SB.UPS.Surge.CSP,,250,DAILY_BUDGET,PAUSED,USD,1593,30,23.73,0.0,0,0,0,0.0,0,49,0,1,144,13,266
"May 30, 2025","=""450441693358033""",B2B - B.Keyword.Products.SB.UPS.1500units,,250,DAILY_BUDGET,ENABLED,USD,1164,3,20.16,464.9,2,2,1,164.95,1,6,0,3,0,0,183
"May 16, 2025","=""74868404430193""",N.Keyword.Video.SB.UPS.SmartAppLCD.OR.OR500LCRM1U,,250,DAILY_BUDGET,PAUSED,USD,565,2,0.98,0.0,0,0,0,0.0,0,4,0,0,27,3,76
"Jul 20, 2025","=""504590116611528""",C.Keyword.Video.SB.PFCSinewave.CP1500PFCRM2U.B0B354X985_v2,,250,DAILY_BUDGET,PAUSED,USD,3845,86,573.22,1735.7,6,6,5,1375.75,5,180,0,10,1048,179,1441
"Jul 20, 2025","=""490434522578484""",C.Keyword.Video.SB.UPS.PFCSinewave.CP1500PFCLCD.B00429N19W,,250,DAILY_BUDGET,ENABLED,USD,293,0,0.0,0.0,0,0,0,0.0,0,0,0,0,46,13,63
"Jun 06, 2025","=""112828660396406""",N.Keyword.Video.SB.UPS.SmartAppSinewave.OLHD,,250,DAILY_BUDGET,PAUSED,USD,510,5,7.65,0.0,0,0,0,0.0,0,6,0,0,40,2,78
"Jun 23, 2025","=""456008348744441""",N.SB.Products.SB.UPS.PFC,,250,DAILY_BUDGET,PAUSED,USD,43056,126,236.81,359.95,1,1,0,0.0,0,187,0,14,0,0,6425
"Jul 28, 2025","=""367333782614376""",N.SB.Products.SB.UPS.PFCRM,,250,DAILY_BUDGET,PAUSED,USD,88177,123,402.19,484.84,4,4,3,419.85,3,148,1,9,0,0,17956
"Jul 30, 2025","=""349078398145277""",N.SB.Products.SB.UPS.Eco,,250,DAILY_BUDGET,PAUSED,USD,44620,219,607.71,1463.35,10,13,6,983.6,8,282,1,21,0,0,12642
"Jul 21, 2025","=""369323377946560""",B2B - N.Keyword.Store.SB.UPS.StoreSpotlight,,250,DAILY_BUDGET,ENABLED,USD,1055,1,9.02,0.0,0,0,0,0.0,0,2,0,0,0,0,340
"Aug 26, 2025","=""501138070676838""",N.SB.Products.SB.UPS.AVR,,250,DAILY_BUDGET,PAUSED,USD,6812,11,18.92,0.0,0,0,0,0.0,0,11,9,0,0,0,1290
"Jul 17, 2025","=""400654489506156""",B.Keyword.Products.SB.UPS.BestSellers,,250,DAILY_BUDGET,PAUSED,USD,77353,71,736.48,1293.69,6,7,6,1293.69,7,106,0,7,0,0,21903
"Jul 08, 2025","=""367333782614376""",N.SB.Products.SB.UPS.PFCRM,,250,DAILY_BUDGET,PAUSED,USD,108228,277,1011.98,7935.87,17,30,12,3125.97,12,469,0,28,0,0,28876
"Jun 09, 2025","=""249902179030051""",N.Keyword.Video.SB.UPS.Surge.CSP,,250,DAILY_BUDGET,PAUSED,USD,1193,17,13.3,269.39,2,11,2,269.39,11,25,0,2,98,10,203
"Jul 05, 2025","=""353873361287335""",B2B - B.Keyword.Store.SB.UPS.StoreSpotlight,,250,DAILY_BUDGET,ENABLED,USD,53,0,0.0,0.0,0,0,0,0.0,0,0,0,0,0,0,25
"Jul 08, 2025","=""353873361287335""",B2B - B.Keyword.Store.SB.UPS.StoreSpotlight,,250,DAILY_BUDGET,ENABLED,USD,313,2,1.07,539.9,2,2,1,299.95,1,2,0,1,0,0,187
"Aug 01, 2025","=""504590116611528""",C.Keyword.Video.SB.PFCSinewave.CP1500PFCRM2U.B0B354X985_v2,,250,DAILY_BUDGET,PAUSED,USD,0,0,0.0,0.0,0,0,0,0.0,0,0,0,0,0,0,0
"Aug 20, 2025","=""349078398145277""",N.SB.Products.SB.UPS.Eco,,250,DAILY_BUDGET,PAUSED,USD,54832,203,502.01,1428.51,11,12,8,1258.55,9,296,146,20,0,0,12605
"May 29, 2025","=""516203922618177""",N.Keyword.Store.SB.UPS.StoreSpotlight,,250,DAILY_BUDGET,ENABLED,USD,23531,87,167.41,1158.6,8,8,7,938.65,7,124,0,12,0,0,6461
"May 26, 2025","=""38757712528936""",B.Keyword.Video.SB.UPS.PFCSinewave.CPPFC(1),,250,DAILY_BUDGET,PAUSED,USD,1458,4,7.59,219.95,1,1,0,0.0,0,7,0,1,161,45,279
"May 15, 2025","=""425328024590643""",C.Keyword.Products.SB.UPS.1500units,,250,DAILY_BUDGET,ENABLED,USD,9369,29,147.81,0.0,0,0,0,0.0,0,45,0,0,0,0,3724
"Aug 18, 2025","=""452338404496050""",B.SB.Products.SB.UPS.PFC,,250,DAILY_BUDGET,PAUSED,USD,8374,43,608.01,1079.8,4,4,2,479.9,2,56,49,8,0,0,3069
"Jun 03, 2025","=""369323377946560""",B2B - N.Keyword.Store.SB.UPS.StoreSpotlight,,250,DAILY_BUDGET,ENABLED,USD,995,2,6.84,0.0,0,0,0,0.0,0,6,0,1,0,0,283
"May 07, 2025","=""425328024590643""",C.Keyword.Products.SB.UPS.1500units,,250,DAILY_BUDGET,ENABLED,USD,10591,24,108.97,437.8,3,4,3,437.8,4,30,0,4,0,0,4151
"Jul 07, 2025","=""533624646611887""",C.Keyword.Store.SB.UPS.StoreSpotlight,,250,DAILY_BUDGET,PAUSED,USD,15537,47,272.93,144.67,2,2,2,144.67,2,98,0,7,0,0,6050
"Jun 14, 2025","=""112828660396406""",N.Keyword.Video.SB.UPS.SmartAppSinewave.OLHD,,250,DAILY_BUDGET,PAUSED,USD,659,1,1.58,0.0,0,0,0,0.0,0,2,0,0,42,1,93
"Jun 17, 2025","=""450441693358033""",B2B - B.Keyword.Products.SB.UPS.1500units,,250,DAILY_BUDGET,ENABLED,USD,1577,2,3.9,238.34,1,1,0,0.0,0,3,0,1,0,0,268
"Jul 06, 2025","=""60249080858733""",C.Keyword.Video.SB.UPS.PFCSinewave.CPPFC(1),,250,DAILY_BUDGET,PAUSED,USD,0,0,0.0,0.0,0,0,0,0.0,0,0,0,0,0,0,0
"Aug 09, 2025","=""369323377946560""",B2B - N.Keyword.Store.SB.UPS.StoreSpotlight,,250,DAILY_BUDGET,ENABLED,USD,565,2,16.92,534.94,2,2,0,0.0,0,6,2,3,0,0,283
"Aug 24, 2025","=""501364882562485""",C.Keyword.Video.SB.UPS.IntelligentLCD.CP1500AVRLCD3.B0BCMLLSHL,,250,DAILY_BUDGET,ENABLED,USD,778,4,67.98,0.0,0,0,0,0.0,0,2,3,0,119,20,190
"Jun 11, 2025","=""450441693358033""",B2B - B.Keyword.Products.SB.UPS.1500units,,250,DAILY_BUDGET,ENABLED,USD,1116,2,6.32,0.0,0,0,0,0.0,0,3,0,0,0,0,226
"Jun 24, 2025","=""38757712528936""",B.Keyword.Video.SB.UPS.PFCSinewave.CPPFC(1),,250,DAILY_BUDGET,PAUSED,USD,2176,12,61.04,275.75,3,3,2,245.99,2,21,0,3,212,69,336
"Jul 19, 2025","=""516203922618177""",N.Keyword.Store.SB.UPS.StoreSpotlight,,250,DAILY_BUDGET,ENABLED,USD,26489,38,95.59,0.0,0,0,0,0.0,0,39,0,2,0,0,8686
"May 09, 2025","=""85546644235770""",C.Keyword.Video.SB.UPS.IntelligentLCD.CPAVR3,,250,DAILY_BUDGET,PAUSED,USD,2339,16,17.88,709.8,3,4,2,519.85,3,48,0,6,151,8,336
"May 11, 2025","=""327967099369911""",N.Keyword.Products.SB.UPS.1500units,,250,DAILY_BUDGET,PAUSED,USD,290909,324,2611.3,1014.75,5,5,4,794.8,4,343,0,16,0,0,102368
"Jul 21, 2025","=""490434522578484""",C.Keyword.Video.SB.UPS.PFCSinewave.CP1500PFCLCD.B00429N19W,,250,DAILY_BUDGET,ENABLED,USD,1588,6,57.98,239.95,1,1,1,239.95,1,4,0,1,344,108,474
"Aug 16, 2025","=""300358990869228""",B.Keyword.Store.SB.UPS.StoreSpotlight,,250,DAILY_BUDGET,ENABLED,USD,237,0,1.76,59.95,1,1,1,59.95,1,10,1,2,0,0,151
"May 25, 2025","=""425328024590643""",C.Keyword.Products.SB.UPS.1500units,,250,DAILY_BUDGET,ENABLED,USD,6474,17,93.77,1249.65,4,7,3,1129.7,6,74,0,6,0,0,2818
"May 24, 2025","=""400654489506156""",B.Keyword.Products.SB.UPS.BestSellers,,250,DAILY_BUDGET,PAUSED,USD,930,1,1.42,0.0,0,0,0,0.0,0,0,0,0,0,0,304
"Jun 17, 2025","=""74868404430193""",N.Keyword.Video.SB.UPS.SmartAppLCD.OR.OR500LCRM1U,,250,DAILY_BUDGET,PAUSED,USD,1072,7,5.61,0.0,0,0,0,0.0,0,11,0,0,68,9,149
"May 15, 2025","=""209147373785811""",N.Keyword.Video.SB.UPS.PFCSinewave.CPPFC(1),,250,DAILY_BUDGET,PAUSED,USD,1584,6,14.13,439.9,2,2,2,439.9,2,7,0,2,120,25,242
"Jun 16, 2025","=""516203922618177""",N.Keyword.Store.SB.UPS.StoreSpotlight,,250,DAILY_BUDGET,ENABLED,USD,16608,62,122.35,784.33,2,2,2,784.33,2,143,0,12,0,0,3421
"Jul 25, 2025","=""293529288726869""",B.Keyword.Video.SB.UPS.PFCSinewave.CP1500PFCLCD.B00429N19W,,250,DAILY_BUDGET,ENABLED,USD,390,1,0.56,1466.62,3,7,2,1122.66,6,6,0,2,57,11,77
"Jul 07, 2025","=""516203922618177""",N.Keyword.Store.SB.UPS.StoreSpotlight,,250,DAILY_BUDGET,ENABLED,USD,218,2,1.39,239.07,1,1,1,239.07,1,1,0,1,0,0,80
"Jun 16, 2025","=""369323377946560""",B2B - N.Keyword.Store.SB.UPS.StoreSpotlight,,250,DAILY_BUDGET,ENABLED,USD,930,3,5.55,212.46,1,1,1,212.46,1,3,0,0,0,0,266
"Jun 11, 2025","=""112828660396406""",N.Keyword.Video.SB.UPS.SmartAppSinewave.OLHD,,250,DAILY_BUDGET,PAUSED,USD,977,2,2.71,0.0,0,0,0,0.0,0,4,0,0,75,7,145
"Jun 16, 2025","=""456008348744441""",N.SB.Products.SB.UPS.PFC,,250,DAILY_BUDGET,PAUSED,USD,22343,34,61.82,818.31,2,3,1,238.41,1,36,0,2,0,0,4094
"May 16, 2025","=""400654489506156""",B.Keyword.Products.SB.UPS.BestSellers,,250,DAILY_BUDGET,PAUSED,USD,1561,4,14.28,0.0,0,0,0,0.0,0,5,0,0,0,0,559
"May 09, 2025","=""60249080858733""",C.Keyword.Video.SB.UPS.PFCSinewave.CPPFC(1),,250,DAILY_BUDGET,PAUSED,USD,39,0,0.0,0.0,0,0,0,0.0,0,0,0,0,3,1,6
"Jul 17, 2025","=""369323377946560""",B2B - N.Keyword.Store.SB.UPS.StoreSpotlight,,250,DAILY_BUDGET,ENABLED,USD,862,7,19.71,0.0,0,0,0,0.0,0,3,0,0,0,0,369
"Jul 20, 2025","=""533553529526025""",N.Keyword.Video.SB.PFCSinewave.CP1500PFCRM2U.B0B354X985,,250,DAILY_BUDGET,PAUSED,USD,0,0,0.0,0.0,0,0,0,0.0,0,0,0,0,0,0,0
"Aug 13, 2025","=""533624646611887""",C.Keyword.Store.SB.UPS.StoreSpotlight,,250,DAILY_BUDGET,PAUSED,USD,1513,5,9.36,0.0,0,0,0,0.0,0,6,6,0,0,0,409
"Jul 05, 2025","=""74868404430193""",N.Keyword.Video.SB.UPS.SmartAppLCD.OR.OR500LCRM1U,,250,DAILY_BUDGET,PAUSED,USD,641,4,2.69,359.95,1,1,1,359.95,1,23,0,2,53,4,100
"Jul 27, 2025","=""288898439745613""",B2B - N.Keyword.Products.SB.UPS.1500units,,250,DAILY_BUDGET,ENABLED,USD,1751,9,40.77,239.95,1,1,1,239.95,1,24,0,3,0,0,545
"Aug 01, 2025","=""335733425531216""",N.Keyword.Video.SB.UPS.PFCSinewave.CP1500PFCLCD.B00429N19W,,250,DAILY_BUDGET,ENABLED,USD,10454,51,280.9,297.94,2,2,0,0.0,0,46,0,2,2274,843,2769
"Jun 17, 2025","=""353873361287335""",B2B - B.Keyword.Store.SB.UPS.StoreSpotlight,,250,DAILY_BUDGET,ENABLED,USD,234,2,4.74,0.0,0,0,0,0.0,0,0,0,0,0,0,83
"Aug 03, 2025","=""293529288726869""",B.Keyword.Video.SB.UPS.PFCSinewave.CP1500PFCLCD.B00429N19W,,250,DAILY_BUDGET,ENABLED,USD,524,5,15.48,0.0,0,0,0,0.0,0,4,0,0,104,46,136
"May 05, 2025","=""112828660396406""",N.Keyword.Video.SB.UPS.SmartAppSinewave.OLHD,,250,DAILY_BUDGET,PAUSED,USD,349,0,0.0,0.0,0,0,0,0.0,0,0,0,0,39,3,64
"May 25, 2025","=""369323377946560""",B2B - N.Keyword.Store.SB.UPS.StoreSpotlight,,250,DAILY_BUDGET,ENABLED,USD,229,2,5.19,0.0,0,0,0,0.0,0,0,0,0,0,0,91
"Jul 09, 2025","=""85546644235770""",C.Keyword.Video.SB.UPS.IntelligentLCD.CPAVR3,,250,DAILY_BUDGET,PAUSED,USD,6782,43,56.07,399.9,2,2,2,399.9,2,109,0,7,647,56,1301
"Aug 15, 2025","=""533624646611887""",C.Keyword.Store.SB.UPS.StoreSpotlight,,250,DAILY_BUDGET,PAUSED,USD,1888,7,10.7,0.0,0,0,0,0.0,0,6,13,2,0,0,438
"May 14, 2025","=""327967099369911""",N.Keyword.Products.SB.UPS.1500units,,250,DAILY_BUDGET,PAUSED,USD,213272,343,2293.78,3279.35,13,13,12,2944.4,12,412,0,23,0,0,73757
"Jun 13, 2025","=""300358990869228""",B.Keyword.Store.SB.UPS.StoreSpotlight,,250,DAILY_BUDGET,ENABLED,USD,1251,16,84.77,7511.3,33,55,23,3050.93,26,346,0,51,0,0,1029
"Jul 08, 2025","=""504590116611528""",C.Keyword.Video.SB.PFCSinewave.CP1500PFCRM2U.B0B354X985_v2,,250,DAILY_BUDGET,PAUSED,USD,1171,60,448.36,479.9,2,2,2,479.9,2,155,0,8,290,51,401
"Aug 27, 2025","=""450441693358033""",B2B - B.Keyword.Products.SB.UPS.1500units,,250,DAILY_BUDGET,ENABLED,USD,1259,3,78.32,89.95,1,1,0,0.0,0,13,3,3,0,0,93
"Aug 13, 2025","=""425328024590643""",C.Keyword.Products.SB.UPS.1500units,,250,DAILY_BUDGET,ENABLED,USD,1091,1,0.4,0.0,0,0,0,0.0,0,1,0,0,0,0,340
"May 24, 2025","=""209147373785811""",N.Keyword.Video.SB.UPS.PFCSinewave.CPPFC(1),,250,DAILY_BUDGET,PAUSED,USD,1137,8,16.54,479.9,1,2,1,479.9,2,16,0,2,90,20,151
"Jun 11, 2025","=""369323377946560""",B2B - N.Keyword.Store.SB.UPS.StoreSpotlight,,250,DAILY_BUDGET,ENABLED,USD,946,2,5.85,221.48,1,1,1,221.48,1,5,0,2,0,0,256
"May 11, 2025","=""425328024590643""",C.Keyword.Products.SB.UPS.1500units,,250,DAILY_BUDGET,ENABLED,USD,6332,16,91.2,0.0,0,0,0,0.0,0,21,0,0,0,0,2480
"Jul 16, 2025","=""456008348744441""",N.SB.Products.SB.UPS.PFC,,250,DAILY_BUDGET,PAUSED,USD,1490,3,4.11,0.0,0,0,0,0.0,0,12,0,1,0,0,170
"Aug 28, 2025","=""533624646611887""",C.Keyword.Store.SB.UPS.StoreSpotlight,,250,DAILY_BUDGET,PAUSED,USD,15438,70,854.66,1321.45,5,6,4,1253.19,5,68,88,5,0,0,7614
"Jun 09, 2025","=""85546644235770""",C.Keyword.Video.SB.UPS.IntelligentLCD.CPAVR3,,250,DAILY_BUDGET,PAUSED,USD,8255,78,129.71,2489.45,10,11,8,2050.56,9,187,0,20,972,96,1750
"Jul 18, 2025","=""516203922618177""",N.Keyword.Store.SB.UPS.StoreSpotlight,,250,DAILY_BUDGET,ENABLED,USD,159653,184,757.36,638.75,5,5,4,458.8,4,84,0,7,0,0,53382
"Jun 19, 2025","=""300358990869228""",B.Keyword.Store.SB.UPS.StoreSpotlight,,250,DAILY_BUDGET,ENABLED,USD,806,9,25.54,5244.37,18,33,10,1669.09,10,162,0,29,0,0,582
"Aug 16, 2025","=""367333782614376""",N.SB.Products.SB.UPS.PFCRM,,250,DAILY_BUDGET,PAUSED,USD,25045,92,237.51,748.8,4,4,2,319.9,2,113,97,8,0,0,5816
"Jul 17, 2025","=""335733425531216""",N.Keyword.Video.SB.UPS.PFCSinewave.CP1500PFCLCD.B00429N19W,,250,DAILY_BUDGET,ENABLED,USD,6896,48,120.22,199.95,1,1,1,199.95,1,51,0,4,1561,510,2057
"Jun 28, 2025","=""353873361287335""",B2B - B.Keyword.Store.SB.UPS.StoreSpotlight,,250,DAILY_BUDGET,ENABLED,USD,50,0,0.0,0.0,0,0,0,0.0,0,0,0,0,0,0,11
"Jul 03, 2025","=""85546644235770""",C.Keyword.Video.SB.UPS.IntelligentLCD.CPAVR3,,250,DAILY_BUDGET,PAUSED,USD,2027,11,11.02,399.9,2,2,2,399.9,2,21,0,4,170,15,323
"Jul 04, 2025","=""533624646611887""",C.Keyword.Store.SB.UPS.StoreSpotlight,,250,DAILY_BUDGET,PAUSED,USD,8804,55,373.52,359.9,2,2,1,59.95,1,117,0,9,0,0,4252
"May 27, 2025","=""288898439745613""",B2B - N.Keyword.Products.SB.UPS.1500units,,250,DAILY_BUDGET,ENABLED,USD,13349,32,231.63,2608.6,7,8,7,2608.6,8,59,0,13,0,0,5284
"Jun 11, 2025","=""516203922618177""",N.Keyword.Store.SB.UPS.StoreSpotlight,,250,DAILY_BUDGET,ENABLED,USD,23008,78,142.04,1375.5,9,10,7,1078.6,8,179,0,19,0,0,5465
"Jun 18, 2025","=""38757712528936""",B.Keyword.Video.SB.UPS.PFCSinewave.CPPFC(1),,250,DAILY_BUDGET,PAUSED,USD,1767,13,45.8,0.0,0,0,0,0.0,0,29,0,0,202,53,311
"May 28, 2025","=""249902179030051""",N.Keyword.Video.SB.UPS.Surge.CSP,,250,DAILY_BUDGET,PAUSED,USD,910,18,16.06,50.02,3,4,2,50.02,3,29,0,2,98,13,188
"May 29, 2025","=""249902179030051""",N.Keyword.Video.SB.UPS.Surge.CSP,,250,DAILY_BUDGET,PAUSED,USD,933,26,22.2,0.0,0,0,0,0.0,0,40,0,2,83,13,202
"Jun 08, 2025","=""516203922618177""",N.Keyword.Store.SB.UPS.StoreSpotlight,,250,DAILY_BUDGET,ENABLED,USD,3349,19,37.04,119.95,1,1,1,119.95,1,21,0,1,0,0,1276
"Jun 05, 2025","=""112828660396406""",N.Keyword.Video.SB.UPS.SmartAppSinewave.OLHD,,250,DAILY_BUDGET,PAUSED,USD,793,1,2.55,0.0,0,0,0,0.0,0,2,0,0,59,4,121
"May 28, 2025","=""84817009251939""",C.Keyword.Video.SB.PFCSinewave.CP1500PFCRM2U.B0B354X985,,250,DAILY_BUDGET,ENABLED,USD,12003,78,129.96,1724.75,5,5,5,1724.75,5,254,0,13,1064,83,2100
"Jun 20, 2025","=""369323377946560""",B2B - N.Keyword.Store.SB.UPS.StoreSpotlight,,250,DAILY_BUDGET,ENABLED,USD,683,1,5.19,0.0,0,0,0,0.0,0,0,0,0,0,0,208
"Aug 18, 2025","=""533624646611887""",C.Keyword.Store.SB.UPS.StoreSpotlight,,250,DAILY_BUDGET,PAUSED,USD,17932,93,1388.23,1284.4,12,12,7,776.65,7,118,116,21,0,0,8640
"Aug 23, 2025","=""456008348744441""",N.SB.Products.SB.UPS.PFC,,250,DAILY_BUDGET,PAUSED,USD,57311,52,195.67,0.0,0,0,0,0.0,0,45,66,7,0,0,17514
"Aug 02, 2025","=""504590116611528""",C.Keyword.Video.SB.PFCSinewave.CP1500PFCRM2U.B0B354X985_v2,,250,DAILY_BUDGET,PAUSED,USD,0,0,0.0,0.0,0,0,0,0.0,0,0,0,0,0,0,0
"May 12, 2025","=""300358990869228""",B.Keyword.Store.SB.UPS.StoreSpotlight,,250,DAILY_BUDGET,ENABLED,USD,1311,19,127.86,5679.75,38,52,26,3251.36,27,278,0,66,0,0,1102
"Jul 20, 2025","=""450441693358033""",B2B - B.Keyword.Products.SB.UPS.1500units,,250,DAILY_BUDGET,ENABLED,USD,422,2,5.63,0.0,0,0,0,0.0,0,4,0,0,0,0,29
"May 22, 2025","=""369323377946560""",B2B - N.Keyword.Store.SB.UPS.StoreSpotlight,,250,DAILY_BUDGET,ENABLED,USD,352,1,4.32,0.0,0,0,0,0.0,0,1,0,0,0,0,168
"Aug 19, 2025","=""327967099369911""",N.Keyword.Products.SB.UPS.1500units,,250,DAILY_BUDGET,PAUSED,USD,1130,9,6.17,0.0,0,0,0,0.0,0,13,4,1,0,0,302
"Jul 23, 2025","=""516203922618177""",N.Keyword.Store.SB.UPS.StoreSpotlight,,250,DAILY_BUDGET,ENABLED,USD,1119,5,15.64,0.0,0,0,0,0.0,0,4,0,1,0,0,320
"May 02, 2025","=""450441693358033""",B2B - B.Keyword.Products.SB.UPS.1500units,,250,DAILY_BUDGET,ENABLED,USD,840,3,13.32,0.0,0,0,0,0.0,0,12,0,0,0,0,240
"Aug 19, 2025","=""293529288726869""",B.Keyword.Video.SB.UPS.PFCSinewave.CP1500PFCLCD.B00429N19W,,250,DAILY_BUDGET,ENABLED,USD,989,8,124.99,459.85,3,3,2,279.9,2,38,5,3,224,67,284
"Jun 29, 2025","=""60249080858733""",C.Keyword.Video.SB.UPS.PFCSinewave.CPPFC(1),,250,DAILY_BUDGET,PAUSED,USD,268,4,7.54,239.95,1,1,1,239.95,1,7,0,1,20,4,40
"May 10, 2025","=""85546644235770""",C.Keyword.Video.SB.UPS.IntelligentLCD.CPAVR3,,250,DAILY_BUDGET,PAUSED,USD,2579,22,29.29,89.16,1,1,1,89.16,1,51,0,4,219,13,446
"May 24, 2025","=""84817009251939""",C.Keyword.Video.SB.PFCSinewave.CP1500PFCRM2U.B0B354X985,,250,DAILY_BUDGET,ENABLED,USD,10705,77,101.94,669.9,2,2,0,0.0,0,210,0,9,857,53,1889
"Jul 02, 2025","=""112828660396406""",N.Keyword.Video.SB.UPS.SmartAppSinewave.OLHD,,250,DAILY_BUDGET,PAUSED,USD,893,0,0.0,0.0,0,0,0,0.0,0,0,0,0,76,5,134
"May 31, 2025","=""516203922618177""",N.Keyword.Store.SB.UPS.StoreSpotlight,,250,DAILY_BUDGET,ENABLED,USD,19748,82,146.28,1585.55,8,9,8,1585.55,9,179,0,16,0,0,5075
"Aug 10, 2025","=""349078398145277""",N.SB.Products.SB.UPS.Eco,,250,DAILY_BUDGET,PAUSED,USD,108370,350,697.22,1463.07,14,14,12,1269.17,12,343,299,25,0,0,26709
"Aug 25, 2025","=""400654489506156""",B.Keyword.Products.SB.UPS.BestSellers,,250,DAILY_BUDGET,PAUSED,USD,61472,54,756.32,239.95,1,1,0,0.0,0,80,90,6,0,0,19351
"Jun 14, 2025","=""516203922618177""",N.Keyword.Store.SB.UPS.StoreSpotlight,,250,DAILY_BUDGET,ENABLED,USD,13977,42,80.24,238.41,1,1,1,238.41,1,52,0,5,0,0,2791
"Aug 02, 2025","=""327967099369911""",N.Keyword.Products.SB.UPS.1500units,,250,DAILY_BUDGET,PAUSED,USD,2066,5,4.81,0.0,0,0,0,0.0,0,3,0,0,0,0,385
"Aug 15, 2025","=""367333782614376""",N.SB.Products.SB.UPS.PFCRM,,250,DAILY_BUDGET,PAUSED,USD,38575,150,518.36,1977.55,7,9,5,1508.65,7,218,152,12,0,0,9148
"May 11, 2025","=""353873361287335""",B2B - B.Keyword.Store.SB.UPS.StoreSpotlight,,250,DAILY_BUDGET,ENABLED,USD,41,0,0.0,0.0,0,0,0,0.0,0,0,0,0,0,0,12
"Jun 27, 2025","=""60249080858733""",C.Keyword.Video.SB.UPS.PFCSinewave.CPPFC(1),,250,DAILY_BUDGET,PAUSED,USD,359,1,1.28,0.0,0,0,0,0.0,0,1,0,0,39,10,63
"Jul 23, 2025","=""335733425531216""",N.Keyword.Video.SB.UPS.PFCSinewave.CP1500PFCLCD.B00429N19W,,250,DAILY_BUDGET,ENABLED,USD,8655,84,382.28,115.95,1,1,1,115.95,1,115,0,7,1975,696,2504
"Jul 28, 2025","=""327967099369911""",N.Keyword.Products.SB.UPS.1500units,,250,DAILY_BUDGET,PAUSED,USD,3704,10,14.94,0.0,0,0,0,0.0,0,18,0,0,0,0,895
"May 09, 2025","=""209147373785811""",N.Keyword.Video.SB.UPS.PFCSinewave.CPPFC(1),,250,DAILY_BUDGET,PAUSED,USD,1393,10,19.41,219.95,1,1,1,219.95,1,18,0,3,96,24,230
"Jun 04, 2025","=""84817009251939""",C.Keyword.Video.SB.PFCSinewave.CP1500PFCRM2U.B0B354X985,,250,DAILY_BUDGET,ENABLED,USD,11933,89,135.31,6491.15,10,17,7,3971.5,10,204,0,15,944,88,1937
"May 24, 2025","=""516203922618177""",N.Keyword.Store.SB.UPS.StoreSpotlight,,250,DAILY_BUDGET,ENABLED,USD,9027,46,95.96,756.75,5,5,5,756.75,5,108,0,8,0,0,2536
"Jul 02, 2025","=""60249080858733""",C.Keyword.Video.SB.UPS.PFCSinewave.CPPFC(1),,250,DAILY_BUDGET,PAUSED,USD,360,2,2.51,0.0,0,0,0,0.0,0,6,0,0,38,6,71
"Aug 07, 2025","=""369323377946560""",B2B - N.Keyword.Store.SB.UPS.StoreSpotlight,,250,DAILY_BUDGET,ENABLED,USD,1973,5,43.54,621.85,3,3,1,96.95,1,1,5,3,0,0,865
"Jun 06, 2025","=""450441693358033""",B2B - B.Keyword.Products.SB.UPS.1500units,,250,DAILY_BUDGET,ENABLED,USD,12431,32,103.37,0.0,0,0,0,0.0,0,56,0,0,0,0,2094
"Jul 14, 2025","=""85546644235770""",C.Keyword.Video.SB.UPS.IntelligentLCD.CPAVR3,,250,DAILY_BUDGET,PAUSED,USD,4851,38,48.41,799.8,4,4,4,799.8,4,96,0,8,449,30,917
"Aug 02, 2025","=""452338404496050""",B.SB.Products.SB.UPS.PFC,,250,DAILY_BUDGET,PAUSED,USD,5192,43,207.25,1232.13,7,8,6,1067.18,7,83,5,10,0,0,1932
"Jun 10, 2025","=""249902179030051""",N.Keyword.Video.SB.UPS.Surge.CSP,,250,DAILY_BUDGET,PAUSED,USD,1350,20,13.79,24.49,1,1,0,0.0,0,26,0,1,118,8,229
"Jul 04, 2025","=""60249080858733""",C.Keyword.Video.SB.UPS.PFCSinewave.CPPFC(1),,250,DAILY_BUDGET,PAUSED,USD,0,0,0.0,0.0,0,0,0,0.0,0,0,0,0,0,0,0
"Jun 12, 2025","=""288898439745613""",B2B - N.Keyword.Products.SB.UPS.1500units,,250,DAILY_BUDGET,ENABLED,USD,10053,28,208.47,1640.65,6,7,6,1640.65,7,43,0,8,0,0,3372
"Jun 17, 2025","=""112828660396406""",N.Keyword.Video.SB.UPS.SmartAppSinewave.OLHD,,250,DAILY_BUDGET,PAUSED,USD,974,3,4.01,0.0,0,0,0,0.0,0,6,0,0,66,3,134
"Jul 15, 2025","=""327967099369911""",N.Keyword.Products.SB.UPS.1500units,,250,DAILY_BUDGET,PAUSED,USD,16053,25,39.69,169.95,1,1,1,169.95,1,30,0,1,0,0,2370
"May 15, 2025","=""400654489506156""",B.Keyword.Products.SB.UPS.BestSellers,,250,DAILY_BUDGET,PAUSED,USD,1622,4,25.97,0.0,0,0,0,0.0,0,2,0,0,0,0,557
"Jun 15, 2025","=""353873361287335""",B2B - B.Keyword.Store.SB.UPS.StoreSpotlight,,250,DAILY_BUDGET,ENABLED,USD,79,1,2.52,0.0,0,0,0,0.0,0,2,0,0,0,0,21
"Jun 29, 2025","=""249902179030051""",N.Keyword.Video.SB.UPS.Surge.CSP,,250,DAILY_BUDGET,PAUSED,USD,2548,40,32.0,0.0,0,0,0,0.0,0,61,0,4,310,46,579
"Jun 08, 2025","=""74868404430193""",N.Keyword.Video.SB.UPS.SmartAppLCD.OR.OR500LCRM1U,,250,DAILY_BUDGET,PAUSED,USD,1108,9,6.5,0.0,0,0,0,0.0,0,19,0,0,78,11,159
"May 14, 2025","=""249902179030051""",N.Keyword.Video.SB.UPS.Surge.CSP,,250,DAILY_BUDGET,PAUSED,USD,1500,20,17.43,35.98,2,2,2,35.98,2,24,0,2,122,6,263
"Jul 27, 2025","=""335733425531216""",N.Keyword.Video.SB.UPS.PFCSinewave.CP1500PFCLCD.B00429N19W,,250,DAILY_BUDGET,ENABLED,USD,6871,52,202.7,239.95,1,1,1,239.95,1,95,0,14,1259,468,1683
"Aug 09, 2025","=""490434522578484""",C.Keyword.Video.SB.UPS.PFCSinewave.CP1500PFCLCD.B00429N19W,,250,DAILY_BUDGET,ENABLED,USD,2128,11,242.87,299.9,2,2,2,299.9,2,15,8,2,453,146,574
"May 16, 2025","=""112828660396406""",N.Keyword.Video.SB.UPS.SmartAppSinewave.OLHD,,250,DAILY_BUDGET,PAUSED,USD,645,2,4.27,0.0,0,0,0,0.0,0,3,0,0,48,8,89
"Jun 17, 2025","=""288898439745613""",B2B - N.Keyword.Products.SB.UPS.1500units,,250,DAILY_BUDGET,ENABLED,USD,10483,36,212.18,886.02,4,7,1,238.32,1,77,0,6,0,0,3570
"May 04, 2025","=""450441693358033""",B2B - B.Keyword.Products.SB.UPS.1500units,,250,DAILY_BUDGET,ENABLED,USD,361,5,35.76,1978.71,3,9,1,79.95,1,10,0,2,0,0,106
"Jul 09, 2025","=""349078398145277""",N.SB.Products.SB.UPS.Eco,,250,DAILY_BUDGET,PAUSED,USD,61407,224,483.57,965.55,8,9,8,965.55,9,269,0,23,0,0,15302
"Jul 31, 2025","=""400654489506156""",B.Keyword.Products.SB.UPS.BestSellers,,250,DAILY_BUDGET,PAUSED,USD,58676,63,566.88,566.35,5,5,4,388.8,4,143,0,10,0,0,20156
"Jun 02, 2025","=""288898439745613""",B2B - N.Keyword.Products.SB.UPS.1500units,,250,DAILY_BUDGET,ENABLED,USD,8806,27,208.38,2056.93,6,8,6,2056.93,8,39,0,7,0,0,3317
"May 12, 2025","=""288898439745613""",B2B - N.Keyword.Products.SB.UPS.1500units,,250,DAILY_BUDGET,ENABLED,USD,12155,19,121.62,394.85,4,4,2,239.9,2,39,0,3,0,0,4850
"May 03, 2025","=""353873361287335""",B2B - B.Keyword.Store.SB.UPS.StoreSpotlight,,250,DAILY_BUDGET,ENABLED,USD,32,0,0.0,0.0,0,0,0,0.0,0,0,0,0,0,0,7
"Aug 17, 2025","=""516203922618177""",N.Keyword.Store.SB.UPS.StoreSpotlight,,250,DAILY_BUDGET,ENABLED,USD,1199,7,12.72,119.95,1,1,0,0.0,0,16,9,2,0,0,408
"Jul 30, 2025","=""293529288726869""",B.Keyword.Video.SB.UPS.PFCSinewave.CP1500PFCLCD.B00429N19W,,250,DAILY_BUDGET,ENABLED,USD,435,2,7.65,0.0,0,0,0,0.0,0,1,0,0,55,17,93
"Jul 04, 2025","=""38757712528936""",B.Keyword.Video.SB.UPS.PFCSinewave.CPPFC(1),,250,DAILY_BUDGET,PAUSED,USD,0,0,0.0,0.0,0,0,0,0.0,0,0,0,0,0,0,0
"Jul 03, 2025","=""367333782614376""",N.SB.Products.SB.UPS.PFCRM,,250,DAILY_BUDGET,PAUSED,USD,584896,571,2435.46,59.95,1,1,1,59.95,1,234,0,6,0,0,163098
"Jul 12, 2025","=""452338404496050""",B.SB.Products.SB.UPS.PFC,,250,DAILY_BUDGET,PAUSED,USD,102834,238,976.54,2171.92,8,9,4,1515.13,4,298,0,19,0,0,23608
"May 29, 2025","=""327967099369911""",N.Keyword.Products.SB.UPS.1500units,,250,DAILY_BUDGET,PAUSED,USD,0,0,0.0,0.0,0,0,0,0.0,0,0,0,0,0,0,0
"Jun 11, 2025","=""84817009251939""",C.Keyword.Video.SB.PFCSinewave.CP1500PFCRM2U.B0B354X985,,250,DAILY_BUDGET,ENABLED,USD,22657,117,209.89,2771.29,6,8,3,1231.49,4,226,0,18,1756,170,3736
"Aug 22, 2025","=""425328024590643""",C.Keyword.Products.SB.UPS.1500units,,250,DAILY_BUDGET,ENABLED,USD,1299,1,2.75,0.0,0,0,0,0.0,0,1,0,0,0,0,340
"Aug 05, 2025","=""349078398145277""",N.SB.Products.SB.UPS.Eco,,250,DAILY_BUDGET,PAUSED,USD,122458,282,577.77,1430.4,12,12,9,1193.55,9,272,184,20,0,0,29128
"Jul 03, 2025","=""335733425531216""",N.Keyword.Video.SB.UPS.PFCSinewave.CP1500PFCLCD.B00429N19W,,250,DAILY_BUDGET,ENABLED,USD,2349,2,12.26,0.0,0,0,0,0.0,0,0,0,0,337,154,399
"Aug 04, 2025","=""293529288726869""",B.Keyword.Video.SB.UPS.PFCSinewave.CP1500PFCLCD.B00429N19W,,250,DAILY_BUDGET,ENABLED,USD,753,4,18.87,1799.75,1,5,1,1799.75,5,18,10,1,134,46,187
"Jul 12, 2025","=""288898439745613""",B2B - N.Keyword.Products.SB.UPS.1500units,,250,DAILY_BUDGET,ENABLED,USD,1441,6,30.9,0.0,0,0,0,0.0,0,15,0,1,0,0,444
"May 26, 2025","=""516203922618177""",N.Keyword.Store.SB.UPS.StoreSpotlight,,250,DAILY_BUDGET,ENABLED,USD,10717,55,114.77,1554.5,10,10,9,1494.55,9,107,0,16,0,0,3153
"Aug 24, 2025","=""456008348744441""",N.SB.Products.SB.UPS.PFC,,250,DAILY_BUDGET,PAUSED,USD,63100,71,279.17,433.95,1,1,1,433.95,1,53,67,2,0,0,20138
"Jul 10, 2025","=""335733425531216""",N.Keyword.Video.SB.UPS.PFCSinewave.CP1500PFCLCD.B00429N19W,,250,DAILY_BUDGET,ENABLED,USD,7819,135,997.21,2599.5,9,10,6,1739.7,6,271,0,22,1824,641,2394
"Aug 10, 2025","=""516203922618177""",N.Keyword.Store.SB.UPS.StoreSpotlight,,250,DAILY_BUDGET,ENABLED,USD,853,3,5.86,0.0,0,0,0,0.0,0,7,4,1,0,0,318
"May 06, 2025","=""38757712528936""",B.Keyword.Video.SB.UPS.PFCSinewave.CPPFC(1),,250,DAILY_BUDGET,PAUSED,USD,1606,15,38.0,69.95,1,1,1,69.95,1,23,0,0,157,56,271
"May 28, 2025","=""353873361287335""",B2B - B.Keyword.Store.SB.UPS.StoreSpotlight,,250,DAILY_BUDGET,ENABLED,USD,47,1,0.43,0.0,0,0,0,0.0,0,4,0,2,0,0,21
"Aug 07, 2025","=""367333782614376""",N.SB.Products.SB.UPS.PFCRM,,250,DAILY_BUDGET,PAUSED,USD,64296,169,584.14,3941.54,8,10,8,3941.54,10,192,137,16,0,0,15456
"Jul 27, 2025","=""456008348744441""",N.SB.Products.SB.UPS.PFC,,250,DAILY_BUDGET,PAUSED,USD,99038,119,537.01,599.9,2,2,2,599.9,2,107,0,5,0,0,28586
"Jul 24, 2025","=""452338404496050""",B.SB.Products.SB.UPS.PFC,,250,DAILY_BUDGET,PAUSED,USD,5431,45,205.01,965.87,4,5,2,441.94,2,84,0,7,0,0,2215
"Jul 26, 2025","=""490434522578484""",C.Keyword.Video.SB.UPS.PFCSinewave.CP1500PFCLCD.B00429N19W,,250,DAILY_BUDGET,ENABLED,USD,702,0,0.0,0.0,0,0,0,0.0,0,0,0,0,94,27,148
"Jul 17, 2025","=""456008348744441""",N.SB.Products.SB.UPS.PFC,,250,DAILY_BUDGET,PAUSED,USD,10330,12,42.3,0.0,0,0,0,0.0,0,8,0,0,0,0,1405
"Jul 08, 2025","=""533553529526025""",N.Keyword.Video.SB.PFCSinewave.CP1500PFCRM2U.B0B354X985,,250,DAILY_BUDGET,PAUSED,USD,312,5,45.2,0.0,0,0,0,0.0,0,6,0,0,43,12,58
"Jul 27, 2025","=""400654489506156""",B.Keyword.Products.SB.UPS.BestSellers,,250,DAILY_BUDGET,PAUSED,USD,49494,63,653.66,1229.6,8,8,7,1029.65,7,109,0,9,0,0,16151
"Jul 21, 2025","=""425328024590643""",C.Keyword.Products.SB.UPS.1500units,,250,DAILY_BUDGET,ENABLED,USD,2513,3,6.98,0.0,0,0,0,0.0,0,6,0,0,0,0,645
"Aug 02, 2025","=""400654489506156""",B.Keyword.Products.SB.UPS.BestSellers,,250,DAILY_BUDGET,PAUSED,USD,45948,54,634.14,119.95,1,1,1,119.95,1,106,2,7,0,0,15739
"Aug 26, 2025","=""501364882562485""",C.Keyword.Video.SB.UPS.IntelligentLCD.CP1500AVRLCD3.B0BCMLLSHL,,250,DAILY_BUDGET,ENABLED,USD,975,3,73.47,179.95,1,1,1,179.95,1,15,13,3,160,31,242
"Jul 18, 2025","=""288898439745613""",B2B - N.Keyword.Products.SB.UPS.1500units,,250,DAILY_BUDGET,ENABLED,USD,4115,5,19.4,799.8,1,4,1,799.8,4,7,0,1,0,0,1182
"Jul 09, 2025","=""450441693358033""",B2B - B.Keyword.Products.SB.UPS.1500units,,250,DAILY_BUDGET,ENABLED,USD,1211,8,81.39,1770.8,3,4,1,599.9,2,11,0,5,0,0,227
"Jul 11, 2025","=""504590116611528""",C.Keyword.Video.SB.PFCSinewave.CP1500PFCRM2U.B0B354X985_v2,,250,DAILY_BUDGET,PAUSED,USD,0,0,0.0,0.0,0,0,0,0.0,0,0,0,0,0,0,0
"Jul 25, 2025","=""327967099369911""",N.Keyword.Products.SB.UPS.1500units,,250,DAILY_BUDGET,PAUSED,USD,4329,8,12.53,89.99,1,1,0,0.0,0,16,0,1,0,0,1021
"Aug 06, 2025","=""456008348744441""",N.SB.Products.SB.UPS.PFC,,250,DAILY_BUDGET,PAUSED,USD,35887,11,27.07,0.0,0,0,0,0.0,0,5,10,0,0,0,4327
"Jul 13, 2025","=""300358990869228""",B.Keyword.Store.SB.UPS.StoreSpotlight,,250,DAILY_BUDGET,ENABLED,USD,294,1,3.7,0.0,0,0,0,0.0,0,11,0,0,0,0,198
"Jun 23, 2025","=""60249080858733""",C.Keyword.Video.SB.UPS.PFCSinewave.CPPFC(1),,250,DAILY_BUDGET,PAUSED,USD,393,1,1.03,0.0,0,0,0,0.0,0,2,0,0,39,7,66
"Jun 12, 2025","=""74868404430193""",N.Keyword.Video.SB.UPS.SmartAppLCD.OR.OR500LCRM1U,,250,DAILY_BUDGET,PAUSED,USD,789,6,3.94,0.0,0,0,0,0.0,0,32,0,2,46,7,104
"Jun 01, 2025","=""425328024590643""",C.Keyword.Products.SB.UPS.1500units,,250,DAILY_BUDGET,ENABLED,USD,0,0,0.0,0.0,0,0,0,0.0,0,0,0,0,0,0,0
"Jul 10, 2025","=""349078398145277""",N.SB.Products.SB.UPS.Eco,,250,DAILY_BUDGET,PAUSED,USD,74254,221,488.76,1929.14,16,18,14,1689.24,16,314,0,25,0,0,15223
"Jul 17, 2025","=""450441693358033""",B2B - B.Keyword.Products.SB.UPS.1500units,,250,DAILY_BUDGET,ENABLED,USD,1913,2,6.05,0.0,0,0,0,0.0,0,2,0,0,0,0,79
"Jul 14, 2025","=""327967099369911""",N.Keyword.Products.SB.UPS.1500units,,250,DAILY_BUDGET,PAUSED,USD,18070,28,33.82,259.9,2,2,1,59.95,1,63,0,4,0,0,2772
"May 20, 2025","=""353873361287335""",B2B - B.Keyword.Store.SB.UPS.StoreSpotlight,,250,DAILY_BUDGET,ENABLED,USD,77,0,0.0,0.0,0,0,0,0.0,0,0,0,0,0,0,39
"May 04, 2025","=""38757712528936""",B.Keyword.Video.SB.UPS.PFCSinewave.CPPFC(1),,250,DAILY_BUDGET,PAUSED,USD,1787,21,71.2,0.0,0,0,0,0.0,0,82,0,1,186,41,351
"Jun 27, 2025","=""369323377946560""",B2B - N.Keyword.Store.SB.UPS.StoreSpotlight,,250,DAILY_BUDGET,ENABLED,USD,659,0,0.0,0.0,0,0,0,0.0,0,0,0,0,0,0,170
"Aug 01, 2025","=""369323377946560""",B2B - N.Keyword.Store.SB.UPS.StoreSpotlight,,250,DAILY_BUDGET,ENABLED,USD,1457,11,144.57,2399.65,4,7,3,2039.7,6,25,0,11,0,0,709
"Jul 17, 2025","=""327967099369911""",N.Keyword.Products.SB.UPS.1500units,,250,DAILY_BUDGET,PAUSED,USD,23534,32,51.12,439.85,3,3,3,439.85,3,70,0,6,0,0,3979
"Jul 27, 2025","=""450441693358033""",B2B - B.Keyword.Products.SB.UPS.1500units,,250,DAILY_BUDGET,ENABLED,USD,433,2,7.3,239.95,1,1,1,239.95,1,4,0,1,0,0,29
"May 18, 2025","=""38757712528936""",B.Keyword.Video.SB.UPS.PFCSinewave.CPPFC(1),,250,DAILY_BUDGET,PAUSED,USD,1267,12,26.54,119.95,1,1,1,119.95,1,26,0,2,129,26,221
"Jun 03, 2025","=""112828660396406""",N.Keyword.Video.SB.UPS.SmartAppSinewave.OLHD,,250,DAILY_BUDGET,PAUSED,USD,843,1,1.0,0.0,0,0,0,0.0,0,1,0,0,73,6,141
"May 09, 2025","=""249902179030051""",N.Keyword.Video.SB.UPS.Surge.CSP,,250,DAILY_BUDGET,PAUSED,USD,2623,33,26.25,49.48,2,2,2,49.48,2,64,0,6,201,21,455
"Jul 19, 2025","=""501364882562485""",C.Keyword.Video.SB.UPS.IntelligentLCD.CP1500AVRLCD3.B0BCMLLSHL,,250,DAILY_BUDGET,ENABLED,USD,1451,2,14.26,0.0,0,0,0,0.0,0,0,0,0,294,53,349
"Aug 13, 2025","=""501138070676838""",N.SB.Products.SB.UPS.AVR,,250,DAILY_BUDGET,PAUSED,USD,18971,17,49.6,599.8,4,4,4,599.8,4,27,17,5,0,0,3190
"Jun 05, 2025","=""85546644235770""",C.Keyword.Video.SB.UPS.IntelligentLCD.CPAVR3,,250,DAILY_BUDGET,PAUSED,USD,7817,87,132.11,1678.17,8,8,7,1478.22,7,178,0,30,903,102,1700
"Aug 11, 2025","=""353873361287335""",B2B - B.Keyword.Store.SB.UPS.StoreSpotlight,,250,DAILY_BUDGET,ENABLED,USD,124,0,0.0,0.0,0,0,0,0.0,0,3,1,1,0,0,57
"May 18, 2025","=""60249080858733""",C.Keyword.Video.SB.UPS.PFCSinewave.CPPFC(1),,250,DAILY_BUDGET,PAUSED,USD,93,1,1.55,0.0,0,0,0,0.0,0,0,0,0,3,0,11
"Aug 24, 2025","=""353873361287335""",B2B - B.Keyword.Store.SB.UPS.StoreSpotlight,,250,DAILY_BUDGET,ENABLED,USD,73,0,0.0,0.0,0,0,0,0.0,0,0,0,0,0,0,45
"Jul 23, 2025","=""452338404496050""",B.SB.Products.SB.UPS.PFC,,250,DAILY_BUDGET,PAUSED,USD,5560,52,242.37,139.95,1,1,1,139.95,1,109,0,10,0,0,2241
"Jun 01, 2025","=""369323377946560""",B2B - N.Keyword.Store.SB.UPS.StoreSpotlight,,250,DAILY_BUDGET,ENABLED,USD,240,1,1.23,0.0,0,0,0,0.0,0,6,0,0,0,0,102
"Jun 07, 2025","=""516203922618177""",N.Keyword.Store.SB.UPS.StoreSpotlight,,250,DAILY_BUDGET,ENABLED,USD,2869,32,72.08,844.6,3,8,3,844.6,8,62,0,6,0,0,1322
"Jul 10, 2025","=""533553529526025""",N.Keyword.Video.SB.PFCSinewave.CP1500PFCRM2U.B0B354X985,,250,DAILY_BUDGET,PAUSED,USD,0,0,0.0,0.0,0,0,0,0.0,0,0,0,0,0,0,0
"Aug 26, 2025","=""300358990869228""",B.Keyword.Store.SB.UPS.StoreSpotlight,,250,DAILY_BUDGET,ENABLED,USD,182,2,1.91,772.44,4,4,3,539.85,3,7,1,5,0,0,142
"Jul 27, 2025","=""452338404496050""",B.SB.Products.SB.UPS.PFC,,250,DAILY_BUDGET,PAUSED,USD,4892,37,135.13,1678.65,7,7,5,958.75,5,105,0,8,0,0,2076
"Aug 25, 2025","=""288898439745613""",B2B - N.Keyword.Products.SB.UPS.1500units,,250,DAILY_BUDGET,ENABLED,USD,14865,28,351.73,1065.84,3,4,3,1065.84,4,27,17,7,0,0,5652
"Jun 30, 2025","=""249902179030051""",N.Keyword.Video.SB.UPS.Surge.CSP,,250,DAILY_BUDGET,PAUSED,USD,1913,42,34.03,74.97,1,3,1,74.97,3,52,0,3,216,26,421
"Aug 11, 2025","=""288898439745613""",B2B - N.Keyword.Products.SB.UPS.1500units,,250,DAILY_BUDGET,ENABLED,USD,43531,76,1020.73,2218.51,8,9,5,1277.66,6,76,60,12,0,0,17517
"Jun 30, 2025","=""209147373785811""",N.Keyword.Video.SB.UPS.PFCSinewave.CPPFC(1),,250,DAILY_BUDGET,PAUSED,USD,44910,207,2950.42,1618.29,6,7,6,1618.29,7,338,0,24,7490,2554,11495
"May 10, 2025","=""400654489506156""",B.Keyword.Products.SB.UPS.BestSellers,,250,DAILY_BUDGET,PAUSED,USD,1159,1,6.2,0.0,0,0,0,0.0,0,4,0,1,0,0,380
"May 04, 2025","=""400654489506156""",B.Keyword.Products.SB.UPS.BestSellers,,250,DAILY_BUDGET,PAUSED,USD,1505,1,6.31,0.0,0,0,0,0.0,0,1,0,0,0,0,517
"May 25, 2025","=""249902179030051""",N.Keyword.Video.SB.UPS.Surge.CSP,,250,DAILY_BUDGET,PAUSED,USD,1647,18,15.1,0.0,0,0,0,0.0,0,39,0,4,117,13,266
"Jun 17, 2025","=""209147373785811""",N.Keyword.Video.SB.UPS.PFCSinewave.CPPFC(1),,250,DAILY_BUDGET,PAUSED,USD,1539,16,24.22,0.0,0,0,0,0.0,0,30,0,3,150,32,269
"Aug 02, 2025","=""516203922618177""",N.Keyword.Store.SB.UPS.StoreSpotlight,,250,DAILY_BUDGET,ENABLED,USD,541,1,0.82,0.0,0,0,0,0.0,0,2,0,0,0,0,170
"Jul 05, 2025","=""85546644235770""",C.Keyword.Video.SB.UPS.IntelligentLCD.CPAVR3,,250,DAILY_BUDGET,PAUSED,USD,1623,12,11.09,0.0,0,0,0,0.0,0,28,0,0,132,11,282
"May 28, 2025","=""288898439745613""",B2B - N.Keyword.Products.SB.UPS.1500units,,250,DAILY_BUDGET,ENABLED,USD,13129,35,281.38,1985.84,4,4,3,999.89,3,36,0,5,0,0,5160
"May 29, 2025","=""425328024590643""",C.Keyword.Products.SB.UPS.1500units,,250,DAILY_BUDGET,ENABLED,USD,0,0,0.0,0.0,0,0,0,0.0,0,0,0,0,0,0,0
"Aug 19, 2025","=""300358990869228""",B.Keyword.Store.SB.UPS.StoreSpotlight,,250,DAILY_BUDGET,ENABLED,USD,290,1,1.36,0.0,0,0,0,0.0,0,8,2,0,0,0,134
"May 09, 2025","=""425328024590643""",C.Keyword.Products.SB.UPS.1500units,,250,DAILY_BUDGET,ENABLED,USD,8302,22,86.2,244.89,3,3,3,244.89,3,52,0,6,0,0,3336
"Jul 23, 2025","=""85546644235770""",C.Keyword.Video.SB.UPS.IntelligentLCD.CPAVR3,,250,DAILY_BUDGET,PAUSED,USD,0,0,0.0,0.0,0,0,0,0.0,0,0,0,0,0,0,0
"May 08, 2025","=""85546644235770""",C.Keyword.Video.SB.UPS.IntelligentLCD.CPAVR3,,250,DAILY_BUDGET,PAUSED,USD,2680,22,28.49,819.8,4,4,3,599.85,3,44,0,8,189,14,382
"Jun 04, 2025","=""369323377946560""",B2B - N.Keyword.Store.SB.UPS.StoreSpotlight,,250,DAILY_BUDGET,ENABLED,USD,1065,0,0.0,0.0,0,0,0,0.0,0,0,0,0,0,0,272
"May 24, 2025","=""38757712528936""",B.Keyword.Video.SB.UPS.PFCSinewave.CPPFC(1),,250,DAILY_BUDGET,PAUSED,USD,1348,13,28.81,0.0,0,0,0,0.0,0,14,0,0,174,46,281
"Aug 18, 2025","=""490434522578484""",C.Keyword.Video.SB.UPS.PFCSinewave.CP1500PFCLCD.B00429N19W,,250,DAILY_BUDGET,ENABLED,USD,952,2,56.68,0.0,0,0,0,0.0,0,0,1,0,147,42,228
"Aug 20, 2025","=""369323377946560""",B2B - N.Keyword.Store.SB.UPS.StoreSpotlight,,250,DAILY_BUDGET,ENABLED,USD,6499,21,369.08,1313.15,8,9,4,477.35,5,17,24,9,0,0,2405
"Aug 18, 2025","=""293529288726869""",B.Keyword.Video.SB.UPS.PFCSinewave.CP1500PFCLCD.B00429N19W,,250,DAILY_BUDGET,ENABLED,USD,969,9,267.33,359.95,1,1,1,359.95,1,29,39,3,183,70,236
"Aug 04, 2025","=""501138070676838""",N.SB.Products.SB.UPS.AVR,,250,DAILY_BUDGET,PAUSED,USD,14339,19,44.92,164.95,1,1,1,164.95,1,26,0,1,0,0,2302
"Jun 10, 2025","=""288898439745613""",B2B - N.Keyword.Products.SB.UPS.1500units,,250,DAILY_BUDGET,ENABLED,USD,9445,30,219.94,1809.6,6,8,4,1409.7,6,35,0,12,0,0,3205
"Aug 14, 2025","=""327967099369911""",N.Keyword.Products.SB.UPS.1500units,,250,DAILY_BUDGET,PAUSED,USD,3815,5,7.56,0.0,0,0,0,0.0,0,11,7,0,0,0,962
"Aug 12, 2025","=""452338404496050""",B.SB.Products.SB.UPS.PFC,,250,DAILY_BUDGET,PAUSED,USD,7177,35,364.9,849.8,4,4,3,649.85,3,83,42,257,0,0,2395
"Jun 28, 2025","=""249902179030051""",N.Keyword.Video.SB.UPS.Surge.CSP,,250,DAILY_BUDGET,PAUSED,USD,2290,48,42.95,125.89,2,6,1,24.99,1,97,0,5,280,35,498
"Jul 04, 2025","=""400654489506156""",B.Keyword.Products.SB.UPS.BestSellers,,250,DAILY_BUDGET,PAUSED,USD,34158,67,802.04,1117.46,7,10,3,408.69,3,262,0,15,0,0,11033
"May 07, 2025","=""74868404430193""",N.Keyword.Video.SB.UPS.SmartAppLCD.OR.OR500LCRM1U,,250,DAILY_BUDGET,PAUSED,USD,1121,5,3.94,199.95,1,1,1,199.95,1,8,0,1,67,10,166
"Jun 12, 2025","=""369323377946560""",B2B - N.Keyword.Store.SB.UPS.StoreSpotlight,,250,DAILY_BUDGET,ENABLED,USD,898,4,13.13,0.0,0,0,0,0.0,0,0,0,0,0,0,231
"Jul 09, 2025","=""112828660396406""",N.Keyword.Video.SB.UPS.SmartAppSinewave.OLHD,,250,DAILY_BUDGET,PAUSED,USD,0,0,0.0,0.0,0,0,0,0.0,0,0,0,0,0,0,0
"Jul 11, 2025","=""85546644235770""",C.Keyword.Video.SB.UPS.IntelligentLCD.CPAVR3,,250,DAILY_BUDGET,PAUSED,USD,5402,37,49.29,589.85,3,3,2,389.9,2,81,0,9,528,43,1025
"May 15, 2025","=""300358990869228""",B.Keyword.Store.SB.UPS.StoreSpotlight,,250,DAILY_BUDGET,ENABLED,USD,1441,18,121.08,6257.4,31,35,25,5235.95,29,261,0,54,0,0,1248
"Jul 30, 2025","=""288898439745613""",B2B - N.Keyword.Products.SB.UPS.1500units,,250,DAILY_BUDGET,ENABLED,USD,3097,13,47.09,239.95,1,1,1,239.95,1,25,0,4,0,0,915
"Aug 28, 2025","=""369323377946560""",B2B - N.Keyword.Store.SB.UPS.StoreSpotlight,,250,DAILY_BUDGET,ENABLED,USD,4065,25,373.98,1159.8,3,4,1,199.95,1,19,28,3,0,0,1874
"Aug 17, 2025","=""452338404496050""",B.SB.Products.SB.UPS.PFC,,250,DAILY_BUDGET,PAUSED,USD,7055,43,588.91,0.0,0,0,0,0.0,0,58,53,2,0,0,2706
"Aug 19, 2025","=""452338404496050""",B.SB.Products.SB.UPS.PFC,,250,DAILY_BUDGET,PAUSED,USD,7666,49,527.94,561.89,3,3,2,201.94,2,69,46,5,0,0,2821
"May 25, 2025","=""60249080858733""",C.Keyword.Video.SB.UPS.PFCSinewave.CPPFC(1),,250,DAILY_BUDGET,PAUSED,USD,46,1,2.89,0.0,0,0,0,0.0,0,1,0,0,2,1,7
"Aug 11, 2025","=""450441693358033""",B2B - B.Keyword.Products.SB.UPS.1500units,,250,DAILY_BUDGET,ENABLED,USD,1103,4,102.03,239.95,1,1,0,0.0,0,4,2,1,0,0,166
"Aug 04, 2025","=""501364882562485""",C.Keyword.Video.SB.UPS.IntelligentLCD.CP1500AVRLCD3.B0BCMLLSHL,,250,DAILY_BUDGET,ENABLED,USD,1013,1,7.13,0.0,0,0,0,0.0,0,0,0,0,163,21,242
"May 23, 2025","=""353873361287335""",B2B - B.Keyword.Store.SB.UPS.StoreSpotlight,,250,DAILY_BUDGET,ENABLED,USD,55,0,0.0,0.0,0,0,0,0.0,0,0,0,0,0,0,19
"Aug 26, 2025","=""490434522578484""",C.Keyword.Video.SB.UPS.PFCSinewave.CP1500PFCLCD.B00429N19W,,250,DAILY_BUDGET,ENABLED,USD,795,3,59.67,0.0,0,0,0,0.0,0,2,1,0,125,27,191
"Aug 15, 2025","=""349078398145277""",N.SB.Products.SB.UPS.Eco,,250,DAILY_BUDGET,PAUSED,USD,97233,331,628.53,1199.6,7,8,7,1199.6,8,372,298,24,0,0,28112
"Jul 06, 2025","=""400654489506156""",B.Keyword.Products.SB.UPS.BestSellers,,250,DAILY_BUDGET,PAUSED,USD,36280,69,662.54,199.95,1,1,1,199.95,1,98,0,3,0,0,12514
"May 04, 2025","=""112828660396406""",N.Keyword.Video.SB.UPS.SmartAppSinewave.OLHD,,250,DAILY_BUDGET,PAUSED,USD,265,3,6.28,0.0,0,0,0,0.0,0,11,0,0,25,3,44
"Aug 05, 2025","=""452338404496050""",B.SB.Products.SB.UPS.PFC,,250,DAILY_BUDGET,PAUSED,USD,5876,35,164.97,2227.71,4,11,1,59.95,1,80,29,10,0,0,2354
"Jun 24, 2025","=""300358990869228""",B.Keyword.Store.SB.UPS.StoreSpotlight,,250,DAILY_BUDGET,ENABLED,USD,606,5,17.29,284.95,5,5,5,284.95,5,140,0,14,0,0,430
"Jun 17, 2025","=""60249080858733""",C.Keyword.Video.SB.UPS.PFCSinewave.CPPFC(1),,250,DAILY_BUDGET,PAUSED,USD,251,1,2.46,0.0,0,0,0,0.0,0,1,0,0,19,7,30
"Jul 25, 2025","=""367333782614376""",N.SB.Products.SB.UPS.PFCRM,,250,DAILY_BUDGET,PAUSED,USD,64522,118,434.03,1079.8,5,5,5,1079.8,5,149,0,8,0,0,12924
"May 30, 2025","=""300358990869228""",B.Keyword.Store.SB.UPS.StoreSpotlight,,250,DAILY_BUDGET,ENABLED,USD,1687,15,140.29,5424.78,35,38,31,5051.45,34,302,0,56,0,0,1380
"Jul 05, 2025","=""293529288726869""",B.Keyword.Video.SB.UPS.PFCSinewave.CP1500PFCLCD.B00429N19W,,250,DAILY_BUDGET,ENABLED,USD,10153,55,316.09,539.9,3,3,1,239.95,1,75,0,5,1474,567,2028
"Aug 26, 2025","=""425328024590643""",C.Keyword.Products.SB.UPS.1500units,,250,DAILY_BUDGET,ENABLED,USD,1076,3,5.37,0.0,0,0,0,0.0,0,2,3,0,0,0,304
"Jul 15, 2025","=""288898439745613""",B2B - N.Keyword.Products.SB.UPS.1500units,,250,DAILY_BUDGET,ENABLED,USD,6089,28,170.48,1219.7,5,6,4,859.75,5,49,0,7,0,0,1848
"Jul 07, 2025","=""501138070676838""",N.SB.Products.SB.UPS.AVR,,250,DAILY_BUDGET,PAUSED,USD,6728,3,4.07,0.0,0,0,0,0.0,0,3,0,0,0,0,415
"Jun 25, 2025","=""38757712528936""",B.Keyword.Video.SB.UPS.PFCSinewave.CPPFC(1),,250,DAILY_BUDGET,PAUSED,USD,2167,16,57.4,458.84,2,2,1,229.42,1,41,0,5,215,61,346
"May 17, 2025","=""84817009251939""",C.Keyword.Video.SB.PFCSinewave.CP1500PFCRM2U.B0B354X985,,250,DAILY_BUDGET,ENABLED,USD,9113,59,72.25,975.13,2,3,1,640.18,2,112,0,8,692,47,1489
"Aug 08, 2025","=""353873361287335""",B2B - B.Keyword.Store.SB.UPS.StoreSpotlight,,250,DAILY_BUDGET,ENABLED,USD,177,2,5.01,479.9,1,2,1,479.9,2,2,2,0,0,0,84
"Aug 18, 2025","=""335733425531216""",N.Keyword.Video.SB.UPS.PFCSinewave.CP1500PFCLCD.B00429N19W,,250,DAILY_BUDGET,ENABLED,USD,7068,48,178.08,959.8,3,4,3,959.8,4,69,29,3,1103,345,1646
"Jul 07, 2025","=""456008348744441""",N.SB.Products.SB.UPS.PFC,,250,DAILY_BUDGET,PAUSED,USD,563292,385,6759.13,608.3,4,5,3,325.8,4,221,0,6,0,0,143640
"May 31, 2025","=""84817009251939""",C.Keyword.Video.SB.PFCSinewave.CP1500PFCRM2U.B0B354X985,,250,DAILY_BUDGET,ENABLED,USD,13580,94,132.43,0.0,0,0,0,0.0,0,210,0,12,1083,77,2195
"Aug 12, 2025","=""456008348744441""",N.SB.Products.SB.UPS.PFC,,250,DAILY_BUDGET,PAUSED,USD,21946,7,14.22,0.0,0,0,0,0.0,0,1,7,0,0,0,2101
"Aug 23, 2025","=""349078398145277""",N.SB.Products.SB.UPS.Eco,,250,DAILY_BUDGET,PAUSED,USD,34235,169,369.92,1039.59,9,9,7,865.69,7,274,123,28,0,0,9053
"Aug 03, 2025","=""327967099369911""",N.Keyword.Products.SB.UPS.1500units,,250,DAILY_BUDGET,PAUSED,USD,3183,4,5.22,0.0,0,0,0,0.0,0,3,0,0,0,0,503
"Aug 04, 2025","=""516203922618177""",N.Keyword.Store.SB.UPS.StoreSpotlight,,250,DAILY_BUDGET,ENABLED,USD,1016,5,6.61,59.95,1,1,1,59.95,1,5,0,2,0,0,322
"May 13, 2025","=""327967099369911""",N.Keyword.Products.SB.UPS.1500units,,250,DAILY_BUDGET,PAUSED,USD,245528,323,2253.44,2493.35,14,15,10,2108.45,11,393,0,19,0,0,81852
"Aug 22, 2025","=""288898439745613""",B2B - N.Keyword.Products.SB.UPS.1500units,,250,DAILY_BUDGET,ENABLED,USD,10675,30,460.75,0.0,0,0,0,0.0,0,25,27,0,0,0,3933
"Aug 12, 2025","=""288898439745613""",B2B - N.Keyword.Products.SB.UPS.1500units,,250,DAILY_BUDGET,ENABLED,USD,63628,118,1712.93,6472.18,17,23,7,2730.9,7,123,94,22,0,0,25809
"Aug 15, 2025","=""300358990869228""",B.Keyword.Store.SB.UPS.StoreSpotlight,,250,DAILY_BUDGET,ENABLED,USD,425,1,3.99,26.99,1,1,1,26.99,1,3,1,1,0,0,352
"Aug 20, 2025","=""425328024590643""",C.Keyword.Products.SB.UPS.1500units,,250,DAILY_BUDGET,ENABLED,USD,1612,2,4.12,0.0,0,0,0,0.0,0,1,0,0,0,0,418
"Aug 18, 2025","=""300358990869228""",B.Keyword.Store.SB.UPS.StoreSpotlight,,250,DAILY_BUDGET,ENABLED,USD,181,0,1.57,435.76,1,1,1,435.76,1,11,0,4,0,0,119
"Aug 27, 2025","=""490434522578484""",C.Keyword.Video.SB.UPS.PFCSinewave.CP1500PFCLCD.B00429N19W,,250,DAILY_BUDGET,ENABLED,USD,809,2,32.73,0.0,0,0,0,0.0,0,9,1,0,149,35,224
"Jul 13, 2025","=""209147373785811""",N.Keyword.Video.SB.UPS.PFCSinewave.CPPFC(1),,250,DAILY_BUDGET,PAUSED,USD,0,0,0.0,0.0,0,0,0,0.0,0,0,0,0,0,0,0
"Jul 26, 2025","=""516203922618177""",N.Keyword.Store.SB.UPS.StoreSpotlight,,250,DAILY_BUDGET,ENABLED,USD,817,7,11.78,0.0,0,0,0,0.0,0,34,0,5,0,0,297
"Jul 08, 2025","=""335733425531216""",N.Keyword.Video.SB.UPS.PFCSinewave.CP1500PFCLCD.B00429N19W,,250,DAILY_BUDGET,ENABLED,USD,15883,226,1663.14,4859.67,18,18,12,3105.97,12,523,0,30,3533,1411,4388
"Jun 23, 2025","=""85546644235770""",C.Keyword.Video.SB.UPS.IntelligentLCD.CPAVR3,,250,DAILY_BUDGET,PAUSED,USD,6088,77,88.18,637.75,4,4,2,437.8,2,198,0,13,672,34,1272
"Jul 10, 2025","=""369323377946560""",B2B - N.Keyword.Store.SB.UPS.StoreSpotlight,,250,DAILY_BUDGET,ENABLED,USD,8843,14,156.29,299.95,1,1,1,299.95,1,12,0,1,0,0,3644
"Jul 22, 2025","=""85546644235770""",C.Keyword.Video.SB.UPS.IntelligentLCD.CPAVR3,,250,DAILY_BUDGET,PAUSED,USD,0,0,0.0,0.0,0,0,0,0.0,0,0,0,0,0,0,0
"May 13, 2025","=""516203922618177""",N.Keyword.Store.SB.UPS.StoreSpotlight,,250,DAILY_BUDGET,ENABLED,USD,11797,56,139.77,1339.6,7,8,7,1339.6,8,68,0,11,0,0,3497
"May 30, 2025","=""288898439745613""",B2B - N.Keyword.Products.SB.UPS.1500units,,250,DAILY_BUDGET,ENABLED,USD,10239,23,142.81,1159.7,3,6,1,199.95,1,34,0,5,0,0,3752
"Jul 11, 2025","=""452338404496050""",B.SB.Products.SB.UPS.PFC,,250,DAILY_BUDGET,PAUSED,USD,71042,205,997.22,2950.57,12,15,7,2028.29,9,357,0,31,0,0,16099
"Aug 22, 2025","=""516203922618177""",N.Keyword.Store.SB.UPS.StoreSpotlight,,250,DAILY_BUDGET,ENABLED,USD,983,4,11.24,0.0,0,0,0,0.0,0,11,8,0,0,0,307
"Jul 06, 2025","=""112828660396406""",N.Keyword.Video.SB.UPS.SmartAppSinewave.OLHD,,250,DAILY_BUDGET,PAUSED,USD,811,3,4.82,0.0,0,0,0,0.0,0,20,0,1,48,3,108
"May 20, 2025","=""288898439745613""",B2B - N.Keyword.Products.SB.UPS.1500units,,250,DAILY_BUDGET,ENABLED,USD,13535,24,184.06,824.7,6,7,5,744.8,6,33,0,4,0,0,5114
"Aug 24, 2025","=""327967099369911""",N.Keyword.Products.SB.UPS.1500units,,250,DAILY_BUDGET,PAUSED,USD,1671,2,3.68,239.95,1,1,0,0.0,0,10,6,1,0,0,189
"Jul 05, 2025","=""112828660396406""",N.Keyword.Video.SB.UPS.SmartAppSinewave.OLHD,,250,DAILY_BUDGET,PAUSED,USD,419,2,2.84,0.0,0,0,0,0.0,0,5,0,0,29,6,53
"Jul 24, 2025","=""349078398145277""",N.SB.Products.SB.UPS.Eco,,250,DAILY_BUDGET,PAUSED,USD,52495,132,348.77,1011.15,8,11,7,958.16,10,197,0,18,0,0,10213
"Jul 08, 2025","=""293529288726869""",B.Keyword.Video.SB.UPS.PFCSinewave.CP1500PFCLCD.B00429N19W,,250,DAILY_BUDGET,ENABLED,USD,73035,466,3087.81,4397.9,15,18,8,2059.6,8,738,0,31,11221,4155,14834
"May 05, 2025","=""400654489506156""",B.Keyword.Products.SB.UPS.BestSellers,,250,DAILY_BUDGET,PAUSED,USD,1926,2,12.88,0.0,0,0,0,0.0,0,1,0,0,0,0,619
"May 03, 2025","=""369323377946560""",B2B - N.Keyword.Store.SB.UPS.StoreSpotlight,,250,DAILY_BUDGET,ENABLED,USD,104,0,0.0,0.0,0,0,0,0.0,0,0,0,0,0,0,69
"Aug 25, 2025","=""501138070676838""",N.SB.Products.SB.UPS.AVR,,250,DAILY_BUDGET,PAUSED,USD,11778,20,39.14,199.95,1,1,1,199.95,1,33,18,1,0,0,1713
"Aug 28, 2025","=""300358990869228""",B.Keyword.Store.SB.UPS.StoreSpotlight,,250,DAILY_BUDGET,ENABLED,USD,112,1,0.98,0.0,0,0,0,0.0,0,18,4,1,0,0,78
"Aug 09, 2025","=""456008348744441""",N.SB.Products.SB.UPS.PFC,,250,DAILY_BUDGET,PAUSED,USD,25958,11,19.84,0.0,0,0,0,0.0,0,6,12,0,0,0,3194
"Aug 09, 2025","=""501364882562485""",C.Keyword.Video.SB.UPS.IntelligentLCD.CP1500AVRLCD3.B0BCMLLSHL,,250,DAILY_BUDGET,ENABLED,USD,68,0,0.0,0.0,0,0,0,0.0,0,0,0,0,4,0,9
"Aug 05, 2025","=""335733425531216""",N.Keyword.Video.SB.UPS.PFCSinewave.CP1500PFCLCD.B00429N19W,,250,DAILY_BUDGET,ENABLED,USD,8676,65,275.93,1729.65,6,7,6,1729.65,7,89,30,11,1988,672,2634
"Aug 09, 2025","=""452338404496050""",B.SB.Products.SB.UPS.PFC,,250,DAILY_BUDGET,PAUSED,USD,4549,34,362.97,524.9,2,2,1,359.95,1,48,27,6,0,0,1919
"Jun 20, 2025","=""300358990869228""",B.Keyword.Store.SB.UPS.StoreSpotlight,,250,DAILY_BUDGET,ENABLED,USD,797,7,23.9,1114.77,11,11,8,851.68,8,212,0,22,0,0,591
"Jul 21, 2025","=""533553529526025""",N.Keyword.Video.SB.PFCSinewave.CP1500PFCRM2U.B0B354X985,,250,DAILY_BUDGET,PAUSED,USD,0,0,0.0,0.0,0,0,0,0.0,0,0,0,0,0,0,0
"Jul 28, 2025","=""300358990869228""",B.Keyword.Store.SB.UPS.StoreSpotlight,,250,DAILY_BUDGET,ENABLED,USD,345,3,3.35,340.94,1,1,0,0.0,0,12,0,2,0,0,282
"Jun 27, 2025","=""300358990869228""",B.Keyword.Store.SB.UPS.StoreSpotlight,,250,DAILY_BUDGET,ENABLED,USD,591,4,12.02,983.71,9,9,8,867.76,8,113,0,17,0,0,433
"Jul 29, 2025","=""450441693358033""",B2B - B.Keyword.Products.SB.UPS.1500units,,250,DAILY_BUDGET,ENABLED,USD,1370,2,16.48,498.95,2,2,0,0.0,0,5,0,2,0,0,85
"Jul 17, 2025","=""452338404496050""",B.SB.Products.SB.UPS.PFC,,250,DAILY_BUDGET,PAUSED,USD,5860,42,196.78,667.75,3,3,1,239.95,1,66,0,8,0,0,2204
"May 31, 2025","=""288898439745613""",B2B - N.Keyword.Products.SB.UPS.1500units,,250,DAILY_BUDGET,ENABLED,USD,5838,12,76.29,835.9,2,2,2,835.9,2,15,0,6,0,0,2070
"Jun 20, 2025","=""85546644235770""",C.Keyword.Video.SB.UPS.IntelligentLCD.CPAVR3,,250,DAILY_BUDGET,PAUSED,USD,5335,48,58.83,399.9,2,2,2,399.9,2,123,0,10,552,40,1076
"Jul 06, 2025","=""369323377946560""",B2B - N.Keyword.Store.SB.UPS.StoreSpotlight,,250,DAILY_BUDGET,ENABLED,USD,9783,11,312.98,0.0,0,0,0,0.0,0,1,0,0,0,0,4714
"Jul 25, 2025","=""425328024590643""",C.Keyword.Products.SB.UPS.1500units,,250,DAILY_BUDGET,ENABLED,USD,1908,1,1.91,0.0,0,0,0,0.0,0,3,0,0,0,0,567
"Jun 28, 2025","=""74868404430193""",N.Keyword.Video.SB.UPS.SmartAppLCD.OR.OR500LCRM1U,,250,DAILY_BUDGET,PAUSED,USD,812,7,4.3,0.0,0,0,0,0.0,0,17,0,3,65,9,141
"Jul 30, 2025","=""450441693358033""",B2B - B.Keyword.Products.SB.UPS.1500units,,250,DAILY_BUDGET,ENABLED,USD,1704,3,15.79,0.0,0,0,0,0.0,0,5,0,0,0,0,101
"Jul 11, 2025","=""450441693358033""",B2B - B.Keyword.Products.SB.UPS.1500units,,250,DAILY_BUDGET,ENABLED,USD,1474,3,28.57,139.95,1,1,0,0.0,0,2,0,1,0,0,146
"Aug 01, 2025","=""300358990869228""",B.Keyword.Store.SB.UPS.StoreSpotlight,,250,DAILY_BUDGET,ENABLED,USD,44,0,1.14,97.99,1,1,1,97.99,1,4,0,1,0,0,29
"May 16, 2025","=""353873361287335""",B2B - B.Keyword.Store.SB.UPS.StoreSpotlight,,250,DAILY_BUDGET,ENABLED,USD,48,0,0.0,0.0,0,0,0,0.0,0,0,0,0,0,0,18
"Jun 28, 2025","=""112828660396406""",N.Keyword.Video.SB.UPS.SmartAppSinewave.OLHD,,250,DAILY_BUDGET,PAUSED,USD,823,5,5.89,0.0,0,0,0,0.0,0,8,0,0,79,9,150
"Jul 13, 2025","=""293529288726869""",B.Keyword.Video.SB.UPS.PFCSinewave.CP1500PFCLCD.B00429N19W,,250,DAILY_BUDGET,ENABLED,USD,757,12,54.27,2093.66,8,10,2,599.9,2,26,0,8,182,52,241
"Aug 21, 2025","=""349078398145277""",N.SB.Products.SB.UPS.Eco,,250,DAILY_BUDGET,PAUSED,USD,54478,209,486.22,1180.4,10,12,10,1180.4,12,332,158,31,0,0,11913
"May 05, 2025","=""369323377946560""",B2B - N.Keyword.Store.SB.UPS.StoreSpotlight,,250,DAILY_BUDGET,ENABLED,USD,179,0,0.0,0.0,0,0,0,0.0,0,0,0,0,0,0,101
"Jul 13, 2025","=""367333782614376""",N.SB.Products.SB.UPS.PFCRM,,250,DAILY_BUDGET,PAUSED,USD,25844,42,93.72,1106.07,4,5,2,264.94,2,51,0,7,0,0,4140
"May 04, 2025","=""353873361287335""",B2B - B.Keyword.Store.SB.UPS.StoreSpotlight,,250,DAILY_BUDGET,ENABLED,USD,29,0,0.0,0.0,0,0,0,0.0,0,0,0,0,0,0,9
"May 12, 2025","=""516203922618177""",N.Keyword.Store.SB.UPS.StoreSpotlight,,250,DAILY_BUDGET,ENABLED,USD,12033,54,102.07,1478.64,8,10,5,889.74,5,107,0,15,0,0,3655
"May 29, 2025","=""300358990869228""",B.Keyword.Store.SB.UPS.StoreSpotlight,,250,DAILY_BUDGET,ENABLED,USD,1848,30,165.25,5928.2,37,52,27,4013.96,34,390,0,58,0,0,1558
"Jun 14, 2025","=""209147373785811""",N.Keyword.Video.SB.UPS.PFCSinewave.CPPFC(1),,250,DAILY_BUDGET,PAUSED,USD,921,9,16.1,238.55,1,1,1,238.55,1,13,0,1,96,27,153
"Aug 28, 2025","=""293529288726869""",B.Keyword.Video.SB.UPS.PFCSinewave.CP1500PFCLCD.B00429N19W,,250,DAILY_BUDGET,ENABLED,USD,698,11,127.08,239.95,1,1,1,239.95,1,54,29,4,163,49,198
"Jul 19, 2025","=""425328024590643""",C.Keyword.Products.SB.UPS.1500units,,250,DAILY_BUDGET,ENABLED,USD,1310,4,10.59,0.0,0,0,0,0.0,0,6,0,0,0,0,416
"May 14, 2025","=""38757712528936""",B.Keyword.Video.SB.UPS.PFCSinewave.CPPFC(1),,250,DAILY_BUDGET,PAUSED,USD,1620,14,77.51,164.95,1,1,1,164.95,1,25,0,2,186,42,318
"Jul 16, 2025","=""288898439745613""",B2B - N.Keyword.Products.SB.UPS.1500units,,250,DAILY_BUDGET,ENABLED,USD,6145,18,96.31,1259.75,5,6,2,539.85,3,54,0,5,0,0,1968
"Jul 05, 2025","=""367333782614376""",N.SB.Products.SB.UPS.PFCRM,,250,DAILY_BUDGET,PAUSED,USD,175495,353,1269.09,862.79,4,5,3,562.84,4,337,0,14,0,0,51029
"Aug 27, 2025","=""353873361287335""",B2B - B.Keyword.Store.SB.UPS.StoreSpotlight,,250,DAILY_BUDGET,ENABLED,USD,211,2,5.62,356.0,1,4,0,0.0,0,3,4,1,0,0,97
"Jun 27, 2025","=""38757712528936""",B.Keyword.Video.SB.UPS.PFCSinewave.CPPFC(1),,250,DAILY_BUDGET,PAUSED,USD,1721,11,24.54,81.52,1,1,0,0.0,0,24,0,2,179,50,311
"Jun 29, 2025","=""112828660396406""",N.Keyword.Video.SB.UPS.SmartAppSinewave.OLHD,,250,DAILY_BUDGET,PAUSED,USD,993,5,7.76,0.0,0,0,0,0.0,0,7,0,0,77,7,143
"Jul 18, 2025","=""367333782614376""",N.SB.Products.SB.UPS.PFCRM,,250,DAILY_BUDGET,PAUSED,USD,25972,49,129.29,64.99,1,1,1,64.99,1,38,0,3,0,0,4466
"May 03, 2025","=""60249080858733""",C.Keyword.Video.SB.UPS.PFCSinewave.CPPFC(1),,250,DAILY_BUDGET,PAUSED,USD,88,0,0.0,0.0,0,0,0,0.0,0,0,0,0,4,0,12
"Aug 05, 2025","=""425328024590643""",C.Keyword.Products.SB.UPS.1500units,,250,DAILY_BUDGET,ENABLED,USD,1100,1,0.4,0.0,0,0,0,0.0,0,3,2,0,0,0,281
"Jul 02, 2025","=""516203922618177""",N.Keyword.Store.SB.UPS.StoreSpotlight,,250,DAILY_BUDGET,ENABLED,USD,2006,8,19.06,119.95,1,1,0,0.0,0,8,0,1,0,0,505
"Jun 22, 2025","=""84817009251939""",C.Keyword.Video.SB.PFCSinewave.CP1500PFCRM2U.B0B354X985,,250,DAILY_BUDGET,ENABLED,USD,18970,154,280.19,3844.5,10,10,7,2764.65,7,341,0,16,1833,167,3595
"Jul 03, 2025","=""400654489506156""",B.Keyword.Products.SB.UPS.BestSellers,,250,DAILY_BUDGET,PAUSED,USD,973,10,47.46,78.95,1,1,1,78.95,1,16,0,1,0,0,418
"May 30, 2025","=""60249080858733""",C.Keyword.Video.SB.UPS.PFCSinewave.CPPFC(1),,250,DAILY_BUDGET,PAUSED,USD,103,0,0.0,0.0,0,0,0,0.0,0,0,0,0,7,0,14
"Aug 20, 2025","=""490434522578484""",C.Keyword.Video.SB.UPS.PFCSinewave.CP1500PFCLCD.B00429N19W,,250,DAILY_BUDGET,ENABLED,USD,898,2,31.74,169.95,1,1,1,169.95,1,3,0,1,133,38,199
"May 12, 2025","=""209147373785811""",N.Keyword.Video.SB.UPS.PFCSinewave.CPPFC(1),,250,DAILY_BUDGET,PAUSED,USD,1505,9,17.76,219.95,1,1,1,219.95,1,21,0,3,107,25,231
"Jun 30, 2025","=""353873361287335""",B2B - B.Keyword.Store.SB.UPS.StoreSpotlight,,250,DAILY_BUDGET,ENABLED,USD,174,2,3.61,784.5,1,6,1,784.5,6,2,0,0,0,0,59
"Jun 22, 2025","=""501138070676838""",N.SB.Products.SB.UPS.AVR,,250,DAILY_BUDGET,PAUSED,USD,30113,58,108.92,0.0,0,0,0,0.0,0,76,0,3,0,0,5118
"Jun 19, 2025","=""38757712528936""",B.Keyword.Video.SB.UPS.PFCSinewave.CPPFC(1),,250,DAILY_BUDGET,PAUSED,USD,2175,17,48.52,476.36,2,2,1,238.18,1,29,0,2,244,69,397
"Jun 30, 2025","=""501138070676838""",N.SB.Products.SB.UPS.AVR,,250,DAILY_BUDGET,PAUSED,USD,24344,50,111.63,439.85,3,3,3,439.85,3,65,0,5,0,0,4761
"Jun 20, 2025","=""84817009251939""",C.Keyword.Video.SB.PFCSinewave.CP1500PFCRM2U.B0B354X985,,250,DAILY_BUDGET,ENABLED,USD,19024,151,264.5,4895.1,16,19,11,3695.4,12,341,0,22,1744,157,3448
"Jun 21, 2025","=""74868404430193""",N.Keyword.Video.SB.UPS.SmartAppLCD.OR.OR500LCRM1U,,250,DAILY_BUDGET,PAUSED,USD,796,4,2.46,0.0,0,0,0,0.0,0,12,0,0,66,11,133
"Jul 08, 2025","=""38757712528936""",B.Keyword.Video.SB.UPS.PFCSinewave.CPPFC(1),,250,DAILY_BUDGET,PAUSED,USD,0,0,0.0,0.0,0,0,0,0.0,0,0,0,0,0,0,0
"May 19, 2025","=""74868404430193""",N.Keyword.Video.SB.UPS.SmartAppLCD.OR.OR500LCRM1U,,250,DAILY_BUDGET,PAUSED,USD,765,4,3.26,320.85,1,1,0,0.0,0,45,0,3,43,5,107
"Jul 19, 2025","=""85546644235770""",C.Keyword.Video.SB.UPS.IntelligentLCD.CPAVR3,,250,DAILY_BUDGET,PAUSED,USD,0,0,0.0,0.0,0,0,0,0.0,0,0,0,0,0,0,0
"Jul 20, 2025","=""300358990869228""",B.Keyword.Store.SB.UPS.StoreSpotlight,,250,DAILY_BUDGET,ENABLED,USD,337,1,3.42,0.0,0,0,0,0.0,0,7,0,0,0,0,257
"Aug 17, 2025","=""369323377946560""",B2B - N.Keyword.Store.SB.UPS.StoreSpotlight,,250,DAILY_BUDGET,ENABLED,USD,2442,10,147.78,299.9,2,2,2,299.9,2,7,19,5,0,0,992
"Jul 30, 2025","=""327967099369911""",N.Keyword.Products.SB.UPS.1500units,,250,DAILY_BUDGET,PAUSED,USD,5560,3,4.51,0.0,0,0,0,0.0,0,1,0,0,0,0,612
"Jul 06, 2025","=""335733425531216""",N.Keyword.Video.SB.UPS.PFCSinewave.CP1500PFCLCD.B00429N19W,,250,DAILY_BUDGET,ENABLED,USD,5611,31,211.6,359.95,1,1,1,359.95,1,33,0,1,966,436,1207
"Aug 13, 2025","=""516203922618177""",N.Keyword.Store.SB.UPS.StoreSpotlight,,250,DAILY_BUDGET,ENABLED,USD,959,3,5.35,109.95,1,1,1,109.95,1,1,5,1,0,0,367
"Jul 30, 2025","=""369323377946560""",B2B - N.Keyword.Store.SB.UPS.StoreSpotlight,,250,DAILY_BUDGET,ENABLED,USD,1709,11,118.19,419.85,2,3,2,419.85,3,9,0,4,0,0,778
"May 19, 2025","=""327967099369911""",N.Keyword.Products.SB.UPS.1500units,,250,DAILY_BUDGET,PAUSED,USD,182687,248,1551.0,3205.15,9,17,7,2455.3,14,342,0,15,0,0,64254
"Jun 02, 2025","=""209147373785811""",N.Keyword.Video.SB.UPS.PFCSinewave.CPPFC(1),,250,DAILY_BUDGET,PAUSED,USD,1350,7,16.72,239.95,1,1,1,239.95,1,9,0,1,140,31,233
"Jun 25, 2025","=""74868404430193""",N.Keyword.Video.SB.UPS.SmartAppLCD.OR.OR500LCRM1U,,250,DAILY_BUDGET,PAUSED,USD,1147,5,3.71,0.0,0,0,0,0.0,0,8,0,0,65,6,130
"May 26, 2025","=""85546644235770""",C.Keyword.Video.SB.UPS.IntelligentLCD.CPAVR3,,250,DAILY_BUDGET,PAUSED,USD,6180,60,97.62,1699.6,8,8,8,1699.6,8,138,0,16,674,73,1356
"Aug 26, 2025","=""533624646611887""",C.Keyword.Store.SB.UPS.StoreSpotlight,,250,DAILY_BUDGET,PAUSED,USD,16427,90,936.19,949.15,6,9,4,629.25,7,101,106,10,0,0,8092
"Jun 12, 2025","=""501138070676838""",N.SB.Products.SB.UPS.AVR,,250,DAILY_BUDGET,PAUSED,USD,57119,41,77.32,0.0,0,0,0,0.0,0,21,0,0,0,0,18461
"Aug 21, 2025","=""425328024590643""",C.Keyword.Products.SB.UPS.1500units,,250,DAILY_BUDGET,ENABLED,USD,1463,0,0.0,0.0,0,0,0,0.0,0,0,0,0,0,0,404
"Aug 10, 2025","=""335733425531216""",N.Keyword.Video.SB.UPS.PFCSinewave.CP1500PFCLCD.B00429N19W,,250,DAILY_BUDGET,ENABLED,USD,7433,62,265.35,551.84,4,4,4,551.84,4,129,35,8,1495,541,1997
"Jul 28, 2025","=""293529288726869""",B.Keyword.Video.SB.UPS.PFCSinewave.CP1500PFCLCD.B00429N19W,,250,DAILY_BUDGET,ENABLED,USD,499,6,60.95,223.71,2,3,1,27.76,2,12,0,4,57,15,84
"Jul 07, 2025","=""495634510759677""",B.Keyword.Video.SB.PFCSinewave.CP1500PFCRM2U.B0B354X985,,250,DAILY_BUDGET,PAUSED,USD,11,0,0.0,0.0,0,0,0,0.0,0,0,0,0,1,0,1
"Jun 09, 2025","=""353873361287335""",B2B - B.Keyword.Store.SB.UPS.StoreSpotlight,,250,DAILY_BUDGET,ENABLED,USD,911,3,19.96,0.0,0,0,0,0.0,0,0,0,0,0,0,204
"Aug 17, 2025","=""335733425531216""",N.Keyword.Video.SB.UPS.PFCSinewave.CP1500PFCLCD.B00429N19W,,250,DAILY_BUDGET,ENABLED,USD,4940,31,116.38,179.9,1,2,1,179.9,2,45,21,4,819,267,1098
"Jul 12, 2025","=""349078398145277""",N.SB.Products.SB.UPS.Eco,,250,DAILY_BUDGET,PAUSED,USD,43079,122,229.08,352.8,4,4,4,352.8,4,131,0,7,0,0,9727
"Jun 16, 2025","=""300358990869228""",B.Keyword.Store.SB.UPS.StoreSpotlight,,250,DAILY_BUDGET,ENABLED,USD,1216,8,66.59,6139.19,37,42,27,4573.69,30,319,0,48,0,0,974
"Aug 05, 2025","=""501364882562485""",C.Keyword.Video.SB.UPS.IntelligentLCD.CP1500AVRLCD3.B0BCMLLSHL,,250,DAILY_BUDGET,ENABLED,USD,131,0,0.0,0.0,0,0,0,0.0,0,0,0,0,7,1,16
"Aug 22, 2025","=""450441693358033""",B2B - B.Keyword.Products.SB.UPS.1500units,,250,DAILY_BUDGET,ENABLED,USD,1762,1,39.3,0.0,0,0,0,0.0,0,4,0,0,0,0,85
"Jul 15, 2025","=""84817009251939""",C.Keyword.Video.SB.PFCSinewave.CP1500PFCRM2U.B0B354X985,,250,DAILY_BUDGET,ENABLED,USD,0,0,0.0,0.0,0,0,0,0.0,0,0,0,0,0,0,0
"Jun 06, 2025","=""327967099369911""",N.Keyword.Products.SB.UPS.1500units,,250,DAILY_BUDGET,PAUSED,USD,0,0,0.0,0.0,0,0,0,0.0,0,0,0,0,0,0,0
"Aug 14, 2025","=""349078398145277""",N.SB.Products.SB.UPS.Eco,,250,DAILY_BUDGET,PAUSED,USD,113380,362,665.79,1385.62,9,12,8,1025.77,9,376,295,30,0,0,34173
"Jul 28, 2025","=""490434522578484""",C.Keyword.Video.SB.UPS.PFCSinewave.CP1500PFCLCD.B00429N19W,,250,DAILY_BUDGET,ENABLED,USD,1054,5,53.69,0.0,0,0,0,0.0,0,2,0,0,162,46,203
"Jun 03, 2025","=""38757712528936""",B.Keyword.Video.SB.UPS.PFCSinewave.CPPFC(1),,250,DAILY_BUDGET,PAUSED,USD,1373,14,24.76,1401.9,1,2,1,1401.9,2,25,0,2,192,56,295
"Jul 13, 2025","=""84817009251939""",C.Keyword.Video.SB.PFCSinewave.CP1500PFCRM2U.B0B354X985,,250,DAILY_BUDGET,ENABLED,USD,0,0,0.0,0.0,0,0,0,0.0,0,0,0,0,0,0,0
"Jun 03, 2025","=""288898439745613""",B2B - N.Keyword.Products.SB.UPS.1500units,,250,DAILY_BUDGET,ENABLED,USD,9656,30,213.21,1672.59,6,9,3,1052.74,6,55,0,7,0,0,3612
"Jul 14, 2025","=""400654489506156""",B.Keyword.Products.SB.UPS.BestSellers,,250,DAILY_BUDGET,PAUSED,USD,92736,89,983.52,1216.7,6,6,5,976.75,5,103,0,10,0,0,25202
"Aug 14, 2025","=""516203922618177""",N.Keyword.Store.SB.UPS.StoreSpotlight,,250,DAILY_BUDGET,ENABLED,USD,897,2,4.64,0.0,0,0,0,0.0,0,3,3,0,0,0,322
"Jul 02, 2025","=""353873361287335""",B2B - B.Keyword.Store.SB.UPS.StoreSpotlight,,250,DAILY_BUDGET,ENABLED,USD,151,0,0.0,0.0,0,0,0,0.0,0,0,0,0,0,0,45
"Jul 25, 2025","=""349078398145277""",N.SB.Products.SB.UPS.Eco,,250,DAILY_BUDGET,PAUSED,USD,50010,185,508.64,1433.3,11,14,9,1193.45,11,253,0,25,0,0,11431
"Jun 10, 2025","=""369323377946560""",B2B - N.Keyword.Store.SB.UPS.StoreSpotlight,,250,DAILY_BUDGET,ENABLED,USD,978,2,5.94,0.0,0,0,0,0.0,0,2,0,0,0,0,254
"Jul 22, 2025","=""516203922618177""",N.Keyword.Store.SB.UPS.StoreSpotlight,,250,DAILY_BUDGET,ENABLED,USD,942,3,5.21,0.0,0,0,0,0.0,0,1,0,0,0,0,231
"Jun 29, 2025","=""501138070676838""",N.SB.Products.SB.UPS.AVR,,250,DAILY_BUDGET,PAUSED,USD,35808,59,125.5,855.75,5,5,4,659.8,4,98,0,6,0,0,5652
"Aug 23, 2025","=""450441693358033""",B2B - B.Keyword.Products.SB.UPS.1500units,,250,DAILY_BUDGET,ENABLED,USD,204,1,0.2,0.0,0,0,0,0.0,0,1,0,1,0,0,31
"Jun 08, 2025","=""353873361287335""",B2B - B.Keyword.Store.SB.UPS.StoreSpotlight,,250,DAILY_BUDGET,ENABLED,USD,2431,1,7.0,0.0,0,0,0,0.0,0,0,0,0,0,0,636
"Jul 10, 2025","=""288898439745613""",B2B - N.Keyword.Products.SB.UPS.1500units,,250,DAILY_BUDGET,ENABLED,USD,5841,34,200.92,3422.65,5,7,0,0.0,0,51,0,3,0,0,1903
"Aug 09, 2025","=""353873361287335""",B2B - B.Keyword.Store.SB.UPS.StoreSpotlight,,250,DAILY_BUDGET,ENABLED,USD,48,1,0.44,0.0,0,0,0,0.0,0,5,1,0,0,0,24
"Jun 01, 2025","=""249902179030051""",N.Keyword.Video.SB.UPS.Surge.CSP,,250,DAILY_BUDGET,PAUSED,USD,1225,30,23.41,45.17,2,2,1,20.18,1,39,0,2,112,13,236
"Jul 06, 2025","=""504590116611528""",C.Keyword.Video.SB.PFCSinewave.CP1500PFCRM2U.B0B354X985_v2,,250,DAILY_BUDGET,PAUSED,USD,13348,292,2326.39,5224.62,16,19,12,4123.3,14,677,0,43,3582,738,4831
"May 13, 2025","=""209147373785811""",N.Keyword.Video.SB.UPS.PFCSinewave.CPPFC(1),,250,DAILY_BUDGET,PAUSED,USD,1718,8,23.47,0.0,0,0,0,0.0,0,19,0,3,109,27,242
"Aug 14, 2025","=""501138070676838""",N.SB.Products.SB.UPS.AVR,,250,DAILY_BUDGET,PAUSED,USD,11240,30,82.21,0.0,0,0,0,0.0,0,35,23,4,0,0,2558
"Aug 22, 2025","=""293529288726869""",B.Keyword.Video.SB.UPS.PFCSinewave.CP1500PFCLCD.B00429N19W,,250,DAILY_BUDGET,ENABLED,USD,789,16,273.98,1524.56,2,2,2,1524.56,2,48,16,4,178,63,242
"May 10, 2025","=""369323377946560""",B2B - N.Keyword.Store.SB.UPS.StoreSpotlight,,250,DAILY_BUDGET,ENABLED,USD,109,0,0.0,0.0,0,0,0,0.0,0,0,0,0,0,0,49
"Aug 14, 2025","=""353873361287335""",B2B - B.Keyword.Store.SB.UPS.StoreSpotlight,,250,DAILY_BUDGET,ENABLED,USD,75,1,0.85,0.0,0,0,0,0.0,0,1,2,0,0,0,22
"Aug 14, 2025","=""490434522578484""",C.Keyword.Video.SB.UPS.PFCSinewave.CP1500PFCLCD.B00429N19W,,250,DAILY_BUDGET,ENABLED,USD,2794,6,157.75,0.0,0,0,0,0.0,0,5,2,0,572,156,773
"Jul 11, 2025","=""400654489506156""",B.Keyword.Products.SB.UPS.BestSellers,,250,DAILY_BUDGET,PAUSED,USD,63447,86,991.52,519.85,3,3,2,279.9,2,132,0,5,0,0,18848
"Jun 28, 2025","=""85546644235770""",C.Keyword.Video.SB.UPS.IntelligentLCD.CPAVR3,,250,DAILY_BUDGET,PAUSED,USD,2537,16,17.79,199.95,1,1,1,199.95,1,25,0,2,220,23,472
"May 21, 2025","=""85546644235770""",C.Keyword.Video.SB.UPS.IntelligentLCD.CPAVR3,,250,DAILY_BUDGET,PAUSED,USD,6699,63,97.55,1475.35,6,7,1,189.95,1,132,0,17,630,56,1302
"Aug 23, 2025","=""293529288726869""",B.Keyword.Video.SB.UPS.PFCSinewave.CP1500PFCLCD.B00429N19W,,250,DAILY_BUDGET,ENABLED,USD,784,14,269.1,0.0,0,0,0,0.0,0,39,8,1,191,70,236
"Jul 28, 2025","=""335733425531216""",N.Keyword.Video.SB.UPS.PFCSinewave.CP1500PFCLCD.B00429N19W,,250,DAILY_BUDGET,ENABLED,USD,6992,53,221.79,1114.85,4,4,2,419.9,2,61,0,4,1265,428,1681
"Jun 16, 2025","=""112828660396406""",N.Keyword.Video.SB.UPS.SmartAppSinewave.OLHD,,250,DAILY_BUDGET,PAUSED,USD,792,2,2.14,0.0,0,0,0,0.0,0,3,0,0,42,4,71
"Jul 21, 2025","=""367333782614376""",N.SB.Products.SB.UPS.PFCRM,,250,DAILY_BUDGET,PAUSED,USD,34408,65,174.74,819.85,3,3,3,819.85,3,114,0,11,0,0,4833
"Aug 05, 2025","=""327967099369911""",N.Keyword.Products.SB.UPS.1500units,,250,DAILY_BUDGET,PAUSED,USD,5565,10,16.5,0.0,0,0,0,0.0,0,36,14,0,0,0,871
"Aug 04, 2025","=""450441693358033""",B2B - B.Keyword.Products.SB.UPS.1500units,,250,DAILY_BUDGET,ENABLED,USD,1532,3,14.13,359.95,1,1,1,359.95,1,4,0,3,0,0,154
"May 26, 2025","=""327967099369911""",N.Keyword.Products.SB.UPS.1500units,,250,DAILY_BUDGET,PAUSED,USD,135492,213,1157.28,1943.77,7,12,7,1943.77,12,308,0,18,0,0,47921
"May 31, 2025","=""249902179030051""",N.Keyword.Video.SB.UPS.Surge.CSP,,250,DAILY_BUDGET,PAUSED,USD,1278,23,17.83,0.0,0,0,0,0.0,0,30,0,1,138,14,241
"May 09, 2025","=""450441693358033""",B2B - B.Keyword.Products.SB.UPS.1500units,,250,DAILY_BUDGET,ENABLED,USD,1045,1,1.08,0.0,0,0,0,0.0,0,1,0,0,0,0,231
"May 13, 2025","=""249902179030051""",N.Keyword.Video.SB.UPS.Surge.CSP,,250,DAILY_BUDGET,PAUSED,USD,1932,25,20.58,91.96,4,4,2,42.98,2,66,0,6,132,9,343
"Jul 21, 2025","=""504590116611528""",C.Keyword.Video.SB.PFCSinewave.CP1500PFCRM2U.B0B354X985_v2,,250,DAILY_BUDGET,PAUSED,USD,547,8,97.99,0.0,0,0,0,0.0,0,16,0,0,131,17,184
"Aug 26, 2025","=""288898439745613""",B2B - N.Keyword.Products.SB.UPS.1500units,,250,DAILY_BUDGET,ENABLED,USD,13964,25,248.66,3397.7,3,12,2,2937.35,11,48,13,4,0,0,5040
"Jul 23, 2025","=""367333782614376""",N.SB.Products.SB.UPS.PFCRM,,250,DAILY_BUDGET,PAUSED,USD,36073,65,185.67,1168.59,6,10,4,668.64,8,88,0,72,0,0,4413
"May 23, 2025","=""249902179030051""",N.Keyword.Video.SB.UPS.Surge.CSP,,250,DAILY_BUDGET,PAUSED,USD,1714,24,19.05,0.0,0,0,0,0.0,0,27,0,1,137,12,314
"Aug 24, 2025","=""452338404496050""",B.SB.Products.SB.UPS.PFC,,250,DAILY_BUDGET,PAUSED,USD,6319,44,537.4,919.78,6,6,6,919.78,6,106,47,9,0,0,2319
"May 20, 2025","=""84817009251939""",C.Keyword.Video.SB.PFCSinewave.CP1500PFCRM2U.B0B354X985,,250,DAILY_BUDGET,ENABLED,USD,11051,82,121.82,5021.49,10,21,6,1633.7,6,209,0,18,889,70,1833
"Jul 24, 2025","=""456008348744441""",N.SB.Products.SB.UPS.PFC,,250,DAILY_BUDGET,PAUSED,USD,89062,98,465.39,1001.9,2,2,0,0.0,0,65,0,5,0,0,26676
"Aug 06, 2025","=""516203922618177""",N.Keyword.Store.SB.UPS.StoreSpotlight,,250,DAILY_BUDGET,ENABLED,USD,1104,0,0.0,0.0,0,0,0,0.0,0,0,0,0,0,0,334
"May 10, 2025","=""425328024590643""",C.Keyword.Products.SB.UPS.1500units,,250,DAILY_BUDGET,ENABLED,USD,7285,18,117.69,0.0,0,0,0,0.0,0,31,0,2,0,0,2891
"Jul 03, 2025","=""349078398145277""",N.SB.Products.SB.UPS.Eco,,250,DAILY_BUDGET,PAUSED,USD,208119,375,1495.0,216.9,2,2,2,216.9,2,280,0,21,0,0,61227
"May 24, 2025","=""85546644235770""",C.Keyword.Video.SB.UPS.IntelligentLCD.CPAVR3,,250,DAILY_BUDGET,PAUSED,USD,5218,60,89.57,1459.65,7,7,5,979.75,5,118,0,11,545,35,1077
"Jul 10, 2025","=""367333782614376""",N.SB.Products.SB.UPS.PFCRM,,250,DAILY_BUDGET,PAUSED,USD,38951,93,223.22,4054.87,15,17,13,3863.13,15,231,0,17,0,0,5916
"Jul 31, 2025","=""533624646611887""",C.Keyword.Store.SB.UPS.StoreSpotlight,,250,DAILY_BUDGET,PAUSED,USD,13039,75,798.01,396.8,3,4,3,396.8,4,62,0,6,0,0,6309
"Aug 07, 2025","=""425328024590643""",C.Keyword.Products.SB.UPS.1500units,,250,DAILY_BUDGET,ENABLED,USD,1241,1,2.55,0.0,0,0,0,0.0,0,2,1,0,0,0,353
"Jul 09, 2025","=""335733425531216""",N.Keyword.Video.SB.UPS.PFCSinewave.CP1500PFCLCD.B00429N19W,,250,DAILY_BUDGET,ENABLED,USD,9080,130,1005.22,2819.5,9,10,8,2599.55,9,278,0,19,2057,734,2554
"Aug 26, 2025","=""293529288726869""",B.Keyword.Video.SB.UPS.PFCSinewave.CP1500PFCLCD.B00429N19W,,250,DAILY_BUDGET,ENABLED,USD,743,12,149.57,0.0,0,0,0,0.0,0,15,4,1,146,54,201
"Aug 01, 2025","=""501364882562485""",C.Keyword.Video.SB.UPS.IntelligentLCD.CP1500AVRLCD3.B0BCMLLSHL,,250,DAILY_BUDGET,ENABLED,USD,553,5,42.29,119.95,1,1,0,0.0,0,9,0,0,77,16,113
"May 01, 2025","=""288898439745613""",B2B - N.Keyword.Products.SB.UPS.1500units,,250,DAILY_BUDGET,ENABLED,USD,18093,34,281.29,1009.8,4,4,2,259.9,2,42,0,8,0,0,7390
"Aug 10, 2025","=""293529288726869""",B.Keyword.Video.SB.UPS.PFCSinewave.CP1500PFCLCD.B00429N19W,,250,DAILY_BUDGET,ENABLED,USD,545,6,122.47,0.0,0,0,0,0.0,0,19,3,4,88,37,120
"Jun 26, 2025","=""501138070676838""",N.SB.Products.SB.UPS.AVR,,250,DAILY_BUDGET,PAUSED,USD,112972,170,526.83,1725.45,11,11,8,1205.6,8,220,0,15,0,0,20949
"Jun 19, 2025","=""85546644235770""",C.Keyword.Video.SB.UPS.IntelligentLCD.CPAVR3,,250,DAILY_BUDGET,PAUSED,USD,4991,57,70.98,1199.7,5,6,5,1199.7,6,113,0,8,465,27,965
"Jul 27, 2025","=""85546644235770""",C.Keyword.Video.SB.UPS.IntelligentLCD.CPAVR3,,250,DAILY_BUDGET,PAUSED,USD,0,0,0.0,0.0,0,0,0,0.0,0,0,0,0,0,0,0
"May 17, 2025","=""425328024590643""",C.Keyword.Products.SB.UPS.1500units,,250,DAILY_BUDGET,ENABLED,USD,11710,36,197.0,899.45,5,10,4,779.5,9,48,0,6,0,0,4574
"Aug 01, 2025","=""501138070676838""",N.SB.Products.SB.UPS.AVR,,250,DAILY_BUDGET,PAUSED,USD,5117,6,12.34,0.0,0,0,0,0.0,0,5,0,0,0,0,1126
"Jun 20, 2025","=""112828660396406""",N.Keyword.Video.SB.UPS.SmartAppSinewave.OLHD,,250,DAILY_BUDGET,PAUSED,USD,1013,4,5.55,0.0,0,0,0,0.0,0,9,0,0,82,11,149
"Jun 29, 2025","=""456008348744441""",N.SB.Products.SB.UPS.PFC,,250,DAILY_BUDGET,PAUSED,USD,188521,307,6982.25,169.95,1,1,1,169.95,1,150,0,6,0,0,83311
"Jul 12, 2025","=""501138070676838""",N.SB.Products.SB.UPS.AVR,,250,DAILY_BUDGET,PAUSED,USD,9799,9,22.56,0.0,0,0,0,0.0,0,14,0,1,0,0,1178
"Aug 08, 2025","=""425328024590643""",C.Keyword.Products.SB.UPS.1500units,,250,DAILY_BUDGET,ENABLED,USD,979,0,0.0,0.0,0,0,0,0.0,0,0,0,0,0,0,274
"May 16, 2025","=""425328024590643""",C.Keyword.Products.SB.UPS.1500units,,250,DAILY_BUDGET,ENABLED,USD,9700,28,157.4,219.95,1,1,1,219.95,1,42,0,3,0,0,3714
"Jul 01, 2025","=""38757712528936""",B.Keyword.Video.SB.UPS.PFCSinewave.CPPFC(1),,250,DAILY_BUDGET,PAUSED,USD,1122,9,27.49,351.94,3,3,2,261.95,2,36,0,5,128,40,229
"Jun 22, 2025","=""353873361287335""",B2B - B.Keyword.Store.SB.UPS.StoreSpotlight,,250,DAILY_BUDGET,ENABLED,USD,70,0,0.0,0.0,0,0,0,0.0,0,0,0,0,0,0,25
"May 17, 2025","=""85546644235770""",C.Keyword.Video.SB.UPS.IntelligentLCD.CPAVR3,,250,DAILY_BUDGET,PAUSED,USD,5981,66,110.66,1189.7,6,6,5,969.75,5,143,0,11,575,51,1151
"May 20, 2025","=""300358990869228""",B.Keyword.Store.SB.UPS.StoreSpotlight,,250,DAILY_BUDGET,ENABLED,USD,1507,17,140.21,3864.24,23,28,18,2919.74,21,259,0,31,0,0,1252
"Jun 21, 2025","=""516203922618177""",N.Keyword.Store.SB.UPS.StoreSpotlight,,250,DAILY_BUDGET,ENABLED,USD,11645,41,83.89,329.95,1,1,1,329.95,1,58,0,3,0,0,2023
"May 15, 2025","=""450441693358033""",B2B - B.Keyword.Products.SB.UPS.1500units,,250,DAILY_BUDGET,ENABLED,USD,1202,0,0.0,0.0,0,0,0,0.0,0,0,0,0,0,0,216
"Jul 18, 2025","=""456008348744441""",N.SB.Products.SB.UPS.PFC,,250,DAILY_BUDGET,PAUSED,USD,34525,77,374.97,599.9,2,2,1,239.95,1,71,0,7,0,0,10540
"Jun 21, 2025","=""353873361287335""",B2B - B.Keyword.Store.SB.UPS.StoreSpotlight,,250,DAILY_BUDGET,ENABLED,USD,78,0,0.0,0.0,0,0,0,0.0,0,0,0,0,0,0,28
"May 10, 2025","=""38757712528936""",B.Keyword.Video.SB.UPS.PFCSinewave.CPPFC(1),,250,DAILY_BUDGET,PAUSED,USD,1303,7,32.63,439.9,2,2,2,439.9,2,9,0,2,110,39,190
"May 22, 2025","=""300358990869228""",B.Keyword.Store.SB.UPS.StoreSpotlight,,250,DAILY_BUDGET,ENABLED,USD,1429,16,130.91,5010.58,30,51,24,3452.61,31,273,0,57,0,0,1179
"Aug 05, 2025","=""293529288726869""",B.Keyword.Video.SB.UPS.PFCSinewave.CP1500PFCLCD.B00429N19W,,250,DAILY_BUDGET,ENABLED,USD,650,7,19.06,0.0,0,0,0,0.0,0,9,5,0,117,40,170
"Jul 02, 2025","=""209147373785811""",N.Keyword.Video.SB.UPS.PFCSinewave.CPPFC(1),,250,DAILY_BUDGET,PAUSED,USD,32060,160,2466.5,4086.98,13,20,12,2407.33,13,289,0,26,5515,1997,8087
"Aug 21, 2025","=""516203922618177""",N.Keyword.Store.SB.UPS.StoreSpotlight,,250,DAILY_BUDGET,ENABLED,USD,1060,2,3.56,0.0,0,0,0,0.0,0,1,2,0,0,0,349
"Jun 03, 2025","=""516203922618177""",N.Keyword.Store.SB.UPS.StoreSpotlight,,250,DAILY_BUDGET,ENABLED,USD,22789,104,169.24,1390.48,6,7,5,1190.53,6,182,0,19,0,0,6145
"Jul 14, 2025","=""349078398145277""",N.SB.Products.SB.UPS.Eco,,250,DAILY_BUDGET,PAUSED,USD,56931,153,287.15,1594.84,9,11,7,1194.94,9,209,0,20,0,0,12002
"Jul 02, 2025","=""84817009251939""",C.Keyword.Video.SB.PFCSinewave.CP1500PFCRM2U.B0B354X985,,250,DAILY_BUDGET,ENABLED,USD,28820,175,349.47,5992.56,15,19,9,2895.55,9,448,0,43,2607,243,5367
"Aug 19, 2025","=""490434522578484""",C.Keyword.Video.SB.UPS.PFCSinewave.CP1500PFCLCD.B00429N19W,,250,DAILY_BUDGET,ENABLED,USD,1079,2,37.82,0.0,0,0,0,0.0,0,1,0,0,168,42,249
"Jul 29, 2025","=""335733425531216""",N.Keyword.Video.SB.UPS.PFCSinewave.CP1500PFCLCD.B00429N19W,,250,DAILY_BUDGET,ENABLED,USD,7386,45,196.69,1109.95,1,1,0,0.0,0,77,0,5,1344,492,1833
"Jul 21, 2025","=""450441693358033""",B2B - B.Keyword.Products.SB.UPS.1500units,,250,DAILY_BUDGET,ENABLED,USD,1872,2,12.57,179.9,2,2,1,89.95,1,3,0,1,0,0,117
"Jul 02, 2025","=""450441693358033""",B2B - B.Keyword.Products.SB.UPS.1500units,,250,DAILY_BUDGET,ENABLED,USD,1504,5,18.05,0.0,0,0,0,0.0,0,11,0,0,0,0,248
"May 26, 2025","=""209147373785811""",N.Keyword.Video.SB.UPS.PFCSinewave.CPPFC(1),,250,DAILY_BUDGET,PAUSED,USD,1028,6,13.49,219.95,1,1,0,0.0,0,10,0,1,72,17,145
"Jun 13, 2025","=""249902179030051""",N.Keyword.Video.SB.UPS.Surge.CSP,,250,DAILY_BUDGET,PAUSED,USD,946,20,14.17,73.97,3,3,1,24.49,1,27,0,6,86,12,186
"May 24, 2025","=""353873361287335""",B2B - B.Keyword.Store.SB.UPS.StoreSpotlight,,250,DAILY_BUDGET,ENABLED,USD,24,0,0.0,0.0,0,0,0,0.0,0,0,0,0,0,0,11
"Jun 24, 2025","=""249902179030051""",N.Keyword.Video.SB.UPS.Surge.CSP,,250,DAILY_BUDGET,PAUSED,USD,1490,25,18.43,24.99,1,1,1,24.99,1,40,0,4,169,22,332
"Jun 20, 2025","=""60249080858733""",C.Keyword.Video.SB.UPS.PFCSinewave.CPPFC(1),,250,DAILY_BUDGET,PAUSED,USD,242,0,0.0,0.0,0,0,0,0.0,0,0,0,0,14,4,26
"Jul 29, 2025","=""516203922618177""",N.Keyword.Store.SB.UPS.StoreSpotlight,,250,DAILY_BUDGET,ENABLED,USD,1147,4,13.62,119.95,1,1,1,119.95,1,10,0,1,0,0,359
"Jun 10, 2025","=""209147373785811""",N.Keyword.Video.SB.UPS.PFCSinewave.CPPFC(1),,250,DAILY_BUDGET,PAUSED,USD,1324,6,17.22,238.85,1,1,1,238.85,1,27,0,3,115,28,233
"Jul 28, 2025","=""452338404496050""",B.SB.Products.SB.UPS.PFC,,250,DAILY_BUDGET,PAUSED,USD,6980,50,224.27,1441.73,5,5,4,1100.78,4,97,4,8,0,0,2545
"Jul 08, 2025","=""349078398145277""",N.SB.Products.SB.UPS.Eco,,250,DAILY_BUDGET,PAUSED,USD,149354,529,2165.5,558.8,4,4,4,558.8,4,513,0,16,0,0,49322
