Date,Campaign ID,Campaign name,Campaign currency code,Campaign budget amount,Campaign budget type,Campaign delivery status,Budget currency,Impressions,Clicks,Total cost,Sales,Purchases,Units sold,Purchases (new to brand),Sales (new to brand),Units sold (new to brand),Detail page views,Add to cart,Viewable impressions,Viewable rate
"Nov 05, 2025","=""263494384088815""",C.SD.Product.UPS.Ecologic.EC850LCD.B00DBAA696,,250,DAILY_BUDGET,ENABLED,USD,240925,140,736.77,8673.16,53,65,37,4850.67,42,982,91,73916,
"Oct 15, 2025","=""401081905525372""",C.Competitor.Consumer.SD.UPS.PFCSineWave.CP1500PFCRM2U.B0B354X985,,250,DAILY_BUDGET,ENABLED,USD,21666,29,18.56,0.0,0,0,0,0.0,0,22,0,0,
"Sep 01, 2025","=""124438051163565""",C.SD.Product.UPS.PFCSinewave.CP1500PFCLCD.B00429N19W,,450,DAILY_BUDGET,ENABLED,USD,304279,149,780.94,1655.68,19,27,15,1423.22,18,407,24,136863,
"Oct 03, 2025","=""263494384088815""",C.SD.Product.UPS.Ecologic.EC850LCD.B00DBAA696,,250,DAILY_BUDGET,ENABLED,USD,190056,108,903.91,2877.44,17,18,9,1227.1,10,444,36,50201,
"Sep 27, 2025","=""287421757846510""",C.Keyword.Consumer.SD.UPS.PFCSineWave.CP1500PFCRM2U.B0B354X985,,250,DAILY_BUDGET,ENABLED,USD,5194,7,43.22,439.9,2,2,2,439.9,2,13,2,0,
"Nov 12, 2025","=""38365855708871""",C.SD.Product.UPS.SmartAppLCD.B000XJLLKG.OR700LCDRM1U,,250,DAILY_BUDGET,ENABLED,USD,4193,3,15.26,1139.65,2,7,0,0.0,0,40,5,1891,
"Sep 01, 2025","=""263494384088815""",C.SD.Product.UPS.Ecologic.EC850LCD.B00DBAA696,,250,DAILY_BUDGET,ENABLED,USD,98816,72,264.86,5339.77,30,36,22,3562.51,24,483,48,30374,
"Sep 06, 2025","=""124438051163565""",C.SD.Product.UPS.PFCSinewave.CP1500PFCLCD.B00429N19W,,450,DAILY_BUDGET,ENABLED,USD,350277,160,1194.78,3260.84,29,33,22,2854.15,25,412,41,143162,
"Oct 22, 2025","=""38365855708871""",C.SD.Product.UPS.SmartAppLCD.B000XJLLKG.OR700LCDRM1U,,250,DAILY_BUDGET,ENABLED,USD,1302,3,5.13,20.18,1,1,1,20.18,1,21,0,620,
"Sep 10, 2025","=""401081905525372""",C.Competitor.Consumer.SD.UPS.PFCSineWave.CP1500PFCRM2U.B0B354X985,,250,DAILY_BUDGET,ENABLED,USD,3196,8,9.09,0.0,0,0,0,0.0,0,9,0,0,
"Sep 22, 2025","=""287421757846510""",C.Keyword.Consumer.SD.UPS.PFCSineWave.CP1500PFCRM2U.B0B354X985,,250,DAILY_BUDGET,ENABLED,USD,6485,17,68.03,359.95,1,1,0,0.0,0,37,0,0,
"Nov 01, 2025","=""124438051163565""",C.SD.Product.UPS.PFCSinewave.CP1500PFCLCD.B00429N19W,,450,DAILY_BUDGET,ENABLED,USD,0,0,0.0,239.95,1,1,1,239.95,1,7,1,0,
"Oct 20, 2025","=""401081905525372""",C.Competitor.Consumer.SD.UPS.PFCSineWave.CP1500PFCRM2U.B0B354X985,,250,DAILY_BUDGET,ENABLED,USD,3165,12,3.45,0.0,0,0,0,0.0,0,6,0,0,
"Sep 26, 2025","=""38365855708871""",C.SD.Product.UPS.SmartAppLCD.B000XJLLKG.OR700LCDRM1U,,250,DAILY_BUDGET,ENABLED,USD,1710,0,7.75,239.95,1,1,1,239.95,1,15,2,966,
"Aug 29, 2025","=""287421757846510""",C.Keyword.Consumer.SD.UPS.PFCSineWave.CP1500PFCRM2U.B0B354X985,,250,DAILY_BUDGET,ENABLED,USD,10953,15,49.79,0.0,0,0,0,0.0,0,26,0,0,
"Oct 03, 2025","=""124438051163565""",C.SD.Product.UPS.PFCSinewave.CP1500PFCLCD.B00429N19W,,450,DAILY_BUDGET,ENABLED,USD,929570,277,3504.96,13709.24,66,106,46,6100.46,64,1097,98,274105,
"Oct 06, 2025","=""287421757846510""",C.Keyword.Consumer.SD.UPS.PFCSineWave.CP1500PFCRM2U.B0B354X985,,250,DAILY_BUDGET,ENABLED,USD,7784,4,44.09,0.0,0,0,0,0.0,0,4,0,0,
"Nov 17, 2025","=""296198269696664""",C.SD.Keyword.UPS.IntelligentLCD.CP1500AVRLCD3.B0BCMLLSHL,,250,DAILY_BUDGET,ENABLED,USD,1001457,1709,3818.25,399.9,3,3,0,0.0,0,858,9,0,
"Oct 17, 2025","=""170474248246250""",C.SD.Product.UPS.IntelligentLCD.CP1500AVRLCD3.B0BCMLLSHL,,250,DAILY_BUDGET,ENABLED,USD,39412,35,124.29,871.72,8,8,5,547.83,5,83,8,20328,
"Sep 19, 2025","=""263494384088815""",C.SD.Product.UPS.Ecologic.EC850LCD.B00DBAA696,,250,DAILY_BUDGET,ENABLED,USD,155595,65,797.42,5167.0,30,47,21,2704.96,25,369,46,47455,
"Oct 09, 2025","=""263494384088815""",C.SD.Product.UPS.Ecologic.EC850LCD.B00DBAA696,,250,DAILY_BUDGET,ENABLED,USD,218684,109,720.73,10203.54,41,58,25,4822.96,30,739,67,61985,
"Nov 27, 2025","=""51640494101738""",C.Product.Consumer.SP.UPS.PFCSineWave.CP1500PFCRM2U.B0B354X985,,250,DAILY_BUDGET,ENABLED,USD,20,0,0.0,0.0,0,0,0,0.0,0,0,0,0,
"Oct 26, 2025","=""263494384088815""",C.SD.Product.UPS.Ecologic.EC850LCD.B00DBAA696,,250,DAILY_BUDGET,ENABLED,USD,178470,127,660.28,3503.69,26,27,24,3211.84,24,441,36,49726,
"Sep 09, 2025","=""287421757846510""",C.Keyword.Consumer.SD.UPS.PFCSineWave.CP1500PFCRM2U.B0B354X985,,250,DAILY_BUDGET,ENABLED,USD,9507,10,25.23,359.95,1,1,1,359.95,1,8,1,0,
"Sep 24, 2025","=""51640494101738""",C.Product.Consumer.SP.UPS.PFCSineWave.CP1500PFCRM2U.B0B354X985,,250,DAILY_BUDGET,ENABLED,USD,55,0,0.0,0.0,0,0,0,0.0,0,0,0,0,
"Nov 02, 2025","=""124438051163565""",C.SD.Product.UPS.PFCSinewave.CP1500PFCLCD.B00429N19W,,450,DAILY_BUDGET,ENABLED,USD,0,0,0.0,0.0,0,0,0,0.0,0,3,0,0,
"Nov 29, 2025","=""38365855708871""",C.SD.Product.UPS.SmartAppLCD.B000XJLLKG.OR700LCDRM1U,,250,DAILY_BUDGET,ENABLED,USD,1293,4,10.28,700.95,1,1,1,700.95,1,29,2,864,
"Sep 12, 2025","=""38365855708871""",C.SD.Product.UPS.SmartAppLCD.B000XJLLKG.OR700LCDRM1U,,250,DAILY_BUDGET,ENABLED,USD,1983,1,7.86,159.89,3,3,3,159.89,3,35,6,1101,
"Oct 17, 2025","=""51640494101738""",C.Product.Consumer.SP.UPS.PFCSineWave.CP1500PFCRM2U.B0B354X985,,250,DAILY_BUDGET,ENABLED,USD,128,0,0.0,0.0,0,0,0,0.0,0,0,0,0,
"Oct 11, 2025","=""401081905525372""",C.Competitor.Consumer.SD.UPS.PFCSineWave.CP1500PFCRM2U.B0B354X985,,250,DAILY_BUDGET,ENABLED,USD,63473,182,100.6,0.0,0,0,0,0.0,0,127,0,0,
"Sep 19, 2025","=""51640494101738""",C.Product.Consumer.SP.UPS.PFCSineWave.CP1500PFCRM2U.B0B354X985,,250,DAILY_BUDGET,ENABLED,USD,36,0,0.0,0.0,0,0,0,0.0,0,0,0,0,
"Oct 05, 2025","=""38365855708871""",C.SD.Product.UPS.SmartAppLCD.B000XJLLKG.OR700LCDRM1U,,250,DAILY_BUDGET,ENABLED,USD,2286,3,8.72,599.9,2,2,2,599.9,2,20,1,1300,
"Sep 23, 2025","=""124438051163565""",C.SD.Product.UPS.PFCSinewave.CP1500PFCLCD.B00429N19W,,450,DAILY_BUDGET,ENABLED,USD,1214898,436,3981.9,14067.63,67,93,44,6086.96,56,1377,118,452833,
"Nov 19, 2025","=""296198269696664""",C.SD.Keyword.UPS.IntelligentLCD.CP1500AVRLCD3.B0BCMLLSHL,,250,DAILY_BUDGET,ENABLED,USD,60251,97,185.82,0.0,0,0,0,0.0,0,53,0,0,
"Oct 01, 2025","=""47593718961821""",C.SD.Product.UPS.SmartAppOnline.B07TR6VTQ2.OL5KRTHD,,250,DAILY_BUDGET,ENABLED,USD,0,0,0.0,0.0,0,0,0,0.0,0,1,0,0,
"Oct 06, 2025","=""124438051163565""",C.SD.Product.UPS.PFCSinewave.CP1500PFCLCD.B00429N19W,,450,DAILY_BUDGET,ENABLED,USD,796605,271,2919.61,9108.05,50,85,39,6330.39,49,866,87,286330,
"Sep 14, 2025","=""124438051163565""",C.SD.Product.UPS.PFCSinewave.CP1500PFCLCD.B00429N19W,,450,DAILY_BUDGET,ENABLED,USD,337365,143,1230.13,1860.87,19,19,12,910.18,12,378,24,142543,
"Sep 11, 2025","=""51640494101738""",C.Product.Consumer.SP.UPS.PFCSineWave.CP1500PFCRM2U.B0B354X985,,250,DAILY_BUDGET,ENABLED,USD,18,0,0.0,0.0,0,0,0,0.0,0,0,0,0,
"Nov 05, 2025","=""401081905525372""",C.Competitor.Consumer.SD.UPS.PFCSineWave.CP1500PFCRM2U.B0B354X985,,250,DAILY_BUDGET,ENABLED,USD,7271,28,50.26,719.4,2,2,2,719.4,2,37,1,0,
"Oct 02, 2025","=""401081905525372""",C.Competitor.Consumer.SD.UPS.PFCSineWave.CP1500PFCRM2U.B0B354X985,,250,DAILY_BUDGET,ENABLED,USD,11250,26,17.44,0.0,0,0,0,0.0,0,11,0,0,
"Nov 16, 2025","=""263494384088815""",C.SD.Product.UPS.Ecologic.EC850LCD.B00DBAA696,,250,DAILY_BUDGET,ENABLED,USD,340000,282,1410.02,6407.97,46,51,35,4685.31,37,1323,98,104330,
"Aug 30, 2025","=""38365855708871""",C.SD.Product.UPS.SmartAppLCD.B000XJLLKG.OR700LCDRM1U,,250,DAILY_BUDGET,ENABLED,USD,2027,2,5.26,309.94,2,2,1,289.95,1,53,2,1047,
"Oct 22, 2025","=""287421757846510""",C.Keyword.Consumer.SD.UPS.PFCSineWave.CP1500PFCRM2U.B0B354X985,,250,DAILY_BUDGET,ENABLED,USD,2414,4,27.79,0.0,0,0,0,0.0,0,5,0,0,
"Nov 01, 2025","=""263494384088815""",C.SD.Product.UPS.Ecologic.EC850LCD.B00DBAA696,,250,DAILY_BUDGET,ENABLED,USD,218432,153,589.78,8942.9,45,62,35,6875.29,51,864,69,68531,
"Oct 10, 2025","=""401081905525372""",C.Competitor.Consumer.SD.UPS.PFCSineWave.CP1500PFCRM2U.B0B354X985,,250,DAILY_BUDGET,ENABLED,USD,25522,57,40.76,0.0,0,0,0,0.0,0,34,0,0,
"Oct 31, 2025","=""296198269696664""",C.SD.Keyword.UPS.IntelligentLCD.CP1500AVRLCD3.B0BCMLLSHL,,250,DAILY_BUDGET,ENABLED,USD,646227,1075,1991.68,109.95,1,1,0,0.0,0,979,2,0,
"Nov 24, 2025","=""38365855708871""",C.SD.Product.UPS.SmartAppLCD.B000XJLLKG.OR700LCDRM1U,,250,DAILY_BUDGET,ENABLED,USD,3834,3,22.4,679.84,4,4,4,679.84,4,62,7,2150,
"Sep 11, 2025","=""38365855708871""",C.SD.Product.UPS.SmartAppLCD.B000XJLLKG.OR700LCDRM1U,,250,DAILY_BUDGET,ENABLED,USD,1182,1,5.9,329.95,1,1,0,0.0,0,29,1,672,
"Oct 19, 2025","=""296198269696664""",C.SD.Keyword.UPS.IntelligentLCD.CP1500AVRLCD3.B0BCMLLSHL,,250,DAILY_BUDGET,ENABLED,USD,236636,804,1850.04,1075.65,5,7,2,399.9,2,479,8,0,
"Oct 16, 2025","=""287421757846510""",C.Keyword.Consumer.SD.UPS.PFCSineWave.CP1500PFCRM2U.B0B354X985,,250,DAILY_BUDGET,ENABLED,USD,3962,6,22.3,0.0,0,0,0,0.0,0,5,0,0,
"Oct 29, 2025","=""296198269696664""",C.SD.Keyword.UPS.IntelligentLCD.CP1500AVRLCD3.B0BCMLLSHL,,250,DAILY_BUDGET,ENABLED,USD,584037,984,2008.04,479.9,2,2,1,239.95,1,597,5,0,
"Sep 11, 2025","=""263494384088815""",C.SD.Product.UPS.Ecologic.EC850LCD.B00DBAA696,,250,DAILY_BUDGET,ENABLED,USD,173833,96,773.11,9554.25,53,71,40,7246.01,53,532,74,48104,
"Oct 16, 2025","=""51640494101738""",C.Product.Consumer.SP.UPS.PFCSineWave.CP1500PFCRM2U.B0B354X985,,250,DAILY_BUDGET,ENABLED,USD,228,1,1.91,0.0,0,0,0,0.0,0,1,0,0,
"Oct 08, 2025","=""38365855708871""",C.SD.Product.UPS.SmartAppLCD.B000XJLLKG.OR700LCDRM1U,,250,DAILY_BUDGET,ENABLED,USD,4133,7,19.26,89.95,1,1,0,0.0,0,76,5,2299,
"Nov 29, 2025","=""296198269696664""",C.SD.Keyword.UPS.IntelligentLCD.CP1500AVRLCD3.B0BCMLLSHL,,250,DAILY_BUDGET,ENABLED,USD,18557,40,78.56,0.0,0,0,0,0.0,0,33,1,0,
"Aug 30, 2025","=""287421757846510""",C.Keyword.Consumer.SD.UPS.PFCSineWave.CP1500PFCRM2U.B0B354X985,,250,DAILY_BUDGET,ENABLED,USD,4840,7,24.1,0.0,0,0,0,0.0,0,6,0,0,
"Oct 25, 2025","=""51640494101738""",C.Product.Consumer.SP.UPS.PFCSineWave.CP1500PFCRM2U.B0B354X985,,250,DAILY_BUDGET,ENABLED,USD,216,1,0.44,0.0,0,0,0,0.0,0,1,0,0,
"Oct 14, 2025","=""51640494101738""",C.Product.Consumer.SP.UPS.PFCSineWave.CP1500PFCRM2U.B0B354X985,,250,DAILY_BUDGET,ENABLED,USD,77,0,0.0,0.0,0,0,0,0.0,0,0,0,0,
"Nov 24, 2025","=""287421757846510""",C.Keyword.Consumer.SD.UPS.PFCSineWave.CP1500PFCRM2U.B0B354X985,,250,DAILY_BUDGET,ENABLED,USD,7269,18,42.68,0.0,0,0,0,0.0,0,5,1,0,
"Oct 04, 2025","=""263494384088815""",C.SD.Product.UPS.Ecologic.EC850LCD.B00DBAA696,,250,DAILY_BUDGET,ENABLED,USD,170997,91,837.34,2485.64,20,21,19,2415.65,20,326,39,45119,
"Sep 25, 2025","=""38365855708871""",C.SD.Product.UPS.SmartAppLCD.B000XJLLKG.OR700LCDRM1U,,250,DAILY_BUDGET,ENABLED,USD,1646,4,7.48,559.65,3,7,2,359.7,6,33,2,888,
"Oct 16, 2025","=""124438051163565""",C.SD.Product.UPS.PFCSinewave.CP1500PFCLCD.B00429N19W,,450,DAILY_BUDGET,ENABLED,USD,0,0,0.0,0.0,0,0,0,0.0,0,1,0,0,
"Sep 27, 2025","=""51640494101738""",C.Product.Consumer.SP.UPS.PFCSineWave.CP1500PFCRM2U.B0B354X985,,250,DAILY_BUDGET,ENABLED,USD,77,1,7.4,0.0,0,0,0,0.0,0,1,0,0,
"Sep 07, 2025","=""263494384088815""",C.SD.Product.UPS.Ecologic.EC850LCD.B00DBAA696,,250,DAILY_BUDGET,ENABLED,USD,198862,128,628.8,8819.77,50,53,40,5803.66,42,819,82,59777,
"Nov 01, 2025","=""287421757846510""",C.Keyword.Consumer.SD.UPS.PFCSineWave.CP1500PFCRM2U.B0B354X985,,250,DAILY_BUDGET,ENABLED,USD,1872,1,1.22,0.0,0,0,0,0.0,0,1,0,0,
"Oct 07, 2025","=""287421757846510""",C.Keyword.Consumer.SD.UPS.PFCSineWave.CP1500PFCRM2U.B0B354X985,,250,DAILY_BUDGET,ENABLED,USD,10167,4,43.68,559.9,2,2,2,559.9,2,15,2,0,
"Nov 12, 2025","=""287421757846510""",C.Keyword.Consumer.SD.UPS.PFCSineWave.CP1500PFCRM2U.B0B354X985,,250,DAILY_BUDGET,ENABLED,USD,6151,14,29.02,0.0,0,0,0,0.0,0,13,1,0,
"Oct 24, 2025","=""124438051163565""",C.SD.Product.UPS.PFCSinewave.CP1500PFCLCD.B00429N19W,,450,DAILY_BUDGET,ENABLED,USD,0,0,0.0,0.0,0,0,0,0.0,0,0,0,0,
"Sep 17, 2025","=""401081905525372""",C.Competitor.Consumer.SD.UPS.PFCSineWave.CP1500PFCRM2U.B0B354X985,,250,DAILY_BUDGET,ENABLED,USD,3381,6,3.99,0.0,0,0,0,0.0,0,3,0,0,
"Nov 12, 2025","=""263494384088815""",C.SD.Product.UPS.Ecologic.EC850LCD.B00DBAA696,,250,DAILY_BUDGET,ENABLED,USD,378482,238,1150.76,5900.59,46,53,34,4118.4,36,1176,104,105028,
"Oct 07, 2025","=""263494384088815""",C.SD.Product.UPS.Ecologic.EC850LCD.B00DBAA696,,250,DAILY_BUDGET,ENABLED,USD,208814,120,1286.28,8508.06,47,70,32,5481.45,36,919,72,62343,
"Oct 25, 2025","=""263494384088815""",C.SD.Product.UPS.Ecologic.EC850LCD.B00DBAA696,,250,DAILY_BUDGET,ENABLED,USD,155483,105,657.97,4962.71,27,29,25,4522.81,27,488,54,42886,
"Sep 03, 2025","=""38365855708871""",C.SD.Product.UPS.SmartAppLCD.B000XJLLKG.OR700LCDRM1U,,250,DAILY_BUDGET,ENABLED,USD,1323,0,5.28,94.95,2,2,0,0.0,0,8,1,685,
"Nov 03, 2025","=""401081905525372""",C.Competitor.Consumer.SD.UPS.PFCSineWave.CP1500PFCRM2U.B0B354X985,,250,DAILY_BUDGET,ENABLED,USD,5824,14,19.88,0.0,0,0,0,0.0,0,16,1,0,
"Nov 02, 2025","=""263494384088815""",C.SD.Product.UPS.Ecologic.EC850LCD.B00DBAA696,,250,DAILY_BUDGET,ENABLED,USD,221053,155,560.08,5883.08,45,47,37,4909.35,38,891,87,77304,
"Sep 20, 2025","=""287421757846510""",C.Keyword.Consumer.SD.UPS.PFCSineWave.CP1500PFCRM2U.B0B354X985,,250,DAILY_BUDGET,ENABLED,USD,5846,9,57.46,0.0,0,0,0,0.0,0,6,0,0,
"Sep 05, 2025","=""38365855708871""",C.SD.Product.UPS.SmartAppLCD.B000XJLLKG.OR700LCDRM1U,,250,DAILY_BUDGET,ENABLED,USD,1826,2,7.75,6652.45,7,11,4,699.65,7,19,5,1059,
"Nov 03, 2025","=""38365855708871""",C.SD.Product.UPS.SmartAppLCD.B000XJLLKG.OR700LCDRM1U,,250,DAILY_BUDGET,ENABLED,USD,2126,3,8.0,97.99,1,1,1,97.99,1,40,2,989,
"Oct 17, 2025","=""401081905525372""",C.Competitor.Consumer.SD.UPS.PFCSineWave.CP1500PFCRM2U.B0B354X985,,250,DAILY_BUDGET,ENABLED,USD,13605,33,19.49,0.0,0,0,0,0.0,0,26,0,0,
"Oct 19, 2025","=""170474248246250""",C.SD.Product.UPS.IntelligentLCD.CP1500AVRLCD3.B0BCMLLSHL,,250,DAILY_BUDGET,ENABLED,USD,42189,43,151.79,476.87,5,5,4,378.88,4,104,10,21844,
"Oct 26, 2025","=""38365855708871""",C.SD.Product.UPS.SmartAppLCD.B000XJLLKG.OR700LCDRM1U,,250,DAILY_BUDGET,ENABLED,USD,1322,4,4.89,399.9,2,2,2,399.9,2,27,2,657,
"Nov 11, 2025","=""263494384088815""",C.SD.Product.UPS.Ecologic.EC850LCD.B00DBAA696,,250,DAILY_BUDGET,ENABLED,USD,339500,226,945.43,9152.6,46,56,29,4073.73,31,1182,96,101299,
"Oct 31, 2025","=""287421757846510""",C.Keyword.Consumer.SD.UPS.PFCSineWave.CP1500PFCRM2U.B0B354X985,,250,DAILY_BUDGET,ENABLED,USD,1715,8,14.96,0.0,0,0,0,0.0,0,9,0,0,
"Sep 08, 2025","=""38365855708871""",C.SD.Product.UPS.SmartAppLCD.B000XJLLKG.OR700LCDRM1U,,250,DAILY_BUDGET,ENABLED,USD,1177,2,4.95,365.93,2,3,1,119.95,1,5,1,656,
"Sep 15, 2025","=""51640494101738""",C.Product.Consumer.SP.UPS.PFCSineWave.CP1500PFCRM2U.B0B354X985,,250,DAILY_BUDGET,ENABLED,USD,23,0,0.0,0.0,0,0,0,0.0,0,0,0,0,
"Nov 28, 2025","=""51640494101738""",C.Product.Consumer.SP.UPS.PFCSineWave.CP1500PFCRM2U.B0B354X985,,250,DAILY_BUDGET,ENABLED,USD,871,0,0.0,0.0,0,0,0,0.0,0,0,0,0,
"Sep 21, 2025","=""401081905525372""",C.Competitor.Consumer.SD.UPS.PFCSineWave.CP1500PFCRM2U.B0B354X985,,250,DAILY_BUDGET,ENABLED,USD,3834,9,8.37,0.0,0,0,0,0.0,0,7,0,0,
"Sep 01, 2025","=""401081905525372""",C.Competitor.Consumer.SD.UPS.PFCSineWave.CP1500PFCRM2U.B0B354X985,,250,DAILY_BUDGET,ENABLED,USD,2266,4,6.1,0.0,0,0,0,0.0,0,3,0,0,
"Oct 24, 2025","=""296198269696664""",C.SD.Keyword.UPS.IntelligentLCD.CP1500AVRLCD3.B0BCMLLSHL,,250,DAILY_BUDGET,ENABLED,USD,563388,1270,2235.74,1209.75,5,5,0,0.0,0,1278,15,0,
"Oct 04, 2025","=""51640494101738""",C.Product.Consumer.SP.UPS.PFCSineWave.CP1500PFCRM2U.B0B354X985,,250,DAILY_BUDGET,ENABLED,USD,90,0,0.0,0.0,0,0,0,0.0,0,0,0,0,
"Oct 22, 2025","=""170474248246250""",C.SD.Product.UPS.IntelligentLCD.CP1500AVRLCD3.B0BCMLLSHL,,250,DAILY_BUDGET,ENABLED,USD,75884,91,226.68,1191.68,8,12,7,803.88,8,222,16,31870,
"Aug 31, 2025","=""51640494101738""",C.Product.Consumer.SP.UPS.PFCSineWave.CP1500PFCRM2U.B0B354X985,,250,DAILY_BUDGET,ENABLED,USD,30,0,0.0,0.0,0,0,0,0.0,0,0,0,0,
"Nov 23, 2025","=""38365855708871""",C.SD.Product.UPS.SmartAppLCD.B000XJLLKG.OR700LCDRM1U,,250,DAILY_BUDGET,ENABLED,USD,2924,3,17.35,0.0,0,0,0,0.0,0,16,1,1660,
"Nov 04, 2025","=""296198269696664""",C.SD.Keyword.UPS.IntelligentLCD.CP1500AVRLCD3.B0BCMLLSHL,,250,DAILY_BUDGET,ENABLED,USD,614617,1071,2028.97,0.0,0,0,0,0.0,0,630,1,0,
"Oct 23, 2025","=""287421757846510""",C.Keyword.Consumer.SD.UPS.PFCSineWave.CP1500PFCRM2U.B0B354X985,,250,DAILY_BUDGET,ENABLED,USD,1318,2,15.04,0.0,0,0,0,0.0,0,3,0,0,
"Sep 09, 2025","=""51640494101738""",C.Product.Consumer.SP.UPS.PFCSineWave.CP1500PFCRM2U.B0B354X985,,250,DAILY_BUDGET,ENABLED,USD,108,0,0.0,0.0,0,0,0,0.0,0,1,0,0,
"Sep 07, 2025","=""287421757846510""",C.Keyword.Consumer.SD.UPS.PFCSineWave.CP1500PFCRM2U.B0B354X985,,250,DAILY_BUDGET,ENABLED,USD,15397,18,59.13,0.0,0,0,0,0.0,0,29,0,0,
"Sep 18, 2025","=""287421757846510""",C.Keyword.Consumer.SD.UPS.PFCSineWave.CP1500PFCRM2U.B0B354X985,,250,DAILY_BUDGET,ENABLED,USD,7801,9,70.18,1258.75,5,5,2,469.9,2,20,5,0,
"Sep 08, 2025","=""124438051163565""",C.SD.Product.UPS.PFCSinewave.CP1500PFCLCD.B00429N19W,,450,DAILY_BUDGET,ENABLED,USD,255101,110,708.27,4265.15,18,22,15,3956.25,19,323,31,114131,
"Nov 12, 2025","=""124438051163565""",C.SD.Product.UPS.PFCSinewave.CP1500PFCLCD.B00429N19W,,450,DAILY_BUDGET,ENABLED,USD,0,0,0.0,0.0,0,0,0,0.0,0,1,0,0,
"Oct 17, 2025","=""263494384088815""",C.SD.Product.UPS.Ecologic.EC850LCD.B00DBAA696,,250,DAILY_BUDGET,ENABLED,USD,161634,74,611.01,3366.64,25,34,22,3064.75,31,312,35,44585,
"Nov 20, 2025","=""287421757846510""",C.Keyword.Consumer.SD.UPS.PFCSineWave.CP1500PFCRM2U.B0B354X985,,250,DAILY_BUDGET,ENABLED,USD,10983,25,36.03,0.0,0,0,0,0.0,0,17,1,0,
"Nov 11, 2025","=""287421757846510""",C.Keyword.Consumer.SD.UPS.PFCSineWave.CP1500PFCRM2U.B0B354X985,,250,DAILY_BUDGET,ENABLED,USD,7057,22,28.71,0.0,0,0,0,0.0,0,18,0,0,
"Nov 26, 2025","=""51640494101738""",C.Product.Consumer.SP.UPS.PFCSineWave.CP1500PFCRM2U.B0B354X985,,250,DAILY_BUDGET,ENABLED,USD,157,0,0.0,0.0,0,0,0,0.0,0,0,0,0,
"Sep 26, 2025","=""287421757846510""",C.Keyword.Consumer.SD.UPS.PFCSineWave.CP1500PFCRM2U.B0B354X985,,250,DAILY_BUDGET,ENABLED,USD,5487,5,34.64,359.95,1,1,1,359.95,1,23,5,0,
"Oct 23, 2025","=""38365855708871""",C.SD.Product.UPS.SmartAppLCD.B000XJLLKG.OR700LCDRM1U,,250,DAILY_BUDGET,ENABLED,USD,767,0,2.54,209.9,2,2,0,0.0,0,12,1,344,
"Oct 21, 2025","=""170474248246250""",C.SD.Product.UPS.IntelligentLCD.CP1500AVRLCD3.B0BCMLLSHL,,250,DAILY_BUDGET,ENABLED,USD,49240,49,179.16,1249.65,3,7,1,179.95,1,157,13,23871,
"Oct 07, 2025","=""38365855708871""",C.SD.Product.UPS.SmartAppLCD.B000XJLLKG.OR700LCDRM1U,,250,DAILY_BUDGET,ENABLED,USD,5728,5,28.29,1349.65,7,7,5,1209.75,5,92,10,2928,
"Oct 04, 2025","=""124438051163565""",C.SD.Product.UPS.PFCSinewave.CP1500PFCLCD.B00429N19W,,450,DAILY_BUDGET,ENABLED,USD,745398,276,3390.02,5456.67,41,49,32,4128.2,35,822,60,238349,
"Sep 07, 2025","=""38365855708871""",C.SD.Product.UPS.SmartAppLCD.B000XJLLKG.OR700LCDRM1U,,250,DAILY_BUDGET,ENABLED,USD,1273,0,5.34,329.95,1,1,0,0.0,0,22,1,659,
"Sep 05, 2025","=""51640494101738""",C.Product.Consumer.SP.UPS.PFCSineWave.CP1500PFCRM2U.B0B354X985,,250,DAILY_BUDGET,ENABLED,USD,127,0,0.0,0.0,0,0,0,0.0,0,0,0,0,
"Nov 11, 2025","=""51640494101738""",C.Product.Consumer.SP.UPS.PFCSineWave.CP1500PFCRM2U.B0B354X985,,250,DAILY_BUDGET,ENABLED,USD,282,0,0.0,0.0,0,0,0,0.0,0,0,0,0,
"Nov 17, 2025","=""401081905525372""",C.Competitor.Consumer.SD.UPS.PFCSineWave.CP1500PFCRM2U.B0B354X985,,250,DAILY_BUDGET,ENABLED,USD,33182,115,89.24,359.95,1,1,0,0.0,0,118,2,0,
"Nov 01, 2025","=""170474248246250""",C.SD.Product.UPS.IntelligentLCD.CP1500AVRLCD3.B0BCMLLSHL,,250,DAILY_BUDGET,ENABLED,USD,17732,23,47.66,1906.69,7,7,5,1597.79,5,96,10,9338,
"Oct 27, 2025","=""287421757846510""",C.Keyword.Consumer.SD.UPS.PFCSineWave.CP1500PFCRM2U.B0B354X985,,250,DAILY_BUDGET,ENABLED,USD,1847,2,25.79,439.9,1,2,1,439.9,2,1,1,0,
"Oct 27, 2025","=""51640494101738""",C.Product.Consumer.SP.UPS.PFCSineWave.CP1500PFCRM2U.B0B354X985,,250,DAILY_BUDGET,ENABLED,USD,217,3,6.82,0.0,0,0,0,0.0,0,3,0,0,
"Nov 07, 2025","=""401081905525372""",C.Competitor.Consumer.SD.UPS.PFCSineWave.CP1500PFCRM2U.B0B354X985,,250,DAILY_BUDGET,ENABLED,USD,9259,28,36.36,348.9,2,2,1,279.95,1,25,2,0,
"Sep 22, 2025","=""124438051163565""",C.SD.Product.UPS.PFCSinewave.CP1500PFCLCD.B00429N19W,,450,DAILY_BUDGET,ENABLED,USD,640117,229,2629.01,11294.08,59,76,48,8720.67,60,839,86,252751,
"Sep 24, 2025","=""263494384088815""",C.SD.Product.UPS.Ecologic.EC850LCD.B00DBAA696,,250,DAILY_BUDGET,ENABLED,USD,103793,50,513.4,12717.18,32,58,25,4724.97,41,317,39,30750,
"Nov 20, 2025","=""170474248246250""",C.SD.Product.UPS.IntelligentLCD.CP1500AVRLCD3.B0BCMLLSHL,,250,DAILY_BUDGET,ENABLED,USD,98312,97,384.48,2266.81,9,18,6,1135.97,14,342,21,54261,
"Sep 24, 2025","=""124438051163565""",C.SD.Product.UPS.PFCSinewave.CP1500PFCLCD.B00429N19W,,450,DAILY_BUDGET,ENABLED,USD,1449609,549,4865.1,21244.44,80,118,59,15204.91,85,1918,151,548721,
"Oct 16, 2025","=""263494384088815""",C.SD.Product.UPS.Ecologic.EC850LCD.B00DBAA696,,250,DAILY_BUDGET,ENABLED,USD,203232,109,820.84,8318.3,45,58,34,4832.97,40,628,71,62538,
"Oct 18, 2025","=""401081905525372""",C.Competitor.Consumer.SD.UPS.PFCSineWave.CP1500PFCRM2U.B0B354X985,,250,DAILY_BUDGET,ENABLED,USD,17844,62,23.73,0.0,0,0,0,0.0,0,53,0,0,
"Oct 13, 2025","=""38365855708871""",C.SD.Product.UPS.SmartAppLCD.B000XJLLKG.OR700LCDRM1U,,250,DAILY_BUDGET,ENABLED,USD,1948,2,9.23,2459.35,9,13,3,1199.7,6,27,6,1103,
"Aug 30, 2025","=""124438051163565""",C.SD.Product.UPS.PFCSinewave.CP1500PFCLCD.B00429N19W,,450,DAILY_BUDGET,ENABLED,USD,368089,218,1057.68,2764.31,20,29,17,1993.52,26,513,35,157306,
"Oct 03, 2025","=""51640494101738""",C.Product.Consumer.SP.UPS.PFCSineWave.CP1500PFCRM2U.B0B354X985,,250,DAILY_BUDGET,ENABLED,USD,105,0,0.0,0.0,0,0,0,0.0,0,0,0,0,
"Sep 17, 2025","=""263494384088815""",C.SD.Product.UPS.Ecologic.EC850LCD.B00DBAA696,,250,DAILY_BUDGET,ENABLED,USD,185538,101,832.09,3164.47,19,33,15,2234.13,19,448,52,51276,
"Nov 23, 2025","=""170474248246250""",C.SD.Product.UPS.IntelligentLCD.CP1500AVRLCD3.B0BCMLLSHL,,250,DAILY_BUDGET,ENABLED,USD,130046,142,477.15,695.29,7,9,5,248.49,5,339,18,74120,
"Sep 19, 2025","=""124438051163565""",C.SD.Product.UPS.PFCSinewave.CP1500PFCLCD.B00429N19W,,450,DAILY_BUDGET,ENABLED,USD,0,0,0.0,0.0,0,0,0,0.0,0,0,0,0,
"Nov 17, 2025","=""38365855708871""",C.SD.Product.UPS.SmartAppLCD.B000XJLLKG.OR700LCDRM1U,,250,DAILY_BUDGET,ENABLED,USD,3381,6,15.1,599.85,1,3,1,599.85,3,59,4,1727,
"Aug 29, 2025","=""401081905525372""",C.Competitor.Consumer.SD.UPS.PFCSineWave.CP1500PFCRM2U.B0B354X985,,250,DAILY_BUDGET,ENABLED,USD,4759,20,26.92,599.9,2,2,2,599.9,2,20,2,0,
"Nov 06, 2025","=""51640494101738""",C.Product.Consumer.SP.UPS.PFCSineWave.CP1500PFCRM2U.B0B354X985,,250,DAILY_BUDGET,ENABLED,USD,164,0,0.0,0.0,0,0,0,0.0,0,0,0,0,
"Oct 28, 2025","=""170474248246250""",C.SD.Product.UPS.IntelligentLCD.CP1500AVRLCD3.B0BCMLLSHL,,250,DAILY_BUDGET,ENABLED,USD,13914,16,43.11,119.9,2,2,2,119.9,2,106,7,8001,
"Nov 07, 2025","=""296198269696664""",C.SD.Keyword.UPS.IntelligentLCD.CP1500AVRLCD3.B0BCMLLSHL,,250,DAILY_BUDGET,ENABLED,USD,502168,1087,1700.75,749.8,4,4,3,549.85,3,1159,10,0,
"Nov 23, 2025","=""263494384088815""",C.SD.Product.UPS.Ecologic.EC850LCD.B00DBAA696,,250,DAILY_BUDGET,ENABLED,USD,195935,145,1001.61,1663.47,10,10,9,1523.52,9,683,40,65400,
"Oct 20, 2025","=""296198269696664""",C.SD.Keyword.UPS.IntelligentLCD.CP1500AVRLCD3.B0BCMLLSHL,,250,DAILY_BUDGET,ENABLED,USD,152941,292,356.63,0.0,0,0,0,0.0,0,171,0,0,
"Oct 26, 2025","=""296198269696664""",C.SD.Keyword.UPS.IntelligentLCD.CP1500AVRLCD3.B0BCMLLSHL,,250,DAILY_BUDGET,ENABLED,USD,537569,1217,2453.32,239.95,2,2,1,239.95,1,712,3,0,
"Oct 10, 2025","=""124438051163565""",C.SD.Product.UPS.PFCSinewave.CP1500PFCLCD.B00429N19W,,450,DAILY_BUDGET,ENABLED,USD,1005298,301,3466.23,10409.67,56,75,33,5588.03,42,967,84,324981,
"Nov 09, 2025","=""263494384088815""",C.SD.Product.UPS.Ecologic.EC850LCD.B00DBAA696,,250,DAILY_BUDGET,ENABLED,USD,298737,213,848.68,4193.14,36,41,28,3157.46,33,978,66,87630,
"Sep 15, 2025","=""124438051163565""",C.SD.Product.UPS.PFCSinewave.CP1500PFCLCD.B00429N19W,,450,DAILY_BUDGET,ENABLED,USD,302087,101,1608.22,4236.92,17,26,13,2339.42,16,265,24,98354,
"Nov 03, 2025","=""296198269696664""",C.SD.Keyword.UPS.IntelligentLCD.CP1500AVRLCD3.B0BCMLLSHL,,250,DAILY_BUDGET,ENABLED,USD,690631,1185,1858.94,1380.8,4,4,2,439.9,2,741,7,0,
"Sep 13, 2025","=""287421757846510""",C.Keyword.Consumer.SD.UPS.PFCSineWave.CP1500PFCRM2U.B0B354X985,,250,DAILY_BUDGET,ENABLED,USD,3686,7,24.3,0.0,0,0,0,0.0,0,8,0,0,
"Oct 15, 2025","=""263494384088815""",C.SD.Product.UPS.Ecologic.EC850LCD.B00DBAA696,,250,DAILY_BUDGET,ENABLED,USD,388860,235,1267.82,11998.17,61,81,44,8925.55,63,1155,93,118573,
"Nov 18, 2025","=""296198269696664""",C.SD.Keyword.UPS.IntelligentLCD.CP1500AVRLCD3.B0BCMLLSHL,,250,DAILY_BUDGET,ENABLED,USD,275832,594,1979.77,539.85,3,3,2,299.9,2,282,4,0,
"Nov 23, 2025","=""287421757846510""",C.Keyword.Consumer.SD.UPS.PFCSineWave.CP1500PFCRM2U.B0B354X985,,250,DAILY_BUDGET,ENABLED,USD,13506,27,85.18,0.0,0,0,0,0.0,0,19,0,0,
"Sep 26, 2025","=""124438051163565""",C.SD.Product.UPS.PFCSinewave.CP1500PFCLCD.B00429N19W,,450,DAILY_BUDGET,ENABLED,USD,1415541,512,5205.93,16721.72,81,109,56,7373.99,70,1538,120,453488,
"Nov 07, 2025","=""170474248246250""",C.SD.Product.UPS.IntelligentLCD.CP1500AVRLCD3.B0BCMLLSHL,,250,DAILY_BUDGET,ENABLED,USD,12755,22,33.34,1175.04,7,8,5,615.14,6,136,14,6580,
"Oct 05, 2025","=""51640494101738""",C.Product.Consumer.SP.UPS.PFCSineWave.CP1500PFCRM2U.B0B354X985,,250,DAILY_BUDGET,ENABLED,USD,127,2,9.03,0.0,0,0,0,0.0,0,6,0,0,
"Sep 05, 2025","=""401081905525372""",C.Competitor.Consumer.SD.UPS.PFCSineWave.CP1500PFCRM2U.B0B354X985,,250,DAILY_BUDGET,ENABLED,USD,11188,22,17.57,0.0,0,0,0,0.0,0,30,0,0,
"Nov 04, 2025","=""51640494101738""",C.Product.Consumer.SP.UPS.PFCSineWave.CP1500PFCRM2U.B0B354X985,,250,DAILY_BUDGET,ENABLED,USD,199,0,0.0,0.0,0,0,0,0.0,0,0,0,0,
"Nov 25, 2025","=""296198269696664""",C.SD.Keyword.UPS.IntelligentLCD.CP1500AVRLCD3.B0BCMLLSHL,,250,DAILY_BUDGET,ENABLED,USD,25534,58,60.9,0.0,0,0,0,0.0,0,40,0,0,
"Oct 10, 2025","=""38365855708871""",C.SD.Product.UPS.SmartAppLCD.B000XJLLKG.OR700LCDRM1U,,250,DAILY_BUDGET,ENABLED,USD,5099,2,17.05,2335.57,8,11,3,1239.7,6,60,7,2587,
"Nov 05, 2025","=""51640494101738""",C.Product.Consumer.SP.UPS.PFCSineWave.CP1500PFCRM2U.B0B354X985,,250,DAILY_BUDGET,ENABLED,USD,152,0,0.0,0.0,0,0,0,0.0,0,0,0,0,
"Oct 01, 2025","=""38365855708871""",C.SD.Product.UPS.SmartAppLCD.B000XJLLKG.OR700LCDRM1U,,250,DAILY_BUDGET,ENABLED,USD,2045,0,7.73,179.9,2,2,1,119.95,1,22,3,1101,
"Oct 10, 2025","=""287421757846510""",C.Keyword.Consumer.SD.UPS.PFCSineWave.CP1500PFCRM2U.B0B354X985,,250,DAILY_BUDGET,ENABLED,USD,3122,3,20.8,0.0,0,0,0,0.0,0,3,1,0,
"Nov 01, 2025","=""51640494101738""",C.Product.Consumer.SP.UPS.PFCSineWave.CP1500PFCRM2U.B0B354X985,,250,DAILY_BUDGET,ENABLED,USD,100,0,0.0,0.0,0,0,0,0.0,0,0,0,0,
"Oct 21, 2025","=""287421757846510""",C.Keyword.Consumer.SD.UPS.PFCSineWave.CP1500PFCRM2U.B0B354X985,,250,DAILY_BUDGET,ENABLED,USD,1584,3,12.98,0.0,0,0,0,0.0,0,4,0,0,
"Nov 09, 2025","=""401081905525372""",C.Competitor.Consumer.SD.UPS.PFCSineWave.CP1500PFCRM2U.B0B354X985,,250,DAILY_BUDGET,ENABLED,USD,13915,37,37.87,0.0,0,0,0,0.0,0,39,0,0,
"Nov 30, 2025","=""287421757846510""",C.Keyword.Consumer.SD.UPS.PFCSineWave.CP1500PFCRM2U.B0B354X985,,250,DAILY_BUDGET,ENABLED,USD,0,0,0.0,0.0,0,0,0,0.0,0,0,0,0,
"Nov 22, 2025","=""296198269696664""",C.SD.Keyword.UPS.IntelligentLCD.CP1500AVRLCD3.B0BCMLLSHL,,250,DAILY_BUDGET,ENABLED,USD,23093,47,187.95,0.0,0,0,0,0.0,0,40,1,0,
"Oct 07, 2025","=""401081905525372""",C.Competitor.Consumer.SD.UPS.PFCSineWave.CP1500PFCRM2U.B0B354X985,,250,DAILY_BUDGET,ENABLED,USD,11781,23,32.16,359.95,1,1,0,0.0,0,32,1,0,
"Oct 09, 2025","=""124438051163565""",C.SD.Product.UPS.PFCSinewave.CP1500PFCLCD.B00429N19W,,450,DAILY_BUDGET,ENABLED,USD,1036679,267,3462.41,9872.5,52,61,35,5651.5,41,873,71,329343,
"Nov 22, 2025","=""51640494101738""",C.Product.Consumer.SP.UPS.PFCSineWave.CP1500PFCRM2U.B0B354X985,,250,DAILY_BUDGET,ENABLED,USD,64,0,0.0,0.0,0,0,0,0.0,0,0,0,0,
"Sep 02, 2025","=""287421757846510""",C.Keyword.Consumer.SD.UPS.PFCSineWave.CP1500PFCRM2U.B0B354X985,,250,DAILY_BUDGET,ENABLED,USD,11909,23,111.13,0.0,0,0,0,0.0,0,33,0,0,
"Oct 26, 2025","=""401081905525372""",C.Competitor.Consumer.SD.UPS.PFCSineWave.CP1500PFCRM2U.B0B354X985,,250,DAILY_BUDGET,ENABLED,USD,17261,53,14.79,239.95,1,1,1,239.95,1,46,1,0,
"Sep 23, 2025","=""38365855708871""",C.SD.Product.UPS.SmartAppLCD.B000XJLLKG.OR700LCDRM1U,,250,DAILY_BUDGET,ENABLED,USD,1723,2,7.14,359.9,2,2,2,359.9,2,47,4,949,
"Sep 27, 2025","=""263494384088815""",C.SD.Product.UPS.Ecologic.EC850LCD.B00DBAA696,,250,DAILY_BUDGET,ENABLED,USD,318098,174,1348.42,12788.86,52,64,40,9323.59,47,865,75,87488,
"Nov 19, 2025","=""38365855708871""",C.SD.Product.UPS.SmartAppLCD.B000XJLLKG.OR700LCDRM1U,,250,DAILY_BUDGET,ENABLED,USD,1869,1,7.26,425.88,3,4,3,425.88,4,25,3,893,
"Oct 24, 2025","=""401081905525372""",C.Competitor.Consumer.SD.UPS.PFCSineWave.CP1500PFCRM2U.B0B354X985,,250,DAILY_BUDGET,ENABLED,USD,12857,46,22.97,719.9,1,2,0,0.0,0,55,1,0,
"Oct 05, 2025","=""401081905525372""",C.Competitor.Consumer.SD.UPS.PFCSineWave.CP1500PFCRM2U.B0B354X985,,250,DAILY_BUDGET,ENABLED,USD,14566,37,22.54,0.0,0,0,0,0.0,0,33,0,0,
"Nov 08, 2025","=""263494384088815""",C.SD.Product.UPS.Ecologic.EC850LCD.B00DBAA696,,250,DAILY_BUDGET,ENABLED,USD,247169,155,697.93,5837.97,33,41,28,4418.77,33,840,65,75226,
"Nov 26, 2025","=""401081905525372""",C.Competitor.Consumer.SD.UPS.PFCSineWave.CP1500PFCRM2U.B0B354X985,,250,DAILY_BUDGET,ENABLED,USD,39284,99,154.04,59.95,1,1,1,59.95,1,90,2,0,
"Sep 10, 2025","=""263494384088815""",C.SD.Product.UPS.Ecologic.EC850LCD.B00DBAA696,,250,DAILY_BUDGET,ENABLED,USD,271113,131,979.49,18729.87,73,104,57,12143.82,72,1043,126,74604,
"Nov 05, 2025","=""124438051163565""",C.SD.Product.UPS.PFCSinewave.CP1500PFCLCD.B00429N19W,,450,DAILY_BUDGET,ENABLED,USD,0,0,0.0,0.0,0,0,0,0.0,0,0,0,0,
"Aug 29, 2025","=""124438051163565""",C.SD.Product.UPS.PFCSinewave.CP1500PFCLCD.B00429N19W,,450,DAILY_BUDGET,ENABLED,USD,527079,232,1352.42,6123.03,35,42,23,2477.85,23,781,58,218041,
"Nov 08, 2025","=""170474248246250""",C.SD.Product.UPS.IntelligentLCD.CP1500AVRLCD3.B0BCMLLSHL,,250,DAILY_BUDGET,ENABLED,USD,21912,35,58.3,428.25,4,5,4,428.25,5,108,10,10640,
"Nov 27, 2025","=""296198269696664""",C.SD.Keyword.UPS.IntelligentLCD.CP1500AVRLCD3.B0BCMLLSHL,,250,DAILY_BUDGET,ENABLED,USD,47731,116,200.63,199.95,1,1,1,199.95,1,116,2,0,
"Nov 25, 2025","=""263494384088815""",C.SD.Product.UPS.Ecologic.EC850LCD.B00DBAA696,,250,DAILY_BUDGET,ENABLED,USD,210184,128,1002.03,5217.58,34,42,25,3630.79,29,771,66,66283,
"Nov 05, 2025","=""38365855708871""",C.SD.Product.UPS.SmartAppLCD.B000XJLLKG.OR700LCDRM1U,,250,DAILY_BUDGET,ENABLED,USD,1194,4,5.36,1571.85,2,3,2,1571.85,3,24,2,597,
"Oct 01, 2025","=""401081905525372""",C.Competitor.Consumer.SD.UPS.PFCSineWave.CP1500PFCRM2U.B0B354X985,,250,DAILY_BUDGET,ENABLED,USD,13810,49,32.35,359.95,1,1,0,0.0,0,26,1,0,
"Nov 12, 2025","=""401081905525372""",C.Competitor.Consumer.SD.UPS.PFCSineWave.CP1500PFCRM2U.B0B354X985,,250,DAILY_BUDGET,ENABLED,USD,24350,60,78.39,239.95,1,1,1,239.95,1,73,1,0,
"Oct 29, 2025","=""51640494101738""",C.Product.Consumer.SP.UPS.PFCSineWave.CP1500PFCRM2U.B0B354X985,,250,DAILY_BUDGET,ENABLED,USD,131,0,0.0,0.0,0,0,0,0.0,0,0,0,0,
"Sep 16, 2025","=""287421757846510""",C.Keyword.Consumer.SD.UPS.PFCSineWave.CP1500PFCRM2U.B0B354X985,,250,DAILY_BUDGET,ENABLED,USD,5120,15,35.83,0.0,0,0,0,0.0,0,19,0,0,
"Nov 17, 2025","=""170474248246250""",C.SD.Product.UPS.IntelligentLCD.CP1500AVRLCD3.B0BCMLLSHL,,250,DAILY_BUDGET,ENABLED,USD,28651,26,103.13,3478.79,5,6,4,3428.79,5,137,10,14786,
"Sep 22, 2025","=""401081905525372""",C.Competitor.Consumer.SD.UPS.PFCSineWave.CP1500PFCRM2U.B0B354X985,,250,DAILY_BUDGET,ENABLED,USD,20625,71,48.45,0.0,0,0,0,0.0,0,51,0,0,
"Oct 14, 2025","=""287421757846510""",C.Keyword.Consumer.SD.UPS.PFCSineWave.CP1500PFCRM2U.B0B354X985,,250,DAILY_BUDGET,ENABLED,USD,6229,7,21.67,0.0,0,0,0,0.0,0,9,0,0,
"Sep 27, 2025","=""401081905525372""",C.Competitor.Consumer.SD.UPS.PFCSineWave.CP1500PFCRM2U.B0B354X985,,250,DAILY_BUDGET,ENABLED,USD,8492,15,13.29,0.0,0,0,0,0.0,0,7,1,0,
"Nov 04, 2025","=""263494384088815""",C.SD.Product.UPS.Ecologic.EC850LCD.B00DBAA696,,250,DAILY_BUDGET,ENABLED,USD,277194,158,726.78,8951.65,37,47,27,4243.9,32,915,76,84628,
"Sep 11, 2025","=""124438051163565""",C.SD.Product.UPS.PFCSinewave.CP1500PFCLCD.B00429N19W,,450,DAILY_BUDGET,ENABLED,USD,255783,104,822.52,4083.49,19,33,12,3197.92,22,372,35,105506,
"Oct 06, 2025","=""51640494101738""",C.Product.Consumer.SP.UPS.PFCSineWave.CP1500PFCRM2U.B0B354X985,,250,DAILY_BUDGET,ENABLED,USD,138,1,0.37,0.0,0,0,0,0.0,0,1,0,0,
"Sep 30, 2025","=""51640494101738""",C.Product.Consumer.SP.UPS.PFCSineWave.CP1500PFCRM2U.B0B354X985,,250,DAILY_BUDGET,ENABLED,USD,161,1,0.9,0.0,0,0,0,0.0,0,1,0,0,
"Oct 02, 2025","=""263494384088815""",C.SD.Product.UPS.Ecologic.EC850LCD.B00DBAA696,,250,DAILY_BUDGET,ENABLED,USD,276393,111,994.15,8722.44,33,44,18,3461.59,20,740,46,69492,
"Nov 26, 2025","=""263494384088815""",C.SD.Product.UPS.Ecologic.EC850LCD.B00DBAA696,,250,DAILY_BUDGET,ENABLED,USD,208004,178,998.1,3953.62,31,39,24,3030.93,28,795,54,68219,
"Sep 18, 2025","=""124438051163565""",C.SD.Product.UPS.PFCSinewave.CP1500PFCLCD.B00429N19W,,450,DAILY_BUDGET,ENABLED,USD,0,0,0.0,0.0,0,0,0,0.0,0,0,0,0,
"Sep 09, 2025","=""263494384088815""",C.SD.Product.UPS.Ecologic.EC850LCD.B00DBAA696,,250,DAILY_BUDGET,ENABLED,USD,230918,128,844.83,13840.15,44,75,26,7766.79,31,742,62,63131,
"Nov 20, 2025","=""263494384088815""",C.SD.Product.UPS.Ecologic.EC850LCD.B00DBAA696,,250,DAILY_BUDGET,ENABLED,USD,391824,216,1941.23,9733.18,60,79,42,6542.2,45,1566,127,126138,
"Oct 28, 2025","=""124438051163565""",C.SD.Product.UPS.PFCSinewave.CP1500PFCLCD.B00429N19W,,450,DAILY_BUDGET,ENABLED,USD,0,0,0.0,0.0,0,0,0,0.0,0,1,0,0,
"Oct 28, 2025","=""287421757846510""",C.Keyword.Consumer.SD.UPS.PFCSineWave.CP1500PFCRM2U.B0B354X985,,250,DAILY_BUDGET,ENABLED,USD,1342,1,4.55,0.0,0,0,0,0.0,0,1,0,0,
"Oct 16, 2025","=""296198269696664""",C.SD.Keyword.UPS.IntelligentLCD.CP1500AVRLCD3.B0BCMLLSHL,,250,DAILY_BUDGET,ENABLED,USD,66832,253,567.02,0.0,0,0,0,0.0,0,284,0,0,
"Oct 21, 2025","=""401081905525372""",C.Competitor.Consumer.SD.UPS.PFCSineWave.CP1500PFCRM2U.B0B354X985,,250,DAILY_BUDGET,ENABLED,USD,23168,56,33.87,0.0,0,0,0,0.0,0,40,1,0,
"Oct 16, 2025","=""170474248246250""",C.SD.Product.UPS.IntelligentLCD.CP1500AVRLCD3.B0BCMLLSHL,,250,DAILY_BUDGET,ENABLED,USD,48317,47,156.75,1378.46,11,12,7,991.71,7,182,14,25174,
"Oct 18, 2025","=""51640494101738""",C.Product.Consumer.SP.UPS.PFCSineWave.CP1500PFCRM2U.B0B354X985,,250,DAILY_BUDGET,ENABLED,USD,132,0,0.0,0.0,0,0,0,0.0,0,0,0,0,
"Oct 27, 2025","=""401081905525372""",C.Competitor.Consumer.SD.UPS.PFCSineWave.CP1500PFCRM2U.B0B354X985,,250,DAILY_BUDGET,ENABLED,USD,18445,43,20.8,1319.7,3,6,2,659.85,3,40,2,0,
"Nov 24, 2025","=""170474248246250""",C.SD.Product.UPS.IntelligentLCD.CP1500AVRLCD3.B0BCMLLSHL,,250,DAILY_BUDGET,ENABLED,USD,47849,41,182.66,805.82,6,6,5,565.87,5,138,16,26472,
"Oct 15, 2025","=""296198269696664""",C.SD.Keyword.UPS.IntelligentLCD.CP1500AVRLCD3.B0BCMLLSHL,,250,DAILY_BUDGET,ENABLED,USD,94312,235,691.73,0.0,0,0,0,0.0,0,244,0,0,
"Oct 25, 2025","=""124438051163565""",C.SD.Product.UPS.PFCSinewave.CP1500PFCLCD.B00429N19W,,450,DAILY_BUDGET,ENABLED,USD,0,0,0.0,0.0,0,0,0,0.0,0,1,0,0,
"Nov 28, 2025","=""263494384088815""",C.SD.Product.UPS.Ecologic.EC850LCD.B00DBAA696,,250,DAILY_BUDGET,ENABLED,USD,141047,100,1002.51,2762.98,17,20,16,2650.05,19,422,38,46981,
"Oct 30, 2025","=""287421757846510""",C.Keyword.Consumer.SD.UPS.PFCSineWave.CP1500PFCRM2U.B0B354X985,,250,DAILY_BUDGET,ENABLED,USD,1061,3,4.12,0.0,0,0,0,0.0,0,5,0,0,
"Nov 19, 2025","=""263494384088815""",C.SD.Product.UPS.Ecologic.EC850LCD.B00DBAA696,,250,DAILY_BUDGET,ENABLED,USD,350791,224,1264.27,9559.93,46,63,33,5503.96,48,1391,102,111383,
"Aug 31, 2025","=""401081905525372""",C.Competitor.Consumer.SD.UPS.PFCSineWave.CP1500PFCRM2U.B0B354X985,,250,DAILY_BUDGET,ENABLED,USD,2958,8,30.26,0.0,0,0,0,0.0,0,8,0,0,
"Sep 26, 2025","=""51640494101738""",C.Product.Consumer.SP.UPS.PFCSineWave.CP1500PFCRM2U.B0B354X985,,250,DAILY_BUDGET,ENABLED,USD,93,0,0.0,0.0,0,0,0,0.0,0,0,0,0,
"Nov 11, 2025","=""401081905525372""",C.Competitor.Consumer.SD.UPS.PFCSineWave.CP1500PFCRM2U.B0B354X985,,250,DAILY_BUDGET,ENABLED,USD,14042,36,63.27,359.95,1,1,0,0.0,0,36,2,0,
"Nov 24, 2025","=""263494384088815""",C.SD.Product.UPS.Ecologic.EC850LCD.B00DBAA696,,250,DAILY_BUDGET,ENABLED,USD,207251,106,1001.94,4991.9,29,32,21,3707.93,23,764,64,63240,
"Oct 09, 2025","=""401081905525372""",C.Competitor.Consumer.SD.UPS.PFCSineWave.CP1500PFCRM2U.B0B354X985,,250,DAILY_BUDGET,ENABLED,USD,29552,72,30.35,0.0,0,0,0,0.0,0,34,0,0,
"Oct 22, 2025","=""51640494101738""",C.Product.Consumer.SP.UPS.PFCSineWave.CP1500PFCRM2U.B0B354X985,,250,DAILY_BUDGET,ENABLED,USD,185,0,0.0,0.0,0,0,0,0.0,0,0,0,0,
"Nov 16, 2025","=""401081905525372""",C.Competitor.Consumer.SD.UPS.PFCSineWave.CP1500PFCRM2U.B0B354X985,,250,DAILY_BUDGET,ENABLED,USD,31807,89,70.95,0.0,0,0,0,0.0,0,91,2,0,
"Sep 27, 2025","=""38365855708871""",C.SD.Product.UPS.SmartAppLCD.B000XJLLKG.OR700LCDRM1U,,250,DAILY_BUDGET,ENABLED,USD,1318,1,6.79,703.83,4,5,1,59.95,1,23,6,789,
"Nov 08, 2025","=""287421757846510""",C.Keyword.Consumer.SD.UPS.PFCSineWave.CP1500PFCRM2U.B0B354X985,,250,DAILY_BUDGET,ENABLED,USD,3730,10,27.58,0.0,0,0,0,0.0,0,4,0,0,
"Sep 01, 2025","=""51640494101738""",C.Product.Consumer.SP.UPS.PFCSineWave.CP1500PFCRM2U.B0B354X985,,250,DAILY_BUDGET,ENABLED,USD,52,0,0.0,0.0,0,0,0,0.0,0,0,0,0,
"Oct 15, 2025","=""51640494101738""",C.Product.Consumer.SP.UPS.PFCSineWave.CP1500PFCRM2U.B0B354X985,,250,DAILY_BUDGET,ENABLED,USD,81,0,0.0,0.0,0,0,0,0.0,0,0,0,0,
"Oct 19, 2025","=""38365855708871""",C.SD.Product.UPS.SmartAppLCD.B000XJLLKG.OR700LCDRM1U,,250,DAILY_BUDGET,ENABLED,USD,893,1,3.85,119.95,1,1,0,0.0,0,18,1,445,
"Sep 11, 2025","=""287421757846510""",C.Keyword.Consumer.SD.UPS.PFCSineWave.CP1500PFCRM2U.B0B354X985,,250,DAILY_BUDGET,ENABLED,USD,4575,11,54.58,0.0,0,0,0,0.0,0,18,2,0,
"Sep 09, 2025","=""401081905525372""",C.Competitor.Consumer.SD.UPS.PFCSineWave.CP1500PFCRM2U.B0B354X985,,250,DAILY_BUDGET,ENABLED,USD,3782,8,18.93,63.99,1,1,1,63.99,1,18,1,0,
"Oct 12, 2025","=""401081905525372""",C.Competitor.Consumer.SD.UPS.PFCSineWave.CP1500PFCRM2U.B0B354X985,,250,DAILY_BUDGET,ENABLED,USD,77957,159,94.69,0.0,0,0,0,0.0,0,73,0,0,
"Nov 30, 2025","=""38365855708871""",C.SD.Product.UPS.SmartAppLCD.B000XJLLKG.OR700LCDRM1U,,250,DAILY_BUDGET,ENABLED,USD,0,0,0.0,0.0,0,0,0,0.0,0,0,0,0,
"Nov 25, 2025","=""38365855708871""",C.SD.Product.UPS.SmartAppLCD.B000XJLLKG.OR700LCDRM1U,,250,DAILY_BUDGET,ENABLED,USD,983,2,6.0,199.95,1,1,1,199.95,1,21,2,542,
"Nov 02, 2025","=""287421757846510""",C.Keyword.Consumer.SD.UPS.PFCSineWave.CP1500PFCRM2U.B0B354X985,,250,DAILY_BUDGET,ENABLED,USD,2617,10,12.17,0.0,0,0,0,0.0,0,19,0,0,
"Nov 23, 2025","=""401081905525372""",C.Competitor.Consumer.SD.UPS.PFCSineWave.CP1500PFCRM2U.B0B354X985,,250,DAILY_BUDGET,ENABLED,USD,21649,59,116.96,0.0,0,0,0,0.0,0,59,3,0,
"Oct 20, 2025","=""170474248246250""",C.SD.Product.UPS.IntelligentLCD.CP1500AVRLCD3.B0BCMLLSHL,,250,DAILY_BUDGET,ENABLED,USD,8300,7,20.91,0.0,0,0,0,0.0,0,28,3,3243,
"Aug 30, 2025","=""263494384088815""",C.SD.Product.UPS.Ecologic.EC850LCD.B00DBAA696,,250,DAILY_BUDGET,ENABLED,USD,111765,86,316.39,3651.81,23,31,16,2889.17,23,556,52,34307,
"Oct 27, 2025","=""263494384088815""",C.SD.Product.UPS.Ecologic.EC850LCD.B00DBAA696,,250,DAILY_BUDGET,ENABLED,USD,180264,94,658.19,4088.1,30,38,25,3078.45,31,459,45,47441,
"Nov 09, 2025","=""287421757846510""",C.Keyword.Consumer.SD.UPS.PFCSineWave.CP1500PFCRM2U.B0B354X985,,250,DAILY_BUDGET,ENABLED,USD,4376,6,6.46,0.0,0,0,0,0.0,0,5,0,0,
"Oct 08, 2025","=""287421757846510""",C.Keyword.Consumer.SD.UPS.PFCSineWave.CP1500PFCRM2U.B0B354X985,,250,DAILY_BUDGET,ENABLED,USD,7228,12,159.29,428.9,2,2,2,428.9,2,48,5,0,
"Oct 12, 2025","=""124438051163565""",C.SD.Product.UPS.PFCSinewave.CP1500PFCLCD.B00429N19W,,450,DAILY_BUDGET,ENABLED,USD,981441,413,3477.51,5345.33,35,38,29,4375.47,31,1096,55,335810,
"Nov 21, 2025","=""170474248246250""",C.SD.Product.UPS.IntelligentLCD.CP1500AVRLCD3.B0BCMLLSHL,,250,DAILY_BUDGET,ENABLED,USD,129709,111,549.79,2981.0,18,22,14,2251.16,18,311,26,71256,
"Nov 02, 2025","=""401081905525372""",C.Competitor.Consumer.SD.UPS.PFCSineWave.CP1500PFCRM2U.B0B354X985,,250,DAILY_BUDGET,ENABLED,USD,4174,16,16.47,0.0,0,0,0,0.0,0,23,0,0,
"Sep 20, 2025","=""124438051163565""",C.SD.Product.UPS.PFCSinewave.CP1500PFCLCD.B00429N19W,,450,DAILY_BUDGET,ENABLED,USD,0,0,0.0,0.0,0,0,0,0.0,0,0,0,0,
"Sep 26, 2025","=""401081905525372""",C.Competitor.Consumer.SD.UPS.PFCSineWave.CP1500PFCRM2U.B0B354X985,,250,DAILY_BUDGET,ENABLED,USD,6749,15,44.74,0.0,0,0,0,0.0,0,15,1,0,
"Oct 11, 2025","=""263494384088815""",C.SD.Product.UPS.Ecologic.EC850LCD.B00DBAA696,,250,DAILY_BUDGET,ENABLED,USD,176204,120,687.5,4211.91,23,25,16,2360.32,16,516,42,50392,
"Nov 01, 2025","=""296198269696664""",C.SD.Keyword.UPS.IntelligentLCD.CP1500AVRLCD3.B0BCMLLSHL,,250,DAILY_BUDGET,ENABLED,USD,572981,1219,1435.59,1369.65,6,7,5,969.75,5,965,9,0,
"Nov 14, 2025","=""170474248246250""",C.SD.Product.UPS.IntelligentLCD.CP1500AVRLCD3.B0BCMLLSHL,,250,DAILY_BUDGET,ENABLED,USD,25155,32,82.69,1054.99,7,7,7,1054.99,7,136,13,12658,
"Sep 21, 2025","=""51640494101738""",C.Product.Consumer.SP.UPS.PFCSineWave.CP1500PFCRM2U.B0B354X985,,250,DAILY_BUDGET,ENABLED,USD,42,1,1.45,0.0,0,0,0,0.0,0,1,0,0,
"Sep 22, 2025","=""51640494101738""",C.Product.Consumer.SP.UPS.PFCSineWave.CP1500PFCRM2U.B0B354X985,,250,DAILY_BUDGET,ENABLED,USD,38,0,0.0,0.0,0,0,0,0.0,0,0,0,0,
"Sep 28, 2025","=""263494384088815""",C.SD.Product.UPS.Ecologic.EC850LCD.B00DBAA696,,250,DAILY_BUDGET,ENABLED,USD,319077,181,1282.24,6315.66,32,40,22,4377.72,28,956,78,86895,
"Nov 23, 2025","=""296198269696664""",C.SD.Keyword.UPS.IntelligentLCD.CP1500AVRLCD3.B0BCMLLSHL,,250,DAILY_BUDGET,ENABLED,USD,40593,109,188.82,159.9,1,2,1,159.9,2,50,2,0,
"Nov 16, 2025","=""38365855708871""",C.SD.Product.UPS.SmartAppLCD.B000XJLLKG.OR700LCDRM1U,,250,DAILY_BUDGET,ENABLED,USD,2477,4,11.4,639.8,4,4,2,299.9,2,42,7,1256,
"Aug 31, 2025","=""263494384088815""",C.SD.Product.UPS.Ecologic.EC850LCD.B00DBAA696,,250,DAILY_BUDGET,ENABLED,USD,113224,86,315.21,2582.87,22,23,16,1908.13,17,462,41,35031,
"Nov 24, 2025","=""51640494101738""",C.Product.Consumer.SP.UPS.PFCSineWave.CP1500PFCRM2U.B0B354X985,,250,DAILY_BUDGET,ENABLED,USD,111,0,0.0,0.0,0,0,0,0.0,0,0,0,0,
"Nov 16, 2025","=""51640494101738""",C.Product.Consumer.SP.UPS.PFCSineWave.CP1500PFCRM2U.B0B354X985,,250,DAILY_BUDGET,ENABLED,USD,68,0,0.0,0.0,0,0,0,0.0,0,0,0,0,
"Sep 11, 2025","=""401081905525372""",C.Competitor.Consumer.SD.UPS.PFCSineWave.CP1500PFCRM2U.B0B354X985,,250,DAILY_BUDGET,ENABLED,USD,1843,9,11.88,359.95,1,1,0,0.0,0,5,2,0,
"Oct 22, 2025","=""263494384088815""",C.SD.Product.UPS.Ecologic.EC850LCD.B00DBAA696,,250,DAILY_BUDGET,ENABLED,USD,186125,107,687.11,3238.05,21,23,20,3118.1,22,370,31,51278,
"Sep 29, 2025","=""401081905525372""",C.Competitor.Consumer.SD.UPS.PFCSineWave.CP1500PFCRM2U.B0B354X985,,250,DAILY_BUDGET,ENABLED,USD,6416,13,21.48,239.95,1,1,1,239.95,1,8,0,0,
"Sep 06, 2025","=""401081905525372""",C.Competitor.Consumer.SD.UPS.PFCSineWave.CP1500PFCRM2U.B0B354X985,,250,DAILY_BUDGET,ENABLED,USD,5966,17,23.77,0.0,0,0,0,0.0,0,25,0,0,
"Sep 12, 2025","=""263494384088815""",C.SD.Product.UPS.Ecologic.EC850LCD.B00DBAA696,,250,DAILY_BUDGET,ENABLED,USD,141976,74,696.57,4546.75,22,26,15,2432.64,18,322,34,38145,
"Sep 23, 2025","=""287421757846510""",C.Keyword.Consumer.SD.UPS.PFCSineWave.CP1500PFCRM2U.B0B354X985,,250,DAILY_BUDGET,ENABLED,USD,5364,6,48.72,0.0,0,0,0,0.0,0,10,0,0,
"Oct 24, 2025","=""38365855708871""",C.SD.Product.UPS.SmartAppLCD.B000XJLLKG.OR700LCDRM1U,,250,DAILY_BUDGET,ENABLED,USD,957,2,3.83,719.85,2,3,2,719.85,3,5,2,487,
"Oct 13, 2025","=""401081905525372""",C.Competitor.Consumer.SD.UPS.PFCSineWave.CP1500PFCRM2U.B0B354X985,,250,DAILY_BUDGET,ENABLED,USD,45815,115,61.71,0.0,0,0,0,0.0,0,41,0,0,
"Sep 14, 2025","=""401081905525372""",C.Competitor.Consumer.SD.UPS.PFCSineWave.CP1500PFCRM2U.B0B354X985,,250,DAILY_BUDGET,ENABLED,USD,1362,5,3.44,0.0,0,0,0,0.0,0,1,0,0,
"Oct 30, 2025","=""51640494101738""",C.Product.Consumer.SP.UPS.PFCSineWave.CP1500PFCRM2U.B0B354X985,,250,DAILY_BUDGET,ENABLED,USD,123,0,0.0,0.0,0,0,0,0.0,0,0,0,0,
"Sep 04, 2025","=""51640494101738""",C.Product.Consumer.SP.UPS.PFCSineWave.CP1500PFCRM2U.B0B354X985,,250,DAILY_BUDGET,ENABLED,USD,163,0,0.0,0.0,0,0,0,0.0,0,1,0,0,
"Oct 15, 2025","=""124438051163565""",C.SD.Product.UPS.PFCSinewave.CP1500PFCLCD.B00429N19W,,450,DAILY_BUDGET,ENABLED,USD,136034,41,547.03,3766.1,10,18,9,2806.3,14,145,16,46433,
"Sep 21, 2025","=""38365855708871""",C.SD.Product.UPS.SmartAppLCD.B000XJLLKG.OR700LCDRM1U,,250,DAILY_BUDGET,ENABLED,USD,1237,3,5.88,170.95,1,1,1,170.95,1,17,2,699,
"Oct 02, 2025","=""51640494101738""",C.Product.Consumer.SP.UPS.PFCSineWave.CP1500PFCRM2U.B0B354X985,,250,DAILY_BUDGET,ENABLED,USD,113,0,0.0,0.0,0,0,0,0.0,0,0,0,0,
"Nov 26, 2025","=""287421757846510""",C.Keyword.Consumer.SD.UPS.PFCSineWave.CP1500PFCRM2U.B0B354X985,,250,DAILY_BUDGET,ENABLED,USD,5696,12,15.97,0.0,0,0,0,0.0,0,3,0,0,
"Nov 10, 2025","=""401081905525372""",C.Competitor.Consumer.SD.UPS.PFCSineWave.CP1500PFCRM2U.B0B354X985,,250,DAILY_BUDGET,ENABLED,USD,12601,26,60.58,239.95,1,1,1,239.95,1,39,2,0,
"Nov 21, 2025","=""38365855708871""",C.SD.Product.UPS.SmartAppLCD.B000XJLLKG.OR700LCDRM1U,,250,DAILY_BUDGET,ENABLED,USD,5465,11,23.33,819.75,6,6,6,819.75,6,138,13,2758,
"Sep 06, 2025","=""263494384088815""",C.SD.Product.UPS.Ecologic.EC850LCD.B00DBAA696,,250,DAILY_BUDGET,ENABLED,USD,207668,130,686.56,6899.24,41,54,38,6101.64,46,845,83,61737,
"Nov 27, 2025","=""170474248246250""",C.SD.Product.UPS.IntelligentLCD.CP1500AVRLCD3.B0BCMLLSHL,,250,DAILY_BUDGET,ENABLED,USD,5326,7,21.86,299.9,1,2,1,299.9,2,20,5,2377,
"Sep 02, 2025","=""124438051163565""",C.SD.Product.UPS.PFCSinewave.CP1500PFCLCD.B00429N19W,,450,DAILY_BUDGET,ENABLED,USD,305532,163,772.12,5733.99,32,40,26,3953.41,30,536,52,131263,
"Nov 08, 2025","=""401081905525372""",C.Competitor.Consumer.SD.UPS.PFCSineWave.CP1500PFCRM2U.B0B354X985,,250,DAILY_BUDGET,ENABLED,USD,12002,25,26.29,0.0,0,0,0,0.0,0,20,0,0,
"Oct 05, 2025","=""263494384088815""",C.SD.Product.UPS.Ecologic.EC850LCD.B00DBAA696,,250,DAILY_BUDGET,ENABLED,USD,176737,101,896.82,2486.42,17,19,14,2109.63,14,355,28,47536,
"Oct 14, 2025","=""38365855708871""",C.SD.Product.UPS.SmartAppLCD.B000XJLLKG.OR700LCDRM1U,,250,DAILY_BUDGET,ENABLED,USD,2653,1,10.32,399.94,2,2,2,399.94,2,50,3,1392,
"Nov 15, 2025","=""263494384088815""",C.SD.Product.UPS.Ecologic.EC850LCD.B00DBAA696,,250,DAILY_BUDGET,ENABLED,USD,313532,231,1208.77,4464.81,33,34,29,4011.57,29,1126,82,98996,
"Sep 15, 2025","=""401081905525372""",C.Competitor.Consumer.SD.UPS.PFCSineWave.CP1500PFCRM2U.B0B354X985,,250,DAILY_BUDGET,ENABLED,USD,2585,6,4.15,0.0,0,0,0,0.0,0,4,0,0,
"Oct 28, 2025","=""263494384088815""",C.SD.Product.UPS.Ecologic.EC850LCD.B00DBAA696,,250,DAILY_BUDGET,ENABLED,USD,222122,122,656.07,8613.14,41,48,25,3226.51,28,689,82,62793,
"Nov 01, 2025","=""401081905525372""",C.Competitor.Consumer.SD.UPS.PFCSineWave.CP1500PFCRM2U.B0B354X985,,250,DAILY_BUDGET,ENABLED,USD,12251,37,9.15,0.0,0,0,0,0.0,0,46,0,0,
"Nov 20, 2025","=""38365855708871""",C.SD.Product.UPS.SmartAppLCD.B000XJLLKG.OR700LCDRM1U,,250,DAILY_BUDGET,ENABLED,USD,2103,5,11.42,0.0,0,0,0,0.0,0,30,0,1165,
"Oct 17, 2025","=""296198269696664""",C.SD.Keyword.UPS.IntelligentLCD.CP1500AVRLCD3.B0BCMLLSHL,,250,DAILY_BUDGET,ENABLED,USD,371624,1009,1979.94,199.95,1,1,1,199.95,1,1041,0,0,
"Nov 28, 2025","=""170474248246250""",C.SD.Product.UPS.IntelligentLCD.CP1500AVRLCD3.B0BCMLLSHL,,250,DAILY_BUDGET,ENABLED,USD,119159,113,420.64,767.85,8,27,5,669.6,24,372,29,54218,
"Nov 09, 2025","=""296198269696664""",C.SD.Keyword.UPS.IntelligentLCD.CP1500AVRLCD3.B0BCMLLSHL,,250,DAILY_BUDGET,ENABLED,USD,455233,1163,2101.76,1020.85,3,3,1,199.95,1,753,7,0,
"Oct 13, 2025","=""263494384088815""",C.SD.Product.UPS.Ecologic.EC850LCD.B00DBAA696,,250,DAILY_BUDGET,ENABLED,USD,297036,147,949.83,5966.68,37,41,29,4454.92,32,803,66,80068,
"Nov 27, 2025","=""263494384088815""",C.SD.Product.UPS.Ecologic.EC850LCD.B00DBAA696,,250,DAILY_BUDGET,ENABLED,USD,164266,121,998.4,1822.35,15,15,15,1822.35,15,488,25,55254,
"Nov 29, 2025","=""263494384088815""",C.SD.Product.UPS.Ecologic.EC850LCD.B00DBAA696,,250,DAILY_BUDGET,ENABLED,USD,161935,128,1000.43,1874.19,8,12,5,734.54,5,490,24,51839,
"Oct 07, 2025","=""51640494101738""",C.Product.Consumer.SP.UPS.PFCSineWave.CP1500PFCRM2U.B0B354X985,,250,DAILY_BUDGET,ENABLED,USD,272,1,6.7,0.0,0,0,0,0.0,0,3,0,0,
"Nov 08, 2025","=""38365855708871""",C.SD.Product.UPS.SmartAppLCD.B000XJLLKG.OR700LCDRM1U,,250,DAILY_BUDGET,ENABLED,USD,1520,3,5.5,0.0,0,0,0,0.0,0,33,0,688,
"Nov 21, 2025","=""287421757846510""",C.Keyword.Consumer.SD.UPS.PFCSineWave.CP1500PFCRM2U.B0B354X985,,250,DAILY_BUDGET,ENABLED,USD,9595,21,56.75,0.0,0,0,0,0.0,0,16,0,0,
"Oct 06, 2025","=""38365855708871""",C.SD.Product.UPS.SmartAppLCD.B000XJLLKG.OR700LCDRM1U,,250,DAILY_BUDGET,ENABLED,USD,3796,5,14.3,1290.7,8,8,6,740.75,6,67,7,1872,
"Aug 31, 2025","=""124438051163565""",C.SD.Product.UPS.PFCSinewave.CP1500PFCLCD.B00429N19W,,450,DAILY_BUDGET,ENABLED,USD,320890,158,849.86,3311.03,16,23,13,2511.23,19,405,17,143565,
"Nov 25, 2025","=""401081905525372""",C.Competitor.Consumer.SD.UPS.PFCSineWave.CP1500PFCRM2U.B0B354X985,,250,DAILY_BUDGET,ENABLED,USD,0,0,0.0,0.0,0,0,0,0.0,0,0,0,0,
"Oct 21, 2025","=""296198269696664""",C.SD.Keyword.UPS.IntelligentLCD.CP1500AVRLCD3.B0BCMLLSHL,,250,DAILY_BUDGET,ENABLED,USD,570729,1170,2513.46,239.9,2,2,0,0.0,0,713,10,0,
"Nov 24, 2025","=""401081905525372""",C.Competitor.Consumer.SD.UPS.PFCSineWave.CP1500PFCRM2U.B0B354X985,,250,DAILY_BUDGET,ENABLED,USD,9689,16,39.15,45.87,1,3,1,45.87,3,27,1,0,
"Sep 03, 2025","=""287421757846510""",C.Keyword.Consumer.SD.UPS.PFCSineWave.CP1500PFCRM2U.B0B354X985,,250,DAILY_BUDGET,ENABLED,USD,13898,22,47.28,769.9,2,2,2,769.9,2,26,2,0,
"Nov 09, 2025","=""38365855708871""",C.SD.Product.UPS.SmartAppLCD.B000XJLLKG.OR700LCDRM1U,,250,DAILY_BUDGET,ENABLED,USD,1959,2,7.31,0.0,0,0,0,0.0,0,14,0,871,
"Oct 29, 2025","=""263494384088815""",C.SD.Product.UPS.Ecologic.EC850LCD.B00DBAA696,,250,DAILY_BUDGET,ENABLED,USD,269146,156,761.05,11138.31,49,60,41,7948.71,50,921,82,79741,
"Oct 28, 2025","=""401081905525372""",C.Competitor.Consumer.SD.UPS.PFCSineWave.CP1500PFCRM2U.B0B354X985,,250,DAILY_BUDGET,ENABLED,USD,11898,19,8.04,0.0,0,0,0,0.0,0,6,0,0,
"Oct 22, 2025","=""401081905525372""",C.Competitor.Consumer.SD.UPS.PFCSineWave.CP1500PFCRM2U.B0B354X985,,250,DAILY_BUDGET,ENABLED,USD,20500,55,30.91,428.9,2,2,2,428.9,2,51,2,0,
"Oct 29, 2025","=""124438051163565""",C.SD.Product.UPS.PFCSinewave.CP1500PFCLCD.B00429N19W,,450,DAILY_BUDGET,ENABLED,USD,0,0,0.0,0.0,0,0,0,0.0,0,0,0,0,
"Nov 10, 2025","=""170474248246250""",C.SD.Product.UPS.IntelligentLCD.CP1500AVRLCD3.B0BCMLLSHL,,250,DAILY_BUDGET,ENABLED,USD,14638,20,44.87,1963.83,8,19,6,1416.44,12,88,7,6711,
"Oct 27, 2025","=""38365855708871""",C.SD.Product.UPS.SmartAppLCD.B000XJLLKG.OR700LCDRM1U,,250,DAILY_BUDGET,ENABLED,USD,1909,1,6.3,479.13,3,3,3,479.13,3,28,4,920,
"Sep 01, 2025","=""287421757846510""",C.Keyword.Consumer.SD.UPS.PFCSineWave.CP1500PFCRM2U.B0B354X985,,250,DAILY_BUDGET,ENABLED,USD,4613,14,41.94,359.95,1,1,0,0.0,0,14,1,0,
"Sep 06, 2025","=""51640494101738""",C.Product.Consumer.SP.UPS.PFCSineWave.CP1500PFCRM2U.B0B354X985,,250,DAILY_BUDGET,ENABLED,USD,100,0,0.0,0.0,0,0,0,0.0,0,0,0,0,
"Oct 28, 2025","=""296198269696664""",C.SD.Keyword.UPS.IntelligentLCD.CP1500AVRLCD3.B0BCMLLSHL,,250,DAILY_BUDGET,ENABLED,USD,470601,853,1998.01,0.0,0,0,0,0.0,0,628,6,0,
"Nov 12, 2025","=""170474248246250""",C.SD.Product.UPS.IntelligentLCD.CP1500AVRLCD3.B0BCMLLSHL,,250,DAILY_BUDGET,ENABLED,USD,27340,50,104.28,3454.29,20,27,16,2861.45,23,180,26,12344,
"Sep 16, 2025","=""38365855708871""",C.SD.Product.UPS.SmartAppLCD.B000XJLLKG.OR700LCDRM1U,,250,DAILY_BUDGET,ENABLED,USD,1545,4,7.29,104.94,1,1,1,104.94,1,28,2,870,
"Nov 04, 2025","=""38365855708871""",C.SD.Product.UPS.SmartAppLCD.B000XJLLKG.OR700LCDRM1U,,250,DAILY_BUDGET,ENABLED,USD,1569,5,6.02,498.75,3,5,3,498.75,5,37,3,720,
"Oct 12, 2025","=""51640494101738""",C.Product.Consumer.SP.UPS.PFCSineWave.CP1500PFCRM2U.B0B354X985,,250,DAILY_BUDGET,ENABLED,USD,77,0,0.0,0.0,0,0,0,0.0,0,0,0,0,
"Nov 05, 2025","=""296198269696664""",C.SD.Keyword.UPS.IntelligentLCD.CP1500AVRLCD3.B0BCMLLSHL,,250,DAILY_BUDGET,ENABLED,USD,582448,1271,2186.54,218.55,1,1,0,0.0,0,915,5,0,
"Sep 03, 2025","=""263494384088815""",C.SD.Product.UPS.Ecologic.EC850LCD.B00DBAA696,,250,DAILY_BUDGET,ENABLED,USD,194267,111,605.57,15643.36,64,86,36,9032.88,44,807,77,55861,
"Sep 29, 2025","=""124438051163565""",C.SD.Product.UPS.PFCSinewave.CP1500PFCLCD.B00429N19W,,450,DAILY_BUDGET,ENABLED,USD,802503,257,3221.01,5834.2,34,53,25,3558.36,38,678,60,261021,
"Nov 10, 2025","=""263494384088815""",C.SD.Product.UPS.Ecologic.EC850LCD.B00DBAA696,,250,DAILY_BUDGET,ENABLED,USD,350254,232,893.1,12326.76,61,77,46,8591.12,56,1219,121,100336,
"Oct 05, 2025","=""287421757846510""",C.Keyword.Consumer.SD.UPS.PFCSineWave.CP1500PFCRM2U.B0B354X985,,250,DAILY_BUDGET,ENABLED,USD,7080,5,40.81,0.0,0,0,0,0.0,0,9,0,0,
"Nov 07, 2025","=""263494384088815""",C.SD.Product.UPS.Ecologic.EC850LCD.B00DBAA696,,250,DAILY_BUDGET,ENABLED,USD,249961,144,710.46,8370.45,40,55,29,4622.16,40,809,77,75262,
"Sep 14, 2025","=""263494384088815""",C.SD.Product.UPS.Ecologic.EC850LCD.B00DBAA696,,250,DAILY_BUDGET,ENABLED,USD,145329,96,721.51,3431.12,16,19,9,1152.53,11,316,30,39829,
"Nov 06, 2025","=""401081905525372""",C.Competitor.Consumer.SD.UPS.PFCSineWave.CP1500PFCRM2U.B0B354X985,,250,DAILY_BUDGET,ENABLED,USD,8294,18,27.13,309.95,1,1,1,309.95,1,22,3,0,
"Sep 14, 2025","=""51640494101738""",C.Product.Consumer.SP.UPS.PFCSineWave.CP1500PFCRM2U.B0B354X985,,250,DAILY_BUDGET,ENABLED,USD,24,0,0.0,0.0,0,0,0,0.0,0,0,0,0,
"Sep 03, 2025","=""124438051163565""",C.SD.Product.UPS.PFCSinewave.CP1500PFCLCD.B00429N19W,,450,DAILY_BUDGET,ENABLED,USD,359204,136,969.55,6123.86,35,49,21,1911.67,22,429,47,142386,
"Sep 21, 2025","=""124438051163565""",C.SD.Product.UPS.PFCSinewave.CP1500PFCLCD.B00429N19W,,450,DAILY_BUDGET,ENABLED,USD,0,0,0.0,0.0,0,0,0,0.0,0,2,0,0,
"Nov 27, 2025","=""401081905525372""",C.Competitor.Consumer.SD.UPS.PFCSineWave.CP1500PFCRM2U.B0B354X985,,250,DAILY_BUDGET,ENABLED,USD,8657,32,34.66,0.0,0,0,0,0.0,0,38,0,0,
"Oct 08, 2025","=""263494384088815""",C.SD.Product.UPS.Ecologic.EC850LCD.B00DBAA696,,250,DAILY_BUDGET,ENABLED,USD,162294,100,1000.41,13213.91,49,66,33,6724.07,42,890,81,49579,
"Oct 24, 2025","=""263494384088815""",C.SD.Product.UPS.Ecologic.EC850LCD.B00DBAA696,,250,DAILY_BUDGET,ENABLED,USD,127137,87,534.76,3755.53,24,30,20,2627.79,24,352,31,35984,
"Oct 23, 2025","=""124438051163565""",C.SD.Product.UPS.PFCSinewave.CP1500PFCLCD.B00429N19W,,450,DAILY_BUDGET,ENABLED,USD,0,0,0.0,0.0,0,0,0,0.0,0,1,0,0,
"Sep 28, 2025","=""287421757846510""",C.Keyword.Consumer.SD.UPS.PFCSineWave.CP1500PFCRM2U.B0B354X985,,250,DAILY_BUDGET,ENABLED,USD,4657,1,26.64,68.95,1,1,0,0.0,0,3,2,0,
"Sep 13, 2025","=""401081905525372""",C.Competitor.Consumer.SD.UPS.PFCSineWave.CP1500PFCRM2U.B0B354X985,,250,DAILY_BUDGET,ENABLED,USD,1685,7,2.77,0.0,0,0,0,0.0,0,2,0,0,
"Oct 20, 2025","=""51640494101738""",C.Product.Consumer.SP.UPS.PFCSineWave.CP1500PFCRM2U.B0B354X985,,250,DAILY_BUDGET,ENABLED,USD,24,0,0.0,0.0,0,0,0,0.0,0,0,0,0,
"Sep 02, 2025","=""38365855708871""",C.SD.Product.UPS.SmartAppLCD.B000XJLLKG.OR700LCDRM1U,,250,DAILY_BUDGET,ENABLED,USD,1075,1,3.9,0.0,0,0,0,0.0,0,25,1,528,
"Oct 05, 2025","=""124438051163565""",C.SD.Product.UPS.PFCSinewave.CP1500PFCLCD.B00429N19W,,450,DAILY_BUDGET,ENABLED,USD,612118,245,2595.95,3675.51,24,26,20,2506.07,22,566,47,200577,
"Sep 25, 2025","=""124438051163565""",C.SD.Product.UPS.PFCSinewave.CP1500PFCLCD.B00429N19W,,450,DAILY_BUDGET,ENABLED,USD,1536687,535,5059.45,24757.33,88,193,57,9855.3,86,1674,124,538127,
"Sep 22, 2025","=""263494384088815""",C.SD.Product.UPS.Ecologic.EC850LCD.B00DBAA696,,250,DAILY_BUDGET,ENABLED,USD,137289,83,766.98,3709.72,24,30,13,1781.58,13,403,47,40529,
"Oct 20, 2025","=""287421757846510""",C.Keyword.Consumer.SD.UPS.PFCSineWave.CP1500PFCRM2U.B0B354X985,,250,DAILY_BUDGET,ENABLED,USD,250,0,0.0,0.0,0,0,0,0.0,0,0,0,0,
"Nov 13, 2025","=""170474248246250""",C.SD.Product.UPS.IntelligentLCD.CP1500AVRLCD3.B0BCMLLSHL,,250,DAILY_BUDGET,ENABLED,USD,16662,29,63.54,577.87,4,5,3,479.88,4,124,8,7210,
"Oct 04, 2025","=""401081905525372""",C.Competitor.Consumer.SD.UPS.PFCSineWave.CP1500PFCRM2U.B0B354X985,,250,DAILY_BUDGET,ENABLED,USD,12467,35,34.03,0.0,0,0,0,0.0,0,26,0,0,
"Oct 26, 2025","=""170474248246250""",C.SD.Product.UPS.IntelligentLCD.CP1500AVRLCD3.B0BCMLLSHL,,250,DAILY_BUDGET,ENABLED,USD,134968,101,317.74,960.29,6,8,4,560.39,6,242,14,55063,
"Sep 29, 2025","=""287421757846510""",C.Keyword.Consumer.SD.UPS.PFCSineWave.CP1500PFCRM2U.B0B354X985,,250,DAILY_BUDGET,ENABLED,USD,8207,7,28.41,0.0,0,0,0,0.0,0,7,0,0,
"Sep 24, 2025","=""287421757846510""",C.Keyword.Consumer.SD.UPS.PFCSineWave.CP1500PFCRM2U.B0B354X985,,250,DAILY_BUDGET,ENABLED,USD,3103,7,37.27,0.0,0,0,0,0.0,0,11,1,0,
"Sep 16, 2025","=""51640494101738""",C.Product.Consumer.SP.UPS.PFCSineWave.CP1500PFCRM2U.B0B354X985,,250,DAILY_BUDGET,ENABLED,USD,40,0,0.0,0.0,0,0,0,0.0,0,0,0,0,
"Sep 10, 2025","=""124438051163565""",C.SD.Product.UPS.PFCSinewave.CP1500PFCLCD.B00429N19W,,450,DAILY_BUDGET,ENABLED,USD,352643,110,1279.68,3449.48,34,42,24,2177.12,25,395,44,118703,
"Oct 20, 2025","=""38365855708871""",C.SD.Product.UPS.SmartAppLCD.B000XJLLKG.OR700LCDRM1U,,250,DAILY_BUDGET,ENABLED,USD,879,1,1.32,577.64,2,8,1,94.99,1,19,6,235,
"Oct 09, 2025","=""51640494101738""",C.Product.Consumer.SP.UPS.PFCSineWave.CP1500PFCRM2U.B0B354X985,,250,DAILY_BUDGET,ENABLED,USD,58,0,0.0,0.0,0,0,0,0.0,0,0,0,0,
"Oct 09, 2025","=""38365855708871""",C.SD.Product.UPS.SmartAppLCD.B000XJLLKG.OR700LCDRM1U,,250,DAILY_BUDGET,ENABLED,USD,2802,3,11.73,335.9,2,2,2,335.9,2,26,6,1493,
"Sep 29, 2025","=""263494384088815""",C.SD.Product.UPS.Ecologic.EC850LCD.B00DBAA696,,250,DAILY_BUDGET,ENABLED,USD,358386,170,1344.99,9358.67,49,67,36,6154.61,45,949,104,93887,
"Nov 12, 2025","=""51640494101738""",C.Product.Consumer.SP.UPS.PFCSineWave.CP1500PFCRM2U.B0B354X985,,250,DAILY_BUDGET,ENABLED,USD,268,1,0.4,0.0,0,0,0,0.0,0,1,0,0,
"Oct 08, 2025","=""124438051163565""",C.SD.Product.UPS.PFCSinewave.CP1500PFCLCD.B00429N19W,,450,DAILY_BUDGET,ENABLED,USD,524058,178,3493.29,6978.35,29,37,21,4790.9,24,574,39,180227,
"Oct 26, 2025","=""287421757846510""",C.Keyword.Consumer.SD.UPS.PFCSineWave.CP1500PFCRM2U.B0B354X985,,250,DAILY_BUDGET,ENABLED,USD,1726,1,7.34,0.0,0,0,0,0.0,0,4,0,0,
"Sep 23, 2025","=""263494384088815""",C.SD.Product.UPS.Ecologic.EC850LCD.B00DBAA696,,250,DAILY_BUDGET,ENABLED,USD,115002,61,593.52,4007.52,26,32,20,3580.83,21,355,35,33189,
"Sep 13, 2025","=""124438051163565""",C.SD.Product.UPS.PFCSinewave.CP1500PFCLCD.B00429N19W,,450,DAILY_BUDGET,ENABLED,USD,285817,142,1046.69,4306.83,23,31,18,3601.22,24,365,35,123457,
"Sep 25, 2025","=""287421757846510""",C.Keyword.Consumer.SD.UPS.PFCSineWave.CP1500PFCRM2U.B0B354X985,,250,DAILY_BUDGET,ENABLED,USD,2823,4,8.91,0.0,0,0,0,0.0,0,4,1,0,
"Oct 19, 2025","=""263494384088815""",C.SD.Product.UPS.Ecologic.EC850LCD.B00DBAA696,,250,DAILY_BUDGET,ENABLED,USD,148971,104,619.39,1270.66,11,12,9,1071.78,10,342,24,44463,
"Sep 20, 2025","=""401081905525372""",C.Competitor.Consumer.SD.UPS.PFCSineWave.CP1500PFCRM2U.B0B354X985,,250,DAILY_BUDGET,ENABLED,USD,3271,19,24.61,0.0,0,0,0,0.0,0,11,0,0,
"Sep 20, 2025","=""263494384088815""",C.SD.Product.UPS.Ecologic.EC850LCD.B00DBAA696,,250,DAILY_BUDGET,ENABLED,USD,144367,86,755.26,2590.57,11,11,8,939.68,8,331,22,43970,
"Sep 24, 2025","=""38365855708871""",C.SD.Product.UPS.SmartAppLCD.B000XJLLKG.OR700LCDRM1U,,250,DAILY_BUDGET,ENABLED,USD,1308,1,5.47,239.95,1,1,0,0.0,0,16,1,695,
"Nov 18, 2025","=""263494384088815""",C.SD.Product.UPS.Ecologic.EC850LCD.B00DBAA696,,250,DAILY_BUDGET,ENABLED,USD,386430,275,1241.87,15296.51,72,85,49,8193.0,57,1358,116,123170,
"Sep 29, 2025","=""51640494101738""",C.Product.Consumer.SP.UPS.PFCSineWave.CP1500PFCRM2U.B0B354X985,,250,DAILY_BUDGET,ENABLED,USD,164,0,0.0,0.0,0,0,0,0.0,0,0,0,0,
"Oct 25, 2025","=""296198269696664""",C.SD.Keyword.UPS.IntelligentLCD.CP1500AVRLCD3.B0BCMLLSHL,,250,DAILY_BUDGET,ENABLED,USD,531450,1224,2281.98,0.0,0,0,0,0.0,0,757,3,0,
"Oct 28, 2025","=""38365855708871""",C.SD.Product.UPS.SmartAppLCD.B000XJLLKG.OR700LCDRM1U,,250,DAILY_BUDGET,ENABLED,USD,946,0,2.51,0.0,0,0,0,0.0,0,14,0,585,
"Sep 07, 2025","=""124438051163565""",C.SD.Product.UPS.PFCSinewave.CP1500PFCLCD.B00429N19W,,450,DAILY_BUDGET,ENABLED,USD,270985,94,765.51,573.7,8,8,8,573.7,8,332,25,114778,
"Oct 07, 2025","=""124438051163565""",C.SD.Product.UPS.PFCSinewave.CP1500PFCLCD.B00429N19W,,450,DAILY_BUDGET,ENABLED,USD,856983,325,5111.82,6892.95,41,52,28,4562.7,29,965,61,313585,
"Sep 28, 2025","=""51640494101738""",C.Product.Consumer.SP.UPS.PFCSineWave.CP1500PFCRM2U.B0B354X985,,250,DAILY_BUDGET,ENABLED,USD,69,1,1.86,0.0,0,0,0,0.0,0,2,0,0,
"Oct 14, 2025","=""124438051163565""",C.SD.Product.UPS.PFCSinewave.CP1500PFCLCD.B00429N19W,,450,DAILY_BUDGET,ENABLED,USD,714006,205,2649.2,3527.89,19,34,9,1222.59,9,625,58,244611,
"Nov 13, 2025","=""296198269696664""",C.SD.Keyword.UPS.IntelligentLCD.CP1500AVRLCD3.B0BCMLLSHL,,250,DAILY_BUDGET,ENABLED,USD,638836,1132,1651.2,630.42,5,5,1,59.95,1,1064,9,0,
"Nov 11, 2025","=""38365855708871""",C.SD.Product.UPS.SmartAppLCD.B000XJLLKG.OR700LCDRM1U,,250,DAILY_BUDGET,ENABLED,USD,3336,5,11.47,639.85,2,3,1,359.9,2,48,5,1447,
"Oct 18, 2025","=""170474248246250""",C.SD.Product.UPS.IntelligentLCD.CP1500AVRLCD3.B0BCMLLSHL,,250,DAILY_BUDGET,ENABLED,USD,36119,27,120.92,1661.65,4,11,2,1449.68,8,57,4,19268,
"Nov 29, 2025","=""51640494101738""",C.Product.Consumer.SP.UPS.PFCSineWave.CP1500PFCRM2U.B0B354X985,,250,DAILY_BUDGET,ENABLED,USD,26,0,0.0,0.0,0,0,0,0.0,0,0,0,0,
"Sep 17, 2025","=""51640494101738""",C.Product.Consumer.SP.UPS.PFCSineWave.CP1500PFCRM2U.B0B354X985,,250,DAILY_BUDGET,ENABLED,USD,55,0,0.0,0.0,0,0,0,0.0,0,0,0,0,
"Oct 27, 2025","=""296198269696664""",C.SD.Keyword.UPS.IntelligentLCD.CP1500AVRLCD3.B0BCMLLSHL,,250,DAILY_BUDGET,ENABLED,USD,630973,1025,2154.0,399.8,2,4,0,0.0,0,615,7,0,
"Nov 22, 2025","=""38365855708871""",C.SD.Product.UPS.SmartAppLCD.B000XJLLKG.OR700LCDRM1U,,250,DAILY_BUDGET,ENABLED,USD,1906,4,9.77,79.95,1,1,1,79.95,1,20,4,996,
"Nov 28, 2025","=""38365855708871""",C.SD.Product.UPS.SmartAppLCD.B000XJLLKG.OR700LCDRM1U,,250,DAILY_BUDGET,ENABLED,USD,6428,14,29.35,939.8,4,4,3,659.85,3,81,3,3607,
"Oct 17, 2025","=""124438051163565""",C.SD.Product.UPS.PFCSinewave.CP1500PFCLCD.B00429N19W,,450,DAILY_BUDGET,ENABLED,USD,0,0,0.0,0.0,0,0,0,0.0,0,1,0,0,
"Aug 30, 2025","=""401081905525372""",C.Competitor.Consumer.SD.UPS.PFCSineWave.CP1500PFCRM2U.B0B354X985,,250,DAILY_BUDGET,ENABLED,USD,3074,13,19.13,0.0,0,0,0,0.0,0,13,0,0,
"Sep 05, 2025","=""287421757846510""",C.Keyword.Consumer.SD.UPS.PFCSineWave.CP1500PFCRM2U.B0B354X985,,250,DAILY_BUDGET,ENABLED,USD,15405,13,39.12,1089.45,4,11,0,0.0,0,18,4,0,
"Sep 08, 2025","=""287421757846510""",C.Keyword.Consumer.SD.UPS.PFCSineWave.CP1500PFCRM2U.B0B354X985,,250,DAILY_BUDGET,ENABLED,USD,11799,16,64.3,359.95,1,1,0,0.0,0,39,0,0,
"Sep 25, 2025","=""401081905525372""",C.Competitor.Consumer.SD.UPS.PFCSineWave.CP1500PFCRM2U.B0B354X985,,250,DAILY_BUDGET,ENABLED,USD,6611,10,6.57,0.0,0,0,0,0.0,0,9,0,0,
"Sep 18, 2025","=""51640494101738""",C.Product.Consumer.SP.UPS.PFCSineWave.CP1500PFCRM2U.B0B354X985,,250,DAILY_BUDGET,ENABLED,USD,60,0,0.0,0.0,0,0,0,0.0,0,0,0,0,
"Sep 21, 2025","=""263494384088815""",C.SD.Product.UPS.Ecologic.EC850LCD.B00DBAA696,,250,DAILY_BUDGET,ENABLED,USD,153144,91,763.65,2030.99,22,23,15,1399.35,15,419,32,45724,
"Oct 06, 2025","=""401081905525372""",C.Competitor.Consumer.SD.UPS.PFCSineWave.CP1500PFCRM2U.B0B354X985,,250,DAILY_BUDGET,ENABLED,USD,8993,26,24.59,0.0,0,0,0,0.0,0,13,0,0,
"Nov 30, 2025","=""401081905525372""",C.Competitor.Consumer.SD.UPS.PFCSineWave.CP1500PFCRM2U.B0B354X985,,250,DAILY_BUDGET,ENABLED,USD,0,0,0.0,0.0,0,0,0,0.0,0,0,0,0,
"Sep 26, 2025","=""263494384088815""",C.SD.Product.UPS.Ecologic.EC850LCD.B00DBAA696,,250,DAILY_BUDGET,ENABLED,USD,295410,158,1262.77,5220.89,32,40,25,4344.36,29,808,61,79274,
"Nov 30, 2025","=""263494384088815""",C.SD.Product.UPS.Ecologic.EC850LCD.B00DBAA696,,250,DAILY_BUDGET,ENABLED,USD,137400,108,999.74,1787.73,13,13,10,1417.84,10,448,32,46930,
"Sep 12, 2025","=""401081905525372""",C.Competitor.Consumer.SD.UPS.PFCSineWave.CP1500PFCRM2U.B0B354X985,,250,DAILY_BUDGET,ENABLED,USD,3428,11,12.32,0.0,0,0,0,0.0,0,18,0,0,
"Oct 23, 2025","=""51640494101738""",C.Product.Consumer.SP.UPS.PFCSineWave.CP1500PFCRM2U.B0B354X985,,250,DAILY_BUDGET,ENABLED,USD,163,0,0.0,0.0,0,0,0,0.0,0,0,0,0,
"Sep 04, 2025","=""263494384088815""",C.SD.Product.UPS.Ecologic.EC850LCD.B00DBAA696,,250,DAILY_BUDGET,ENABLED,USD,201521,95,601.35,26617.95,79,142,55,12960.03,78,841,101,57188,
"Sep 03, 2025","=""401081905525372""",C.Competitor.Consumer.SD.UPS.PFCSineWave.CP1500PFCRM2U.B0B354X985,,250,DAILY_BUDGET,ENABLED,USD,4984,11,19.36,0.0,0,0,0,0.0,0,10,0,0,
"Sep 21, 2025","=""287421757846510""",C.Keyword.Consumer.SD.UPS.PFCSineWave.CP1500PFCRM2U.B0B354X985,,250,DAILY_BUDGET,ENABLED,USD,5884,11,50.27,0.0,0,0,0,0.0,0,15,0,0,
"Sep 30, 2025","=""287421757846510""",C.Keyword.Consumer.SD.UPS.PFCSineWave.CP1500PFCRM2U.B0B354X985,,250,DAILY_BUDGET,ENABLED,USD,10039,6,49.38,0.0,0,0,0,0.0,0,14,0,0,
"Sep 19, 2025","=""38365855708871""",C.SD.Product.UPS.SmartAppLCD.B000XJLLKG.OR700LCDRM1U,,250,DAILY_BUDGET,ENABLED,USD,3368,5,11.39,2069.53,11,11,4,286.74,4,152,16,1698,
"Oct 26, 2025","=""124438051163565""",C.SD.Product.UPS.PFCSinewave.CP1500PFCLCD.B00429N19W,,450,DAILY_BUDGET,ENABLED,USD,0,0,0.0,0.0,0,0,0,0.0,0,1,0,0,
"Nov 21, 2025","=""296198269696664""",C.SD.Keyword.UPS.IntelligentLCD.CP1500AVRLCD3.B0BCMLLSHL,,250,DAILY_BUDGET,ENABLED,USD,30344,46,189.98,0.0,0,0,0,0.0,0,28,0,0,
"Nov 02, 2025","=""38365855708871""",C.SD.Product.UPS.SmartAppLCD.B000XJLLKG.OR700LCDRM1U,,250,DAILY_BUDGET,ENABLED,USD,1689,1,5.36,220.91,3,3,3,220.91,3,24,2,873,
"Oct 31, 2025","=""401081905525372""",C.Competitor.Consumer.SD.UPS.PFCSineWave.CP1500PFCRM2U.B0B354X985,,250,DAILY_BUDGET,ENABLED,USD,7182,15,24.88,108.95,1,1,1,108.95,1,19,1,0,
"Oct 08, 2025","=""401081905525372""",C.Competitor.Consumer.SD.UPS.PFCSineWave.CP1500PFCRM2U.B0B354X985,,250,DAILY_BUDGET,ENABLED,USD,7726,15,26.9,68.95,1,1,0,0.0,0,19,1,0,
"Oct 21, 2025","=""263494384088815""",C.SD.Product.UPS.Ecologic.EC850LCD.B00DBAA696,,250,DAILY_BUDGET,ENABLED,USD,144644,69,612.24,4124.52,22,32,17,2743.17,19,278,36,41868,
"Oct 29, 2025","=""287421757846510""",C.Keyword.Consumer.SD.UPS.PFCSineWave.CP1500PFCRM2U.B0B354X985,,250,DAILY_BUDGET,ENABLED,USD,1090,2,7.07,0.0,0,0,0,0.0,0,0,0,0,
"Nov 23, 2025","=""51640494101738""",C.Product.Consumer.SP.UPS.PFCSineWave.CP1500PFCRM2U.B0B354X985,,250,DAILY_BUDGET,ENABLED,USD,103,0,0.0,0.0,0,0,0,0.0,0,0,0,0,
"Nov 12, 2025","=""296198269696664""",C.SD.Keyword.UPS.IntelligentLCD.CP1500AVRLCD3.B0BCMLLSHL,,250,DAILY_BUDGET,ENABLED,USD,378495,718,2018.42,0.0,0,0,0,0.0,0,422,2,0,
"Oct 13, 2025","=""287421757846510""",C.Keyword.Consumer.SD.UPS.PFCSineWave.CP1500PFCRM2U.B0B354X985,,250,DAILY_BUDGET,ENABLED,USD,4365,3,16.78,0.0,0,0,0,0.0,0,5,0,0,
"Oct 16, 2025","=""38365855708871""",C.SD.Product.UPS.SmartAppLCD.B000XJLLKG.OR700LCDRM1U,,250,DAILY_BUDGET,ENABLED,USD,2112,3,9.13,1064.5,4,10,2,158.9,2,23,4,1141,
"Oct 04, 2025","=""38365855708871""",C.SD.Product.UPS.SmartAppLCD.B000XJLLKG.OR700LCDRM1U,,250,DAILY_BUDGET,ENABLED,USD,1700,1,7.41,431.94,2,2,2,431.94,2,23,4,944,
"Nov 22, 2025","=""401081905525372""",C.Competitor.Consumer.SD.UPS.PFCSineWave.CP1500PFCRM2U.B0B354X985,,250,DAILY_BUDGET,ENABLED,USD,28314,84,90.88,525.85,3,3,1,96.95,1,81,7,0,
"Nov 29, 2025","=""170474248246250""",C.SD.Product.UPS.IntelligentLCD.CP1500AVRLCD3.B0BCMLLSHL,,250,DAILY_BUDGET,ENABLED,USD,2972,4,6.5,77.95,1,1,0,0.0,0,12,1,959,
"Sep 28, 2025","=""401081905525372""",C.Competitor.Consumer.SD.UPS.PFCSineWave.CP1500PFCRM2U.B0B354X985,,250,DAILY_BUDGET,ENABLED,USD,5416,10,35.76,359.95,1,1,1,359.95,1,15,2,0,
"Nov 26, 2025","=""38365855708871""",C.SD.Product.UPS.SmartAppLCD.B000XJLLKG.OR700LCDRM1U,,250,DAILY_BUDGET,ENABLED,USD,2769,3,16.19,0.0,0,0,0,0.0,0,34,3,1636,
"Nov 17, 2025","=""51640494101738""",C.Product.Consumer.SP.UPS.PFCSineWave.CP1500PFCRM2U.B0B354X985,,250,DAILY_BUDGET,ENABLED,USD,107,1,0.29,0.0,0,0,0,0.0,0,1,0,0,
"Oct 19, 2025","=""401081905525372""",C.Competitor.Consumer.SD.UPS.PFCSineWave.CP1500PFCRM2U.B0B354X985,,250,DAILY_BUDGET,ENABLED,USD,29770,94,32.58,0.0,0,0,0,0.0,0,76,0,0,
"Sep 04, 2025","=""287421757846510""",C.Keyword.Consumer.SD.UPS.PFCSineWave.CP1500PFCRM2U.B0B354X985,,250,DAILY_BUDGET,ENABLED,USD,15356,20,46.64,599.9,2,2,2,599.9,2,29,2,0,
"Nov 06, 2025","=""296198269696664""",C.SD.Keyword.UPS.IntelligentLCD.CP1500AVRLCD3.B0BCMLLSHL,,250,DAILY_BUDGET,ENABLED,USD,533091,1191,1953.04,1366.8,3,4,1,399.9,2,1677,8,0,
"Nov 02, 2025","=""51640494101738""",C.Product.Consumer.SP.UPS.PFCSineWave.CP1500PFCRM2U.B0B354X985,,250,DAILY_BUDGET,ENABLED,USD,130,0,0.0,0.0,0,0,0,0.0,0,0,0,0,
"Sep 13, 2025","=""263494384088815""",C.SD.Product.UPS.Ecologic.EC850LCD.B00DBAA696,,250,DAILY_BUDGET,ENABLED,USD,140903,78,711.14,2987.44,22,23,20,2860.06,21,294,35,38566,
"Nov 14, 2025","=""263494384088815""",C.SD.Product.UPS.Ecologic.EC850LCD.B00DBAA696,,250,DAILY_BUDGET,ENABLED,USD,355455,237,1124.25,8376.94,43,71,32,6375.53,52,1193,77,111177,
"Oct 14, 2025","=""401081905525372""",C.Competitor.Consumer.SD.UPS.PFCSineWave.CP1500PFCRM2U.B0B354X985,,250,DAILY_BUDGET,ENABLED,USD,19571,36,18.55,0.0,0,0,0,0.0,0,19,1,0,
"Nov 14, 2025","=""287421757846510""",C.Keyword.Consumer.SD.UPS.PFCSineWave.CP1500PFCRM2U.B0B354X985,,250,DAILY_BUDGET,ENABLED,USD,5783,11,12.22,0.0,0,0,0,0.0,0,9,0,0,
"Sep 17, 2025","=""287421757846510""",C.Keyword.Consumer.SD.UPS.PFCSineWave.CP1500PFCRM2U.B0B354X985,,250,DAILY_BUDGET,ENABLED,USD,7856,11,45.3,439.91,2,5,0,0.0,0,14,1,0,
"Sep 24, 2025","=""401081905525372""",C.Competitor.Consumer.SD.UPS.PFCSineWave.CP1500PFCRM2U.B0B354X985,,250,DAILY_BUDGET,ENABLED,USD,7543,32,24.75,1439.8,2,4,1,719.9,2,45,4,0,
"Oct 30, 2025","=""38365855708871""",C.SD.Product.UPS.SmartAppLCD.B000XJLLKG.OR700LCDRM1U,,250,DAILY_BUDGET,ENABLED,USD,481,0,1.96,119.95,1,1,1,119.95,1,9,1,233,
"Nov 15, 2025","=""51640494101738""",C.Product.Consumer.SP.UPS.PFCSineWave.CP1500PFCRM2U.B0B354X985,,250,DAILY_BUDGET,ENABLED,USD,179,0,0.0,0.0,0,0,0,0.0,0,0,0,0,
"Oct 27, 2025","=""124438051163565""",C.SD.Product.UPS.PFCSinewave.CP1500PFCLCD.B00429N19W,,450,DAILY_BUDGET,ENABLED,USD,0,0,0.0,0.0,0,0,0,0.0,0,2,0,0,
"Oct 11, 2025","=""38365855708871""",C.SD.Product.UPS.SmartAppLCD.B000XJLLKG.OR700LCDRM1U,,250,DAILY_BUDGET,ENABLED,USD,1557,2,7.26,544.85,3,3,2,364.9,2,29,4,847,
"Sep 12, 2025","=""51640494101738""",C.Product.Consumer.SP.UPS.PFCSineWave.CP1500PFCRM2U.B0B354X985,,250,DAILY_BUDGET,ENABLED,USD,41,0,0.0,0.0,0,0,0,0.0,0,0,0,0,
"Nov 22, 2025","=""263494384088815""",C.SD.Product.UPS.Ecologic.EC850LCD.B00DBAA696,,250,DAILY_BUDGET,ENABLED,USD,200225,146,1006.01,1914.06,17,17,13,1297.26,13,689,43,71119,
"Nov 30, 2025","=""170474248246250""",C.SD.Product.UPS.IntelligentLCD.CP1500AVRLCD3.B0BCMLLSHL,,250,DAILY_BUDGET,ENABLED,USD,0,0,0.0,0.0,0,0,0,0.0,0,0,0,0,
"Nov 26, 2025","=""124438051163565""",C.SD.Product.UPS.PFCSinewave.CP1500PFCLCD.B00429N19W,,450,DAILY_BUDGET,ENABLED,USD,0,0,0.0,0.0,0,0,0,0.0,0,1,0,0,
"Nov 21, 2025","=""51640494101738""",C.Product.Consumer.SP.UPS.PFCSineWave.CP1500PFCRM2U.B0B354X985,,250,DAILY_BUDGET,ENABLED,USD,59,0,0.0,0.0,0,0,0,0.0,0,0,0,0,
"Oct 30, 2025","=""263494384088815""",C.SD.Product.UPS.Ecologic.EC850LCD.B00DBAA696,,250,DAILY_BUDGET,ENABLED,USD,239968,158,692.03,11016.62,49,73,40,6000.96,48,934,82,72472,
"Sep 08, 2025","=""263494384088815""",C.SD.Product.UPS.Ecologic.EC850LCD.B00DBAA696,,250,DAILY_BUDGET,ENABLED,USD,140785,90,441.14,13956.03,59,98,39,6088.97,49,692,81,45629,
"Oct 01, 2025","=""263494384088815""",C.SD.Product.UPS.Ecologic.EC850LCD.B00DBAA696,,250,DAILY_BUDGET,ENABLED,USD,268830,115,994.1,5933.42,36,38,25,4291.95,25,592,70,67012,
"Nov 02, 2025","=""296198269696664""",C.SD.Keyword.UPS.IntelligentLCD.CP1500AVRLCD3.B0BCMLLSHL,,250,DAILY_BUDGET,ENABLED,USD,652390,1257,2560.11,79.95,1,1,0,0.0,0,630,5,0,
"Oct 18, 2025","=""263494384088815""",C.SD.Product.UPS.Ecologic.EC850LCD.B00DBAA696,,250,DAILY_BUDGET,ENABLED,USD,165589,103,617.77,2567.19,15,17,12,1710.39,13,350,27,47279,
"Oct 20, 2025","=""263494384088815""",C.SD.Product.UPS.Ecologic.EC850LCD.B00DBAA696,,250,DAILY_BUDGET,ENABLED,USD,33606,21,114.74,840.85,3,3,0,0.0,0,57,5,10797,
"Nov 04, 2025","=""287421757846510""",C.Keyword.Consumer.SD.UPS.PFCSineWave.CP1500PFCRM2U.B0B354X985,,250,DAILY_BUDGET,ENABLED,USD,2631,8,8.23,0.0,0,0,0,0.0,0,7,0,0,
"Nov 03, 2025","=""263494384088815""",C.SD.Product.UPS.Ecologic.EC850LCD.B00DBAA696,,250,DAILY_BUDGET,ENABLED,USD,237914,149,636.54,8539.1,44,47,30,5445.86,31,912,73,80162,
"Oct 06, 2025","=""263494384088815""",C.SD.Product.UPS.Ecologic.EC850LCD.B00DBAA696,,250,DAILY_BUDGET,ENABLED,USD,275869,103,1077.05,8260.99,43,58,29,5188.95,36,672,70,76385,
"Sep 14, 2025","=""287421757846510""",C.Keyword.Consumer.SD.UPS.PFCSineWave.CP1500PFCRM2U.B0B354X985,,250,DAILY_BUDGET,ENABLED,USD,3569,8,19.43,0.0,0,0,0,0.0,0,6,1,0,
"Oct 28, 2025","=""51640494101738""",C.Product.Consumer.SP.UPS.PFCSineWave.CP1500PFCRM2U.B0B354X985,,250,DAILY_BUDGET,ENABLED,USD,106,0,0.0,0.0,0,0,0,0.0,0,0,0,0,
"Oct 24, 2025","=""170474248246250""",C.SD.Product.UPS.IntelligentLCD.CP1500AVRLCD3.B0BCMLLSHL,,250,DAILY_BUDGET,ENABLED,USD,40611,36,122.62,669.65,4,4,4,669.65,4,161,8,17430,
"Nov 25, 2025","=""170474248246250""",C.SD.Product.UPS.IntelligentLCD.CP1500AVRLCD3.B0BCMLLSHL,,250,DAILY_BUDGET,ENABLED,USD,4848,7,17.21,0.0,0,0,0,0.0,0,14,0,2649,
"Oct 18, 2025","=""38365855708871""",C.SD.Product.UPS.SmartAppLCD.B000XJLLKG.OR700LCDRM1U,,250,DAILY_BUDGET,ENABLED,USD,1081,2,4.82,0.0,0,0,0,0.0,0,10,2,552,
"Nov 16, 2025","=""170474248246250""",C.SD.Product.UPS.IntelligentLCD.CP1500AVRLCD3.B0BCMLLSHL,,250,DAILY_BUDGET,ENABLED,USD,43444,66,165.31,1794.4,10,11,6,1227.69,7,192,7,24202,
"Nov 19, 2025","=""401081905525372""",C.Competitor.Consumer.SD.UPS.PFCSineWave.CP1500PFCRM2U.B0B354X985,,250,DAILY_BUDGET,ENABLED,USD,34566,84,63.26,0.0,0,0,0,0.0,0,63,1,0,
"Oct 13, 2025","=""124438051163565""",C.SD.Product.UPS.PFCSinewave.CP1500PFCLCD.B00429N19W,,450,DAILY_BUDGET,ENABLED,USD,845986,269,3174.9,8110.24,33,42,23,5674.94,28,713,49,290708,
"Oct 13, 2025","=""51640494101738""",C.Product.Consumer.SP.UPS.PFCSineWave.CP1500PFCRM2U.B0B354X985,,250,DAILY_BUDGET,ENABLED,USD,79,0,0.0,0.0,0,0,0,0.0,0,0,0,0,
"Nov 14, 2025","=""296198269696664""",C.SD.Keyword.UPS.IntelligentLCD.CP1500AVRLCD3.B0BCMLLSHL,,250,DAILY_BUDGET,ENABLED,USD,540736,983,1379.71,878.1,5,5,3,579.85,3,944,5,0,
"Sep 13, 2025","=""51640494101738""",C.Product.Consumer.SP.UPS.PFCSineWave.CP1500PFCRM2U.B0B354X985,,250,DAILY_BUDGET,ENABLED,USD,7,0,0.0,0.0,0,0,0,0.0,0,0,0,0,
"Oct 24, 2025","=""287421757846510""",C.Keyword.Consumer.SD.UPS.PFCSineWave.CP1500PFCRM2U.B0B354X985,,250,DAILY_BUDGET,ENABLED,USD,1189,1,0.92,0.0,0,0,0,0.0,0,1,0,0,
"Aug 29, 2025","=""263494384088815""",C.SD.Product.UPS.Ecologic.EC850LCD.B00DBAA696,,250,DAILY_BUDGET,ENABLED,USD,99530,83,298.27,4823.53,24,32,14,2453.23,17,527,38,29028,
"Sep 25, 2025","=""51640494101738""",C.Product.Consumer.SP.UPS.PFCSineWave.CP1500PFCRM2U.B0B354X985,,250,DAILY_BUDGET,ENABLED,USD,71,0,0.0,0.0,0,0,0,0.0,0,0,0,0,
"Nov 03, 2025","=""170474248246250""",C.SD.Product.UPS.IntelligentLCD.CP1500AVRLCD3.B0BCMLLSHL,,250,DAILY_BUDGET,ENABLED,USD,13097,15,30.38,1237.59,9,9,7,997.69,7,108,17,6070,
"Oct 31, 2025","=""263494384088815""",C.SD.Product.UPS.Ecologic.EC850LCD.B00DBAA696,,250,DAILY_BUDGET,ENABLED,USD,219952,159,641.08,7628.25,39,47,32,6729.6,40,932,78,66245,
"Oct 23, 2025","=""296198269696664""",C.SD.Keyword.UPS.IntelligentLCD.CP1500AVRLCD3.B0BCMLLSHL,,250,DAILY_BUDGET,ENABLED,USD,433536,898,1746.63,999.75,5,5,5,999.75,5,806,3,0,
"Sep 27, 2025","=""124438051163565""",C.SD.Product.UPS.PFCSinewave.CP1500PFCLCD.B00429N19W,,450,DAILY_BUDGET,ENABLED,USD,828714,296,4100.06,5487.59,36,47,31,4562.81,41,863,72,281285,
"Sep 06, 2025","=""38365855708871""",C.SD.Product.UPS.SmartAppLCD.B000XJLLKG.OR700LCDRM1U,,250,DAILY_BUDGET,ENABLED,USD,1321,0,5.43,87.47,1,1,1,87.47,1,14,1,694,
"Oct 01, 2025","=""124438051163565""",C.SD.Product.UPS.PFCSinewave.CP1500PFCLCD.B00429N19W,,450,DAILY_BUDGET,ENABLED,USD,1123559,275,3469.61,13412.59,59,87,28,5414.8,34,1054,96,333697,
"Oct 27, 2025","=""170474248246250""",C.SD.Product.UPS.IntelligentLCD.CP1500AVRLCD3.B0BCMLLSHL,,250,DAILY_BUDGET,ENABLED,USD,90612,66,242.76,1367.5,11,12,8,1079.55,9,219,16,37011,
"Nov 20, 2025","=""401081905525372""",C.Competitor.Consumer.SD.UPS.PFCSineWave.CP1500PFCRM2U.B0B354X985,,250,DAILY_BUDGET,ENABLED,USD,18409,66,66.21,0.0,0,0,0,0.0,0,37,1,0,
"Oct 31, 2025","=""51640494101738""",C.Product.Consumer.SP.UPS.PFCSineWave.CP1500PFCRM2U.B0B354X985,,250,DAILY_BUDGET,ENABLED,USD,141,0,0.0,0.0,0,0,0,0.0,0,0,0,0,
"Nov 03, 2025","=""51640494101738""",C.Product.Consumer.SP.UPS.PFCSineWave.CP1500PFCRM2U.B0B354X985,,250,DAILY_BUDGET,ENABLED,USD,154,0,0.0,0.0,0,0,0,0.0,0,0,0,0,
"Nov 29, 2025","=""401081905525372""",C.Competitor.Consumer.SD.UPS.PFCSineWave.CP1500PFCRM2U.B0B354X985,,250,DAILY_BUDGET,ENABLED,USD,360,0,0.0,0.0,0,0,0,0.0,0,0,0,0,
"Aug 31, 2025","=""287421757846510""",C.Keyword.Consumer.SD.UPS.PFCSineWave.CP1500PFCRM2U.B0B354X985,,250,DAILY_BUDGET,ENABLED,USD,4416,7,23.31,299.9,2,2,1,59.95,1,15,2,0,
"Nov 10, 2025","=""38365855708871""",C.SD.Product.UPS.SmartAppLCD.B000XJLLKG.OR700LCDRM1U,,250,DAILY_BUDGET,ENABLED,USD,2438,3,9.03,409.93,3,3,3,409.93,3,30,4,1131,
"Oct 10, 2025","=""51640494101738""",C.Product.Consumer.SP.UPS.PFCSineWave.CP1500PFCRM2U.B0B354X985,,250,DAILY_BUDGET,ENABLED,USD,47,0,0.0,0.0,0,0,0,0.0,0,0,0,0,
"Oct 19, 2025","=""287421757846510""",C.Keyword.Consumer.SD.UPS.PFCSineWave.CP1500PFCRM2U.B0B354X985,,250,DAILY_BUDGET,ENABLED,USD,1456,2,2.94,0.0,0,0,0,0.0,0,2,0,0,
"Oct 29, 2025","=""170474248246250""",C.SD.Product.UPS.IntelligentLCD.CP1500AVRLCD3.B0BCMLLSHL,,250,DAILY_BUDGET,ENABLED,USD,11613,19,37.65,2909.25,15,17,11,2545.4,12,135,20,6772,
"Sep 20, 2025","=""51640494101738""",C.Product.Consumer.SP.UPS.PFCSineWave.CP1500PFCRM2U.B0B354X985,,250,DAILY_BUDGET,ENABLED,USD,44,0,0.0,0.0,0,0,0,0.0,0,0,0,0,
"Nov 11, 2025","=""296198269696664""",C.SD.Keyword.UPS.IntelligentLCD.CP1500AVRLCD3.B0BCMLLSHL,,250,DAILY_BUDGET,ENABLED,USD,498654,1114,2129.74,15.29,1,1,0,0.0,0,940,9,0,
"Sep 18, 2025","=""263494384088815""",C.SD.Product.UPS.Ecologic.EC850LCD.B00DBAA696,,250,DAILY_BUDGET,ENABLED,USD,172096,86,814.08,3132.9,23,26,19,2656.1,22,426,40,49510,
"Sep 05, 2025","=""124438051163565""",C.SD.Product.UPS.PFCSinewave.CP1500PFCLCD.B00429N19W,,450,DAILY_BUDGET,ENABLED,USD,246474,106,694.07,5082.87,26,38,21,4354.1,31,409,40,106390,
"Oct 03, 2025","=""287421757846510""",C.Keyword.Consumer.SD.UPS.PFCSineWave.CP1500PFCRM2U.B0B354X985,,250,DAILY_BUDGET,ENABLED,USD,7492,5,31.16,0.0,0,0,0,0.0,0,9,0,0,
"Sep 28, 2025","=""124438051163565""",C.SD.Product.UPS.PFCSinewave.CP1500PFCLCD.B00429N19W,,450,DAILY_BUDGET,ENABLED,USD,1019346,369,4849.5,7088.29,29,38,24,4792.51,32,1025,92,343538,
"Oct 01, 2025","=""287421757846510""",C.Keyword.Consumer.SD.UPS.PFCSineWave.CP1500PFCRM2U.B0B354X985,,250,DAILY_BUDGET,ENABLED,USD,7263,7,31.43,359.95,1,1,1,359.95,1,7,1,0,
"Oct 02, 2025","=""124438051163565""",C.SD.Product.UPS.PFCSinewave.CP1500PFCLCD.B00429N19W,,450,DAILY_BUDGET,ENABLED,USD,801723,223,3496.11,11188.06,51,87,35,5677.01,48,726,68,250839,
"Nov 09, 2025","=""51640494101738""",C.Product.Consumer.SP.UPS.PFCSineWave.CP1500PFCRM2U.B0B354X985,,250,DAILY_BUDGET,ENABLED,USD,189,2,0.82,0.0,0,0,0,0.0,0,0,0,0,
"Oct 08, 2025","=""51640494101738""",C.Product.Consumer.SP.UPS.PFCSineWave.CP1500PFCRM2U.B0B354X985,,250,DAILY_BUDGET,ENABLED,USD,142,0,0.0,0.0,0,0,0,0.0,0,0,0,0,
"Nov 06, 2025","=""170474248246250""",C.SD.Product.UPS.IntelligentLCD.CP1500AVRLCD3.B0BCMLLSHL,,250,DAILY_BUDGET,ENABLED,USD,8872,10,34.37,802.98,7,7,7,802.98,7,82,7,4457,
"Nov 10, 2025","=""296198269696664""",C.SD.Keyword.UPS.IntelligentLCD.CP1500AVRLCD3.B0BCMLLSHL,,250,DAILY_BUDGET,ENABLED,USD,521807,1172,2001.32,549.85,3,3,3,549.85,3,856,7,0,
"Oct 18, 2025","=""296198269696664""",C.SD.Keyword.UPS.IntelligentLCD.CP1500AVRLCD3.B0BCMLLSHL,,250,DAILY_BUDGET,ENABLED,USD,311028,940,1796.93,439.9,2,2,2,439.9,2,716,2,0,
"Nov 17, 2025","=""263494384088815""",C.SD.Product.UPS.Ecologic.EC850LCD.B00DBAA696,,250,DAILY_BUDGET,ENABLED,USD,260069,190,1042.13,9040.84,49,56,35,5269.14,38,1040,102,85173,
"Oct 10, 2025","=""263494384088815""",C.SD.Product.UPS.Ecologic.EC850LCD.B00DBAA696,,250,DAILY_BUDGET,ENABLED,USD,172675,91,635.44,7857.28,30,42,19,2245.21,19,532,56,49310,
"Nov 26, 2025","=""170474248246250""",C.SD.Product.UPS.IntelligentLCD.CP1500AVRLCD3.B0BCMLLSHL,,250,DAILY_BUDGET,ENABLED,USD,30076,30,87.84,279.62,2,2,2,279.62,2,86,4,13774,
"Nov 13, 2025","=""38365855708871""",C.SD.Product.UPS.SmartAppLCD.B000XJLLKG.OR700LCDRM1U,,250,DAILY_BUDGET,ENABLED,USD,3929,6,17.45,839.75,2,5,1,239.95,1,51,4,1998,
"Sep 16, 2025","=""263494384088815""",C.SD.Product.UPS.Ecologic.EC850LCD.B00DBAA696,,250,DAILY_BUDGET,ENABLED,USD,126673,53,689.53,3921.08,22,25,18,3232.54,20,295,38,35536,
"Oct 11, 2025","=""287421757846510""",C.Keyword.Consumer.SD.UPS.PFCSineWave.CP1500PFCRM2U.B0B354X985,,250,DAILY_BUDGET,ENABLED,USD,2942,6,61.09,0.0,0,0,0,0.0,0,15,1,0,
"Sep 25, 2025","=""263494384088815""",C.SD.Product.UPS.Ecologic.EC850LCD.B00DBAA696,,250,DAILY_BUDGET,ENABLED,USD,186162,137,810.3,10424.63,39,52,28,7354.3,37,680,71,52467,
"Sep 17, 2025","=""124438051163565""",C.SD.Product.UPS.PFCSinewave.CP1500PFCLCD.B00429N19W,,450,DAILY_BUDGET,ENABLED,USD,463593,148,2409.72,6542.31,30,43,22,3609.71,35,566,50,151029,
"Nov 09, 2025","=""170474248246250""",C.SD.Product.UPS.IntelligentLCD.CP1500AVRLCD3.B0BCMLLSHL,,250,DAILY_BUDGET,ENABLED,USD,18096,30,55.1,0.0,0,0,0,0.0,0,80,5,8703,
"Nov 27, 2025","=""287421757846510""",C.Keyword.Consumer.SD.UPS.PFCSineWave.CP1500PFCRM2U.B0B354X985,,250,DAILY_BUDGET,ENABLED,USD,942,3,13.65,0.0,0,0,0,0.0,0,10,0,0,
"Oct 12, 2025","=""263494384088815""",C.SD.Product.UPS.Ecologic.EC850LCD.B00DBAA696,,250,DAILY_BUDGET,ENABLED,USD,211987,110,781.47,4765.26,30,34,20,3162.58,20,592,47,60225,
"Sep 13, 2025","=""38365855708871""",C.SD.Product.UPS.SmartAppLCD.B000XJLLKG.OR700LCDRM1U,,250,DAILY_BUDGET,ENABLED,USD,903,1,3.98,159.9,1,2,0,0.0,0,21,2,469,
"Nov 14, 2025","=""51640494101738""",C.Product.Consumer.SP.UPS.PFCSineWave.CP1500PFCRM2U.B0B354X985,,250,DAILY_BUDGET,ENABLED,USD,260,0,0.0,0.0,0,0,0,0.0,0,0,0,0,
"Oct 03, 2025","=""38365855708871""",C.SD.Product.UPS.SmartAppLCD.B000XJLLKG.OR700LCDRM1U,,250,DAILY_BUDGET,ENABLED,USD,3857,1,14.52,853.84,4,4,4,853.84,4,20,5,1939,
"Nov 22, 2025","=""170474248246250""",C.SD.Product.UPS.IntelligentLCD.CP1500AVRLCD3.B0BCMLLSHL,,250,DAILY_BUDGET,ENABLED,USD,97916,102,360.04,1129.51,7,10,5,809.61,8,320,16,49893,
"Aug 30, 2025","=""51640494101738""",C.Product.Consumer.SP.UPS.PFCSineWave.CP1500PFCRM2U.B0B354X985,,250,DAILY_BUDGET,ENABLED,USD,49,0,0.0,0.0,0,0,0,0.0,0,0,0,0,
"Nov 28, 2025","=""401081905525372""",C.Competitor.Consumer.SD.UPS.PFCSineWave.CP1500PFCRM2U.B0B354X985,,250,DAILY_BUDGET,ENABLED,USD,20276,59,121.96,239.95,1,1,1,239.95,1,80,1,0,
"Nov 13, 2025","=""401081905525372""",C.Competitor.Consumer.SD.UPS.PFCSineWave.CP1500PFCRM2U.B0B354X985,,250,DAILY_BUDGET,ENABLED,USD,37719,114,93.23,63.99,1,1,1,63.99,1,74,1,0,
"Nov 22, 2025","=""287421757846510""",C.Keyword.Consumer.SD.UPS.PFCSineWave.CP1500PFCRM2U.B0B354X985,,250,DAILY_BUDGET,ENABLED,USD,12973,38,104.33,0.0,0,0,0,0.0,0,30,0,0,
"Sep 23, 2025","=""401081905525372""",C.Competitor.Consumer.SD.UPS.PFCSineWave.CP1500PFCRM2U.B0B354X985,,250,DAILY_BUDGET,ENABLED,USD,8781,19,21.32,0.0,0,0,0,0.0,0,14,0,0,
"Nov 21, 2025","=""263494384088815""",C.SD.Product.UPS.Ecologic.EC850LCD.B00DBAA696,,250,DAILY_BUDGET,ENABLED,USD,238485,128,1153.81,5270.71,39,48,29,3829.37,34,990,71,76512,
"Oct 17, 2025","=""287421757846510""",C.Keyword.Consumer.SD.UPS.PFCSineWave.CP1500PFCRM2U.B0B354X985,,250,DAILY_BUDGET,ENABLED,USD,2039,1,1.31,0.0,0,0,0,0.0,0,1,0,0,
"Sep 10, 2025","=""38365855708871""",C.SD.Product.UPS.SmartAppLCD.B000XJLLKG.OR700LCDRM1U,,250,DAILY_BUDGET,ENABLED,USD,1182,0,5.44,555.75,2,5,2,555.75,5,16,2,634,
"Sep 01, 2025","=""38365855708871""",C.SD.Product.UPS.SmartAppLCD.B000XJLLKG.OR700LCDRM1U,,250,DAILY_BUDGET,ENABLED,USD,814,3,2.78,484.9,2,2,2,484.9,2,19,1,386,
"Oct 25, 2025","=""38365855708871""",C.SD.Product.UPS.SmartAppLCD.B000XJLLKG.OR700LCDRM1U,,250,DAILY_BUDGET,ENABLED,USD,1324,1,5.51,617.05,2,2,2,617.05,2,21,2,677,
"Sep 04, 2025","=""38365855708871""",C.SD.Product.UPS.SmartAppLCD.B000XJLLKG.OR700LCDRM1U,,250,DAILY_BUDGET,ENABLED,USD,1151,0,4.91,59.95,1,1,1,59.95,1,6,2,605,
"Aug 29, 2025","=""38365855708871""",C.SD.Product.UPS.SmartAppLCD.B000XJLLKG.OR700LCDRM1U,,250,DAILY_BUDGET,ENABLED,USD,1238,0,3.76,0.0,0,0,0,0.0,0,22,0,598,
"Nov 19, 2025","=""287421757846510""",C.Keyword.Consumer.SD.UPS.PFCSineWave.CP1500PFCRM2U.B0B354X985,,250,DAILY_BUDGET,ENABLED,USD,7814,14,19.38,0.0,0,0,0,0.0,0,7,0,0,
"Oct 15, 2025","=""287421757846510""",C.Keyword.Consumer.SD.UPS.PFCSineWave.CP1500PFCRM2U.B0B354X985,,250,DAILY_BUDGET,ENABLED,USD,6110,7,19.64,0.0,0,0,0,0.0,0,10,0,0,
"Oct 20, 2025","=""124438051163565""",C.SD.Product.UPS.PFCSinewave.CP1500PFCLCD.B00429N19W,,450,DAILY_BUDGET,ENABLED,USD,0,0,0.0,0.0,0,0,0,0.0,0,0,0,0,
"Sep 17, 2025","=""38365855708871""",C.SD.Product.UPS.SmartAppLCD.B000XJLLKG.OR700LCDRM1U,,250,DAILY_BUDGET,ENABLED,USD,1888,1,7.58,0.0,0,0,0,0.0,0,17,2,1002,
"Oct 31, 2025","=""38365855708871""",C.SD.Product.UPS.SmartAppLCD.B000XJLLKG.OR700LCDRM1U,,250,DAILY_BUDGET,ENABLED,USD,1663,5,7.11,2175.85,3,3,3,2175.85,3,33,3,959,
"Nov 11, 2025","=""170474248246250""",C.SD.Product.UPS.IntelligentLCD.CP1500AVRLCD3.B0BCMLLSHL,,250,DAILY_BUDGET,ENABLED,USD,14795,23,60.31,520.18,4,4,4,520.18,4,108,5,8241,
"Sep 22, 2025","=""38365855708871""",C.SD.Product.UPS.SmartAppLCD.B000XJLLKG.OR700LCDRM1U,,250,DAILY_BUDGET,ENABLED,USD,1502,0,6.24,278.85,3,3,2,209.9,2,21,3,762,
"Nov 16, 2025","=""296198269696664""",C.SD.Keyword.UPS.IntelligentLCD.CP1500AVRLCD3.B0BCMLLSHL,,250,DAILY_BUDGET,ENABLED,USD,770415,1555,1877.25,365.19,3,3,2,349.9,2,938,6,0,
"Aug 29, 2025","=""51640494101738""",C.Product.Consumer.SP.UPS.PFCSineWave.CP1500PFCRM2U.B0B354X985,,250,DAILY_BUDGET,ENABLED,USD,119,0,0.0,0.0,0,0,0,0.0,0,0,0,0,
"Nov 18, 2025","=""38365855708871""",C.SD.Product.UPS.SmartAppLCD.B000XJLLKG.OR700LCDRM1U,,250,DAILY_BUDGET,ENABLED,USD,3753,5,15.76,467.7,1,6,0,0.0,0,34,4,1863,
"Nov 25, 2025","=""287421757846510""",C.Keyword.Consumer.SD.UPS.PFCSineWave.CP1500PFCRM2U.B0B354X985,,250,DAILY_BUDGET,ENABLED,USD,0,0,0.0,0.0,0,0,0,0.0,0,2,0,0,
"Sep 02, 2025","=""401081905525372""",C.Competitor.Consumer.SD.UPS.PFCSineWave.CP1500PFCRM2U.B0B354X985,,250,DAILY_BUDGET,ENABLED,USD,5560,12,23.67,788.85,3,3,2,428.9,2,38,3,0,
"Oct 04, 2025","=""287421757846510""",C.Keyword.Consumer.SD.UPS.PFCSineWave.CP1500PFCRM2U.B0B354X985,,250,DAILY_BUDGET,ENABLED,USD,6427,8,30.26,0.0,0,0,0,0.0,0,11,1,0,
"Nov 30, 2025","=""296198269696664""",C.SD.Keyword.UPS.IntelligentLCD.CP1500AVRLCD3.B0BCMLLSHL,,250,DAILY_BUDGET,ENABLED,USD,0,0,0.0,0.0,0,0,0,0.0,0,2,0,0,
"Nov 27, 2025","=""38365855708871""",C.SD.Product.UPS.SmartAppLCD.B000XJLLKG.OR700LCDRM1U,,250,DAILY_BUDGET,ENABLED,USD,439,0,2.9,0.0,0,0,0,0.0,0,2,1,280,
"Sep 07, 2025","=""401081905525372""",C.Competitor.Consumer.SD.UPS.PFCSineWave.CP1500PFCRM2U.B0B354X985,,250,DAILY_BUDGET,ENABLED,USD,8452,21,38.16,0.0,0,0,0,0.0,0,37,1,0,
"Oct 09, 2025","=""287421757846510""",C.Keyword.Consumer.SD.UPS.PFCSineWave.CP1500PFCRM2U.B0B354X985,,250,DAILY_BUDGET,ENABLED,USD,4329,3,16.55,0.0,0,0,0,0.0,0,2,0,0,
"Oct 15, 2025","=""38365855708871""",C.SD.Product.UPS.SmartAppLCD.B000XJLLKG.OR700LCDRM1U,,250,DAILY_BUDGET,ENABLED,USD,3015,1,11.38,1432.64,7,8,5,964.79,5,35,6,1585,
"Sep 07, 2025","=""51640494101738""",C.Product.Consumer.SP.UPS.PFCSineWave.CP1500PFCRM2U.B0B354X985,,250,DAILY_BUDGET,ENABLED,USD,59,0,0.0,0.0,0,0,0,0.0,0,0,0,0,
"Sep 06, 2025","=""287421757846510""",C.Keyword.Consumer.SD.UPS.PFCSineWave.CP1500PFCRM2U.B0B354X985,,250,DAILY_BUDGET,ENABLED,USD,12508,18,23.6,359.95,1,1,1,359.95,1,31,3,0,
"Oct 24, 2025","=""51640494101738""",C.Product.Consumer.SP.UPS.PFCSineWave.CP1500PFCRM2U.B0B354X985,,250,DAILY_BUDGET,ENABLED,USD,125,0,0.0,0.0,0,0,0,0.0,0,0,0,0,
"Nov 13, 2025","=""263494384088815""",C.SD.Product.UPS.Ecologic.EC850LCD.B00DBAA696,,250,DAILY_BUDGET,ENABLED,USD,390054,235,1277.63,13998.78,53,87,39,10063.43,55,1144,90,110809,
"Sep 29, 2025","=""38365855708871""",C.SD.Product.UPS.SmartAppLCD.B000XJLLKG.OR700LCDRM1U,,250,DAILY_BUDGET,ENABLED,USD,2157,0,9.68,526.79,3,5,2,199.94,2,29,2,1237,
"Nov 26, 2025","=""296198269696664""",C.SD.Keyword.UPS.IntelligentLCD.CP1500AVRLCD3.B0BCMLLSHL,,250,DAILY_BUDGET,ENABLED,USD,57365,113,202.49,30.58,1,2,1,30.58,2,105,1,0,
"Oct 12, 2025","=""287421757846510""",C.Keyword.Consumer.SD.UPS.PFCSineWave.CP1500PFCRM2U.B0B354X985,,250,DAILY_BUDGET,ENABLED,USD,3179,3,18.76,0.0,0,0,0,0.0,0,4,0,0,
"Nov 10, 2025","=""287421757846510""",C.Keyword.Consumer.SD.UPS.PFCSineWave.CP1500PFCRM2U.B0B354X985,,250,DAILY_BUDGET,ENABLED,USD,5116,9,14.29,0.0,0,0,0,0.0,0,7,0,0,
"Oct 11, 2025","=""51640494101738""",C.Product.Consumer.SP.UPS.PFCSineWave.CP1500PFCRM2U.B0B354X985,,250,DAILY_BUDGET,ENABLED,USD,57,0,0.0,0.0,0,0,0,0.0,0,0,0,0,
"Oct 30, 2025","=""124438051163565""",C.SD.Product.UPS.PFCSinewave.CP1500PFCLCD.B00429N19W,,450,DAILY_BUDGET,ENABLED,USD,0,0,0.0,0.0,0,0,0,0.0,0,2,0,0,
"Sep 08, 2025","=""401081905525372""",C.Competitor.Consumer.SD.UPS.PFCSineWave.CP1500PFCRM2U.B0B354X985,,250,DAILY_BUDGET,ENABLED,USD,7686,14,25.67,0.0,0,0,0,0.0,0,29,0,0,
"Aug 31, 2025","=""38365855708871""",C.SD.Product.UPS.SmartAppLCD.B000XJLLKG.OR700LCDRM1U,,250,DAILY_BUDGET,ENABLED,USD,886,4,3.03,0.0,0,0,0,0.0,0,7,0,524,
"Nov 18, 2025","=""51640494101738""",C.Product.Consumer.SP.UPS.PFCSineWave.CP1500PFCRM2U.B0B354X985,,250,DAILY_BUDGET,ENABLED,USD,88,0,0.0,0.0,0,0,0,0.0,0,0,0,0,
"Sep 30, 2025","=""38365855708871""",C.SD.Product.UPS.SmartAppLCD.B000XJLLKG.OR700LCDRM1U,,250,DAILY_BUDGET,ENABLED,USD,1894,0,7.98,579.9,2,2,2,579.9,2,16,2,977,
"Sep 28, 2025","=""38365855708871""",C.SD.Product.UPS.SmartAppLCD.B000XJLLKG.OR700LCDRM1U,,250,DAILY_BUDGET,ENABLED,USD,1002,3,5.35,0.0,0,0,0,0.0,0,20,2,648,
"Oct 01, 2025","=""51640494101738""",C.Product.Consumer.SP.UPS.PFCSineWave.CP1500PFCRM2U.B0B354X985,,250,DAILY_BUDGET,ENABLED,USD,120,0,0.0,0.0,0,0,0,0.0,0,0,0,0,
"Sep 19, 2025","=""287421757846510""",C.Keyword.Consumer.SD.UPS.PFCSineWave.CP1500PFCRM2U.B0B354X985,,250,DAILY_BUDGET,ENABLED,USD,6383,15,77.98,89.95,1,1,1,89.95,1,8,1,0,
"Sep 14, 2025","=""38365855708871""",C.SD.Product.UPS.SmartAppLCD.B000XJLLKG.OR700LCDRM1U,,250,DAILY_BUDGET,ENABLED,USD,1069,4,5.2,769.9,2,2,2,769.9,2,23,8,596,
"Oct 25, 2025","=""170474248246250""",C.SD.Product.UPS.IntelligentLCD.CP1500AVRLCD3.B0BCMLLSHL,,250,DAILY_BUDGET,ENABLED,USD,88886,88,255.08,1371.34,12,13,9,878.66,10,278,22,38149,
"Oct 18, 2025","=""124438051163565""",C.SD.Product.UPS.PFCSinewave.CP1500PFCLCD.B00429N19W,,450,DAILY_BUDGET,ENABLED,USD,0,0,0.0,0.0,0,0,0,0.0,0,1,0,0,
"Oct 19, 2025","=""124438051163565""",C.SD.Product.UPS.PFCSinewave.CP1500PFCLCD.B00429N19W,,450,DAILY_BUDGET,ENABLED,USD,0,0,0.0,0.0,0,0,0,0.0,0,1,0,0,
"Oct 21, 2025","=""51640494101738""",C.Product.Consumer.SP.UPS.PFCSineWave.CP1500PFCRM2U.B0B354X985,,250,DAILY_BUDGET,ENABLED,USD,155,0,0.0,0.0,0,0,0,0.0,0,0,0,0,
"Oct 15, 2025","=""170474248246250""",C.SD.Product.UPS.IntelligentLCD.CP1500AVRLCD3.B0BCMLLSHL,,250,DAILY_BUDGET,ENABLED,USD,38341,33,97.61,239.95,1,1,1,239.95,1,140,1,18922,
"Nov 19, 2025","=""170474248246250""",C.SD.Product.UPS.IntelligentLCD.CP1500AVRLCD3.B0BCMLLSHL,,250,DAILY_BUDGET,ENABLED,USD,51273,78,147.02,2892.13,11,15,7,2301.59,9,257,18,24707,
"Oct 30, 2025","=""401081905525372""",C.Competitor.Consumer.SD.UPS.PFCSineWave.CP1500PFCRM2U.B0B354X985,,250,DAILY_BUDGET,ENABLED,USD,7390,22,15.85,0.0,0,0,0,0.0,0,13,0,0,
"Nov 07, 2025","=""287421757846510""",C.Keyword.Consumer.SD.UPS.PFCSineWave.CP1500PFCRM2U.B0B354X985,,250,DAILY_BUDGET,ENABLED,USD,3833,9,15.19,0.0,0,0,0,0.0,0,13,1,0,
"Oct 03, 2025","=""401081905525372""",C.Competitor.Consumer.SD.UPS.PFCSineWave.CP1500PFCRM2U.B0B354X985,,250,DAILY_BUDGET,ENABLED,USD,14086,34,43.17,149.95,1,1,1,149.95,1,32,1,0,
"Nov 02, 2025","=""170474248246250""",C.SD.Product.UPS.IntelligentLCD.CP1500AVRLCD3.B0BCMLLSHL,,250,DAILY_BUDGET,ENABLED,USD,17245,33,42.01,220.13,2,2,1,199.95,1,102,10,8112,
"Oct 19, 2025","=""51640494101738""",C.Product.Consumer.SP.UPS.PFCSineWave.CP1500PFCRM2U.B0B354X985,,250,DAILY_BUDGET,ENABLED,USD,100,0,0.0,0.0,0,0,0,0.0,0,0,0,0,
"Oct 12, 2025","=""38365855708871""",C.SD.Product.UPS.SmartAppLCD.B000XJLLKG.OR700LCDRM1U,,250,DAILY_BUDGET,ENABLED,USD,1871,4,7.58,379.9,2,2,2,379.9,2,31,2,932,
"Oct 21, 2025","=""38365855708871""",C.SD.Product.UPS.SmartAppLCD.B000XJLLKG.OR700LCDRM1U,,250,DAILY_BUDGET,ENABLED,USD,1025,0,3.97,0.0,0,0,0,0.0,0,11,1,458,
"Nov 18, 2025","=""401081905525372""",C.Competitor.Consumer.SD.UPS.PFCSineWave.CP1500PFCRM2U.B0B354X985,,250,DAILY_BUDGET,ENABLED,USD,36150,77,46.63,0.0,0,0,0,0.0,0,72,3,0,
"Nov 06, 2025","=""263494384088815""",C.SD.Product.UPS.Ecologic.EC850LCD.B00DBAA696,,250,DAILY_BUDGET,ENABLED,USD,268435,163,859.89,11089.2,45,58,36,6647.85,45,1022,83,79211,
"Oct 22, 2025","=""124438051163565""",C.SD.Product.UPS.PFCSinewave.CP1500PFCLCD.B00429N19W,,450,DAILY_BUDGET,ENABLED,USD,0,0,0.0,0.0,0,0,0,0.0,0,0,0,0,
"Nov 18, 2025","=""287421757846510""",C.Keyword.Consumer.SD.UPS.PFCSineWave.CP1500PFCRM2U.B0B354X985,,250,DAILY_BUDGET,ENABLED,USD,9274,21,33.7,359.95,1,1,1,359.95,1,17,0,0,
"Nov 13, 2025","=""51640494101738""",C.Product.Consumer.SP.UPS.PFCSineWave.CP1500PFCRM2U.B0B354X985,,250,DAILY_BUDGET,ENABLED,USD,255,0,0.0,0.0,0,0,0,0.0,0,0,0,0,
"Oct 26, 2025","=""51640494101738""",C.Product.Consumer.SP.UPS.PFCSineWave.CP1500PFCRM2U.B0B354X985,,250,DAILY_BUDGET,ENABLED,USD,215,1,3.78,0.0,0,0,0,0.0,0,1,0,0,
"Sep 20, 2025","=""38365855708871""",C.SD.Product.UPS.SmartAppLCD.B000XJLLKG.OR700LCDRM1U,,250,DAILY_BUDGET,ENABLED,USD,1021,0,4.89,455.89,2,3,2,455.89,3,10,2,597,
"Nov 06, 2025","=""124438051163565""",C.SD.Product.UPS.PFCSinewave.CP1500PFCLCD.B00429N19W,,450,DAILY_BUDGET,ENABLED,USD,0,0,0.0,0.0,0,0,0,0.0,0,0,0,0,
"Nov 24, 2025","=""296198269696664""",C.SD.Keyword.UPS.IntelligentLCD.CP1500AVRLCD3.B0BCMLLSHL,,250,DAILY_BUDGET,ENABLED,USD,35994,101,193.36,0.0,0,0,0,0.0,0,49,0,0,
"Sep 10, 2025","=""287421757846510""",C.Keyword.Consumer.SD.UPS.PFCSineWave.CP1500PFCRM2U.B0B354X985,,250,DAILY_BUDGET,ENABLED,USD,8925,5,38.14,89.95,1,1,1,89.95,1,9,1,0,
"Sep 08, 2025","=""51640494101738""",C.Product.Consumer.SP.UPS.PFCSineWave.CP1500PFCRM2U.B0B354X985,,250,DAILY_BUDGET,ENABLED,USD,94,1,0.42,0.0,0,0,0,0.0,0,0,0,0,
"Nov 08, 2025","=""296198269696664""",C.SD.Keyword.UPS.IntelligentLCD.CP1500AVRLCD3.B0BCMLLSHL,,250,DAILY_BUDGET,ENABLED,USD,469622,1259,2114.96,1139.6,8,8,1,199.95,1,973,11,0,
"Nov 05, 2025","=""170474248246250""",C.SD.Product.UPS.IntelligentLCD.CP1500AVRLCD3.B0BCMLLSHL,,250,DAILY_BUDGET,ENABLED,USD,8307,13,23.3,2031.04,8,11,6,1111.19,8,98,14,4120,
"Nov 15, 2025","=""170474248246250""",C.SD.Product.UPS.IntelligentLCD.CP1500AVRLCD3.B0BCMLLSHL,,250,DAILY_BUDGET,ENABLED,USD,45336,81,162.43,736.92,2,4,1,700.95,1,159,7,23822,
"Sep 15, 2025","=""38365855708871""",C.SD.Product.UPS.SmartAppLCD.B000XJLLKG.OR700LCDRM1U,,250,DAILY_BUDGET,ENABLED,USD,1763,1,7.36,420.63,4,5,2,299.9,2,23,4,1013,
"Oct 21, 2025","=""124438051163565""",C.SD.Product.UPS.PFCSinewave.CP1500PFCLCD.B00429N19W,,450,DAILY_BUDGET,ENABLED,USD,0,0,0.0,0.0,0,0,0,0.0,0,0,0,0,
"Nov 05, 2025","=""287421757846510""",C.Keyword.Consumer.SD.UPS.PFCSineWave.CP1500PFCRM2U.B0B354X985,,250,DAILY_BUDGET,ENABLED,USD,2370,8,10.2,0.0,0,0,0,0.0,0,2,0,0,
"Sep 04, 2025","=""124438051163565""",C.SD.Product.UPS.PFCSinewave.CP1500PFCLCD.B00429N19W,,450,DAILY_BUDGET,ENABLED,USD,359568,128,1039.69,6891.2,35,41,28,3820.75,30,417,52,143859,
"Sep 30, 2025","=""124438051163565""",C.SD.Product.UPS.PFCSinewave.CP1500PFCLCD.B00429N19W,,450,DAILY_BUDGET,ENABLED,USD,1233587,347,4230.02,8298.48,50,64,34,4686.69,45,1060,74,385822,
"Sep 05, 2025","=""263494384088815""",C.SD.Product.UPS.Ecologic.EC850LCD.B00DBAA696,,250,DAILY_BUDGET,ENABLED,USD,205043,115,676.07,15498.76,59,82,47,10257.06,56,898,89,56563,
"Oct 29, 2025","=""38365855708871""",C.SD.Product.UPS.SmartAppLCD.B000XJLLKG.OR700LCDRM1U,,250,DAILY_BUDGET,ENABLED,USD,886,3,2.89,59.95,1,1,1,59.95,1,13,1,534,
"Sep 30, 2025","=""263494384088815""",C.SD.Product.UPS.Ecologic.EC850LCD.B00DBAA696,,250,DAILY_BUDGET,ENABLED,USD,374231,142,1392.04,15203.18,57,74,36,9186.46,45,861,94,94806,
"Sep 12, 2025","=""287421757846510""",C.Keyword.Consumer.SD.UPS.PFCSineWave.CP1500PFCRM2U.B0B354X985,,250,DAILY_BUDGET,ENABLED,USD,11344,20,33.48,719.9,2,2,2,719.9,2,30,2,0,
"Oct 22, 2025","=""296198269696664""",C.SD.Keyword.UPS.IntelligentLCD.CP1500AVRLCD3.B0BCMLLSHL,,250,DAILY_BUDGET,ENABLED,USD,414519,820,1787.25,239.95,1,1,1,239.95,1,571,3,0,
"Sep 09, 2025","=""38365855708871""",C.SD.Product.UPS.SmartAppLCD.B000XJLLKG.OR700LCDRM1U,,250,DAILY_BUDGET,ENABLED,USD,1422,2,6.22,845.7,4,6,1,119.95,1,29,4,781,
"Nov 15, 2025","=""287421757846510""",C.Keyword.Consumer.SD.UPS.PFCSineWave.CP1500PFCRM2U.B0B354X985,,250,DAILY_BUDGET,ENABLED,USD,8214,20,30.22,0.0,0,0,0,0.0,0,15,0,0,
"Oct 23, 2025","=""170474248246250""",C.SD.Product.UPS.IntelligentLCD.CP1500AVRLCD3.B0BCMLLSHL,,250,DAILY_BUDGET,ENABLED,USD,20134,24,74.69,1907.64,7,28,4,450.84,4,104,12,9560,
"Sep 04, 2025","=""401081905525372""",C.Competitor.Consumer.SD.UPS.PFCSineWave.CP1500PFCRM2U.B0B354X985,,250,DAILY_BUDGET,ENABLED,USD,7025,20,19.57,359.95,1,1,0,0.0,0,28,1,0,
"Sep 18, 2025","=""401081905525372""",C.Competitor.Consumer.SD.UPS.PFCSineWave.CP1500PFCRM2U.B0B354X985,,250,DAILY_BUDGET,ENABLED,USD,4150,10,13.56,0.0,0,0,0,0.0,0,9,0,0,
"Sep 12, 2025","=""124438051163565""",C.SD.Product.UPS.PFCSinewave.CP1500PFCLCD.B00429N19W,,450,DAILY_BUDGET,ENABLED,USD,195133,83,696.62,2920.9,18,25,16,2141.05,22,282,24,81147,
"Nov 15, 2025","=""38365855708871""",C.SD.Product.UPS.SmartAppLCD.B000XJLLKG.OR700LCDRM1U,,250,DAILY_BUDGET,ENABLED,USD,2112,3,9.95,139.95,1,1,1,139.95,1,18,1,1091,
"Oct 16, 2025","=""401081905525372""",C.Competitor.Consumer.SD.UPS.PFCSineWave.CP1500PFCRM2U.B0B354X985,,250,DAILY_BUDGET,ENABLED,USD,2644,4,16.4,0.0,0,0,0,0.0,0,5,0,0,
"Oct 30, 2025","=""296198269696664""",C.SD.Keyword.UPS.IntelligentLCD.CP1500AVRLCD3.B0BCMLLSHL,,250,DAILY_BUDGET,ENABLED,USD,585773,1005,1993.84,199.95,1,1,1,199.95,1,797,1,0,
"Nov 03, 2025","=""287421757846510""",C.Keyword.Consumer.SD.UPS.PFCSineWave.CP1500PFCRM2U.B0B354X985,,250,DAILY_BUDGET,ENABLED,USD,2783,5,4.66,0.0,0,0,0,0.0,0,2,0,0,
"Oct 29, 2025","=""401081905525372""",C.Competitor.Consumer.SD.UPS.PFCSineWave.CP1500PFCRM2U.B0B354X985,,250,DAILY_BUDGET,ENABLED,USD,9897,12,10.2,239.95,1,1,0,0.0,0,12,2,0,
"Nov 17, 2025","=""287421757846510""",C.Keyword.Consumer.SD.UPS.PFCSineWave.CP1500PFCRM2U.B0B354X985,,250,DAILY_BUDGET,ENABLED,USD,10466,31,53.67,589.9,2,2,1,229.95,1,45,1,0,
"Oct 02, 2025","=""38365855708871""",C.SD.Product.UPS.SmartAppLCD.B000XJLLKG.OR700LCDRM1U,,250,DAILY_BUDGET,ENABLED,USD,3148,3,13.2,1057.69,7,7,2,169.94,2,36,8,1661,
"Nov 15, 2025","=""296198269696664""",C.SD.Keyword.UPS.IntelligentLCD.CP1500AVRLCD3.B0BCMLLSHL,,250,DAILY_BUDGET,ENABLED,USD,472424,936,1255.6,355.85,2,3,1,155.9,2,816,13,0,
"Nov 14, 2025","=""38365855708871""",C.SD.Product.UPS.SmartAppLCD.B000XJLLKG.OR700LCDRM1U,,250,DAILY_BUDGET,ENABLED,USD,4796,6,17.35,299.93,3,3,3,299.93,3,75,9,2227,
"Oct 25, 2025","=""287421757846510""",C.Keyword.Consumer.SD.UPS.PFCSineWave.CP1500PFCRM2U.B0B354X985,,250,DAILY_BUDGET,ENABLED,USD,1465,2,4.54,0.0,0,0,0,0.0,0,3,0,0,
"Sep 09, 2025","=""124438051163565""",C.SD.Product.UPS.PFCSinewave.CP1500PFCLCD.B00429N19W,,450,DAILY_BUDGET,ENABLED,USD,338245,118,1385.74,2436.68,15,22,12,1356.98,16,337,25,120598,
"Oct 11, 2025","=""124438051163565""",C.SD.Product.UPS.PFCSinewave.CP1500PFCLCD.B00429N19W,,450,DAILY_BUDGET,ENABLED,USD,974189,358,3479.62,3830.69,29,33,21,2116.88,23,1036,60,333771,
"Nov 19, 2025","=""51640494101738""",C.Product.Consumer.SP.UPS.PFCSineWave.CP1500PFCRM2U.B0B354X985,,250,DAILY_BUDGET,ENABLED,USD,90,2,3.07,0.0,0,0,0,0.0,0,1,0,0,
"Nov 04, 2025","=""170474248246250""",C.SD.Product.UPS.IntelligentLCD.CP1500AVRLCD3.B0BCMLLSHL,,250,DAILY_BUDGET,ENABLED,USD,12546,17,26.96,2105.35,2,13,1,1439.4,12,79,7,6084,
"Nov 28, 2025","=""124438051163565""",C.SD.Product.UPS.PFCSinewave.CP1500PFCLCD.B00429N19W,,450,DAILY_BUDGET,ENABLED,USD,0,0,0.0,0.0,0,0,0,0.0,0,2,0,0,
"Nov 08, 2025","=""51640494101738""",C.Product.Consumer.SP.UPS.PFCSineWave.CP1500PFCRM2U.B0B354X985,,250,DAILY_BUDGET,ENABLED,USD,184,0,0.0,0.0,0,0,0,0.0,0,0,0,0,
"Oct 14, 2025","=""263494384088815""",C.SD.Product.UPS.Ecologic.EC850LCD.B00DBAA696,,250,DAILY_BUDGET,ENABLED,USD,413233,185,1211.11,15195.86,72,114,54,10815.0,88,1129,119,117098,
"Nov 20, 2025","=""296198269696664""",C.SD.Keyword.UPS.IntelligentLCD.CP1500AVRLCD3.B0BCMLLSHL,,250,DAILY_BUDGET,ENABLED,USD,53160,90,184.23,0.0,0,0,0,0.0,0,70,0,0,
"Oct 23, 2025","=""401081905525372""",C.Competitor.Consumer.SD.UPS.PFCSineWave.CP1500PFCRM2U.B0B354X985,,250,DAILY_BUDGET,ENABLED,USD,10677,34,20.61,0.0,0,0,0,0.0,0,27,0,0,
"Oct 17, 2025","=""38365855708871""",C.SD.Product.UPS.SmartAppLCD.B000XJLLKG.OR700LCDRM1U,,250,DAILY_BUDGET,ENABLED,USD,1314,1,5.23,599.85,3,3,2,359.9,2,24,4,622,
"Sep 15, 2025","=""263494384088815""",C.SD.Product.UPS.Ecologic.EC850LCD.B00DBAA696,,250,DAILY_BUDGET,ENABLED,USD,152090,93,793.02,4060.07,27,31,18,2695.63,19,383,48,42225,
"Nov 28, 2025","=""296198269696664""",C.SD.Keyword.UPS.IntelligentLCD.CP1500AVRLCD3.B0BCMLLSHL,,250,DAILY_BUDGET,ENABLED,USD,50651,93,208.59,0.0,0,0,0,0.0,0,59,0,0,
"Sep 15, 2025","=""287421757846510""",C.Keyword.Consumer.SD.UPS.PFCSineWave.CP1500PFCRM2U.B0B354X985,,250,DAILY_BUDGET,ENABLED,USD,5471,5,35.51,359.95,1,1,1,359.95,1,5,1,0,
"Sep 18, 2025","=""38365855708871""",C.SD.Product.UPS.SmartAppLCD.B000XJLLKG.OR700LCDRM1U,,250,DAILY_BUDGET,ENABLED,USD,2292,1,9.81,1377.58,8,10,5,567.83,5,38,6,1183,
"Sep 16, 2025","=""401081905525372""",C.Competitor.Consumer.SD.UPS.PFCSineWave.CP1500PFCRM2U.B0B354X985,,250,DAILY_BUDGET,ENABLED,USD,3088,8,13.54,0.0,0,0,0,0.0,0,3,0,0,
"Sep 10, 2025","=""51640494101738""",C.Product.Consumer.SP.UPS.PFCSineWave.CP1500PFCRM2U.B0B354X985,,250,DAILY_BUDGET,ENABLED,USD,27,0,0.0,0.0,0,0,0,0.0,0,0,0,0,
"Nov 13, 2025","=""287421757846510""",C.Keyword.Consumer.SD.UPS.PFCSineWave.CP1500PFCRM2U.B0B354X985,,250,DAILY_BUDGET,ENABLED,USD,6754,18,26.53,359.95,1,1,1,359.95,1,18,1,0,
"Oct 31, 2025","=""124438051163565""",C.SD.Product.UPS.PFCSinewave.CP1500PFCLCD.B00429N19W,,450,DAILY_BUDGET,ENABLED,USD,0,0,0.0,0.0,0,0,0,0.0,0,1,0,0,
"Oct 30, 2025","=""170474248246250""",C.SD.Product.UPS.IntelligentLCD.CP1500AVRLCD3.B0BCMLLSHL,,250,DAILY_BUDGET,ENABLED,USD,6905,14,26.52,439.9,2,2,2,439.9,2,76,8,4123,
"Nov 29, 2025","=""287421757846510""",C.Keyword.Consumer.SD.UPS.PFCSineWave.CP1500PFCRM2U.B0B354X985,,250,DAILY_BUDGET,ENABLED,USD,589,2,2.99,0.0,0,0,0,0.0,0,1,0,0,
"Sep 23, 2025","=""51640494101738""",C.Product.Consumer.SP.UPS.PFCSineWave.CP1500PFCRM2U.B0B354X985,,250,DAILY_BUDGET,ENABLED,USD,61,0,0.0,0.0,0,0,0,0.0,0,0,0,0,
"Oct 23, 2025","=""263494384088815""",C.SD.Product.UPS.Ecologic.EC850LCD.B00DBAA696,,250,DAILY_BUDGET,ENABLED,USD,134992,78,545.65,4547.2,13,16,10,1462.5,10,317,25,38406,
"Sep 03, 2025","=""51640494101738""",C.Product.Consumer.SP.UPS.PFCSineWave.CP1500PFCRM2U.B0B354X985,,250,DAILY_BUDGET,ENABLED,USD,168,1,0.41,0.0,0,0,0,0.0,0,1,0,0,
"Oct 31, 2025","=""170474248246250""",C.SD.Product.UPS.IntelligentLCD.CP1500AVRLCD3.B0BCMLLSHL,,250,DAILY_BUDGET,ENABLED,USD,6625,11,23.53,3039.55,7,7,5,2760.8,5,69,6,3238,
"Nov 18, 2025","=""170474248246250""",C.SD.Product.UPS.IntelligentLCD.CP1500AVRLCD3.B0BCMLLSHL,,250,DAILY_BUDGET,ENABLED,USD,53980,77,156.67,2365.7,17,21,14,1876.05,17,258,25,22857,
"Nov 10, 2025","=""51640494101738""",C.Product.Consumer.SP.UPS.PFCSineWave.CP1500PFCRM2U.B0B354X985,,250,DAILY_BUDGET,ENABLED,USD,211,1,0.74,0.0,0,0,0,0.0,0,1,0,0,
"Sep 16, 2025","=""124438051163565""",C.SD.Product.UPS.PFCSinewave.CP1500PFCLCD.B00429N19W,,450,DAILY_BUDGET,ENABLED,USD,569652,197,2997.58,4605.35,19,33,15,3166.05,19,574,48,197853,
"Nov 20, 2025","=""51640494101738""",C.Product.Consumer.SP.UPS.PFCSineWave.CP1500PFCRM2U.B0B354X985,,250,DAILY_BUDGET,ENABLED,USD,76,1,1.05,0.0,0,0,0,0.0,0,1,0,0,
"Nov 15, 2025","=""401081905525372""",C.Competitor.Consumer.SD.UPS.PFCSineWave.CP1500PFCRM2U.B0B354X985,,250,DAILY_BUDGET,ENABLED,USD,34108,88,68.51,0.0,0,0,0,0.0,0,81,0,0,
"Oct 18, 2025","=""287421757846510""",C.Keyword.Consumer.SD.UPS.PFCSineWave.CP1500PFCRM2U.B0B354X985,,250,DAILY_BUDGET,ENABLED,USD,1659,7,23.91,0.0,0,0,0,0.0,0,11,0,0,
"Nov 01, 2025","=""38365855708871""",C.SD.Product.UPS.SmartAppLCD.B000XJLLKG.OR700LCDRM1U,,250,DAILY_BUDGET,ENABLED,USD,942,1,4.55,457.84,3,4,1,97.99,1,22,1,528,
"Nov 04, 2025","=""401081905525372""",C.Competitor.Consumer.SD.UPS.PFCSineWave.CP1500PFCRM2U.B0B354X985,,250,DAILY_BUDGET,ENABLED,USD,8987,32,39.07,359.95,1,1,1,359.95,1,15,1,0,
"Nov 14, 2025","=""401081905525372""",C.Competitor.Consumer.SD.UPS.PFCSineWave.CP1500PFCRM2U.B0B354X985,,250,DAILY_BUDGET,ENABLED,USD,38150,102,72.48,371.71,2,2,0,0.0,0,93,2,0,
"Oct 02, 2025","=""287421757846510""",C.Keyword.Consumer.SD.UPS.PFCSineWave.CP1500PFCRM2U.B0B354X985,,250,DAILY_BUDGET,ENABLED,USD,5650,12,17.85,0.0,0,0,0,0.0,0,10,0,0,
"Sep 02, 2025","=""263494384088815""",C.SD.Product.UPS.Ecologic.EC850LCD.B00DBAA696,,250,DAILY_BUDGET,ENABLED,USD,127471,95,350.2,8073.07,36,43,27,6325.54,31,731,68,36865,
"Oct 25, 2025","=""401081905525372""",C.Competitor.Consumer.SD.UPS.PFCSineWave.CP1500PFCRM2U.B0B354X985,,250,DAILY_BUDGET,ENABLED,USD,12892,37,28.34,249.95,1,1,1,249.95,1,58,1,0,
"Nov 21, 2025","=""401081905525372""",C.Competitor.Consumer.SD.UPS.PFCSineWave.CP1500PFCRM2U.B0B354X985,,250,DAILY_BUDGET,ENABLED,USD,11804,33,43.59,1199.75,5,5,0,0.0,0,25,0,0,
"Sep 19, 2025","=""401081905525372""",C.Competitor.Consumer.SD.UPS.PFCSineWave.CP1500PFCRM2U.B0B354X985,,250,DAILY_BUDGET,ENABLED,USD,3923,15,13.31,0.0,0,0,0,0.0,0,16,1,0,
"Nov 16, 2025","=""287421757846510""",C.Keyword.Consumer.SD.UPS.PFCSineWave.CP1500PFCRM2U.B0B354X985,,250,DAILY_BUDGET,ENABLED,USD,9361,30,53.83,359.95,1,1,1,359.95,1,51,2,0,
"Sep 02, 2025","=""51640494101738""",C.Product.Consumer.SP.UPS.PFCSineWave.CP1500PFCRM2U.B0B354X985,,250,DAILY_BUDGET,ENABLED,USD,105,0,0.0,0.0,0,0,0,0.0,0,0,0,0,
"Sep 30, 2025","=""401081905525372""",C.Competitor.Consumer.SD.UPS.PFCSineWave.CP1500PFCRM2U.B0B354X985,,250,DAILY_BUDGET,ENABLED,USD,14066,27,14.1,0.0,0,0,0,0.0,0,24,0,0,
"Nov 06, 2025","=""287421757846510""",C.Keyword.Consumer.SD.UPS.PFCSineWave.CP1500PFCRM2U.B0B354X985,,250,DAILY_BUDGET,ENABLED,USD,2928,7,16.36,0.0,0,0,0,0.0,0,3,0,0,
"Nov 28, 2025","=""287421757846510""",C.Keyword.Consumer.SD.UPS.PFCSineWave.CP1500PFCRM2U.B0B354X985,,250,DAILY_BUDGET,ENABLED,USD,15583,34,50.91,0.0,0,0,0,0.0,0,20,0,0,
"Nov 07, 2025","=""38365855708871""",C.SD.Product.UPS.SmartAppLCD.B000XJLLKG.OR700LCDRM1U,,250,DAILY_BUDGET,ENABLED,USD,1968,0,6.77,1720.5,2,10,0,0.0,0,32,3,894,
"Nov 07, 2025","=""51640494101738""",C.Product.Consumer.SP.UPS.PFCSineWave.CP1500PFCRM2U.B0B354X985,,250,DAILY_BUDGET,ENABLED,USD,159,0,0.0,0.0,0,0,0,0.0,0,0,0,0,
"Nov 06, 2025","=""38365855708871""",C.SD.Product.UPS.SmartAppLCD.B000XJLLKG.OR700LCDRM1U,,250,DAILY_BUDGET,ENABLED,USD,1063,2,4.92,239.95,1,1,0,0.0,0,18,1,526,
