Date,Campaign ID,Campaign name,Campaign currency code,Campaign budget amount,Campaign budget type,Campaign delivery status,Budget currency,Impressions,Clicks,Total cost,Sales,Purchases,Units sold,Purchases (new to brand),Sales (new to brand),Units sold (new to brand),Detail page views,Add to cart,Viewable impressions,Viewable rate
"Apr 25, 2025","=""287421757846510""",C.Keyword.Consumer.SD.UPS.PFCSineWave.CP1500PFCRM2U.B0B354X985,,250,DAILY_BUDGET,ENABLED,USD,825,1,1.19,0.0,0,0,0,0.0,0,2,0,0,
"Apr 08, 2025","=""124438051163565""",C.SD.Product.UPS.PFCSinewave.CP1500PFCLCD.B00429N19W,,450,DAILY_BUDGET,ENABLED,USD,62909,58,120.96,2230.6,16,18,15,2068.75,15,348,26,35622,
"Apr 03, 2025","=""401081905525372""",C.Competitor.Consumer.SD.UPS.PFCSineWave.CP1500PFCRM2U.B0B354X985,,250,DAILY_BUDGET,ENABLED,USD,21112,49,67.1,1339.8,2,4,2,1339.8,4,76,5,0,
"Mar 02, 2025","=""38365855708871""",C.SD.Product.UPS.SmartAppLCD.B000XJLLKG.OR700LCDRM1U,,250,DAILY_BUDGET,ENABLED,USD,8694,2,9.46,0.0,0,0,0,0.0,0,21,1,7797,
"Mar 22, 2025","=""38365855708871""",C.SD.Product.UPS.SmartAppLCD.B000XJLLKG.OR700LCDRM1U,,250,DAILY_BUDGET,ENABLED,USD,42494,11,50.15,473.9,2,2,1,138.95,1,49,3,40496,
"Mar 13, 2025","=""287421757846510""",C.Keyword.Consumer.SD.UPS.PFCSineWave.CP1500PFCRM2U.B0B354X985,,250,DAILY_BUDGET,ENABLED,USD,2081,4,3.32,0.0,0,0,0,0.0,0,8,2,0,
"Mar 21, 2025","=""401081905525372""",C.Competitor.Consumer.SD.UPS.PFCSineWave.CP1500PFCRM2U.B0B354X985,,250,DAILY_BUDGET,ENABLED,USD,5235,17,44.32,669.9,2,2,1,334.95,1,64,4,0,
"Jan 21, 2025","=""38365855708871""",C.SD.Product.UPS.SmartAppLCD.B000XJLLKG.OR700LCDRM1U,,250,DAILY_BUDGET,ENABLED,USD,23121,10,20.27,431.6,2,8,1,53.95,1,59,5,16637,
"Apr 03, 2025","=""263494384088815""",C.SD.Product.UPS.Ecologic.EC850LCD.B00DBAA696,,250,DAILY_BUDGET,ENABLED,USD,22479,10,20.88,0.0,0,0,0,0.0,0,19,1,21487,
"Feb 14, 2025","=""51640494101738""",C.Product.Consumer.SP.UPS.PFCSineWave.CP1500PFCRM2U.B0B354X985,,250,DAILY_BUDGET,ENABLED,USD,1663,3,4.81,0.0,0,0,0,0.0,0,4,0,0,
"Apr 28, 2025","=""287421757846510""",C.Keyword.Consumer.SD.UPS.PFCSineWave.CP1500PFCRM2U.B0B354X985,,250,DAILY_BUDGET,ENABLED,USD,1211,2,11.52,669.9,1,2,1,669.9,2,5,2,0,
"Jan 17, 2025","=""401081905525372""",C.Competitor.Consumer.SD.UPS.PFCSineWave.CP1500PFCRM2U.B0B354X985,,250,DAILY_BUDGET,ENABLED,USD,18214,47,91.38,427.0,2,2,2,427.0,2,122,13,0,
"Feb 01, 2025","=""38365855708871""",C.SD.Product.UPS.SmartAppLCD.B000XJLLKG.OR700LCDRM1U,,250,DAILY_BUDGET,ENABLED,USD,14999,6,14.08,611.94,2,2,2,611.94,2,56,3,10758,
"Jan 05, 2025","=""51640494101738""",C.Product.Consumer.SP.UPS.PFCSineWave.CP1500PFCRM2U.B0B354X985,,250,DAILY_BUDGET,ENABLED,USD,3140,7,21.98,0.0,0,0,0,0.0,0,15,0,0,
"Feb 12, 2025","=""38365855708871""",C.SD.Product.UPS.SmartAppLCD.B000XJLLKG.OR700LCDRM1U,,250,DAILY_BUDGET,ENABLED,USD,9266,12,11.71,0.0,0,0,0,0.0,0,57,1,5818,
"Apr 24, 2025","=""51640494101738""",C.Product.Consumer.SP.UPS.PFCSineWave.CP1500PFCRM2U.B0B354X985,,250,DAILY_BUDGET,ENABLED,USD,507,3,6.08,0.0,0,0,0,0.0,0,5,0,0,
"Jan 05, 2025","=""38365855708871""",C.SD.Product.UPS.SmartAppLCD.B000XJLLKG.OR700LCDRM1U,,250,DAILY_BUDGET,ENABLED,USD,4380,3,5.72,0.0,0,0,0,0.0,0,36,0,3342,
"Mar 09, 2025","=""47593718961821""",C.SD.Product.UPS.SmartAppOnline.B07TR6VTQ2.OL5KRTHD,,250,DAILY_BUDGET,ENABLED,USD,56253,19,50.95,0.0,0,0,0,0.0,0,25,0,53819,
"Mar 20, 2025","=""287421757846510""",C.Keyword.Consumer.SD.UPS.PFCSineWave.CP1500PFCRM2U.B0B354X985,,250,DAILY_BUDGET,ENABLED,USD,1538,6,3.26,416.47,2,2,1,81.52,1,19,2,0,
"Feb 01, 2025","=""263494384088815""",C.SD.Product.UPS.Ecologic.EC850LCD.B00DBAA696,,250,DAILY_BUDGET,ENABLED,USD,2567,0,1.96,0.0,0,0,0,0.0,0,1,0,1874,
"Mar 05, 2025","=""287421757846510""",C.Keyword.Consumer.SD.UPS.PFCSineWave.CP1500PFCRM2U.B0B354X985,,250,DAILY_BUDGET,ENABLED,USD,3560,5,4.76,219.95,1,1,1,219.95,1,7,0,0,
"Mar 14, 2025","=""124438051163565""",C.SD.Product.UPS.PFCSinewave.CP1500PFCLCD.B00429N19W,,450,DAILY_BUDGET,ENABLED,USD,34349,28,70.78,1910.86,8,9,7,1856.91,8,165,16,20103,
"Mar 29, 2025","=""51640494101738""",C.Product.Consumer.SP.UPS.PFCSineWave.CP1500PFCRM2U.B0B354X985,,250,DAILY_BUDGET,ENABLED,USD,284,3,3.03,0.0,0,0,0,0.0,0,3,0,0,
"Apr 08, 2025","=""263494384088815""",C.SD.Product.UPS.Ecologic.EC850LCD.B00DBAA696,,250,DAILY_BUDGET,ENABLED,USD,31419,11,28.38,0.0,0,0,0,0.0,0,27,0,27784,
"Jan 15, 2025","=""170474248246250""",C.SD.Product.UPS.IntelligentLCD.CP1500AVRLCD3.B0BCMLLSHL,,250,DAILY_BUDGET,ENABLED,USD,261316,81,211.0,0.0,0,0,0,0.0,0,75,0,184769,
"Feb 03, 2025","=""263494384088815""",C.SD.Product.UPS.Ecologic.EC850LCD.B00DBAA696,,250,DAILY_BUDGET,ENABLED,USD,6375,3,5.44,0.0,0,0,0,0.0,0,5,1,4981,
"Jan 09, 2025","=""47593718961821""",C.SD.Product.UPS.SmartAppOnline.B07TR6VTQ2.OL5KRTHD,,250,DAILY_BUDGET,ENABLED,USD,11836,3,9.88,69.95,1,1,1,69.95,1,33,1,9138,
"Apr 23, 2025","=""401081905525372""",C.Competitor.Consumer.SD.UPS.PFCSineWave.CP1500PFCRM2U.B0B354X985,,250,DAILY_BUDGET,ENABLED,USD,19368,27,76.41,334.95,1,1,1,334.95,1,73,5,0,
"Feb 14, 2025","=""401081905525372""",C.Competitor.Consumer.SD.UPS.PFCSineWave.CP1500PFCRM2U.B0B354X985,,250,DAILY_BUDGET,ENABLED,USD,13125,27,45.89,364.71,3,3,3,364.71,3,57,5,0,
"Mar 25, 2025","=""124438051163565""",C.SD.Product.UPS.PFCSinewave.CP1500PFCLCD.B00429N19W,,450,DAILY_BUDGET,ENABLED,USD,23503,17,61.72,24.54,2,2,2,24.54,2,38,3,14518,
"Apr 10, 2025","=""124438051163565""",C.SD.Product.UPS.PFCSinewave.CP1500PFCLCD.B00429N19W,,450,DAILY_BUDGET,ENABLED,USD,33670,17,73.47,3377.38,13,38,10,1888.39,17,158,22,20545,
"Mar 31, 2025","=""124438051163565""",C.SD.Product.UPS.PFCSinewave.CP1500PFCLCD.B00429N19W,,450,DAILY_BUDGET,ENABLED,USD,105629,87,243.79,2108.45,10,11,8,1525.55,9,318,19,61378,
"Jan 04, 2025","=""47593718961821""",C.SD.Product.UPS.SmartAppOnline.B07TR6VTQ2.OL5KRTHD,,250,DAILY_BUDGET,ENABLED,USD,6886,3,4.92,0.0,0,0,0,0.0,0,9,0,3846,
"Feb 01, 2025","=""287421757846510""",C.Keyword.Consumer.SD.UPS.PFCSineWave.CP1500PFCRM2U.B0B354X985,,250,DAILY_BUDGET,ENABLED,USD,2363,2,2.08,0.0,0,0,0,0.0,0,3,0,0,
"Jan 08, 2025","=""124438051163565""",C.SD.Product.UPS.PFCSinewave.CP1500PFCLCD.B00429N19W,,450,DAILY_BUDGET,ENABLED,USD,66325,26,125.84,453.85,3,3,1,154.95,1,193,7,44720,
"Feb 27, 2025","=""287421757846510""",C.Keyword.Consumer.SD.UPS.PFCSineWave.CP1500PFCRM2U.B0B354X985,,250,DAILY_BUDGET,ENABLED,USD,1531,1,0.37,0.0,0,0,0,0.0,0,1,0,0,
"Apr 21, 2025","=""287421757846510""",C.Keyword.Consumer.SD.UPS.PFCSineWave.CP1500PFCRM2U.B0B354X985,,250,DAILY_BUDGET,ENABLED,USD,1438,3,6.42,0.0,0,0,0,0.0,0,4,0,0,
"Mar 16, 2025","=""124438051163565""",C.SD.Product.UPS.PFCSinewave.CP1500PFCLCD.B00429N19W,,450,DAILY_BUDGET,ENABLED,USD,37599,32,84.67,1010.49,9,10,6,681.6,7,181,12,23629,
"Mar 22, 2025","=""263494384088815""",C.SD.Product.UPS.Ecologic.EC850LCD.B00DBAA696,,250,DAILY_BUDGET,ENABLED,USD,4159,4,3.91,0.0,0,0,0,0.0,0,27,0,3756,
"Apr 06, 2025","=""401081905525372""",C.Competitor.Consumer.SD.UPS.PFCSineWave.CP1500PFCRM2U.B0B354X985,,250,DAILY_BUDGET,ENABLED,USD,9803,19,47.26,334.95,1,1,1,334.95,1,49,2,0,
"Feb 21, 2025","=""124438051163565""",C.SD.Product.UPS.PFCSinewave.CP1500PFCLCD.B00429N19W,,450,DAILY_BUDGET,ENABLED,USD,62321,36,127.63,1418.75,5,5,5,1418.75,5,229,14,33263,
"Apr 04, 2025","=""287421757846510""",C.Keyword.Consumer.SD.UPS.PFCSineWave.CP1500PFCRM2U.B0B354X985,,250,DAILY_BUDGET,ENABLED,USD,1120,3,5.79,0.0,0,0,0,0.0,0,3,0,0,
"Feb 16, 2025","=""124438051163565""",C.SD.Product.UPS.PFCSinewave.CP1500PFCLCD.B00429N19W,,450,DAILY_BUDGET,ENABLED,USD,54833,48,142.98,1343.23,11,14,8,903.33,11,263,14,34548,
"Mar 27, 2025","=""51640494101738""",C.Product.Consumer.SP.UPS.PFCSineWave.CP1500PFCRM2U.B0B354X985,,250,DAILY_BUDGET,ENABLED,USD,335,0,0.0,0.0,0,0,0,0.0,0,0,0,0,
"Feb 09, 2025","=""51640494101738""",C.Product.Consumer.SP.UPS.PFCSineWave.CP1500PFCRM2U.B0B354X985,,250,DAILY_BUDGET,ENABLED,USD,666,2,3.76,61.95,1,1,0,0.0,0,4,1,0,
"Jan 30, 2025","=""287421757846510""",C.Keyword.Consumer.SD.UPS.PFCSineWave.CP1500PFCRM2U.B0B354X985,,250,DAILY_BUDGET,ENABLED,USD,2352,4,11.27,152.9,2,2,2,152.9,2,9,1,0,
"Jan 21, 2025","=""263494384088815""",C.SD.Product.UPS.Ecologic.EC850LCD.B00DBAA696,,250,DAILY_BUDGET,ENABLED,USD,14746,3,6.71,0.0,0,0,0,0.0,0,3,0,10148,
"Mar 27, 2025","=""263494384088815""",C.SD.Product.UPS.Ecologic.EC850LCD.B00DBAA696,,250,DAILY_BUDGET,ENABLED,USD,7392,3,7.18,0.0,0,0,0,0.0,0,25,0,6879,
"Feb 15, 2025","=""401081905525372""",C.Competitor.Consumer.SD.UPS.PFCSineWave.CP1500PFCRM2U.B0B354X985,,250,DAILY_BUDGET,ENABLED,USD,17019,36,52.8,334.95,1,1,1,334.95,1,62,3,0,
"Mar 21, 2025","=""51640494101738""",C.Product.Consumer.SP.UPS.PFCSineWave.CP1500PFCRM2U.B0B354X985,,250,DAILY_BUDGET,ENABLED,USD,237,1,0.29,0.0,0,0,0,0.0,0,2,0,0,
"Mar 07, 2025","=""47593718961821""",C.SD.Product.UPS.SmartAppOnline.B07TR6VTQ2.OL5KRTHD,,250,DAILY_BUDGET,ENABLED,USD,54897,14,49.98,189.95,1,1,0,0.0,0,31,1,51994,
"Apr 21, 2025","=""124438051163565""",C.SD.Product.UPS.PFCSinewave.CP1500PFCLCD.B00429N19W,,450,DAILY_BUDGET,ENABLED,USD,3847,3,6.39,0.0,0,0,0,0.0,0,10,0,2556,
"Feb 10, 2025","=""38365855708871""",C.SD.Product.UPS.SmartAppLCD.B000XJLLKG.OR700LCDRM1U,,250,DAILY_BUDGET,ENABLED,USD,32040,7,23.43,182.94,2,2,1,94.99,1,271,5,20355,
"Mar 06, 2025","=""38365855708871""",C.SD.Product.UPS.SmartAppLCD.B000XJLLKG.OR700LCDRM1U,,250,DAILY_BUDGET,ENABLED,USD,54813,14,52.86,1014.6,5,8,4,798.8,4,80,4,50699,
"Feb 27, 2025","=""38365855708871""",C.SD.Product.UPS.SmartAppLCD.B000XJLLKG.OR700LCDRM1U,,250,DAILY_BUDGET,ENABLED,USD,71467,14,54.61,199.99,1,1,1,199.99,1,69,3,60891,
"Mar 23, 2025","=""51640494101738""",C.Product.Consumer.SP.UPS.PFCSineWave.CP1500PFCRM2U.B0B354X985,,250,DAILY_BUDGET,ENABLED,USD,167,0,0.0,0.0,0,0,0,0.0,0,0,0,0,
"Feb 22, 2025","=""287421757846510""",C.Keyword.Consumer.SD.UPS.PFCSineWave.CP1500PFCRM2U.B0B354X985,,250,DAILY_BUDGET,ENABLED,USD,1611,6,8.47,0.0,0,0,0,0.0,0,12,1,0,
"Jan 03, 2025","=""287421757846510""",C.Keyword.Consumer.SD.UPS.PFCSineWave.CP1500PFCRM2U.B0B354X985,,250,DAILY_BUDGET,ENABLED,USD,884,1,5.22,0.0,0,0,0,0.0,0,37,0,0,
"Apr 09, 2025","=""263494384088815""",C.SD.Product.UPS.Ecologic.EC850LCD.B00DBAA696,,250,DAILY_BUDGET,ENABLED,USD,12020,1,10.13,0.0,0,0,0,0.0,0,23,0,10662,
"Feb 21, 2025","=""287421757846510""",C.Keyword.Consumer.SD.UPS.PFCSineWave.CP1500PFCRM2U.B0B354X985,,250,DAILY_BUDGET,ENABLED,USD,1262,2,1.3,0.0,0,0,0,0.0,0,2,0,0,
"Jan 23, 2025","=""124438051163565""",C.SD.Product.UPS.PFCSinewave.CP1500PFCLCD.B00429N19W,,450,DAILY_BUDGET,ENABLED,USD,63311,54,148.03,2730.66,10,28,7,909.67,7,244,16,37596,
"Jan 14, 2025","=""47593718961821""",C.SD.Product.UPS.SmartAppOnline.B07TR6VTQ2.OL5KRTHD,,250,DAILY_BUDGET,ENABLED,USD,5563,1,4.33,0.0,0,0,0,0.0,0,16,0,3969,
"Apr 09, 2025","=""47593718961821""",C.SD.Product.UPS.SmartAppOnline.B07TR6VTQ2.OL5KRTHD,,250,DAILY_BUDGET,ENABLED,USD,58182,18,49.76,0.0,0,0,0,0.0,0,31,0,55243,
"Jan 10, 2025","=""51640494101738""",C.Product.Consumer.SP.UPS.PFCSineWave.CP1500PFCRM2U.B0B354X985,,250,DAILY_BUDGET,ENABLED,USD,1002,4,9.62,0.0,0,0,0,0.0,0,11,0,0,
"Feb 25, 2025","=""287421757846510""",C.Keyword.Consumer.SD.UPS.PFCSineWave.CP1500PFCRM2U.B0B354X985,,250,DAILY_BUDGET,ENABLED,USD,1727,4,6.59,0.0,0,0,0,0.0,0,7,0,0,
"Jan 07, 2025","=""401081905525372""",C.Competitor.Consumer.SD.UPS.PFCSineWave.CP1500PFCRM2U.B0B354X985,,250,DAILY_BUDGET,ENABLED,USD,25658,66,101.83,2013.03,8,9,7,1947.6,8,215,19,0,
"Jan 03, 2025","=""401081905525372""",C.Competitor.Consumer.SD.UPS.PFCSineWave.CP1500PFCRM2U.B0B354X985,,250,DAILY_BUDGET,ENABLED,USD,42644,88,170.86,599.9,2,2,0,0.0,0,208,10,0,
"Jan 22, 2025","=""51640494101738""",C.Product.Consumer.SP.UPS.PFCSineWave.CP1500PFCRM2U.B0B354X985,,250,DAILY_BUDGET,ENABLED,USD,1661,5,4.42,0.0,0,0,0,0.0,0,8,0,0,
"Feb 16, 2025","=""401081905525372""",C.Competitor.Consumer.SD.UPS.PFCSineWave.CP1500PFCRM2U.B0B354X985,,250,DAILY_BUDGET,ENABLED,USD,20597,51,72.18,669.9,2,2,1,334.95,1,106,7,0,
"Mar 14, 2025","=""401081905525372""",C.Competitor.Consumer.SD.UPS.PFCSineWave.CP1500PFCRM2U.B0B354X985,,250,DAILY_BUDGET,ENABLED,USD,16665,30,58.6,1559.75,4,5,3,1339.8,4,68,6,0,
"Mar 30, 2025","=""51640494101738""",C.Product.Consumer.SP.UPS.PFCSineWave.CP1500PFCRM2U.B0B354X985,,250,DAILY_BUDGET,ENABLED,USD,473,3,3.59,0.0,0,0,0,0.0,0,7,0,0,
"Apr 02, 2025","=""124438051163565""",C.SD.Product.UPS.PFCSinewave.CP1500PFCLCD.B00429N19W,,450,DAILY_BUDGET,ENABLED,USD,59439,50,124.31,824.65,6,7,2,141.9,2,258,12,34707,
"Feb 18, 2025","=""51640494101738""",C.Product.Consumer.SP.UPS.PFCSineWave.CP1500PFCRM2U.B0B354X985,,250,DAILY_BUDGET,ENABLED,USD,2090,5,9.49,0.0,0,0,0,0.0,0,7,0,0,
"Apr 29, 2025","=""401081905525372""",C.Competitor.Consumer.SD.UPS.PFCSineWave.CP1500PFCRM2U.B0B354X985,,250,DAILY_BUDGET,ENABLED,USD,6994,19,41.21,0.0,0,0,0,0.0,0,50,1,0,
"Apr 04, 2025","=""38365855708871""",C.SD.Product.UPS.SmartAppLCD.B000XJLLKG.OR700LCDRM1U,,250,DAILY_BUDGET,ENABLED,USD,232710,108,149.52,799.5,1,10,1,799.5,10,115,3,223796,
"Jan 29, 2025","=""170474248246250""",C.SD.Product.UPS.IntelligentLCD.CP1500AVRLCD3.B0BCMLLSHL,,250,DAILY_BUDGET,ENABLED,USD,54961,4,37.52,0.0,0,0,0,0.0,0,13,0,38982,
"Feb 02, 2025","=""287421757846510""",C.Keyword.Consumer.SD.UPS.PFCSineWave.CP1500PFCRM2U.B0B354X985,,250,DAILY_BUDGET,ENABLED,USD,2163,4,3.17,0.0,0,0,0,0.0,0,4,0,0,
"Feb 07, 2025","=""401081905525372""",C.Competitor.Consumer.SD.UPS.PFCSineWave.CP1500PFCRM2U.B0B354X985,,250,DAILY_BUDGET,ENABLED,USD,12597,31,50.29,1204.8,2,4,0,0.0,0,58,2,0,
"Apr 30, 2025","=""263494384088815""",C.SD.Product.UPS.Ecologic.EC850LCD.B00DBAA696,,250,DAILY_BUDGET,ENABLED,USD,4695,9,5.58,1983.91,2,9,0,0.0,0,67,9,3491,
"Jan 21, 2025","=""51640494101738""",C.Product.Consumer.SP.UPS.PFCSineWave.CP1500PFCRM2U.B0B354X985,,250,DAILY_BUDGET,ENABLED,USD,1466,4,8.88,109.95,1,1,0,0.0,0,11,3,0,
"Feb 17, 2025","=""38365855708871""",C.SD.Product.UPS.SmartAppLCD.B000XJLLKG.OR700LCDRM1U,,250,DAILY_BUDGET,ENABLED,USD,71790,7,49.46,817.22,6,11,3,171.62,3,50,9,52624,
"Apr 24, 2025","=""263494384088815""",C.SD.Product.UPS.Ecologic.EC850LCD.B00DBAA696,,250,DAILY_BUDGET,ENABLED,USD,57859,10,53.02,186.9,2,2,1,87.95,1,37,5,53678,
"Mar 03, 2025","=""51640494101738""",C.Product.Consumer.SP.UPS.PFCSineWave.CP1500PFCRM2U.B0B354X985,,250,DAILY_BUDGET,ENABLED,USD,2107,2,4.23,0.0,0,0,0,0.0,0,4,0,0,
"Feb 26, 2025","=""47593718961821""",C.SD.Product.UPS.SmartAppOnline.B07TR6VTQ2.OL5KRTHD,,250,DAILY_BUDGET,ENABLED,USD,54335,12,39.23,199.95,1,1,1,199.95,1,69,1,43410,
"Jan 30, 2025","=""51640494101738""",C.Product.Consumer.SP.UPS.PFCSineWave.CP1500PFCRM2U.B0B354X985,,250,DAILY_BUDGET,ENABLED,USD,2265,1,0.51,0.0,0,0,0,0.0,0,7,0,0,
"Mar 14, 2025","=""38365855708871""",C.SD.Product.UPS.SmartAppLCD.B000XJLLKG.OR700LCDRM1U,,250,DAILY_BUDGET,ENABLED,USD,72556,17,49.66,566.71,3,3,3,566.71,3,155,7,67393,
"Mar 13, 2025","=""124438051163565""",C.SD.Product.UPS.PFCSinewave.CP1500PFCLCD.B00429N19W,,450,DAILY_BUDGET,ENABLED,USD,30840,33,64.46,2029.5,8,10,7,1483.55,9,165,14,18600,
"Apr 21, 2025","=""51640494101738""",C.Product.Consumer.SP.UPS.PFCSineWave.CP1500PFCRM2U.B0B354X985,,250,DAILY_BUDGET,ENABLED,USD,457,1,1.05,0.0,0,0,0,0.0,0,6,1,0,
"Feb 22, 2025","=""38365855708871""",C.SD.Product.UPS.SmartAppLCD.B000XJLLKG.OR700LCDRM1U,,250,DAILY_BUDGET,ENABLED,USD,83724,14,72.75,0.0,0,0,0,0.0,0,29,0,61576,
"Mar 29, 2025","=""263494384088815""",C.SD.Product.UPS.Ecologic.EC850LCD.B00DBAA696,,250,DAILY_BUDGET,ENABLED,USD,14128,3,13.89,0.0,0,0,0,0.0,0,4,0,13498,
"Feb 16, 2025","=""51640494101738""",C.Product.Consumer.SP.UPS.PFCSineWave.CP1500PFCRM2U.B0B354X985,,250,DAILY_BUDGET,ENABLED,USD,1686,7,22.94,582.75,2,5,1,334.95,1,24,2,0,
"Feb 04, 2025","=""124438051163565""",C.SD.Product.UPS.PFCSinewave.CP1500PFCLCD.B00429N19W,,450,DAILY_BUDGET,ENABLED,USD,64706,52,142.9,1885.77,12,12,8,1321.97,8,243,23,34715,
"Jan 15, 2025","=""263494384088815""",C.SD.Product.UPS.Ecologic.EC850LCD.B00DBAA696,,250,DAILY_BUDGET,ENABLED,USD,2963,0,1.61,0.0,0,0,0,0.0,0,4,0,1805,
"Apr 15, 2025","=""287421757846510""",C.Keyword.Consumer.SD.UPS.PFCSineWave.CP1500PFCRM2U.B0B354X985,,250,DAILY_BUDGET,ENABLED,USD,2708,4,7.21,0.0,0,0,0,0.0,0,8,1,0,
"Jan 12, 2025","=""170474248246250""",C.SD.Product.UPS.IntelligentLCD.CP1500AVRLCD3.B0BCMLLSHL,,250,DAILY_BUDGET,ENABLED,USD,628665,189,421.71,14.92,1,1,1,14.92,1,116,1,434908,
"Jan 07, 2025","=""47593718961821""",C.SD.Product.UPS.SmartAppOnline.B07TR6VTQ2.OL5KRTHD,,250,DAILY_BUDGET,ENABLED,USD,9010,6,7.91,0.0,0,0,0,0.0,0,75,0,6423,
"Jan 28, 2025","=""401081905525372""",C.Competitor.Consumer.SD.UPS.PFCSineWave.CP1500PFCRM2U.B0B354X985,,250,DAILY_BUDGET,ENABLED,USD,13238,21,31.84,1018.64,4,4,4,1018.64,4,71,8,0,
"Jan 23, 2025","=""170474248246250""",C.SD.Product.UPS.IntelligentLCD.CP1500AVRLCD3.B0BCMLLSHL,,250,DAILY_BUDGET,ENABLED,USD,478563,41,266.58,0.0,0,0,0,0.0,0,45,0,299431,
"Mar 11, 2025","=""38365855708871""",C.SD.Product.UPS.SmartAppLCD.B000XJLLKG.OR700LCDRM1U,,250,DAILY_BUDGET,ENABLED,USD,79193,28,82.36,1105.89,7,10,4,704.09,6,108,7,74144,
"Mar 23, 2025","=""38365855708871""",C.SD.Product.UPS.SmartAppLCD.B000XJLLKG.OR700LCDRM1U,,250,DAILY_BUDGET,ENABLED,USD,55305,33,49.81,163.9,2,2,2,163.9,2,77,6,51882,
"Mar 13, 2025","=""38365855708871""",C.SD.Product.UPS.SmartAppLCD.B000XJLLKG.OR700LCDRM1U,,250,DAILY_BUDGET,ENABLED,USD,53093,12,50.09,159.95,1,1,1,159.95,1,35,1,50444,
"Apr 28, 2025","=""51640494101738""",C.Product.Consumer.SP.UPS.PFCSineWave.CP1500PFCRM2U.B0B354X985,,250,DAILY_BUDGET,ENABLED,USD,101,0,0.0,0.0,0,0,0,0.0,0,0,0,0,
"Apr 02, 2025","=""38365855708871""",C.SD.Product.UPS.SmartAppLCD.B000XJLLKG.OR700LCDRM1U,,250,DAILY_BUDGET,ENABLED,USD,282522,119,214.99,0.0,0,0,0,0.0,0,142,0,268626,
"Mar 06, 2025","=""263494384088815""",C.SD.Product.UPS.Ecologic.EC850LCD.B00DBAA696,,250,DAILY_BUDGET,ENABLED,USD,4862,1,4.69,0.0,0,0,0,0.0,0,0,0,4545,
"Mar 14, 2025","=""47593718961821""",C.SD.Product.UPS.SmartAppOnline.B07TR6VTQ2.OL5KRTHD,,250,DAILY_BUDGET,ENABLED,USD,88774,27,84.0,0.0,0,0,0,0.0,0,43,0,83939,
"Mar 10, 2025","=""401081905525372""",C.Competitor.Consumer.SD.UPS.PFCSineWave.CP1500PFCRM2U.B0B354X985,,250,DAILY_BUDGET,ENABLED,USD,24302,57,118.44,334.95,1,1,0,0.0,0,134,3,0,
"Jan 07, 2025","=""51640494101738""",C.Product.Consumer.SP.UPS.PFCSineWave.CP1500PFCRM2U.B0B354X985,,250,DAILY_BUDGET,ENABLED,USD,1563,5,6.23,0.0,0,0,0,0.0,0,7,0,0,
"Jan 07, 2025","=""263494384088815""",C.SD.Product.UPS.Ecologic.EC850LCD.B00DBAA696,,250,DAILY_BUDGET,ENABLED,USD,750,0,0.56,0.0,0,0,0,0.0,0,7,0,549,
"Mar 11, 2025","=""51640494101738""",C.Product.Consumer.SP.UPS.PFCSineWave.CP1500PFCRM2U.B0B354X985,,250,DAILY_BUDGET,ENABLED,USD,1646,3,6.82,0.0,0,0,0,0.0,0,4,0,0,
"Mar 31, 2025","=""401081905525372""",C.Competitor.Consumer.SD.UPS.PFCSineWave.CP1500PFCRM2U.B0B354X985,,250,DAILY_BUDGET,ENABLED,USD,19618,45,71.38,334.95,1,1,0,0.0,0,90,3,0,
"Jan 29, 2025","=""401081905525372""",C.Competitor.Consumer.SD.UPS.PFCSineWave.CP1500PFCRM2U.B0B354X985,,250,DAILY_BUDGET,ENABLED,USD,17386,33,50.3,397.9,3,3,1,334.95,1,67,2,0,
"Jan 25, 2025","=""287421757846510""",C.Keyword.Consumer.SD.UPS.PFCSineWave.CP1500PFCRM2U.B0B354X985,,250,DAILY_BUDGET,ENABLED,USD,1654,2,3.35,0.0,0,0,0,0.0,0,9,0,0,
"Feb 12, 2025","=""401081905525372""",C.Competitor.Consumer.SD.UPS.PFCSineWave.CP1500PFCRM2U.B0B354X985,,250,DAILY_BUDGET,ENABLED,USD,11946,40,93.68,1199.8,4,4,2,794.9,2,77,4,0,
"Mar 17, 2025","=""51640494101738""",C.Product.Consumer.SP.UPS.PFCSineWave.CP1500PFCRM2U.B0B354X985,,250,DAILY_BUDGET,ENABLED,USD,1524,4,7.04,0.0,0,0,0,0.0,0,5,0,0,
"Jan 06, 2025","=""38365855708871""",C.SD.Product.UPS.SmartAppLCD.B000XJLLKG.OR700LCDRM1U,,250,DAILY_BUDGET,ENABLED,USD,7466,8,6.73,4005.93,6,7,4,742.8,4,141,6,5534,
"Apr 11, 2025","=""51640494101738""",C.Product.Consumer.SP.UPS.PFCSineWave.CP1500PFCRM2U.B0B354X985,,250,DAILY_BUDGET,ENABLED,USD,501,0,0.0,0.0,0,0,0,0.0,0,0,0,0,
"Feb 03, 2025","=""51640494101738""",C.Product.Consumer.SP.UPS.PFCSineWave.CP1500PFCRM2U.B0B354X985,,250,DAILY_BUDGET,ENABLED,USD,1979,4,8.58,0.0,0,0,0,0.0,0,13,0,0,
"Feb 20, 2025","=""287421757846510""",C.Keyword.Consumer.SD.UPS.PFCSineWave.CP1500PFCRM2U.B0B354X985,,250,DAILY_BUDGET,ENABLED,USD,2758,6,7.91,0.0,0,0,0,0.0,0,12,1,0,
"Mar 08, 2025","=""170474248246250""",C.SD.Product.UPS.IntelligentLCD.CP1500AVRLCD3.B0BCMLLSHL,,250,DAILY_BUDGET,ENABLED,USD,0,0,0.0,0.0,0,0,0,0.0,0,1,0,0,
"Apr 30, 2025","=""287421757846510""",C.Keyword.Consumer.SD.UPS.PFCSineWave.CP1500PFCRM2U.B0B354X985,,250,DAILY_BUDGET,ENABLED,USD,2317,2,6.29,0.0,0,0,0,0.0,0,2,0,0,
"Mar 03, 2025","=""287421757846510""",C.Keyword.Consumer.SD.UPS.PFCSineWave.CP1500PFCRM2U.B0B354X985,,250,DAILY_BUDGET,ENABLED,USD,863,2,2.24,0.0,0,0,0,0.0,0,3,0,0,
"Jan 27, 2025","=""51640494101738""",C.Product.Consumer.SP.UPS.PFCSineWave.CP1500PFCRM2U.B0B354X985,,250,DAILY_BUDGET,ENABLED,USD,1629,7,9.7,0.0,0,0,0,0.0,0,21,1,0,
"Apr 01, 2025","=""263494384088815""",C.SD.Product.UPS.Ecologic.EC850LCD.B00DBAA696,,250,DAILY_BUDGET,ENABLED,USD,18765,8,17.87,529.06,2,3,2,529.06,3,32,1,17179,
"Feb 02, 2025","=""401081905525372""",C.Competitor.Consumer.SD.UPS.PFCSineWave.CP1500PFCRM2U.B0B354X985,,250,DAILY_BUDGET,ENABLED,USD,15887,32,43.22,1004.85,3,3,3,1004.85,3,68,5,0,
"Apr 03, 2025","=""287421757846510""",C.Keyword.Consumer.SD.UPS.PFCSineWave.CP1500PFCRM2U.B0B354X985,,250,DAILY_BUDGET,ENABLED,USD,1355,3,2.83,0.0,0,0,0,0.0,0,5,0,0,
"Apr 21, 2025","=""263494384088815""",C.SD.Product.UPS.Ecologic.EC850LCD.B00DBAA696,,250,DAILY_BUDGET,ENABLED,USD,12146,7,11.71,788.31,3,3,3,788.31,3,89,4,9847,
"Apr 11, 2025","=""38365855708871""",C.SD.Product.UPS.SmartAppLCD.B000XJLLKG.OR700LCDRM1U,,250,DAILY_BUDGET,ENABLED,USD,113758,25,106.01,98.95,1,1,1,98.95,1,60,2,108121,
"Feb 27, 2025","=""263494384088815""",C.SD.Product.UPS.Ecologic.EC850LCD.B00DBAA696,,250,DAILY_BUDGET,ENABLED,USD,3543,1,3.68,125.95,1,1,0,0.0,0,7,0,3237,
"Apr 19, 2025","=""124438051163565""",C.SD.Product.UPS.PFCSinewave.CP1500PFCLCD.B00429N19W,,450,DAILY_BUDGET,ENABLED,USD,2290,0,4.08,79.95,1,1,1,79.95,1,5,0,1702,
"Mar 12, 2025","=""124438051163565""",C.SD.Product.UPS.PFCSinewave.CP1500PFCLCD.B00429N19W,,450,DAILY_BUDGET,ENABLED,USD,25515,34,59.54,1535.48,8,12,7,1165.73,7,159,13,16374,
"Feb 09, 2025","=""401081905525372""",C.Competitor.Consumer.SD.UPS.PFCSineWave.CP1500PFCRM2U.B0B354X985,,250,DAILY_BUDGET,ENABLED,USD,7691,28,50.74,334.95,1,1,0,0.0,0,69,2,0,
"Jan 25, 2025","=""47593718961821""",C.SD.Product.UPS.SmartAppOnline.B07TR6VTQ2.OL5KRTHD,,250,DAILY_BUDGET,ENABLED,USD,31008,0,18.85,0.0,0,0,0,0.0,0,1,0,19564,
"Jan 29, 2025","=""287421757846510""",C.Keyword.Consumer.SD.UPS.PFCSineWave.CP1500PFCRM2U.B0B354X985,,250,DAILY_BUDGET,ENABLED,USD,2715,2,2.95,0.0,0,0,0,0.0,0,7,0,0,
"Jan 10, 2025","=""38365855708871""",C.SD.Product.UPS.SmartAppLCD.B000XJLLKG.OR700LCDRM1U,,250,DAILY_BUDGET,ENABLED,USD,106961,47,61.39,268.22,2,2,2,268.22,2,122,5,76299,
"Mar 22, 2025","=""51640494101738""",C.Product.Consumer.SP.UPS.PFCSineWave.CP1500PFCRM2U.B0B354X985,,250,DAILY_BUDGET,ENABLED,USD,139,0,0.0,0.0,0,0,0,0.0,0,0,0,0,
"Jan 06, 2025","=""47593718961821""",C.SD.Product.UPS.SmartAppOnline.B07TR6VTQ2.OL5KRTHD,,250,DAILY_BUDGET,ENABLED,USD,6342,3,5.34,0.0,0,0,0,0.0,0,87,1,4448,
"Mar 24, 2025","=""51640494101738""",C.Product.Consumer.SP.UPS.PFCSineWave.CP1500PFCRM2U.B0B354X985,,250,DAILY_BUDGET,ENABLED,USD,203,1,1.32,0.0,0,0,0,0.0,0,1,0,0,
"Mar 05, 2025","=""47593718961821""",C.SD.Product.UPS.SmartAppOnline.B07TR6VTQ2.OL5KRTHD,,250,DAILY_BUDGET,ENABLED,USD,52174,22,53.17,0.0,0,0,0,0.0,0,39,1,48984,
"Apr 08, 2025","=""47593718961821""",C.SD.Product.UPS.SmartAppOnline.B07TR6VTQ2.OL5KRTHD,,250,DAILY_BUDGET,ENABLED,USD,49784,18,50.0,0.0,0,0,0,0.0,0,62,0,47048,
"Jan 25, 2025","=""263494384088815""",C.SD.Product.UPS.Ecologic.EC850LCD.B00DBAA696,,250,DAILY_BUDGET,ENABLED,USD,3313,0,1.52,0.0,0,0,0,0.0,0,0,0,1851,
"Apr 27, 2025","=""287421757846510""",C.Keyword.Consumer.SD.UPS.PFCSineWave.CP1500PFCRM2U.B0B354X985,,250,DAILY_BUDGET,ENABLED,USD,703,1,0.38,0.0,0,0,0,0.0,0,1,0,0,
"Feb 20, 2025","=""38365855708871""",C.SD.Product.UPS.SmartAppLCD.B000XJLLKG.OR700LCDRM1U,,250,DAILY_BUDGET,ENABLED,USD,74489,17,58.97,0.0,0,0,0,0.0,0,37,1,55269,
"Apr 01, 2025","=""38365855708871""",C.SD.Product.UPS.SmartAppLCD.B000XJLLKG.OR700LCDRM1U,,250,DAILY_BUDGET,ENABLED,USD,77250,17,85.06,722.02,3,3,2,144.07,2,38,4,72911,
"Feb 12, 2025","=""170474248246250""",C.SD.Product.UPS.IntelligentLCD.CP1500AVRLCD3.B0BCMLLSHL,,250,DAILY_BUDGET,ENABLED,USD,1066672,137,632.19,62.95,1,1,1,62.95,1,142,2,722572,
"Feb 11, 2025","=""51640494101738""",C.Product.Consumer.SP.UPS.PFCSineWave.CP1500PFCRM2U.B0B354X985,,250,DAILY_BUDGET,ENABLED,USD,1575,5,9.49,0.0,0,0,0,0.0,0,12,0,0,
"Mar 05, 2025","=""401081905525372""",C.Competitor.Consumer.SD.UPS.PFCSineWave.CP1500PFCRM2U.B0B354X985,,250,DAILY_BUDGET,ENABLED,USD,31854,46,85.14,669.9,2,2,2,669.9,2,141,5,0,
"Feb 14, 2025","=""287421757846510""",C.Keyword.Consumer.SD.UPS.PFCSineWave.CP1500PFCRM2U.B0B354X985,,250,DAILY_BUDGET,ENABLED,USD,604,1,0.4,0.0,0,0,0,0.0,0,1,0,0,
"Jan 05, 2025","=""287421757846510""",C.Keyword.Consumer.SD.UPS.PFCSineWave.CP1500PFCRM2U.B0B354X985,,250,DAILY_BUDGET,ENABLED,USD,1504,1,0.46,0.0,0,0,0,0.0,0,1,0,0,
"Jan 03, 2025","=""47593718961821""",C.SD.Product.UPS.SmartAppOnline.B07TR6VTQ2.OL5KRTHD,,250,DAILY_BUDGET,ENABLED,USD,8914,2,6.32,0.0,0,0,0,0.0,0,8,0,5137,
"Mar 31, 2025","=""47593718961821""",C.SD.Product.UPS.SmartAppOnline.B07TR6VTQ2.OL5KRTHD,,250,DAILY_BUDGET,ENABLED,USD,48990,13,49.95,0.0,0,0,0,0.0,0,18,0,46723,
"Mar 20, 2025","=""124438051163565""",C.SD.Product.UPS.PFCSinewave.CP1500PFCLCD.B00429N19W,,450,DAILY_BUDGET,ENABLED,USD,27660,23,60.23,3416.12,11,11,10,1296.17,10,220,14,17140,
"Jan 19, 2025","=""51640494101738""",C.Product.Consumer.SP.UPS.PFCSineWave.CP1500PFCRM2U.B0B354X985,,250,DAILY_BUDGET,ENABLED,USD,1727,2,10.34,0.0,0,0,0,0.0,0,5,0,0,
"Apr 04, 2025","=""263494384088815""",C.SD.Product.UPS.Ecologic.EC850LCD.B00DBAA696,,250,DAILY_BUDGET,ENABLED,USD,41060,11,37.18,0.0,0,0,0,0.0,0,25,0,39132,
"Apr 30, 2025","=""401081905525372""",C.Competitor.Consumer.SD.UPS.PFCSineWave.CP1500PFCRM2U.B0B354X985,,250,DAILY_BUDGET,ENABLED,USD,9961,15,28.12,0.0,0,0,0,0.0,0,19,0,0,
"Jan 17, 2025","=""124438051163565""",C.SD.Product.UPS.PFCSinewave.CP1500PFCLCD.B00429N19W,,450,DAILY_BUDGET,ENABLED,USD,64698,33,144.95,2230.21,9,29,6,940.05,8,287,13,36333,
"Mar 31, 2025","=""38365855708871""",C.SD.Product.UPS.SmartAppLCD.B000XJLLKG.OR700LCDRM1U,,250,DAILY_BUDGET,ENABLED,USD,54531,30,54.57,259.1,3,3,2,179.15,2,71,3,50650,
"Mar 20, 2025","=""401081905525372""",C.Competitor.Consumer.SD.UPS.PFCSineWave.CP1500PFCRM2U.B0B354X985,,250,DAILY_BUDGET,ENABLED,USD,7165,20,47.34,1483.8,4,7,2,478.95,4,66,5,0,
"Apr 04, 2025","=""401081905525372""",C.Competitor.Consumer.SD.UPS.PFCSineWave.CP1500PFCRM2U.B0B354X985,,250,DAILY_BUDGET,ENABLED,USD,16087,27,37.64,534.9,2,2,1,199.95,1,48,3,0,
"Feb 25, 2025","=""51640494101738""",C.Product.Consumer.SP.UPS.PFCSineWave.CP1500PFCRM2U.B0B354X985,,250,DAILY_BUDGET,ENABLED,USD,1737,1,6.88,0.0,0,0,0,0.0,0,1,0,0,
"Feb 01, 2025","=""51640494101738""",C.Product.Consumer.SP.UPS.PFCSineWave.CP1500PFCRM2U.B0B354X985,,250,DAILY_BUDGET,ENABLED,USD,1888,4,7.37,0.0,0,0,0,0.0,0,13,0,0,
"Apr 03, 2025","=""51640494101738""",C.Product.Consumer.SP.UPS.PFCSineWave.CP1500PFCRM2U.B0B354X985,,250,DAILY_BUDGET,ENABLED,USD,1271,1,0.84,0.0,0,0,0,0.0,0,1,0,0,
"Jan 12, 2025","=""38365855708871""",C.SD.Product.UPS.SmartAppLCD.B000XJLLKG.OR700LCDRM1U,,250,DAILY_BUDGET,ENABLED,USD,81203,38,33.57,433.8,4,4,4,433.8,4,87,7,60353,
"Feb 10, 2025","=""263494384088815""",C.SD.Product.UPS.Ecologic.EC850LCD.B00DBAA696,,250,DAILY_BUDGET,ENABLED,USD,4132,1,3.25,85.0,1,1,1,85.0,1,5,1,2949,
"Apr 24, 2025","=""401081905525372""",C.Competitor.Consumer.SD.UPS.PFCSineWave.CP1500PFCRM2U.B0B354X985,,250,DAILY_BUDGET,ENABLED,USD,21880,30,77.39,334.95,1,1,1,334.95,1,47,2,0,
"Apr 28, 2025","=""124438051163565""",C.SD.Product.UPS.PFCSinewave.CP1500PFCLCD.B00429N19W,,450,DAILY_BUDGET,ENABLED,USD,1042,0,2.15,0.0,0,0,0,0.0,0,10,1,693,
"Feb 14, 2025","=""170474248246250""",C.SD.Product.UPS.IntelligentLCD.CP1500AVRLCD3.B0BCMLLSHL,,250,DAILY_BUDGET,ENABLED,USD,0,0,0.0,0.0,0,0,0,0.0,0,9,0,0,
"Jan 11, 2025","=""51640494101738""",C.Product.Consumer.SP.UPS.PFCSineWave.CP1500PFCRM2U.B0B354X985,,250,DAILY_BUDGET,ENABLED,USD,664,3,2.13,0.0,0,0,0,0.0,0,3,0,0,
"Apr 26, 2025","=""51640494101738""",C.Product.Consumer.SP.UPS.PFCSineWave.CP1500PFCRM2U.B0B354X985,,250,DAILY_BUDGET,ENABLED,USD,577,0,0.0,0.0,0,0,0,0.0,0,0,0,0,
"Feb 08, 2025","=""170474248246250""",C.SD.Product.UPS.IntelligentLCD.CP1500AVRLCD3.B0BCMLLSHL,,250,DAILY_BUDGET,ENABLED,USD,1050570,178,568.61,0.0,0,0,0,0.0,0,142,1,739574,
"Apr 25, 2025","=""51640494101738""",C.Product.Consumer.SP.UPS.PFCSineWave.CP1500PFCRM2U.B0B354X985,,250,DAILY_BUDGET,ENABLED,USD,372,0,0.0,0.0,0,0,0,0.0,0,0,0,0,
"Jan 11, 2025","=""263494384088815""",C.SD.Product.UPS.Ecologic.EC850LCD.B00DBAA696,,250,DAILY_BUDGET,ENABLED,USD,11615,4,10.01,0.0,0,0,0,0.0,0,3,0,10088,
"Apr 13, 2025","=""38365855708871""",C.SD.Product.UPS.SmartAppLCD.B000XJLLKG.OR700LCDRM1U,,250,DAILY_BUDGET,ENABLED,USD,24078,10,26.18,0.0,0,0,0,0.0,0,4,0,22598,
"Jan 31, 2025","=""401081905525372""",C.Competitor.Consumer.SD.UPS.PFCSineWave.CP1500PFCRM2U.B0B354X985,,250,DAILY_BUDGET,ENABLED,USD,16463,43,47.99,669.9,2,2,1,334.95,1,91,6,0,
"Mar 28, 2025","=""401081905525372""",C.Competitor.Consumer.SD.UPS.PFCSineWave.CP1500PFCRM2U.B0B354X985,,250,DAILY_BUDGET,ENABLED,USD,9520,31,58.05,1165.7,5,6,0,0.0,0,61,7,0,
"Jan 21, 2025","=""124438051163565""",C.SD.Product.UPS.PFCSinewave.CP1500PFCLCD.B00429N19W,,450,DAILY_BUDGET,ENABLED,USD,84738,78,194.58,3902.6,6,8,4,537.7,6,242,13,47912,
"Jan 23, 2025","=""51640494101738""",C.Product.Consumer.SP.UPS.PFCSineWave.CP1500PFCRM2U.B0B354X985,,250,DAILY_BUDGET,ENABLED,USD,1215,1,3.67,0.0,0,0,0,0.0,0,3,0,0,
"Feb 17, 2025","=""263494384088815""",C.SD.Product.UPS.Ecologic.EC850LCD.B00DBAA696,,250,DAILY_BUDGET,ENABLED,USD,10239,1,7.47,0.0,0,0,0,0.0,0,4,0,6771,
"Jan 06, 2025","=""124438051163565""",C.SD.Product.UPS.PFCSinewave.CP1500PFCLCD.B00429N19W,,450,DAILY_BUDGET,ENABLED,USD,116242,53,394.73,7401.2,35,48,26,5295.06,38,564,61,57838,
"Feb 09, 2025","=""263494384088815""",C.SD.Product.UPS.Ecologic.EC850LCD.B00DBAA696,,250,DAILY_BUDGET,ENABLED,USD,990,1,0.91,0.0,0,0,0,0.0,0,2,0,853,
"Feb 25, 2025","=""124438051163565""",C.SD.Product.UPS.PFCSinewave.CP1500PFCLCD.B00429N19W,,450,DAILY_BUDGET,ENABLED,USD,64063,45,139.21,1354.34,9,10,6,598.16,6,222,14,34685,
"Mar 18, 2025","=""287421757846510""",C.Keyword.Consumer.SD.UPS.PFCSineWave.CP1500PFCRM2U.B0B354X985,,250,DAILY_BUDGET,ENABLED,USD,2722,8,12.48,0.0,0,0,0,0.0,0,13,1,0,
"Jan 10, 2025","=""170474248246250""",C.SD.Product.UPS.IntelligentLCD.CP1500AVRLCD3.B0BCMLLSHL,,250,DAILY_BUDGET,ENABLED,USD,646398,190,421.66,0.0,0,0,0,0.0,0,176,1,469778,
"Feb 08, 2025","=""287421757846510""",C.Keyword.Consumer.SD.UPS.PFCSineWave.CP1500PFCRM2U.B0B354X985,,250,DAILY_BUDGET,ENABLED,USD,653,0,0.0,0.0,0,0,0,0.0,0,0,0,0,
"Mar 18, 2025","=""47593718961821""",C.SD.Product.UPS.SmartAppOnline.B07TR6VTQ2.OL5KRTHD,,250,DAILY_BUDGET,ENABLED,USD,66829,31,62.26,0.0,0,0,0,0.0,0,51,0,63309,
"Mar 13, 2025","=""263494384088815""",C.SD.Product.UPS.Ecologic.EC850LCD.B00DBAA696,,250,DAILY_BUDGET,ENABLED,USD,7147,0,6.63,219.95,1,1,1,219.95,1,6,1,6455,
"Apr 10, 2025","=""263494384088815""",C.SD.Product.UPS.Ecologic.EC850LCD.B00DBAA696,,250,DAILY_BUDGET,ENABLED,USD,12375,7,10.15,164.95,1,1,0,0.0,0,109,1,10042,
"Feb 11, 2025","=""38365855708871""",C.SD.Product.UPS.SmartAppLCD.B000XJLLKG.OR700LCDRM1U,,250,DAILY_BUDGET,ENABLED,USD,59332,11,45.14,194.9,2,2,2,194.9,2,61,5,41060,
"Feb 10, 2025","=""47593718961821""",C.SD.Product.UPS.SmartAppOnline.B07TR6VTQ2.OL5KRTHD,,250,DAILY_BUDGET,ENABLED,USD,16969,3,12.87,0.0,0,0,0,0.0,0,21,2,11955,
"Apr 22, 2025","=""51640494101738""",C.Product.Consumer.SP.UPS.PFCSineWave.CP1500PFCRM2U.B0B354X985,,250,DAILY_BUDGET,ENABLED,USD,328,0,0.0,0.0,0,0,0,0.0,0,0,0,0,
"Mar 10, 2025","=""124438051163565""",C.SD.Product.UPS.PFCSinewave.CP1500PFCLCD.B00429N19W,,450,DAILY_BUDGET,ENABLED,USD,34250,28,73.5,567.8,4,4,4,567.8,4,165,11,20776,
"Jan 13, 2025","=""287421757846510""",C.Keyword.Consumer.SD.UPS.PFCSineWave.CP1500PFCRM2U.B0B354X985,,250,DAILY_BUDGET,ENABLED,USD,1709,3,1.64,0.0,0,0,0,0.0,0,4,0,0,
"Feb 05, 2025","=""263494384088815""",C.SD.Product.UPS.Ecologic.EC850LCD.B00DBAA696,,250,DAILY_BUDGET,ENABLED,USD,4079,0,3.27,0.0,0,0,0,0.0,0,1,0,2967,
"Jan 24, 2025","=""287421757846510""",C.Keyword.Consumer.SD.UPS.PFCSineWave.CP1500PFCRM2U.B0B354X985,,250,DAILY_BUDGET,ENABLED,USD,1831,3,4.9,0.0,0,0,0,0.0,0,4,1,0,
"Apr 08, 2025","=""287421757846510""",C.Keyword.Consumer.SD.UPS.PFCSineWave.CP1500PFCRM2U.B0B354X985,,250,DAILY_BUDGET,ENABLED,USD,2067,2,0.68,0.0,0,0,0,0.0,0,1,0,0,
"Mar 28, 2025","=""287421757846510""",C.Keyword.Consumer.SD.UPS.PFCSineWave.CP1500PFCRM2U.B0B354X985,,250,DAILY_BUDGET,ENABLED,USD,2340,4,2.16,0.0,0,0,0,0.0,0,5,0,0,
"Mar 03, 2025","=""38365855708871""",C.SD.Product.UPS.SmartAppLCD.B000XJLLKG.OR700LCDRM1U,,250,DAILY_BUDGET,ENABLED,USD,147607,71,99.27,107.9,1,2,1,107.9,2,93,2,138049,
"Feb 21, 2025","=""38365855708871""",C.SD.Product.UPS.SmartAppLCD.B000XJLLKG.OR700LCDRM1U,,250,DAILY_BUDGET,ENABLED,USD,89327,14,66.33,333.36,2,2,2,333.36,2,64,3,66118,
"Feb 11, 2025","=""287421757846510""",C.Keyword.Consumer.SD.UPS.PFCSineWave.CP1500PFCRM2U.B0B354X985,,250,DAILY_BUDGET,ENABLED,USD,1127,2,4.11,0.0,0,0,0,0.0,0,4,1,0,
"Jan 10, 2025","=""124438051163565""",C.SD.Product.UPS.PFCSinewave.CP1500PFCLCD.B00429N19W,,450,DAILY_BUDGET,ENABLED,USD,83865,33,139.57,1566.45,6,11,4,1404.55,9,174,11,55180,
"Mar 28, 2025","=""38365855708871""",C.SD.Product.UPS.SmartAppLCD.B000XJLLKG.OR700LCDRM1U,,250,DAILY_BUDGET,ENABLED,USD,80824,45,65.34,713.75,5,5,3,233.85,3,168,4,75561,
"Apr 11, 2025","=""263494384088815""",C.SD.Product.UPS.Ecologic.EC850LCD.B00DBAA696,,250,DAILY_BUDGET,ENABLED,USD,15329,7,13.39,0.0,0,0,0,0.0,0,19,0,13383,
"Mar 19, 2025","=""263494384088815""",C.SD.Product.UPS.Ecologic.EC850LCD.B00DBAA696,,250,DAILY_BUDGET,ENABLED,USD,8538,3,8.33,0.0,0,0,0,0.0,0,12,0,8043,
"Mar 29, 2025","=""38365855708871""",C.SD.Product.UPS.SmartAppLCD.B000XJLLKG.OR700LCDRM1U,,250,DAILY_BUDGET,ENABLED,USD,78787,42,70.43,1702.6,7,8,6,1402.65,7,164,11,73745,
"Jan 17, 2025","=""287421757846510""",C.Keyword.Consumer.SD.UPS.PFCSineWave.CP1500PFCRM2U.B0B354X985,,250,DAILY_BUDGET,ENABLED,USD,1637,1,0.38,0.0,0,0,0,0.0,0,1,0,0,
"Mar 15, 2025","=""170474248246250""",C.SD.Product.UPS.IntelligentLCD.CP1500AVRLCD3.B0BCMLLSHL,,250,DAILY_BUDGET,ENABLED,USD,0,0,0.0,0.0,0,0,0,0.0,0,1,0,0,
"Mar 09, 2025","=""263494384088815""",C.SD.Product.UPS.Ecologic.EC850LCD.B00DBAA696,,250,DAILY_BUDGET,ENABLED,USD,7129,0,6.99,109.95,1,1,1,109.95,1,3,1,6800,
"Mar 23, 2025","=""401081905525372""",C.Competitor.Consumer.SD.UPS.PFCSineWave.CP1500PFCRM2U.B0B354X985,,250,DAILY_BUDGET,ENABLED,USD,3975,13,43.71,0.0,0,0,0,0.0,0,30,2,0,
"Apr 27, 2025","=""47593718961821""",C.SD.Product.UPS.SmartAppOnline.B07TR6VTQ2.OL5KRTHD,,250,DAILY_BUDGET,ENABLED,USD,48714,22,54.61,0.0,0,0,0,0.0,0,21,0,45449,
"Mar 26, 2025","=""401081905525372""",C.Competitor.Consumer.SD.UPS.PFCSineWave.CP1500PFCRM2U.B0B354X985,,250,DAILY_BUDGET,ENABLED,USD,9266,30,50.31,554.9,2,2,2,554.9,2,70,3,0,
"Jan 14, 2025","=""170474248246250""",C.SD.Product.UPS.IntelligentLCD.CP1500AVRLCD3.B0BCMLLSHL,,250,DAILY_BUDGET,ENABLED,USD,275695,75,212.31,0.0,0,0,0,0.0,0,55,1,188780,
"Jan 01, 2025","=""170474248246250""",C.SD.Product.UPS.IntelligentLCD.CP1500AVRLCD3.B0BCMLLSHL,,250,DAILY_BUDGET,ENABLED,USD,2526,1,1.74,0.0,0,0,0,0.0,0,12,0,1674,
"Feb 16, 2025","=""47593718961821""",C.SD.Product.UPS.SmartAppOnline.B07TR6VTQ2.OL5KRTHD,,250,DAILY_BUDGET,ENABLED,USD,151562,26,99.93,0.0,0,0,0,0.0,0,28,0,110332,
"Mar 03, 2025","=""47593718961821""",C.SD.Product.UPS.SmartAppOnline.B07TR6VTQ2.OL5KRTHD,,250,DAILY_BUDGET,ENABLED,USD,113510,72,99.79,0.0,0,0,0,0.0,0,87,0,107250,
"Mar 06, 2025","=""287421757846510""",C.Keyword.Consumer.SD.UPS.PFCSineWave.CP1500PFCRM2U.B0B354X985,,250,DAILY_BUDGET,ENABLED,USD,2558,5,10.79,0.0,0,0,0,0.0,0,7,0,0,
"Feb 01, 2025","=""124438051163565""",C.SD.Product.UPS.PFCSinewave.CP1500PFCLCD.B00429N19W,,450,DAILY_BUDGET,ENABLED,USD,83620,46,174.94,3118.6,8,8,7,2898.65,7,263,14,45132,
"Feb 19, 2025","=""38365855708871""",C.SD.Product.UPS.SmartAppLCD.B000XJLLKG.OR700LCDRM1U,,250,DAILY_BUDGET,ENABLED,USD,49316,9,36.56,189.95,1,1,1,189.95,1,40,2,35752,
"Jan 08, 2025","=""401081905525372""",C.Competitor.Consumer.SD.UPS.PFCSineWave.CP1500PFCRM2U.B0B354X985,,250,DAILY_BUDGET,ENABLED,USD,21423,34,52.96,1159.8,5,5,2,489.9,2,78,3,0,
"Mar 03, 2025","=""263494384088815""",C.SD.Product.UPS.Ecologic.EC850LCD.B00DBAA696,,250,DAILY_BUDGET,ENABLED,USD,2117,0,2.02,0.0,0,0,0,0.0,0,5,0,1945,
"Apr 15, 2025","=""51640494101738""",C.Product.Consumer.SP.UPS.PFCSineWave.CP1500PFCRM2U.B0B354X985,,250,DAILY_BUDGET,ENABLED,USD,500,0,0.0,0.0,0,0,0,0.0,0,0,0,0,
"Feb 01, 2025","=""47593718961821""",C.SD.Product.UPS.SmartAppOnline.B07TR6VTQ2.OL5KRTHD,,250,DAILY_BUDGET,ENABLED,USD,10035,0,7.0,499.95,1,1,1,499.95,1,10,0,7022,
"Apr 11, 2025","=""401081905525372""",C.Competitor.Consumer.SD.UPS.PFCSineWave.CP1500PFCRM2U.B0B354X985,,250,DAILY_BUDGET,ENABLED,USD,16309,49,76.59,1619.75,4,5,1,549.95,1,120,12,0,
"Mar 12, 2025","=""401081905525372""",C.Competitor.Consumer.SD.UPS.PFCSineWave.CP1500PFCRM2U.B0B354X985,,250,DAILY_BUDGET,ENABLED,USD,19761,45,103.91,1619.65,5,7,4,1284.7,6,87,7,0,
"Feb 27, 2025","=""124438051163565""",C.SD.Product.UPS.PFCSinewave.CP1500PFCLCD.B00429N19W,,450,DAILY_BUDGET,ENABLED,USD,44194,21,96.08,1080.42,5,6,4,422.44,4,121,10,24131,
"Apr 20, 2025","=""287421757846510""",C.Keyword.Consumer.SD.UPS.PFCSineWave.CP1500PFCRM2U.B0B354X985,,250,DAILY_BUDGET,ENABLED,USD,1072,3,11.14,334.95,1,1,1,334.95,1,6,1,0,
"Feb 09, 2025","=""287421757846510""",C.Keyword.Consumer.SD.UPS.PFCSineWave.CP1500PFCRM2U.B0B354X985,,250,DAILY_BUDGET,ENABLED,USD,731,1,0.4,0.0,0,0,0,0.0,0,1,0,0,
"Jan 16, 2025","=""263494384088815""",C.SD.Product.UPS.Ecologic.EC850LCD.B00DBAA696,,250,DAILY_BUDGET,ENABLED,USD,2248,1,1.36,0.0,0,0,0,0.0,0,16,0,1558,
"Mar 31, 2025","=""263494384088815""",C.SD.Product.UPS.Ecologic.EC850LCD.B00DBAA696,,250,DAILY_BUDGET,ENABLED,USD,8272,2,7.92,0.0,0,0,0,0.0,0,9,0,7632,
"Mar 03, 2025","=""124438051163565""",C.SD.Product.UPS.PFCSinewave.CP1500PFCLCD.B00429N19W,,450,DAILY_BUDGET,ENABLED,USD,56827,58,126.94,2199.49,8,12,4,741.84,4,228,13,35097,
"Mar 18, 2025","=""38365855708871""",C.SD.Product.UPS.SmartAppLCD.B000XJLLKG.OR700LCDRM1U,,250,DAILY_BUDGET,ENABLED,USD,78573,30,75.96,1401.55,8,10,7,1306.11,8,129,13,73297,
"Mar 30, 2025","=""287421757846510""",C.Keyword.Consumer.SD.UPS.PFCSineWave.CP1500PFCRM2U.B0B354X985,,250,DAILY_BUDGET,ENABLED,USD,1530,9,13.72,0.0,0,0,0,0.0,0,14,0,0,
"Jan 26, 2025","=""287421757846510""",C.Keyword.Consumer.SD.UPS.PFCSineWave.CP1500PFCRM2U.B0B354X985,,250,DAILY_BUDGET,ENABLED,USD,1671,0,0.0,0.0,0,0,0,0.0,0,0,0,0,
"Feb 04, 2025","=""401081905525372""",C.Competitor.Consumer.SD.UPS.PFCSineWave.CP1500PFCRM2U.B0B354X985,,250,DAILY_BUDGET,ENABLED,USD,14836,32,35.11,904.85,3,3,3,904.85,3,58,3,0,
"Jan 18, 2025","=""287421757846510""",C.Keyword.Consumer.SD.UPS.PFCSineWave.CP1500PFCRM2U.B0B354X985,,250,DAILY_BUDGET,ENABLED,USD,1550,2,1.58,0.0,0,0,0,0.0,0,9,1,0,
"Apr 13, 2025","=""51640494101738""",C.Product.Consumer.SP.UPS.PFCSineWave.CP1500PFCRM2U.B0B354X985,,250,DAILY_BUDGET,ENABLED,USD,258,3,1.08,0.0,0,0,0,0.0,0,4,0,0,
"Mar 05, 2025","=""51640494101738""",C.Product.Consumer.SP.UPS.PFCSineWave.CP1500PFCRM2U.B0B354X985,,250,DAILY_BUDGET,ENABLED,USD,3885,3,2.42,199.95,1,1,0,0.0,0,10,1,0,
"Apr 13, 2025","=""170474248246250""",C.SD.Product.UPS.IntelligentLCD.CP1500AVRLCD3.B0BCMLLSHL,,250,DAILY_BUDGET,ENABLED,USD,0,0,0.0,0.0,0,0,0,0.0,0,1,0,0,
"Feb 23, 2025","=""170474248246250""",C.SD.Product.UPS.IntelligentLCD.CP1500AVRLCD3.B0BCMLLSHL,,250,DAILY_BUDGET,ENABLED,USD,0,0,0.0,0.0,0,0,0,0.0,0,0,0,0,
"Apr 07, 2025","=""38365855708871""",C.SD.Product.UPS.SmartAppLCD.B000XJLLKG.OR700LCDRM1U,,250,DAILY_BUDGET,ENABLED,USD,165869,54,149.96,0.0,0,0,0,0.0,0,32,0,158626,
"Apr 26, 2025","=""263494384088815""",C.SD.Product.UPS.Ecologic.EC850LCD.B00DBAA696,,250,DAILY_BUDGET,ENABLED,USD,27192,8,25.89,163.9,2,2,2,163.9,2,27,1,25445,
"Feb 25, 2025","=""170474248246250""",C.SD.Product.UPS.IntelligentLCD.CP1500AVRLCD3.B0BCMLLSHL,,250,DAILY_BUDGET,ENABLED,USD,0,0,0.0,0.0,0,0,0,0.0,0,1,0,0,
"Apr 29, 2025","=""51640494101738""",C.Product.Consumer.SP.UPS.PFCSineWave.CP1500PFCRM2U.B0B354X985,,250,DAILY_BUDGET,ENABLED,USD,166,0,0.0,0.0,0,0,0,0.0,0,0,0,0,
"Jan 10, 2025","=""287421757846510""",C.Keyword.Consumer.SD.UPS.PFCSineWave.CP1500PFCRM2U.B0B354X985,,250,DAILY_BUDGET,ENABLED,USD,2236,4,1.6,0.0,0,0,0,0.0,0,5,0,0,
"Jan 22, 2025","=""401081905525372""",C.Competitor.Consumer.SD.UPS.PFCSineWave.CP1500PFCRM2U.B0B354X985,,250,DAILY_BUDGET,ENABLED,USD,17485,41,69.31,524.9,2,2,1,189.95,1,81,3,0,
"Apr 22, 2025","=""38365855708871""",C.SD.Product.UPS.SmartAppLCD.B000XJLLKG.OR700LCDRM1U,,250,DAILY_BUDGET,ENABLED,USD,16518,5,26.62,247.8,2,4,1,107.9,2,32,4,14607,
"Mar 22, 2025","=""47593718961821""",C.SD.Product.UPS.SmartAppOnline.B07TR6VTQ2.OL5KRTHD,,250,DAILY_BUDGET,ENABLED,USD,59304,21,50.03,0.0,0,0,0,0.0,0,34,0,56824,
"Jan 15, 2025","=""124438051163565""",C.SD.Product.UPS.PFCSinewave.CP1500PFCLCD.B00429N19W,,450,DAILY_BUDGET,ENABLED,USD,56212,41,119.6,5472.25,11,15,5,3912.6,8,215,21,33035,
"Feb 09, 2025","=""47593718961821""",C.SD.Product.UPS.SmartAppOnline.B07TR6VTQ2.OL5KRTHD,,250,DAILY_BUDGET,ENABLED,USD,15308,6,12.19,0.0,0,0,0,0.0,0,13,0,11633,
"Jan 21, 2025","=""47593718961821""",C.SD.Product.UPS.SmartAppOnline.B07TR6VTQ2.OL5KRTHD,,250,DAILY_BUDGET,ENABLED,USD,36583,12,26.6,0.0,0,0,0,0.0,0,28,0,26901,
"Mar 04, 2025","=""287421757846510""",C.Keyword.Consumer.SD.UPS.PFCSineWave.CP1500PFCRM2U.B0B354X985,,250,DAILY_BUDGET,ENABLED,USD,1551,3,4.9,0.0,0,0,0,0.0,0,4,0,0,
"Mar 01, 2025","=""401081905525372""",C.Competitor.Consumer.SD.UPS.PFCSineWave.CP1500PFCRM2U.B0B354X985,,250,DAILY_BUDGET,ENABLED,USD,16203,27,64.35,1224.8,4,4,3,889.85,3,67,6,0,
"Apr 18, 2025","=""287421757846510""",C.Keyword.Consumer.SD.UPS.PFCSineWave.CP1500PFCRM2U.B0B354X985,,250,DAILY_BUDGET,ENABLED,USD,1924,3,7.4,0.0,0,0,0,0.0,0,8,1,0,
"Mar 16, 2025","=""287421757846510""",C.Keyword.Consumer.SD.UPS.PFCSineWave.CP1500PFCRM2U.B0B354X985,,250,DAILY_BUDGET,ENABLED,USD,2841,6,11.58,0.0,0,0,0,0.0,0,8,0,0,
"Jan 25, 2025","=""38365855708871""",C.SD.Product.UPS.SmartAppLCD.B000XJLLKG.OR700LCDRM1U,,250,DAILY_BUDGET,ENABLED,USD,10651,3,7.05,0.0,0,0,0,0.0,0,34,0,6424,
"Jan 07, 2025","=""124438051163565""",C.SD.Product.UPS.PFCSinewave.CP1500PFCLCD.B00429N19W,,450,DAILY_BUDGET,ENABLED,USD,100239,46,156.19,2739.5,13,16,9,1690.75,11,282,17,57399,
"Feb 20, 2025","=""401081905525372""",C.Competitor.Consumer.SD.UPS.PFCSineWave.CP1500PFCRM2U.B0B354X985,,250,DAILY_BUDGET,ENABLED,USD,20786,53,99.38,1738.03,8,9,4,1242.55,4,148,11,0,
"Apr 16, 2025","=""124438051163565""",C.SD.Product.UPS.PFCSinewave.CP1500PFCLCD.B00429N19W,,450,DAILY_BUDGET,ENABLED,USD,54179,44,113.67,3972.99,16,21,14,3471.14,18,295,24,31802,
"Feb 11, 2025","=""401081905525372""",C.Competitor.Consumer.SD.UPS.PFCSineWave.CP1500PFCRM2U.B0B354X985,,250,DAILY_BUDGET,ENABLED,USD,10817,32,50.19,314.69,2,2,1,249.95,1,93,11,0,
"Mar 24, 2025","=""38365855708871""",C.SD.Product.UPS.SmartAppLCD.B000XJLLKG.OR700LCDRM1U,,250,DAILY_BUDGET,ENABLED,USD,53291,15,49.82,6286.96,5,6,3,5674.8,4,93,8,49104,
"Jan 24, 2025","=""51640494101738""",C.Product.Consumer.SP.UPS.PFCSineWave.CP1500PFCRM2U.B0B354X985,,250,DAILY_BUDGET,ENABLED,USD,1049,3,5.94,0.0,0,0,0,0.0,0,2,1,0,
"Apr 02, 2025","=""51640494101738""",C.Product.Consumer.SP.UPS.PFCSineWave.CP1500PFCRM2U.B0B354X985,,250,DAILY_BUDGET,ENABLED,USD,1580,3,2.3,189.95,1,1,1,189.95,1,9,2,0,
"Apr 05, 2025","=""51640494101738""",C.Product.Consumer.SP.UPS.PFCSineWave.CP1500PFCRM2U.B0B354X985,,250,DAILY_BUDGET,ENABLED,USD,211,1,0.62,0.0,0,0,0,0.0,0,1,0,0,
"Mar 06, 2025","=""47593718961821""",C.SD.Product.UPS.SmartAppOnline.B07TR6VTQ2.OL5KRTHD,,250,DAILY_BUDGET,ENABLED,USD,52706,13,49.97,0.0,0,0,0,0.0,0,49,0,49850,
"Jan 01, 2025","=""401081905525372""",C.Competitor.Consumer.SD.UPS.PFCSineWave.CP1500PFCRM2U.B0B354X985,,250,DAILY_BUDGET,ENABLED,USD,35373,80,122.36,971.75,5,5,4,751.8,4,212,17,0,
"Mar 10, 2025","=""38365855708871""",C.SD.Product.UPS.SmartAppLCD.B000XJLLKG.OR700LCDRM1U,,250,DAILY_BUDGET,ENABLED,USD,46150,11,45.61,1345.25,3,4,1,189.95,1,105,4,42608,
"Feb 07, 2025","=""263494384088815""",C.SD.Product.UPS.Ecologic.EC850LCD.B00DBAA696,,250,DAILY_BUDGET,ENABLED,USD,2041,0,1.75,0.0,0,0,0,0.0,0,8,0,1657,
"Apr 02, 2025","=""47593718961821""",C.SD.Product.UPS.SmartAppOnline.B07TR6VTQ2.OL5KRTHD,,250,DAILY_BUDGET,ENABLED,USD,59381,24,49.85,0.0,0,0,0,0.0,0,48,0,56444,
"Mar 04, 2025","=""47593718961821""",C.SD.Product.UPS.SmartAppOnline.B07TR6VTQ2.OL5KRTHD,,250,DAILY_BUDGET,ENABLED,USD,83218,27,77.86,2903.8,2,4,0,0.0,0,37,2,78596,
"Jan 22, 2025","=""124438051163565""",C.SD.Product.UPS.PFCSinewave.CP1500PFCLCD.B00429N19W,,450,DAILY_BUDGET,ENABLED,USD,74787,72,165.74,1972.8,10,11,8,1531.64,8,320,24,42673,
"Jan 25, 2025","=""51640494101738""",C.Product.Consumer.SP.UPS.PFCSineWave.CP1500PFCRM2U.B0B354X985,,250,DAILY_BUDGET,ENABLED,USD,963,3,1.97,0.0,0,0,0,0.0,0,16,1,0,
"Jan 18, 2025","=""401081905525372""",C.Competitor.Consumer.SD.UPS.PFCSineWave.CP1500PFCRM2U.B0B354X985,,250,DAILY_BUDGET,ENABLED,USD,17287,34,56.68,0.0,0,0,0,0.0,0,97,4,0,
"Apr 10, 2025","=""287421757846510""",C.Keyword.Consumer.SD.UPS.PFCSineWave.CP1500PFCRM2U.B0B354X985,,250,DAILY_BUDGET,ENABLED,USD,1283,2,4.05,0.0,0,0,0,0.0,0,6,0,0,
"Apr 05, 2025","=""47593718961821""",C.SD.Product.UPS.SmartAppOnline.B07TR6VTQ2.OL5KRTHD,,250,DAILY_BUDGET,ENABLED,USD,82998,37,79.03,0.0,0,0,0,0.0,0,56,0,79600,
"Mar 01, 2025","=""263494384088815""",C.SD.Product.UPS.Ecologic.EC850LCD.B00DBAA696,,250,DAILY_BUDGET,ENABLED,USD,2325,3,2.25,0.0,0,0,0,0.0,0,9,0,2164,
"Feb 15, 2025","=""51640494101738""",C.Product.Consumer.SP.UPS.PFCSineWave.CP1500PFCRM2U.B0B354X985,,250,DAILY_BUDGET,ENABLED,USD,1336,8,13.61,779.85,3,3,3,779.85,3,19,3,0,
"Mar 27, 2025","=""124438051163565""",C.SD.Product.UPS.PFCSinewave.CP1500PFCLCD.B00429N19W,,450,DAILY_BUDGET,ENABLED,USD,23967,13,62.31,273.9,2,2,1,219.95,1,50,3,14689,
"Feb 28, 2025","=""51640494101738""",C.Product.Consumer.SP.UPS.PFCSineWave.CP1500PFCRM2U.B0B354X985,,250,DAILY_BUDGET,ENABLED,USD,1560,3,2.54,0.0,0,0,0,0.0,0,10,1,0,
"Feb 15, 2025","=""287421757846510""",C.Keyword.Consumer.SD.UPS.PFCSineWave.CP1500PFCRM2U.B0B354X985,,250,DAILY_BUDGET,ENABLED,USD,1197,2,5.01,0.0,0,0,0,0.0,0,1,0,0,
"Apr 25, 2025","=""263494384088815""",C.SD.Product.UPS.Ecologic.EC850LCD.B00DBAA696,,250,DAILY_BUDGET,ENABLED,USD,26873,6,24.28,219.95,1,1,1,219.95,1,20,1,25458,
"Apr 24, 2025","=""124438051163565""",C.SD.Product.UPS.PFCSinewave.CP1500PFCLCD.B00429N19W,,450,DAILY_BUDGET,ENABLED,USD,2939,2,5.69,140.23,1,1,1,140.23,1,17,2,2121,
"Jan 30, 2025","=""170474248246250""",C.SD.Product.UPS.IntelligentLCD.CP1500AVRLCD3.B0BCMLLSHL,,250,DAILY_BUDGET,ENABLED,USD,50591,13,39.88,2227.8,4,4,0,0.0,0,16,1,35384,
"Mar 15, 2025","=""263494384088815""",C.SD.Product.UPS.Ecologic.EC850LCD.B00DBAA696,,250,DAILY_BUDGET,ENABLED,USD,23039,9,20.84,109.95,1,1,1,109.95,1,29,0,21694,
"Feb 04, 2025","=""170474248246250""",C.SD.Product.UPS.IntelligentLCD.CP1500AVRLCD3.B0BCMLLSHL,,250,DAILY_BUDGET,ENABLED,USD,379049,32,210.53,0.0,0,0,0,0.0,0,16,0,224339,
"Feb 28, 2025","=""47593718961821""",C.SD.Product.UPS.SmartAppOnline.B07TR6VTQ2.OL5KRTHD,,250,DAILY_BUDGET,ENABLED,USD,106658,25,99.71,0.0,0,0,0,0.0,0,35,1,100059,
"Apr 04, 2025","=""124438051163565""",C.SD.Product.UPS.PFCSinewave.CP1500PFCLCD.B00429N19W,,450,DAILY_BUDGET,ENABLED,USD,41956,32,88.5,2402.78,5,28,3,654.03,3,154,9,25047,
"Apr 25, 2025","=""47593718961821""",C.SD.Product.UPS.SmartAppOnline.B07TR6VTQ2.OL5KRTHD,,250,DAILY_BUDGET,ENABLED,USD,75349,24,78.87,193.24,1,1,0,0.0,0,40,3,70944,
"Jan 15, 2025","=""47593718961821""",C.SD.Product.UPS.SmartAppOnline.B07TR6VTQ2.OL5KRTHD,,250,DAILY_BUDGET,ENABLED,USD,103139,31,80.83,0.0,0,0,0,0.0,0,54,1,75159,
"Jan 23, 2025","=""263494384088815""",C.SD.Product.UPS.Ecologic.EC850LCD.B00DBAA696,,250,DAILY_BUDGET,ENABLED,USD,18524,1,12.45,0.0,0,0,0,0.0,0,1,0,13322,
"Mar 11, 2025","=""263494384088815""",C.SD.Product.UPS.Ecologic.EC850LCD.B00DBAA696,,250,DAILY_BUDGET,ENABLED,USD,36769,15,32.49,0.0,0,0,0,0.0,0,21,0,35111,
"Apr 13, 2025","=""263494384088815""",C.SD.Product.UPS.Ecologic.EC850LCD.B00DBAA696,,250,DAILY_BUDGET,ENABLED,USD,11889,7,10.65,53.95,1,1,1,53.95,1,25,1,10398,
"Jan 26, 2025","=""170474248246250""",C.SD.Product.UPS.IntelligentLCD.CP1500AVRLCD3.B0BCMLLSHL,,250,DAILY_BUDGET,ENABLED,USD,56511,6,41.29,0.0,0,0,0,0.0,0,6,0,34834,
"Jan 20, 2025","=""401081905525372""",C.Competitor.Consumer.SD.UPS.PFCSineWave.CP1500PFCRM2U.B0B354X985,,250,DAILY_BUDGET,ENABLED,USD,20445,43,109.09,6290.05,16,20,7,2054.6,8,175,19,0,
"Jan 17, 2025","=""170474248246250""",C.SD.Product.UPS.IntelligentLCD.CP1500AVRLCD3.B0BCMLLSHL,,250,DAILY_BUDGET,ENABLED,USD,291937,51,210.73,0.0,0,0,0,0.0,0,46,0,180013,
"Apr 12, 2025","=""51640494101738""",C.Product.Consumer.SP.UPS.PFCSineWave.CP1500PFCRM2U.B0B354X985,,250,DAILY_BUDGET,ENABLED,USD,265,0,0.0,0.0,0,0,0,0.0,0,0,0,0,
"Mar 14, 2025","=""287421757846510""",C.Keyword.Consumer.SD.UPS.PFCSineWave.CP1500PFCRM2U.B0B354X985,,250,DAILY_BUDGET,ENABLED,USD,2574,4,4.77,0.0,0,0,0,0.0,0,17,2,0,
"Mar 26, 2025","=""38365855708871""",C.SD.Product.UPS.SmartAppLCD.B000XJLLKG.OR700LCDRM1U,,250,DAILY_BUDGET,ENABLED,USD,51799,12,49.97,563.8,3,4,3,563.8,4,75,6,48611,
"Apr 02, 2025","=""263494384088815""",C.SD.Product.UPS.Ecologic.EC850LCD.B00DBAA696,,250,DAILY_BUDGET,ENABLED,USD,34585,5,30.0,0.0,0,0,0,0.0,0,15,0,32753,
"Jan 05, 2025","=""124438051163565""",C.SD.Product.UPS.PFCSinewave.CP1500PFCLCD.B00429N19W,,450,DAILY_BUDGET,ENABLED,USD,647585,284,2392.82,8364.81,76,105,64,7175.61,85,1621,158,297293,
"Jan 02, 2025","=""51640494101738""",C.Product.Consumer.SP.UPS.PFCSineWave.CP1500PFCRM2U.B0B354X985,,250,DAILY_BUDGET,ENABLED,USD,4245,8,22.37,334.95,1,1,1,334.95,1,37,5,0,
"Jan 10, 2025","=""263494384088815""",C.SD.Product.UPS.Ecologic.EC850LCD.B00DBAA696,,250,DAILY_BUDGET,ENABLED,USD,40929,4,27.99,0.0,0,0,0,0.0,0,7,0,27951,
"Jan 02, 2025","=""287421757846510""",C.Keyword.Consumer.SD.UPS.PFCSineWave.CP1500PFCRM2U.B0B354X985,,250,DAILY_BUDGET,ENABLED,USD,1701,4,1.66,0.0,0,0,0,0.0,0,12,1,0,
"Feb 02, 2025","=""47593718961821""",C.SD.Product.UPS.SmartAppOnline.B07TR6VTQ2.OL5KRTHD,,250,DAILY_BUDGET,ENABLED,USD,23653,1,14.88,0.0,0,0,0,0.0,0,12,1,16419,
"Jan 25, 2025","=""170474248246250""",C.SD.Product.UPS.IntelligentLCD.CP1500AVRLCD3.B0BCMLLSHL,,250,DAILY_BUDGET,ENABLED,USD,102572,8,75.11,0.0,0,0,0,0.0,0,10,0,66999,
"Apr 22, 2025","=""124438051163565""",C.SD.Product.UPS.PFCSinewave.CP1500PFCLCD.B00429N19W,,450,DAILY_BUDGET,ENABLED,USD,4043,5,7.1,0.0,0,0,0,0.0,0,26,3,2646,
"Mar 17, 2025","=""401081905525372""",C.Competitor.Consumer.SD.UPS.PFCSineWave.CP1500PFCRM2U.B0B354X985,,250,DAILY_BUDGET,ENABLED,USD,18996,35,86.27,1128.75,4,5,2,669.9,2,56,3,0,
"Mar 12, 2025","=""47593718961821""",C.SD.Product.UPS.SmartAppOnline.B07TR6VTQ2.OL5KRTHD,,250,DAILY_BUDGET,ENABLED,USD,56926,14,49.87,0.0,0,0,0,0.0,0,25,0,53814,
"Feb 24, 2025","=""51640494101738""",C.Product.Consumer.SP.UPS.PFCSineWave.CP1500PFCRM2U.B0B354X985,,250,DAILY_BUDGET,ENABLED,USD,1747,1,0.57,0.0,0,0,0,0.0,0,2,0,0,
"Mar 04, 2025","=""38365855708871""",C.SD.Product.UPS.SmartAppLCD.B000XJLLKG.OR700LCDRM1U,,250,DAILY_BUDGET,ENABLED,USD,38877,16,35.68,739.7,4,6,1,219.95,1,90,9,35625,
"Jan 04, 2025","=""263494384088815""",C.SD.Product.UPS.Ecologic.EC850LCD.B00DBAA696,,250,DAILY_BUDGET,ENABLED,USD,1181,0,0.72,0.0,0,0,0,0.0,0,0,0,611,
"Apr 23, 2025","=""38365855708871""",C.SD.Product.UPS.SmartAppLCD.B000XJLLKG.OR700LCDRM1U,,250,DAILY_BUDGET,ENABLED,USD,83509,44,88.4,1170.4,7,11,4,851.65,8,104,8,76840,
"Feb 04, 2025","=""263494384088815""",C.SD.Product.UPS.Ecologic.EC850LCD.B00DBAA696,,250,DAILY_BUDGET,ENABLED,USD,2306,2,1.71,0.0,0,0,0,0.0,0,1,0,1582,
"Apr 30, 2025","=""47593718961821""",C.SD.Product.UPS.SmartAppOnline.B07TR6VTQ2.OL5KRTHD,,250,DAILY_BUDGET,ENABLED,USD,98347,22,100.61,825.95,1,1,1,825.95,1,50,0,92561,
"Mar 16, 2025","=""401081905525372""",C.Competitor.Consumer.SD.UPS.PFCSineWave.CP1500PFCRM2U.B0B354X985,,250,DAILY_BUDGET,ENABLED,USD,14439,45,99.02,125.95,1,1,1,125.95,1,105,5,0,
"Apr 15, 2025","=""263494384088815""",C.SD.Product.UPS.Ecologic.EC850LCD.B00DBAA696,,250,DAILY_BUDGET,ENABLED,USD,18558,10,15.95,377.06,3,3,3,377.06,3,73,6,15588,
"Apr 23, 2025","=""124438051163565""",C.SD.Product.UPS.PFCSinewave.CP1500PFCLCD.B00429N19W,,450,DAILY_BUDGET,ENABLED,USD,3861,2,6.71,0.0,0,0,0,0.0,0,12,0,2679,
"Apr 17, 2025","=""47593718961821""",C.SD.Product.UPS.SmartAppOnline.B07TR6VTQ2.OL5KRTHD,,250,DAILY_BUDGET,ENABLED,USD,81166,21,77.76,0.0,0,0,0,0.0,0,29,0,77435,
"Jan 28, 2025","=""47593718961821""",C.SD.Product.UPS.SmartAppOnline.B07TR6VTQ2.OL5KRTHD,,250,DAILY_BUDGET,ENABLED,USD,44448,8,30.89,125.95,1,1,1,125.95,1,47,2,30573,
"Apr 13, 2025","=""124438051163565""",C.SD.Product.UPS.PFCSinewave.CP1500PFCLCD.B00429N19W,,450,DAILY_BUDGET,ENABLED,USD,24139,15,53.33,1286.6,5,8,4,951.65,7,74,7,15739,
"Mar 19, 2025","=""47593718961821""",C.SD.Product.UPS.SmartAppOnline.B07TR6VTQ2.OL5KRTHD,,250,DAILY_BUDGET,ENABLED,USD,55802,17,50.01,0.0,0,0,0,0.0,0,35,0,52922,
"Apr 18, 2025","=""38365855708871""",C.SD.Product.UPS.SmartAppLCD.B000XJLLKG.OR700LCDRM1U,,250,DAILY_BUDGET,ENABLED,USD,53617,18,53.78,509.16,6,6,4,381.8,4,77,13,49059,
"Mar 09, 2025","=""124438051163565""",C.SD.Product.UPS.PFCSinewave.CP1500PFCLCD.B00429N19W,,450,DAILY_BUDGET,ENABLED,USD,38950,35,84.44,187.85,3,3,2,107.9,2,151,5,24953,
"Jan 14, 2025","=""51640494101738""",C.Product.Consumer.SP.UPS.PFCSineWave.CP1500PFCRM2U.B0B354X985,,250,DAILY_BUDGET,ENABLED,USD,964,1,5.55,0.0,0,0,0,0.0,0,12,1,0,
"Jan 06, 2025","=""170474248246250""",C.SD.Product.UPS.IntelligentLCD.CP1500AVRLCD3.B0BCMLLSHL,,250,DAILY_BUDGET,ENABLED,USD,82523,43,45.48,0.0,0,0,0,0.0,0,65,0,66546,
"Mar 02, 2025","=""51640494101738""",C.Product.Consumer.SP.UPS.PFCSineWave.CP1500PFCRM2U.B0B354X985,,250,DAILY_BUDGET,ENABLED,USD,1026,0,0.0,0.0,0,0,0,0.0,0,0,0,0,
"Feb 07, 2025","=""287421757846510""",C.Keyword.Consumer.SD.UPS.PFCSineWave.CP1500PFCRM2U.B0B354X985,,250,DAILY_BUDGET,ENABLED,USD,1338,2,0.56,0.0,0,0,0,0.0,0,6,0,0,
"Feb 14, 2025","=""38365855708871""",C.SD.Product.UPS.SmartAppLCD.B000XJLLKG.OR700LCDRM1U,,250,DAILY_BUDGET,ENABLED,USD,76292,19,49.34,903.05,2,4,0,0.0,0,56,4,52765,
"Mar 20, 2025","=""263494384088815""",C.SD.Product.UPS.Ecologic.EC850LCD.B00DBAA696,,250,DAILY_BUDGET,ENABLED,USD,4195,0,4.04,0.0,0,0,0,0.0,0,33,1,3859,
"Apr 05, 2025","=""401081905525372""",C.Competitor.Consumer.SD.UPS.PFCSineWave.CP1500PFCRM2U.B0B354X985,,250,DAILY_BUDGET,ENABLED,USD,9555,23,39.06,734.64,3,3,1,334.95,1,57,3,0,
"Apr 18, 2025","=""51640494101738""",C.Product.Consumer.SP.UPS.PFCSineWave.CP1500PFCRM2U.B0B354X985,,250,DAILY_BUDGET,ENABLED,USD,452,0,0.0,0.0,0,0,0,0.0,0,0,0,0,
"Mar 28, 2025","=""124438051163565""",C.SD.Product.UPS.PFCSinewave.CP1500PFCLCD.B00429N19W,,450,DAILY_BUDGET,ENABLED,USD,45959,34,103.27,2139.74,6,6,3,529.89,3,130,9,25038,
"Feb 17, 2025","=""51640494101738""",C.Product.Consumer.SP.UPS.PFCSineWave.CP1500PFCRM2U.B0B354X985,,250,DAILY_BUDGET,ENABLED,USD,2050,6,11.66,0.0,0,0,0,0.0,0,7,0,0,
"Jan 29, 2025","=""124438051163565""",C.SD.Product.UPS.PFCSinewave.CP1500PFCLCD.B00429N19W,,450,DAILY_BUDGET,ENABLED,USD,68318,58,151.72,1532.27,9,9,6,728.42,6,284,19,38794,
"Jan 16, 2025","=""170474248246250""",C.SD.Product.UPS.IntelligentLCD.CP1500AVRLCD3.B0BCMLLSHL,,250,DAILY_BUDGET,ENABLED,USD,284413,72,210.78,0.0,0,0,0,0.0,0,83,0,179900,
"Mar 11, 2025","=""124438051163565""",C.SD.Product.UPS.PFCSinewave.CP1500PFCLCD.B00429N19W,,450,DAILY_BUDGET,ENABLED,USD,36585,50,73.96,3052.99,14,17,8,1963.29,11,257,23,20896,
"Jan 04, 2025","=""124438051163565""",C.SD.Product.UPS.PFCSinewave.CP1500PFCLCD.B00429N19W,,450,DAILY_BUDGET,ENABLED,USD,611354,317,2188.99,10073.08,78,93,59,6938.23,71,1660,138,272261,
"Feb 09, 2025","=""124438051163565""",C.SD.Product.UPS.PFCSinewave.CP1500PFCLCD.B00429N19W,,450,DAILY_BUDGET,ENABLED,USD,69312,47,161.48,1024.84,4,4,3,934.85,3,216,8,40443,
"Jan 09, 2025","=""287421757846510""",C.Keyword.Consumer.SD.UPS.PFCSineWave.CP1500PFCRM2U.B0B354X985,,250,DAILY_BUDGET,ENABLED,USD,2123,4,2.28,0.0,0,0,0,0.0,0,13,2,0,
"Apr 07, 2025","=""263494384088815""",C.SD.Product.UPS.Ecologic.EC850LCD.B00DBAA696,,250,DAILY_BUDGET,ENABLED,USD,57129,18,51.6,0.0,0,0,0,0.0,0,47,0,52734,
"Mar 09, 2025","=""287421757846510""",C.Keyword.Consumer.SD.UPS.PFCSineWave.CP1500PFCRM2U.B0B354X985,,250,DAILY_BUDGET,ENABLED,USD,3226,4,1.55,219.95,1,1,1,219.95,1,42,1,0,
"Mar 10, 2025","=""263494384088815""",C.SD.Product.UPS.Ecologic.EC850LCD.B00DBAA696,,250,DAILY_BUDGET,ENABLED,USD,3351,0,3.22,0.0,0,0,0,0.0,0,0,0,3160,
"Jan 06, 2025","=""401081905525372""",C.Competitor.Consumer.SD.UPS.PFCSineWave.CP1500PFCRM2U.B0B354X985,,250,DAILY_BUDGET,ENABLED,USD,26474,53,82.21,669.9,2,2,2,669.9,2,126,4,0,
"Jan 14, 2025","=""124438051163565""",C.SD.Product.UPS.PFCSinewave.CP1500PFCLCD.B00429N19W,,450,DAILY_BUDGET,ENABLED,USD,56376,37,100.23,3579.18,12,15,10,1353.38,11,203,14,36507,
"Feb 02, 2025","=""170474248246250""",C.SD.Product.UPS.IntelligentLCD.CP1500AVRLCD3.B0BCMLLSHL,,250,DAILY_BUDGET,ENABLED,USD,96983,12,72.38,0.0,0,0,0,0.0,0,11,0,66450,
"Feb 07, 2025","=""47593718961821""",C.SD.Product.UPS.SmartAppOnline.B07TR6VTQ2.OL5KRTHD,,250,DAILY_BUDGET,ENABLED,USD,28678,3,15.39,0.0,0,0,0,0.0,0,9,0,19225,
"Apr 17, 2025","=""38365855708871""",C.SD.Product.UPS.SmartAppLCD.B000XJLLKG.OR700LCDRM1U,,250,DAILY_BUDGET,ENABLED,USD,61046,23,61.83,613.0,5,5,5,613.0,5,103,9,56516,
"Mar 08, 2025","=""51640494101738""",C.Product.Consumer.SP.UPS.PFCSineWave.CP1500PFCRM2U.B0B354X985,,250,DAILY_BUDGET,ENABLED,USD,1199,4,4.43,0.0,0,0,0,0.0,0,7,0,0,
"Feb 11, 2025","=""263494384088815""",C.SD.Product.UPS.Ecologic.EC850LCD.B00DBAA696,,250,DAILY_BUDGET,ENABLED,USD,14451,1,10.62,0.0,0,0,0,0.0,0,0,0,9558,
"Jan 30, 2025","=""124438051163565""",C.SD.Product.UPS.PFCSinewave.CP1500PFCLCD.B00429N19W,,450,DAILY_BUDGET,ENABLED,USD,109141,60,211.73,4057.05,14,19,10,3026.35,13,418,26,53723,
"Mar 18, 2025","=""401081905525372""",C.Competitor.Consumer.SD.UPS.PFCSineWave.CP1500PFCRM2U.B0B354X985,,250,DAILY_BUDGET,ENABLED,USD,16526,37,60.41,334.95,1,1,1,334.95,1,90,8,0,
"Feb 26, 2025","=""124438051163565""",C.SD.Product.UPS.PFCSinewave.CP1500PFCLCD.B00429N19W,,450,DAILY_BUDGET,ENABLED,USD,53647,39,115.86,1273.63,6,6,5,727.68,5,202,11,28832,
"Jan 27, 2025","=""287421757846510""",C.Keyword.Consumer.SD.UPS.PFCSineWave.CP1500PFCRM2U.B0B354X985,,250,DAILY_BUDGET,ENABLED,USD,1601,4,2.47,0.0,0,0,0,0.0,0,7,0,0,
"Jan 18, 2025","=""47593718961821""",C.SD.Product.UPS.SmartAppOnline.B07TR6VTQ2.OL5KRTHD,,250,DAILY_BUDGET,ENABLED,USD,17272,6,10.74,187.5,2,2,2,187.5,2,36,2,11006,
"Jan 10, 2025","=""47593718961821""",C.SD.Product.UPS.SmartAppOnline.B07TR6VTQ2.OL5KRTHD,,250,DAILY_BUDGET,ENABLED,USD,13369,7,9.7,829.85,3,3,1,79.95,1,34,1,10938,
"Jan 07, 2025","=""38365855708871""",C.SD.Product.UPS.SmartAppLCD.B000XJLLKG.OR700LCDRM1U,,250,DAILY_BUDGET,ENABLED,USD,23447,40,16.18,2172.87,8,8,5,1671.66,5,229,9,20769,
"Feb 28, 2025","=""124438051163565""",C.SD.Product.UPS.PFCSinewave.CP1500PFCLCD.B00429N19W,,450,DAILY_BUDGET,ENABLED,USD,56200,44,119.29,617.85,3,3,3,617.85,3,153,7,31332,
"Apr 21, 2025","=""47593718961821""",C.SD.Product.UPS.SmartAppOnline.B07TR6VTQ2.OL5KRTHD,,250,DAILY_BUDGET,ENABLED,USD,120161,43,118.36,0.0,0,0,0,0.0,0,63,2,113415,
"Mar 22, 2025","=""124438051163565""",C.SD.Product.UPS.PFCSinewave.CP1500PFCLCD.B00429N19W,,450,DAILY_BUDGET,ENABLED,USD,12354,10,28.88,189.95,1,1,1,189.95,1,55,0,8210,
"Feb 23, 2025","=""401081905525372""",C.Competitor.Consumer.SD.UPS.PFCSineWave.CP1500PFCRM2U.B0B354X985,,250,DAILY_BUDGET,ENABLED,USD,20641,61,91.22,997.8,4,4,4,997.8,4,176,10,0,
"Jan 31, 2025","=""287421757846510""",C.Keyword.Consumer.SD.UPS.PFCSineWave.CP1500PFCRM2U.B0B354X985,,250,DAILY_BUDGET,ENABLED,USD,2406,5,11.91,0.0,0,0,0,0.0,0,6,0,0,
"Mar 24, 2025","=""124438051163565""",C.SD.Product.UPS.PFCSinewave.CP1500PFCLCD.B00429N19W,,450,DAILY_BUDGET,ENABLED,USD,18256,13,41.33,53.95,1,1,1,53.95,1,32,2,12091,
"Apr 23, 2025","=""47593718961821""",C.SD.Product.UPS.SmartAppOnline.B07TR6VTQ2.OL5KRTHD,,250,DAILY_BUDGET,ENABLED,USD,94615,40,95.18,1239.95,1,1,0,0.0,0,69,1,89303,
"Apr 05, 2025","=""38365855708871""",C.SD.Product.UPS.SmartAppLCD.B000XJLLKG.OR700LCDRM1U,,250,DAILY_BUDGET,ENABLED,USD,167455,46,149.92,0.0,0,0,0,0.0,0,18,0,159533,
"Apr 27, 2025","=""38365855708871""",C.SD.Product.UPS.SmartAppLCD.B000XJLLKG.OR700LCDRM1U,,250,DAILY_BUDGET,ENABLED,USD,12581,7,20.95,386.94,2,2,1,86.99,1,28,2,10668,
"Apr 08, 2025","=""38365855708871""",C.SD.Product.UPS.SmartAppLCD.B000XJLLKG.OR700LCDRM1U,,250,DAILY_BUDGET,ENABLED,USD,122301,81,129.39,1073.45,6,11,4,653.75,5,47,3,117046,
"Jan 20, 2025","=""170474248246250""",C.SD.Product.UPS.IntelligentLCD.CP1500AVRLCD3.B0BCMLLSHL,,250,DAILY_BUDGET,ENABLED,USD,327994,64,210.86,0.0,0,0,0,0.0,0,51,0,220289,
"Apr 24, 2025","=""287421757846510""",C.Keyword.Consumer.SD.UPS.PFCSineWave.CP1500PFCRM2U.B0B354X985,,250,DAILY_BUDGET,ENABLED,USD,1070,3,4.57,0.0,0,0,0,0.0,0,3,0,0,
"Jan 24, 2025","=""401081905525372""",C.Competitor.Consumer.SD.UPS.PFCSineWave.CP1500PFCRM2U.B0B354X985,,250,DAILY_BUDGET,ENABLED,USD,14358,30,45.26,1049.8,4,4,3,1004.85,3,110,11,0,
"Feb 19, 2025","=""51640494101738""",C.Product.Consumer.SP.UPS.PFCSineWave.CP1500PFCRM2U.B0B354X985,,250,DAILY_BUDGET,ENABLED,USD,1904,5,6.44,669.9,2,2,2,669.9,2,10,2,0,
"Mar 18, 2025","=""263494384088815""",C.SD.Product.UPS.Ecologic.EC850LCD.B00DBAA696,,250,DAILY_BUDGET,ENABLED,USD,4544,1,4.19,219.95,1,1,1,219.95,1,13,0,3995,
"Mar 05, 2025","=""124438051163565""",C.SD.Product.UPS.PFCSinewave.CP1500PFCLCD.B00429N19W,,450,DAILY_BUDGET,ENABLED,USD,41877,25,86.28,2854.28,16,16,12,2461.4,12,212,28,24495,
"Apr 07, 2025","=""124438051163565""",C.SD.Product.UPS.PFCSinewave.CP1500PFCLCD.B00429N19W,,450,DAILY_BUDGET,ENABLED,USD,73697,60,135.81,2875.18,13,15,9,2416.88,9,286,25,41640,
"Mar 12, 2025","=""170474248246250""",C.SD.Product.UPS.IntelligentLCD.CP1500AVRLCD3.B0BCMLLSHL,,250,DAILY_BUDGET,ENABLED,USD,0,0,0.0,0.0,0,0,0,0.0,0,1,0,0,
"Jan 16, 2025","=""287421757846510""",C.Keyword.Consumer.SD.UPS.PFCSineWave.CP1500PFCRM2U.B0B354X985,,250,DAILY_BUDGET,ENABLED,USD,1783,1,0.53,0.0,0,0,0,0.0,0,1,0,0,
"Jan 19, 2025","=""38365855708871""",C.SD.Product.UPS.SmartAppLCD.B000XJLLKG.OR700LCDRM1U,,250,DAILY_BUDGET,ENABLED,USD,95004,22,44.92,189.95,1,1,1,189.95,1,63,1,63937,
"Apr 26, 2025","=""38365855708871""",C.SD.Product.UPS.SmartAppLCD.B000XJLLKG.OR700LCDRM1U,,250,DAILY_BUDGET,ENABLED,USD,8981,5,16.95,313.7,2,2,2,313.7,2,49,3,7260,
"Mar 12, 2025","=""287421757846510""",C.Keyword.Consumer.SD.UPS.PFCSineWave.CP1500PFCRM2U.B0B354X985,,250,DAILY_BUDGET,ENABLED,USD,1282,4,2.25,0.0,0,0,0,0.0,0,10,0,0,
"Mar 24, 2025","=""401081905525372""",C.Competitor.Consumer.SD.UPS.PFCSineWave.CP1500PFCRM2U.B0B354X985,,250,DAILY_BUDGET,ENABLED,USD,4318,4,2.62,0.0,0,0,0,0.0,0,6,0,0,
"Apr 28, 2025","=""263494384088815""",C.SD.Product.UPS.Ecologic.EC850LCD.B00DBAA696,,250,DAILY_BUDGET,ENABLED,USD,35337,17,28.97,524.85,3,3,3,524.85,3,62,5,32283,
"Apr 09, 2025","=""51640494101738""",C.Product.Consumer.SP.UPS.PFCSineWave.CP1500PFCRM2U.B0B354X985,,250,DAILY_BUDGET,ENABLED,USD,689,1,2.03,0.0,0,0,0,0.0,0,1,0,0,
"Apr 06, 2025","=""263494384088815""",C.SD.Product.UPS.Ecologic.EC850LCD.B00DBAA696,,250,DAILY_BUDGET,ENABLED,USD,137275,43,99.76,0.0,0,0,0,0.0,0,87,1,130840,
"Feb 01, 2025","=""170474248246250""",C.SD.Product.UPS.IntelligentLCD.CP1500AVRLCD3.B0BCMLLSHL,,250,DAILY_BUDGET,ENABLED,USD,412247,49,210.73,0.0,0,0,0,0.0,0,42,0,262272,
"Jan 02, 2025","=""263494384088815""",C.SD.Product.UPS.Ecologic.EC850LCD.B00DBAA696,,250,DAILY_BUDGET,ENABLED,USD,694,0,0.49,0.0,0,0,0,0.0,0,0,0,412,
"Mar 22, 2025","=""401081905525372""",C.Competitor.Consumer.SD.UPS.PFCSineWave.CP1500PFCRM2U.B0B354X985,,250,DAILY_BUDGET,ENABLED,USD,3288,12,37.53,743.31,3,3,2,669.9,2,42,3,0,
"Mar 30, 2025","=""124438051163565""",C.SD.Product.UPS.PFCSinewave.CP1500PFCLCD.B00429N19W,,450,DAILY_BUDGET,ENABLED,USD,83474,73,179.78,961.65,7,7,7,961.65,7,266,16,45070,
"Mar 21, 2025","=""47593718961821""",C.SD.Product.UPS.SmartAppOnline.B07TR6VTQ2.OL5KRTHD,,250,DAILY_BUDGET,ENABLED,USD,67851,24,49.98,0.0,0,0,0,0.0,0,33,0,64610,
"Jan 03, 2025","=""38365855708871""",C.SD.Product.UPS.SmartAppLCD.B000XJLLKG.OR700LCDRM1U,,250,DAILY_BUDGET,ENABLED,USD,11445,5,5.2,495.95,1,1,1,495.95,1,22,1,8877,
"Jan 13, 2025","=""170474248246250""",C.SD.Product.UPS.IntelligentLCD.CP1500AVRLCD3.B0BCMLLSHL,,250,DAILY_BUDGET,ENABLED,USD,575719,158,350.4,409.9,2,2,1,189.95,1,90,5,397868,
"Jan 26, 2025","=""47593718961821""",C.SD.Product.UPS.SmartAppOnline.B07TR6VTQ2.OL5KRTHD,,250,DAILY_BUDGET,ENABLED,USD,39312,2,24.76,0.0,0,0,0,0.0,0,6,0,24633,
"Feb 05, 2025","=""38365855708871""",C.SD.Product.UPS.SmartAppLCD.B000XJLLKG.OR700LCDRM1U,,250,DAILY_BUDGET,ENABLED,USD,20354,3,19.24,716.22,3,3,1,125.95,1,40,4,14322,
"Feb 22, 2025","=""263494384088815""",C.SD.Product.UPS.Ecologic.EC850LCD.B00DBAA696,,250,DAILY_BUDGET,ENABLED,USD,18951,2,16.36,0.0,0,0,0,0.0,0,6,1,14531,
"Feb 23, 2025","=""51640494101738""",C.Product.Consumer.SP.UPS.PFCSineWave.CP1500PFCRM2U.B0B354X985,,250,DAILY_BUDGET,ENABLED,USD,1364,6,13.16,0.0,0,0,0,0.0,0,9,1,0,
"Jan 14, 2025","=""287421757846510""",C.Keyword.Consumer.SD.UPS.PFCSineWave.CP1500PFCRM2U.B0B354X985,,250,DAILY_BUDGET,ENABLED,USD,1701,3,3.61,0.0,0,0,0,0.0,0,13,0,0,
"Apr 21, 2025","=""401081905525372""",C.Competitor.Consumer.SD.UPS.PFCSineWave.CP1500PFCRM2U.B0B354X985,,250,DAILY_BUDGET,ENABLED,USD,15517,24,58.52,334.95,1,1,0,0.0,0,45,3,0,
"Jan 04, 2025","=""287421757846510""",C.Keyword.Consumer.SD.UPS.PFCSineWave.CP1500PFCRM2U.B0B354X985,,250,DAILY_BUDGET,ENABLED,USD,7245,10,12.22,0.0,0,0,0,0.0,0,15,0,0,
"Apr 05, 2025","=""287421757846510""",C.Keyword.Consumer.SD.UPS.PFCSineWave.CP1500PFCRM2U.B0B354X985,,250,DAILY_BUDGET,ENABLED,USD,481,0,0.0,0.0,0,0,0,0.0,0,0,0,0,
"Jan 01, 2025","=""47593718961821""",C.SD.Product.UPS.SmartAppOnline.B07TR6VTQ2.OL5KRTHD,,250,DAILY_BUDGET,ENABLED,USD,6558,3,4.51,0.0,0,0,0,0.0,0,140,1,3286,
"Apr 07, 2025","=""287421757846510""",C.Keyword.Consumer.SD.UPS.PFCSineWave.CP1500PFCRM2U.B0B354X985,,250,DAILY_BUDGET,ENABLED,USD,1395,3,6.8,334.95,1,1,1,334.95,1,3,1,0,
"Feb 13, 2025","=""38365855708871""",C.SD.Product.UPS.SmartAppLCD.B000XJLLKG.OR700LCDRM1U,,250,DAILY_BUDGET,ENABLED,USD,22009,6,18.8,173.7,2,2,1,79.95,1,47,4,13472,
"Jan 27, 2025","=""170474248246250""",C.SD.Product.UPS.IntelligentLCD.CP1500AVRLCD3.B0BCMLLSHL,,250,DAILY_BUDGET,ENABLED,USD,678933,71,421.3,349.9,2,2,1,159.95,1,55,2,445573,
"Jan 22, 2025","=""47593718961821""",C.SD.Product.UPS.SmartAppOnline.B07TR6VTQ2.OL5KRTHD,,250,DAILY_BUDGET,ENABLED,USD,97916,15,67.86,0.0,0,0,0,0.0,0,42,2,67285,
"Apr 27, 2025","=""124438051163565""",C.SD.Product.UPS.PFCSinewave.CP1500PFCLCD.B00429N19W,,450,DAILY_BUDGET,ENABLED,USD,983,2,2.06,0.0,0,0,0,0.0,0,12,0,693,
"Jan 02, 2025","=""47593718961821""",C.SD.Product.UPS.SmartAppOnline.B07TR6VTQ2.OL5KRTHD,,250,DAILY_BUDGET,ENABLED,USD,9961,3,7.72,0.0,0,0,0,0.0,0,102,0,6172,
"Jan 08, 2025","=""51640494101738""",C.Product.Consumer.SP.UPS.PFCSineWave.CP1500PFCRM2U.B0B354X985,,250,DAILY_BUDGET,ENABLED,USD,1120,3,4.12,0.0,0,0,0,0.0,0,10,0,0,
"Apr 19, 2025","=""47593718961821""",C.SD.Product.UPS.SmartAppOnline.B07TR6VTQ2.OL5KRTHD,,250,DAILY_BUDGET,ENABLED,USD,32352,14,34.98,0.0,0,0,0,0.0,0,21,0,30843,
"Jan 01, 2025","=""51640494101738""",C.Product.Consumer.SP.UPS.PFCSineWave.CP1500PFCRM2U.B0B354X985,,250,DAILY_BUDGET,ENABLED,USD,2680,9,15.99,0.0,0,0,0,0.0,0,35,1,0,
"Mar 25, 2025","=""401081905525372""",C.Competitor.Consumer.SD.UPS.PFCSineWave.CP1500PFCRM2U.B0B354X985,,250,DAILY_BUDGET,ENABLED,USD,5950,17,44.11,669.9,2,2,1,334.95,1,24,3,0,
"Feb 07, 2025","=""170474248246250""",C.SD.Product.UPS.IntelligentLCD.CP1500AVRLCD3.B0BCMLLSHL,,250,DAILY_BUDGET,ENABLED,USD,1006858,177,568.37,189.95,1,1,1,189.95,1,189,2,705408,
"Feb 26, 2025","=""38365855708871""",C.SD.Product.UPS.SmartAppLCD.B000XJLLKG.OR700LCDRM1U,,250,DAILY_BUDGET,ENABLED,USD,61913,10,49.51,0.0,0,0,0,0.0,0,69,0,47579,
"Apr 05, 2025","=""124438051163565""",C.SD.Product.UPS.PFCSinewave.CP1500PFCLCD.B00429N19W,,450,DAILY_BUDGET,ENABLED,USD,57172,40,116.09,1138.22,7,9,7,1138.22,9,183,8,33650,
"Apr 15, 2025","=""401081905525372""",C.Competitor.Consumer.SD.UPS.PFCSineWave.CP1500PFCRM2U.B0B354X985,,250,DAILY_BUDGET,ENABLED,USD,24340,50,106.38,4383.4,6,8,4,2315.5,4,101,12,0,
"Mar 07, 2025","=""124438051163565""",C.SD.Product.UPS.PFCSinewave.CP1500PFCLCD.B00429N19W,,450,DAILY_BUDGET,ENABLED,USD,39109,35,83.48,1441.97,7,21,4,997.56,15,196,19,23389,
"Mar 25, 2025","=""51640494101738""",C.Product.Consumer.SP.UPS.PFCSineWave.CP1500PFCRM2U.B0B354X985,,250,DAILY_BUDGET,ENABLED,USD,354,0,0.0,0.0,0,0,0,0.0,0,1,0,0,
"Feb 13, 2025","=""170474248246250""",C.SD.Product.UPS.IntelligentLCD.CP1500AVRLCD3.B0BCMLLSHL,,250,DAILY_BUDGET,ENABLED,USD,0,0,0.0,0.0,0,0,0,0.0,0,5,0,0,
"Feb 21, 2025","=""47593718961821""",C.SD.Product.UPS.SmartAppOnline.B07TR6VTQ2.OL5KRTHD,,250,DAILY_BUDGET,ENABLED,USD,78439,10,54.43,0.0,0,0,0,0.0,0,20,1,58357,
"Feb 15, 2025","=""263494384088815""",C.SD.Product.UPS.Ecologic.EC850LCD.B00DBAA696,,250,DAILY_BUDGET,ENABLED,USD,13803,0,9.19,0.0,0,0,0,0.0,0,3,0,8339,
"Jan 24, 2025","=""124438051163565""",C.SD.Product.UPS.PFCSinewave.CP1500PFCLCD.B00429N19W,,450,DAILY_BUDGET,ENABLED,USD,62745,49,147.18,4122.08,8,8,6,1642.18,6,237,14,36750,
"Jan 21, 2025","=""287421757846510""",C.Keyword.Consumer.SD.UPS.PFCSineWave.CP1500PFCRM2U.B0B354X985,,250,DAILY_BUDGET,ENABLED,USD,2310,3,2.13,0.0,0,0,0,0.0,0,3,0,0,
"Jan 02, 2025","=""401081905525372""",C.Competitor.Consumer.SD.UPS.PFCSineWave.CP1500PFCRM2U.B0B354X985,,250,DAILY_BUDGET,ENABLED,USD,53750,77,136.26,1204.8,4,4,3,869.85,3,202,12,0,
"Mar 15, 2025","=""47593718961821""",C.SD.Product.UPS.SmartAppOnline.B07TR6VTQ2.OL5KRTHD,,250,DAILY_BUDGET,ENABLED,USD,48436,6,49.99,0.0,0,0,0,0.0,0,9,0,45387,
"Mar 11, 2025","=""287421757846510""",C.Keyword.Consumer.SD.UPS.PFCSineWave.CP1500PFCRM2U.B0B354X985,,250,DAILY_BUDGET,ENABLED,USD,3381,5,2.0,299.95,1,1,1,299.95,1,8,1,0,
"Jan 28, 2025","=""263494384088815""",C.SD.Product.UPS.Ecologic.EC850LCD.B00DBAA696,,250,DAILY_BUDGET,ENABLED,USD,4789,2,3.79,0.0,0,0,0,0.0,0,3,0,3349,
"Mar 12, 2025","=""263494384088815""",C.SD.Product.UPS.Ecologic.EC850LCD.B00DBAA696,,250,DAILY_BUDGET,ENABLED,USD,36534,4,32.32,0.0,0,0,0,0.0,0,11,0,34714,
"Feb 10, 2025","=""170474248246250""",C.SD.Product.UPS.IntelligentLCD.CP1500AVRLCD3.B0BCMLLSHL,,250,DAILY_BUDGET,ENABLED,USD,385044,50,260.16,0.0,0,0,0,0.0,0,67,1,251141,
"Jan 01, 2025","=""124438051163565""",C.SD.Product.UPS.PFCSinewave.CP1500PFCLCD.B00429N19W,,450,DAILY_BUDGET,ENABLED,USD,637249,318,2099.35,7881.34,60,72,41,4986.95,53,1767,131,268505,
"Apr 23, 2025","=""263494384088815""",C.SD.Product.UPS.Ecologic.EC850LCD.B00DBAA696,,250,DAILY_BUDGET,ENABLED,USD,75193,26,64.03,294.26,2,2,2,294.26,2,69,3,70488,
"Feb 01, 2025","=""401081905525372""",C.Competitor.Consumer.SD.UPS.PFCSineWave.CP1500PFCRM2U.B0B354X985,,250,DAILY_BUDGET,ENABLED,USD,15085,32,35.36,0.0,0,0,0,0.0,0,54,3,0,
"Jan 11, 2025","=""170474248246250""",C.SD.Product.UPS.IntelligentLCD.CP1500AVRLCD3.B0BCMLLSHL,,250,DAILY_BUDGET,ENABLED,USD,573476,162,385.72,0.0,0,0,0,0.0,0,121,0,388799,
"Feb 24, 2025","=""170474248246250""",C.SD.Product.UPS.IntelligentLCD.CP1500AVRLCD3.B0BCMLLSHL,,250,DAILY_BUDGET,ENABLED,USD,0,0,0.0,0.0,0,0,0,0.0,0,0,0,0,
"Mar 15, 2025","=""51640494101738""",C.Product.Consumer.SP.UPS.PFCSineWave.CP1500PFCRM2U.B0B354X985,,250,DAILY_BUDGET,ENABLED,USD,692,1,2.73,0.0,0,0,0,0.0,0,1,0,0,
"Feb 16, 2025","=""38365855708871""",C.SD.Product.UPS.SmartAppLCD.B000XJLLKG.OR700LCDRM1U,,250,DAILY_BUDGET,ENABLED,USD,122349,24,85.71,979.85,3,3,3,979.85,3,65,2,88611,
"Apr 06, 2025","=""51640494101738""",C.Product.Consumer.SP.UPS.PFCSineWave.CP1500PFCRM2U.B0B354X985,,250,DAILY_BUDGET,ENABLED,USD,236,0,0.0,0.0,0,0,0,0.0,0,0,0,0,
"Mar 22, 2025","=""287421757846510""",C.Keyword.Consumer.SD.UPS.PFCSineWave.CP1500PFCRM2U.B0B354X985,,250,DAILY_BUDGET,ENABLED,USD,1468,4,1.93,0.0,0,0,0,0.0,0,9,0,0,
"Jan 13, 2025","=""47593718961821""",C.SD.Product.UPS.SmartAppOnline.B07TR6VTQ2.OL5KRTHD,,250,DAILY_BUDGET,ENABLED,USD,12476,5,8.8,0.0,0,0,0,0.0,0,19,0,9476,
"Apr 28, 2025","=""38365855708871""",C.SD.Product.UPS.SmartAppLCD.B000XJLLKG.OR700LCDRM1U,,250,DAILY_BUDGET,ENABLED,USD,14371,2,29.16,240.62,3,3,2,101.67,2,48,3,12100,
"Feb 06, 2025","=""170474248246250""",C.SD.Product.UPS.IntelligentLCD.CP1500AVRLCD3.B0BCMLLSHL,,250,DAILY_BUDGET,ENABLED,USD,1047608,207,568.35,0.0,0,0,0,0.0,0,181,0,741684,
"Jan 19, 2025","=""263494384088815""",C.SD.Product.UPS.Ecologic.EC850LCD.B00DBAA696,,250,DAILY_BUDGET,ENABLED,USD,796,0,0.58,0.0,0,0,0,0.0,0,5,0,587,
"Mar 25, 2025","=""38365855708871""",C.SD.Product.UPS.SmartAppLCD.B000XJLLKG.OR700LCDRM1U,,250,DAILY_BUDGET,ENABLED,USD,49898,19,49.96,1261.65,5,8,3,281.9,3,79,5,46975,
"Feb 04, 2025","=""38365855708871""",C.SD.Product.UPS.SmartAppLCD.B000XJLLKG.OR700LCDRM1U,,250,DAILY_BUDGET,ENABLED,USD,39138,9,26.68,0.0,0,0,0,0.0,0,83,1,23605,
"Apr 12, 2025","=""287421757846510""",C.Keyword.Consumer.SD.UPS.PFCSineWave.CP1500PFCRM2U.B0B354X985,,250,DAILY_BUDGET,ENABLED,USD,3395,7,7.37,0.0,0,0,0,0.0,0,7,0,0,
"Mar 02, 2025","=""401081905525372""",C.Competitor.Consumer.SD.UPS.PFCSineWave.CP1500PFCRM2U.B0B354X985,,250,DAILY_BUDGET,ENABLED,USD,18146,42,66.24,1994.7,6,6,5,1624.75,5,105,10,0,
"Mar 11, 2025","=""401081905525372""",C.Competitor.Consumer.SD.UPS.PFCSineWave.CP1500PFCRM2U.B0B354X985,,250,DAILY_BUDGET,ENABLED,USD,24765,43,72.03,734.64,3,3,2,399.69,2,73,2,0,
"Jan 06, 2025","=""263494384088815""",C.SD.Product.UPS.Ecologic.EC850LCD.B00DBAA696,,250,DAILY_BUDGET,ENABLED,USD,1050,0,0.79,0.0,0,0,0,0.0,0,0,0,730,
"Feb 17, 2025","=""287421757846510""",C.Keyword.Consumer.SD.UPS.PFCSineWave.CP1500PFCRM2U.B0B354X985,,250,DAILY_BUDGET,ENABLED,USD,1573,5,6.52,0.0,0,0,0,0.0,0,7,0,0,
"Feb 24, 2025","=""47593718961821""",C.SD.Product.UPS.SmartAppOnline.B07TR6VTQ2.OL5KRTHD,,250,DAILY_BUDGET,ENABLED,USD,12086,0,6.66,0.0,0,0,0,0.0,0,14,3,8430,
"Mar 17, 2025","=""287421757846510""",C.Keyword.Consumer.SD.UPS.PFCSineWave.CP1500PFCRM2U.B0B354X985,,250,DAILY_BUDGET,ENABLED,USD,2884,4,1.49,0.0,0,0,0,0.0,0,5,0,0,
"Mar 07, 2025","=""263494384088815""",C.SD.Product.UPS.Ecologic.EC850LCD.B00DBAA696,,250,DAILY_BUDGET,ENABLED,USD,6036,3,5.94,44.95,1,1,1,44.95,1,3,0,5741,
"Feb 03, 2025","=""38365855708871""",C.SD.Product.UPS.SmartAppLCD.B000XJLLKG.OR700LCDRM1U,,250,DAILY_BUDGET,ENABLED,USD,54537,23,45.91,343.85,3,3,2,289.9,2,68,6,39473,
"Jan 12, 2025","=""401081905525372""",C.Competitor.Consumer.SD.UPS.PFCSineWave.CP1500PFCRM2U.B0B354X985,,250,DAILY_BUDGET,ENABLED,USD,20879,78,119.88,2042.69,7,7,6,1842.74,6,284,18,0,
"Mar 26, 2025","=""287421757846510""",C.Keyword.Consumer.SD.UPS.PFCSineWave.CP1500PFCRM2U.B0B354X985,,250,DAILY_BUDGET,ENABLED,USD,1407,2,1.45,0.0,0,0,0,0.0,0,2,0,0,
"Apr 01, 2025","=""124438051163565""",C.SD.Product.UPS.PFCSinewave.CP1500PFCLCD.B00429N19W,,450,DAILY_BUDGET,ENABLED,USD,55236,43,108.02,893.75,4,5,2,233.9,2,177,5,31182,
"Feb 06, 2025","=""263494384088815""",C.SD.Product.UPS.Ecologic.EC850LCD.B00DBAA696,,250,DAILY_BUDGET,ENABLED,USD,1377,0,1.2,0.0,0,0,0,0.0,0,0,0,1121,
"Mar 02, 2025","=""263494384088815""",C.SD.Product.UPS.Ecologic.EC850LCD.B00DBAA696,,250,DAILY_BUDGET,ENABLED,USD,6964,6,6.72,0.0,0,0,0,0.0,0,8,0,6503,
"Feb 13, 2025","=""124438051163565""",C.SD.Product.UPS.PFCSinewave.CP1500PFCLCD.B00429N19W,,450,DAILY_BUDGET,ENABLED,USD,40380,34,90.55,2159.76,10,10,10,2159.76,10,201,11,21480,
"Apr 17, 2025","=""51640494101738""",C.Product.Consumer.SP.UPS.PFCSineWave.CP1500PFCRM2U.B0B354X985,,250,DAILY_BUDGET,ENABLED,USD,673,4,11.68,0.0,0,0,0,0.0,0,9,1,0,
"Jan 15, 2025","=""38365855708871""",C.SD.Product.UPS.SmartAppLCD.B000XJLLKG.OR700LCDRM1U,,250,DAILY_BUDGET,ENABLED,USD,325268,87,99.44,987.75,5,5,3,487.85,3,163,6,227510,
"Apr 16, 2025","=""51640494101738""",C.Product.Consumer.SP.UPS.PFCSineWave.CP1500PFCRM2U.B0B354X985,,250,DAILY_BUDGET,ENABLED,USD,380,1,0.68,0.0,0,0,0,0.0,0,1,0,0,
"Mar 21, 2025","=""38365855708871""",C.SD.Product.UPS.SmartAppLCD.B000XJLLKG.OR700LCDRM1U,,250,DAILY_BUDGET,ENABLED,USD,62343,11,49.86,990.65,8,8,6,928.7,6,124,10,58338,
"Jan 23, 2025","=""401081905525372""",C.Competitor.Consumer.SD.UPS.PFCSineWave.CP1500PFCRM2U.B0B354X985,,250,DAILY_BUDGET,ENABLED,USD,15135,27,67.68,1539.75,3,5,1,1004.85,3,62,4,0,
"Mar 19, 2025","=""401081905525372""",C.Competitor.Consumer.SD.UPS.PFCSineWave.CP1500PFCRM2U.B0B354X985,,250,DAILY_BUDGET,ENABLED,USD,17924,41,101.96,484.85,3,3,2,149.9,2,98,6,0,
"Apr 22, 2025","=""287421757846510""",C.Keyword.Consumer.SD.UPS.PFCSineWave.CP1500PFCRM2U.B0B354X985,,250,DAILY_BUDGET,ENABLED,USD,798,0,0.0,0.0,0,0,0,0.0,0,0,0,0,
"Jan 27, 2025","=""263494384088815""",C.SD.Product.UPS.Ecologic.EC850LCD.B00DBAA696,,250,DAILY_BUDGET,ENABLED,USD,19441,2,14.5,0.0,0,0,0,0.0,0,6,0,14860,
"Mar 06, 2025","=""401081905525372""",C.Competitor.Consumer.SD.UPS.PFCSineWave.CP1500PFCRM2U.B0B354X985,,250,DAILY_BUDGET,ENABLED,USD,20346,40,72.79,1296.75,5,5,3,741.85,3,86,11,0,
"Mar 29, 2025","=""401081905525372""",C.Competitor.Consumer.SD.UPS.PFCSineWave.CP1500PFCRM2U.B0B354X985,,250,DAILY_BUDGET,ENABLED,USD,6455,19,36.51,0.0,0,0,0,0.0,0,40,2,0,
"Mar 10, 2025","=""51640494101738""",C.Product.Consumer.SP.UPS.PFCSineWave.CP1500PFCRM2U.B0B354X985,,250,DAILY_BUDGET,ENABLED,USD,1356,2,2.01,0.0,0,0,0,0.0,0,5,0,0,
"Feb 05, 2025","=""51640494101738""",C.Product.Consumer.SP.UPS.PFCSineWave.CP1500PFCRM2U.B0B354X985,,250,DAILY_BUDGET,ENABLED,USD,1394,3,3.22,0.0,0,0,0,0.0,0,8,0,0,
"Mar 13, 2025","=""51640494101738""",C.Product.Consumer.SP.UPS.PFCSineWave.CP1500PFCRM2U.B0B354X985,,250,DAILY_BUDGET,ENABLED,USD,817,1,1.97,0.0,0,0,0,0.0,0,1,0,0,
"Apr 25, 2025","=""124438051163565""",C.SD.Product.UPS.PFCSinewave.CP1500PFCLCD.B00429N19W,,450,DAILY_BUDGET,ENABLED,USD,1907,0,3.54,0.0,0,0,0,0.0,0,6,1,1235,
"Mar 24, 2025","=""47593718961821""",C.SD.Product.UPS.SmartAppOnline.B07TR6VTQ2.OL5KRTHD,,250,DAILY_BUDGET,ENABLED,USD,51791,15,49.98,1029.95,1,1,0,0.0,0,20,1,48643,
"Jan 12, 2025","=""47593718961821""",C.SD.Product.UPS.SmartAppOnline.B07TR6VTQ2.OL5KRTHD,,250,DAILY_BUDGET,ENABLED,USD,15590,3,11.08,0.0,0,0,0,0.0,0,10,0,10436,
"Apr 29, 2025","=""287421757846510""",C.Keyword.Consumer.SD.UPS.PFCSineWave.CP1500PFCRM2U.B0B354X985,,250,DAILY_BUDGET,ENABLED,USD,1189,0,0.0,0.0,0,0,0,0.0,0,0,0,0,
"Feb 05, 2025","=""124438051163565""",C.SD.Product.UPS.PFCSinewave.CP1500PFCLCD.B00429N19W,,450,DAILY_BUDGET,ENABLED,USD,41322,37,94.03,1875.64,7,8,5,905.79,5,204,14,22236,
"Feb 15, 2025","=""124438051163565""",C.SD.Product.UPS.PFCSinewave.CP1500PFCLCD.B00429N19W,,450,DAILY_BUDGET,ENABLED,USD,51847,43,124.51,750.97,9,9,7,668.88,7,212,9,30846,
"Feb 22, 2025","=""124438051163565""",C.SD.Product.UPS.PFCSinewave.CP1500PFCLCD.B00429N19W,,450,DAILY_BUDGET,ENABLED,USD,60329,47,133.02,991.05,4,4,3,917.64,3,163,12,33968,
"Jan 14, 2025","=""401081905525372""",C.Competitor.Consumer.SD.UPS.PFCSineWave.CP1500PFCRM2U.B0B354X985,,250,DAILY_BUDGET,ENABLED,USD,20867,44,87.91,1340.63,7,10,3,441.88,4,104,9,0,
"Mar 29, 2025","=""47593718961821""",C.SD.Product.UPS.SmartAppOnline.B07TR6VTQ2.OL5KRTHD,,250,DAILY_BUDGET,ENABLED,USD,76652,18,66.18,0.0,0,0,0,0.0,0,21,0,73509,
"Mar 20, 2025","=""51640494101738""",C.Product.Consumer.SP.UPS.PFCSineWave.CP1500PFCRM2U.B0B354X985,,250,DAILY_BUDGET,ENABLED,USD,489,0,0.0,0.0,0,0,0,0.0,0,0,0,0,
"Feb 06, 2025","=""401081905525372""",C.Competitor.Consumer.SD.UPS.PFCSineWave.CP1500PFCRM2U.B0B354X985,,250,DAILY_BUDGET,ENABLED,USD,15120,27,52.6,334.95,1,1,0,0.0,0,61,4,0,
"Apr 29, 2025","=""47593718961821""",C.SD.Product.UPS.SmartAppOnline.B07TR6VTQ2.OL5KRTHD,,250,DAILY_BUDGET,ENABLED,USD,99771,39,108.24,294.22,2,2,2,294.22,2,71,4,93905,
"Apr 08, 2025","=""51640494101738""",C.Product.Consumer.SP.UPS.PFCSineWave.CP1500PFCRM2U.B0B354X985,,250,DAILY_BUDGET,ENABLED,USD,689,1,7.13,0.0,0,0,0,0.0,0,1,0,0,
"Jan 05, 2025","=""170474248246250""",C.SD.Product.UPS.IntelligentLCD.CP1500AVRLCD3.B0BCMLLSHL,,250,DAILY_BUDGET,ENABLED,USD,11815,4,10.02,0.0,0,0,0,0.0,0,4,0,8333,
"Apr 23, 2025","=""287421757846510""",C.Keyword.Consumer.SD.UPS.PFCSineWave.CP1500PFCRM2U.B0B354X985,,250,DAILY_BUDGET,ENABLED,USD,1079,1,4.21,0.0,0,0,0,0.0,0,1,0,0,
"Apr 16, 2025","=""38365855708871""",C.SD.Product.UPS.SmartAppLCD.B000XJLLKG.OR700LCDRM1U,,250,DAILY_BUDGET,ENABLED,USD,146824,37,134.13,390.84,2,8,1,159.9,2,127,5,137550,
"Jan 20, 2025","=""287421757846510""",C.Keyword.Consumer.SD.UPS.PFCSineWave.CP1500PFCRM2U.B0B354X985,,250,DAILY_BUDGET,ENABLED,USD,2014,2,5.43,0.0,0,0,0,0.0,0,3,0,0,
"Mar 13, 2025","=""401081905525372""",C.Competitor.Consumer.SD.UPS.PFCSineWave.CP1500PFCRM2U.B0B354X985,,250,DAILY_BUDGET,ENABLED,USD,16680,39,77.42,1674.75,5,5,3,1004.85,3,87,12,0,
"Jan 14, 2025","=""38365855708871""",C.SD.Product.UPS.SmartAppLCD.B000XJLLKG.OR700LCDRM1U,,250,DAILY_BUDGET,ENABLED,USD,184322,44,78.12,6435.7,6,26,3,5612.1,18,157,15,130716,
"Apr 05, 2025","=""263494384088815""",C.SD.Product.UPS.Ecologic.EC850LCD.B00DBAA696,,250,DAILY_BUDGET,ENABLED,USD,106705,34,91.46,0.0,0,0,0,0.0,0,43,0,101066,
"Mar 04, 2025","=""263494384088815""",C.SD.Product.UPS.Ecologic.EC850LCD.B00DBAA696,,250,DAILY_BUDGET,ENABLED,USD,8335,2,6.32,0.0,0,0,0,0.0,0,6,0,7911,
"Jan 23, 2025","=""47593718961821""",C.SD.Product.UPS.SmartAppOnline.B07TR6VTQ2.OL5KRTHD,,250,DAILY_BUDGET,ENABLED,USD,49771,9,29.26,0.0,0,0,0,0.0,0,20,0,33866,
"Apr 16, 2025","=""287421757846510""",C.Keyword.Consumer.SD.UPS.PFCSineWave.CP1500PFCRM2U.B0B354X985,,250,DAILY_BUDGET,ENABLED,USD,1372,0,0.0,0.0,0,0,0,0.0,0,0,0,0,
"Mar 30, 2025","=""38365855708871""",C.SD.Product.UPS.SmartAppLCD.B000XJLLKG.OR700LCDRM1U,,250,DAILY_BUDGET,ENABLED,USD,71937,35,70.35,1323.1,6,11,6,1323.1,11,170,12,67177,
"Mar 04, 2025","=""401081905525372""",C.Competitor.Consumer.SD.UPS.PFCSineWave.CP1500PFCRM2U.B0B354X985,,250,DAILY_BUDGET,ENABLED,USD,24816,51,124.54,10180.98,9,16,5,9227.28,10,137,13,0,
"Feb 23, 2025","=""38365855708871""",C.SD.Product.UPS.SmartAppLCD.B000XJLLKG.OR700LCDRM1U,,250,DAILY_BUDGET,ENABLED,USD,116065,15,90.25,414.12,2,2,1,199.99,1,72,3,86372,
"Apr 18, 2025","=""47593718961821""",C.SD.Product.UPS.SmartAppOnline.B07TR6VTQ2.OL5KRTHD,,250,DAILY_BUDGET,ENABLED,USD,110997,39,107.73,0.0,0,0,0,0.0,0,41,0,105769,
"Feb 27, 2025","=""47593718961821""",C.SD.Product.UPS.SmartAppOnline.B07TR6VTQ2.OL5KRTHD,,250,DAILY_BUDGET,ENABLED,USD,83117,8,65.46,0.0,0,0,0,0.0,0,34,2,72619,
"Jan 31, 2025","=""51640494101738""",C.Product.Consumer.SP.UPS.PFCSineWave.CP1500PFCRM2U.B0B354X985,,250,DAILY_BUDGET,ENABLED,USD,2034,5,11.01,0.0,0,0,0,0.0,0,17,1,0,
"Mar 26, 2025","=""263494384088815""",C.SD.Product.UPS.Ecologic.EC850LCD.B00DBAA696,,250,DAILY_BUDGET,ENABLED,USD,8296,2,8.07,0.0,0,0,0,0.0,0,11,0,7798,
"Jan 28, 2025","=""170474248246250""",C.SD.Product.UPS.IntelligentLCD.CP1500AVRLCD3.B0BCMLLSHL,,250,DAILY_BUDGET,ENABLED,USD,444360,29,305.14,0.0,0,0,0,0.0,0,29,0,280605,
"Jan 02, 2025","=""124438051163565""",C.SD.Product.UPS.PFCSinewave.CP1500PFCLCD.B00429N19W,,450,DAILY_BUDGET,ENABLED,USD,785000,285,2734.89,24716.66,131,190,82,10857.58,107,2031,200,337802,
"Feb 16, 2025","=""263494384088815""",C.SD.Product.UPS.Ecologic.EC850LCD.B00DBAA696,,250,DAILY_BUDGET,ENABLED,USD,15066,1,10.51,0.0,0,0,0,0.0,0,1,0,9581,
"Apr 28, 2025","=""401081905525372""",C.Competitor.Consumer.SD.UPS.PFCSineWave.CP1500PFCRM2U.B0B354X985,,250,DAILY_BUDGET,ENABLED,USD,10096,23,53.09,0.0,0,0,0,0.0,0,56,1,0,
"Mar 05, 2025","=""263494384088815""",C.SD.Product.UPS.Ecologic.EC850LCD.B00DBAA696,,250,DAILY_BUDGET,ENABLED,USD,12469,6,10.83,866.9,2,2,0,0.0,0,31,5,10997,
"Apr 26, 2025","=""124438051163565""",C.SD.Product.UPS.PFCSinewave.CP1500PFCLCD.B00429N19W,,450,DAILY_BUDGET,ENABLED,USD,1931,1,3.47,933.9,2,2,2,933.9,2,15,2,1326,
"Jan 29, 2025","=""51640494101738""",C.Product.Consumer.SP.UPS.PFCSineWave.CP1500PFCRM2U.B0B354X985,,250,DAILY_BUDGET,ENABLED,USD,2245,4,7.24,69.95,1,1,1,69.95,1,18,2,0,
"Feb 17, 2025","=""170474248246250""",C.SD.Product.UPS.IntelligentLCD.CP1500AVRLCD3.B0BCMLLSHL,,250,DAILY_BUDGET,ENABLED,USD,0,0,0.0,0.0,0,0,0,0.0,0,2,0,0,
"Feb 02, 2025","=""51640494101738""",C.Product.Consumer.SP.UPS.PFCSineWave.CP1500PFCRM2U.B0B354X985,,250,DAILY_BUDGET,ENABLED,USD,1898,5,15.04,0.0,0,0,0,0.0,0,11,1,0,
"Jan 25, 2025","=""124438051163565""",C.SD.Product.UPS.PFCSinewave.CP1500PFCLCD.B00429N19W,,450,DAILY_BUDGET,ENABLED,USD,71492,50,163.67,996.7,7,7,6,776.75,6,246,18,40807,
"Mar 31, 2025","=""51640494101738""",C.Product.Consumer.SP.UPS.PFCSineWave.CP1500PFCRM2U.B0B354X985,,250,DAILY_BUDGET,ENABLED,USD,833,0,0.0,0.0,0,0,0,0.0,0,1,0,0,
"Jan 17, 2025","=""38365855708871""",C.SD.Product.UPS.SmartAppLCD.B000XJLLKG.OR700LCDRM1U,,250,DAILY_BUDGET,ENABLED,USD,274300,55,99.62,92.99,1,1,1,92.99,1,146,6,177601,
"Jan 03, 2025","=""170474248246250""",C.SD.Product.UPS.IntelligentLCD.CP1500AVRLCD3.B0BCMLLSHL,,250,DAILY_BUDGET,ENABLED,USD,37375,7,21.45,0.0,0,0,0,0.0,0,52,0,27986,
"Jan 01, 2025","=""287421757846510""",C.Keyword.Consumer.SD.UPS.PFCSineWave.CP1500PFCRM2U.B0B354X985,,250,DAILY_BUDGET,ENABLED,USD,1361,1,4.67,0.0,0,0,0,0.0,0,1,0,0,
"Jan 30, 2025","=""38365855708871""",C.SD.Product.UPS.SmartAppLCD.B000XJLLKG.OR700LCDRM1U,,250,DAILY_BUDGET,ENABLED,USD,32093,9,22.69,69.95,1,1,1,69.95,1,71,2,19733,
"Apr 09, 2025","=""287421757846510""",C.Keyword.Consumer.SD.UPS.PFCSineWave.CP1500PFCRM2U.B0B354X985,,250,DAILY_BUDGET,ENABLED,USD,2066,5,16.29,0.0,0,0,0,0.0,0,11,1,0,
"Jan 18, 2025","=""38365855708871""",C.SD.Product.UPS.SmartAppLCD.B000XJLLKG.OR700LCDRM1U,,250,DAILY_BUDGET,ENABLED,USD,263981,69,99.8,0.0,0,0,0,0.0,0,76,3,172926,
"Mar 21, 2025","=""124438051163565""",C.SD.Product.UPS.PFCSinewave.CP1500PFCLCD.B00429N19W,,450,DAILY_BUDGET,ENABLED,USD,28793,19,60.92,433.49,2,2,2,433.49,2,89,2,17385,
"Jan 13, 2025","=""263494384088815""",C.SD.Product.UPS.Ecologic.EC850LCD.B00DBAA696,,250,DAILY_BUDGET,ENABLED,USD,11328,4,4.1,0.0,0,0,0,0.0,0,3,0,9562,
"Feb 19, 2025","=""401081905525372""",C.Competitor.Consumer.SD.UPS.PFCSineWave.CP1500PFCRM2U.B0B354X985,,250,DAILY_BUDGET,ENABLED,USD,22162,30,59.39,149.95,1,1,1,149.95,1,80,1,0,
"Mar 19, 2025","=""124438051163565""",C.SD.Product.UPS.PFCSinewave.CP1500PFCLCD.B00429N19W,,450,DAILY_BUDGET,ENABLED,USD,31851,30,67.02,2044.23,9,20,8,1974.28,19,161,9,19250,
"Apr 10, 2025","=""38365855708871""",C.SD.Product.UPS.SmartAppLCD.B000XJLLKG.OR700LCDRM1U,,250,DAILY_BUDGET,ENABLED,USD,150073,69,135.69,3930.38,7,9,5,3594.48,7,208,18,142733,
"Mar 16, 2025","=""51640494101738""",C.Product.Consumer.SP.UPS.PFCSineWave.CP1500PFCRM2U.B0B354X985,,250,DAILY_BUDGET,ENABLED,USD,762,2,6.35,334.95,1,1,0,0.0,0,3,1,0,
"Jan 05, 2025","=""47593718961821""",C.SD.Product.UPS.SmartAppOnline.B07TR6VTQ2.OL5KRTHD,,250,DAILY_BUDGET,ENABLED,USD,5493,4,4.11,89.99,1,1,1,89.99,1,28,1,3147,
"Feb 21, 2025","=""401081905525372""",C.Competitor.Consumer.SD.UPS.PFCSineWave.CP1500PFCRM2U.B0B354X985,,250,DAILY_BUDGET,ENABLED,USD,17883,42,88.03,396.9,2,2,1,334.95,1,81,4,0,
"Feb 20, 2025","=""263494384088815""",C.SD.Product.UPS.Ecologic.EC850LCD.B00DBAA696,,250,DAILY_BUDGET,ENABLED,USD,6451,1,5.87,0.0,0,0,0,0.0,0,4,1,5159,
"Jan 20, 2025","=""51640494101738""",C.Product.Consumer.SP.UPS.PFCSineWave.CP1500PFCRM2U.B0B354X985,,250,DAILY_BUDGET,ENABLED,USD,2117,4,3.45,0.0,0,0,0,0.0,0,22,0,0,
"Feb 11, 2025","=""47593718961821""",C.SD.Product.UPS.SmartAppOnline.B07TR6VTQ2.OL5KRTHD,,250,DAILY_BUDGET,ENABLED,USD,37039,3,21.77,0.0,0,0,0,0.0,0,17,0,25348,
"Jan 23, 2025","=""287421757846510""",C.Keyword.Consumer.SD.UPS.PFCSineWave.CP1500PFCRM2U.B0B354X985,,250,DAILY_BUDGET,ENABLED,USD,1839,3,6.15,0.0,0,0,0,0.0,0,2,1,0,
"Jan 24, 2025","=""47593718961821""",C.SD.Product.UPS.SmartAppOnline.B07TR6VTQ2.OL5KRTHD,,250,DAILY_BUDGET,ENABLED,USD,76539,5,59.89,0.0,0,0,0,0.0,0,22,2,53955,
"Mar 29, 2025","=""124438051163565""",C.SD.Product.UPS.PFCSinewave.CP1500PFCLCD.B00429N19W,,450,DAILY_BUDGET,ENABLED,USD,64272,49,151.25,1109.75,4,5,4,1109.75,5,159,8,36805,
"Mar 21, 2025","=""287421757846510""",C.Keyword.Consumer.SD.UPS.PFCSineWave.CP1500PFCRM2U.B0B354X985,,250,DAILY_BUDGET,ENABLED,USD,1231,2,2.98,0.0,0,0,0,0.0,0,2,0,0,
"Apr 06, 2025","=""287421757846510""",C.Keyword.Consumer.SD.UPS.PFCSineWave.CP1500PFCRM2U.B0B354X985,,250,DAILY_BUDGET,ENABLED,USD,656,0,0.0,0.0,0,0,0,0.0,0,0,0,0,
"Feb 12, 2025","=""51640494101738""",C.Product.Consumer.SP.UPS.PFCSineWave.CP1500PFCRM2U.B0B354X985,,250,DAILY_BUDGET,ENABLED,USD,1631,4,18.43,0.0,0,0,0,0.0,0,8,0,0,
"Feb 13, 2025","=""51640494101738""",C.Product.Consumer.SP.UPS.PFCSineWave.CP1500PFCRM2U.B0B354X985,,250,DAILY_BUDGET,ENABLED,USD,1619,6,38.68,0.0,0,0,0,0.0,0,25,3,0,
"Feb 12, 2025","=""124438051163565""",C.SD.Product.UPS.PFCSinewave.CP1500PFCLCD.B00429N19W,,450,DAILY_BUDGET,ENABLED,USD,48910,57,114.93,467.57,4,4,4,467.57,4,221,16,27438,
"Jan 26, 2025","=""38365855708871""",C.SD.Product.UPS.SmartAppLCD.B000XJLLKG.OR700LCDRM1U,,250,DAILY_BUDGET,ENABLED,USD,32051,3,22.36,0.0,0,0,0,0.0,0,38,0,19947,
"Feb 08, 2025","=""51640494101738""",C.Product.Consumer.SP.UPS.PFCSineWave.CP1500PFCRM2U.B0B354X985,,250,DAILY_BUDGET,ENABLED,USD,672,4,7.11,0.0,0,0,0,0.0,0,14,1,0,
"Apr 18, 2025","=""401081905525372""",C.Competitor.Consumer.SD.UPS.PFCSineWave.CP1500PFCRM2U.B0B354X985,,250,DAILY_BUDGET,ENABLED,USD,19226,42,93.53,937.85,3,4,3,937.85,4,71,7,0,
"Jan 15, 2025","=""401081905525372""",C.Competitor.Consumer.SD.UPS.PFCSineWave.CP1500PFCRM2U.B0B354X985,,250,DAILY_BUDGET,ENABLED,USD,23607,51,68.01,2133.6,6,8,6,2133.6,8,142,6,0,
"Mar 06, 2025","=""51640494101738""",C.Product.Consumer.SP.UPS.PFCSineWave.CP1500PFCRM2U.B0B354X985,,250,DAILY_BUDGET,ENABLED,USD,1759,2,1.75,0.0,0,0,0,0.0,0,7,0,0,
"Feb 24, 2025","=""287421757846510""",C.Keyword.Consumer.SD.UPS.PFCSineWave.CP1500PFCRM2U.B0B354X985,,250,DAILY_BUDGET,ENABLED,USD,1826,1,1.01,0.0,0,0,0,0.0,0,3,0,0,
"Mar 02, 2025","=""47593718961821""",C.SD.Product.UPS.SmartAppOnline.B07TR6VTQ2.OL5KRTHD,,250,DAILY_BUDGET,ENABLED,USD,8540,6,8.94,0.0,0,0,0,0.0,0,17,0,8068,
"Jan 04, 2025","=""51640494101738""",C.Product.Consumer.SP.UPS.PFCSineWave.CP1500PFCRM2U.B0B354X985,,250,DAILY_BUDGET,ENABLED,USD,3249,4,15.08,0.0,0,0,0,0.0,0,5,0,0,
"Jan 01, 2025","=""263494384088815""",C.SD.Product.UPS.Ecologic.EC850LCD.B00DBAA696,,250,DAILY_BUDGET,ENABLED,USD,422,0,0.26,0.0,0,0,0,0.0,0,11,0,237,
"Apr 10, 2025","=""401081905525372""",C.Competitor.Consumer.SD.UPS.PFCSineWave.CP1500PFCRM2U.B0B354X985,,250,DAILY_BUDGET,ENABLED,USD,13068,34,54.22,509.9,2,2,2,509.9,2,52,2,0,
"Jan 17, 2025","=""263494384088815""",C.SD.Product.UPS.Ecologic.EC850LCD.B00DBAA696,,250,DAILY_BUDGET,ENABLED,USD,6523,3,5.04,0.0,0,0,0,0.0,0,5,0,5477,
"Feb 07, 2025","=""124438051163565""",C.SD.Product.UPS.PFCSinewave.CP1500PFCLCD.B00429N19W,,450,DAILY_BUDGET,ENABLED,USD,53917,52,127.41,1296.12,6,6,6,1296.12,6,260,9,31579,
"Feb 20, 2025","=""170474248246250""",C.SD.Product.UPS.IntelligentLCD.CP1500AVRLCD3.B0BCMLLSHL,,250,DAILY_BUDGET,ENABLED,USD,0,0,0.0,0.0,0,0,0,0.0,0,1,0,0,
"Feb 19, 2025","=""47593718961821""",C.SD.Product.UPS.SmartAppOnline.B07TR6VTQ2.OL5KRTHD,,250,DAILY_BUDGET,ENABLED,USD,55716,14,40.71,0.0,0,0,0,0.0,0,21,0,43778,
"Jan 29, 2025","=""38365855708871""",C.SD.Product.UPS.SmartAppLCD.B000XJLLKG.OR700LCDRM1U,,250,DAILY_BUDGET,ENABLED,USD,30213,11,24.58,1280.85,3,3,1,53.95,1,341,2,20988,
"Apr 14, 2025","=""124438051163565""",C.SD.Product.UPS.PFCSinewave.CP1500PFCLCD.B00429N19W,,450,DAILY_BUDGET,ENABLED,USD,18837,11,40.44,1253.79,5,5,1,89.99,1,64,5,11930,
"Feb 05, 2025","=""47593718961821""",C.SD.Product.UPS.SmartAppOnline.B07TR6VTQ2.OL5KRTHD,,250,DAILY_BUDGET,ENABLED,USD,10945,2,6.89,0.0,0,0,0,0.0,0,20,0,6708,
"Apr 20, 2025","=""51640494101738""",C.Product.Consumer.SP.UPS.PFCSineWave.CP1500PFCRM2U.B0B354X985,,250,DAILY_BUDGET,ENABLED,USD,324,0,0.0,0.0,0,0,0,0.0,0,0,0,0,
"Mar 01, 2025","=""170474248246250""",C.SD.Product.UPS.IntelligentLCD.CP1500AVRLCD3.B0BCMLLSHL,,250,DAILY_BUDGET,ENABLED,USD,0,0,0.0,0.0,0,0,0,0.0,0,3,0,0,
"Mar 27, 2025","=""47593718961821""",C.SD.Product.UPS.SmartAppOnline.B07TR6VTQ2.OL5KRTHD,,250,DAILY_BUDGET,ENABLED,USD,24888,10,25.21,0.0,0,0,0,0.0,0,33,1,23683,
"Jan 08, 2025","=""263494384088815""",C.SD.Product.UPS.Ecologic.EC850LCD.B00DBAA696,,250,DAILY_BUDGET,ENABLED,USD,4423,3,2.92,189.95,1,1,1,189.95,1,6,1,3445,
"Mar 17, 2025","=""124438051163565""",C.SD.Product.UPS.PFCSinewave.CP1500PFCLCD.B00429N19W,,450,DAILY_BUDGET,ENABLED,USD,37904,24,76.92,1068.75,4,5,3,328.85,3,165,10,21873,
"Feb 12, 2025","=""47593718961821""",C.SD.Product.UPS.SmartAppOnline.B07TR6VTQ2.OL5KRTHD,,250,DAILY_BUDGET,ENABLED,USD,4056,3,3.32,0.0,0,0,0,0.0,0,7,0,2713,
"Mar 14, 2025","=""51640494101738""",C.Product.Consumer.SP.UPS.PFCSineWave.CP1500PFCRM2U.B0B354X985,,250,DAILY_BUDGET,ENABLED,USD,1030,1,0.76,0.0,0,0,0,0.0,0,4,0,0,
"Feb 26, 2025","=""263494384088815""",C.SD.Product.UPS.Ecologic.EC850LCD.B00DBAA696,,250,DAILY_BUDGET,ENABLED,USD,4837,0,4.24,0.0,0,0,0,0.0,0,2,0,3768,
"Jan 19, 2025","=""47593718961821""",C.SD.Product.UPS.SmartAppOnline.B07TR6VTQ2.OL5KRTHD,,250,DAILY_BUDGET,ENABLED,USD,7863,4,5.53,0.0,0,0,0,0.0,0,18,0,5542,
"Apr 01, 2025","=""401081905525372""",C.Competitor.Consumer.SD.UPS.PFCSineWave.CP1500PFCRM2U.B0B354X985,,250,DAILY_BUDGET,ENABLED,USD,25399,59,78.08,1535.85,3,3,1,334.95,1,159,5,0,
"Jan 11, 2025","=""38365855708871""",C.SD.Product.UPS.SmartAppLCD.B000XJLLKG.OR700LCDRM1U,,250,DAILY_BUDGET,ENABLED,USD,64155,36,29.43,289.9,2,2,2,289.9,2,101,3,45538,
"Jan 05, 2025","=""263494384088815""",C.SD.Product.UPS.Ecologic.EC850LCD.B00DBAA696,,250,DAILY_BUDGET,ENABLED,USD,546,1,0.4,0.0,0,0,0,0.0,0,1,0,352,
"Feb 09, 2025","=""38365855708871""",C.SD.Product.UPS.SmartAppLCD.B000XJLLKG.OR700LCDRM1U,,250,DAILY_BUDGET,ENABLED,USD,75418,11,36.05,0.0,0,0,0,0.0,0,32,0,55472,
"Apr 09, 2025","=""38365855708871""",C.SD.Product.UPS.SmartAppLCD.B000XJLLKG.OR700LCDRM1U,,250,DAILY_BUDGET,ENABLED,USD,150217,66,112.59,934.85,3,3,3,934.85,3,125,6,143435,
"Jan 18, 2025","=""170474248246250""",C.SD.Product.UPS.IntelligentLCD.CP1500AVRLCD3.B0BCMLLSHL,,250,DAILY_BUDGET,ENABLED,USD,292196,85,210.86,0.0,0,0,0,0.0,0,73,0,189687,
"Apr 15, 2025","=""38365855708871""",C.SD.Product.UPS.SmartAppLCD.B000XJLLKG.OR700LCDRM1U,,250,DAILY_BUDGET,ENABLED,USD,109909,44,112.5,10819.27,9,18,7,10396.61,16,174,20,102114,
"Apr 17, 2025","=""287421757846510""",C.Keyword.Consumer.SD.UPS.PFCSineWave.CP1500PFCRM2U.B0B354X985,,250,DAILY_BUDGET,ENABLED,USD,1835,2,3.23,0.0,0,0,0,0.0,0,5,0,0,
"Jan 22, 2025","=""38365855708871""",C.SD.Product.UPS.SmartAppLCD.B000XJLLKG.OR700LCDRM1U,,250,DAILY_BUDGET,ENABLED,USD,73002,13,53.74,397.8,4,4,4,397.8,4,95,3,52325,
"Mar 09, 2025","=""401081905525372""",C.Competitor.Consumer.SD.UPS.PFCSineWave.CP1500PFCRM2U.B0B354X985,,250,DAILY_BUDGET,ENABLED,USD,22275,53,79.59,569.9,2,2,2,569.9,2,150,7,0,
"Apr 18, 2025","=""124438051163565""",C.SD.Product.UPS.PFCSinewave.CP1500PFCLCD.B00429N19W,,450,DAILY_BUDGET,ENABLED,USD,7053,4,12.57,221.34,2,2,2,221.34,2,30,2,4876,
"Feb 13, 2025","=""287421757846510""",C.Keyword.Consumer.SD.UPS.PFCSineWave.CP1500PFCRM2U.B0B354X985,,250,DAILY_BUDGET,ENABLED,USD,933,3,5.49,0.0,0,0,0,0.0,0,3,0,0,
"Apr 11, 2025","=""287421757846510""",C.Keyword.Consumer.SD.UPS.PFCSineWave.CP1500PFCRM2U.B0B354X985,,250,DAILY_BUDGET,ENABLED,USD,1765,3,1.9,0.0,0,0,0,0.0,0,3,0,0,
"Mar 14, 2025","=""263494384088815""",C.SD.Product.UPS.Ecologic.EC850LCD.B00DBAA696,,250,DAILY_BUDGET,ENABLED,USD,12890,5,11.58,53.95,1,1,1,53.95,1,28,1,12127,
"Apr 07, 2025","=""401081905525372""",C.Competitor.Consumer.SD.UPS.PFCSineWave.CP1500PFCRM2U.B0B354X985,,250,DAILY_BUDGET,ENABLED,USD,17842,37,76.86,2844.5,7,10,5,1314.75,5,127,17,0,
"Feb 04, 2025","=""47593718961821""",C.SD.Product.UPS.SmartAppOnline.B07TR6VTQ2.OL5KRTHD,,250,DAILY_BUDGET,ENABLED,USD,28421,3,18.11,426.9,1,2,1,426.9,2,18,1,17639,
"Feb 13, 2025","=""47593718961821""",C.SD.Product.UPS.SmartAppOnline.B07TR6VTQ2.OL5KRTHD,,250,DAILY_BUDGET,ENABLED,USD,9047,2,7.68,1743.89,3,3,0,0.0,0,10,2,6522,
"Jan 28, 2025","=""51640494101738""",C.Product.Consumer.SP.UPS.PFCSineWave.CP1500PFCRM2U.B0B354X985,,250,DAILY_BUDGET,ENABLED,USD,1836,6,6.7,0.0,0,0,0,0.0,0,27,1,0,
"Apr 30, 2025","=""124438051163565""",C.SD.Product.UPS.PFCSinewave.CP1500PFCLCD.B00429N19W,,450,DAILY_BUDGET,ENABLED,USD,1836,1,4.18,69.95,1,1,1,69.95,1,32,3,1252,
"Feb 15, 2025","=""38365855708871""",C.SD.Product.UPS.SmartAppLCD.B000XJLLKG.OR700LCDRM1U,,250,DAILY_BUDGET,ENABLED,USD,75499,6,46.48,0.0,0,0,0,0.0,0,15,0,49806,
"Feb 05, 2025","=""170474248246250""",C.SD.Product.UPS.IntelligentLCD.CP1500AVRLCD3.B0BCMLLSHL,,250,DAILY_BUDGET,ENABLED,USD,990100,207,547.37,109.95,1,1,1,109.95,1,199,3,709404,
"Jan 22, 2025","=""287421757846510""",C.Keyword.Consumer.SD.UPS.PFCSineWave.CP1500PFCRM2U.B0B354X985,,250,DAILY_BUDGET,ENABLED,USD,2309,4,8.16,0.0,0,0,0,0.0,0,4,0,0,
"Feb 14, 2025","=""47593718961821""",C.SD.Product.UPS.SmartAppOnline.B07TR6VTQ2.OL5KRTHD,,250,DAILY_BUDGET,ENABLED,USD,140006,20,99.89,0.0,0,0,0,0.0,0,29,0,103181,
"Jan 05, 2025","=""401081905525372""",C.Competitor.Consumer.SD.UPS.PFCSineWave.CP1500PFCRM2U.B0B354X985,,250,DAILY_BUDGET,ENABLED,USD,37486,71,140.09,1478.75,5,5,5,1478.75,5,168,13,0,
"Jan 06, 2025","=""287421757846510""",C.Keyword.Consumer.SD.UPS.PFCSineWave.CP1500PFCRM2U.B0B354X985,,250,DAILY_BUDGET,ENABLED,USD,2440,3,1.28,0.0,0,0,0,0.0,0,4,0,0,
"Mar 23, 2025","=""124438051163565""",C.SD.Product.UPS.PFCSinewave.CP1500PFCLCD.B00429N19W,,450,DAILY_BUDGET,ENABLED,USD,17369,10,41.66,329.9,2,2,2,329.9,2,51,3,12185,
"Apr 24, 2025","=""47593718961821""",C.SD.Product.UPS.SmartAppOnline.B07TR6VTQ2.OL5KRTHD,,250,DAILY_BUDGET,ENABLED,USD,160064,51,172.99,152.69,2,2,0,0.0,0,87,2,150463,
"Apr 24, 2025","=""170474248246250""",C.SD.Product.UPS.IntelligentLCD.CP1500AVRLCD3.B0BCMLLSHL,,250,DAILY_BUDGET,ENABLED,USD,0,0,0.0,0.0,0,0,0,0.0,0,1,0,0,
"Feb 12, 2025","=""263494384088815""",C.SD.Product.UPS.Ecologic.EC850LCD.B00DBAA696,,250,DAILY_BUDGET,ENABLED,USD,13999,2,10.01,0.0,0,0,0,0.0,0,6,0,8990,
"Apr 16, 2025","=""47593718961821""",C.SD.Product.UPS.SmartAppOnline.B07TR6VTQ2.OL5KRTHD,,250,DAILY_BUDGET,ENABLED,USD,132644,45,130.23,0.0,0,0,0,0.0,0,69,0,125676,
"Jan 07, 2025","=""170474248246250""",C.SD.Product.UPS.IntelligentLCD.CP1500AVRLCD3.B0BCMLLSHL,,250,DAILY_BUDGET,ENABLED,USD,641226,207,387.89,189.95,1,1,1,189.95,1,198,3,454989,
"Apr 21, 2025","=""38365855708871""",C.SD.Product.UPS.SmartAppLCD.B000XJLLKG.OR700LCDRM1U,,250,DAILY_BUDGET,ENABLED,USD,25111,9,33.95,621.69,2,2,1,64.74,1,29,4,22661,
"Apr 22, 2025","=""47593718961821""",C.SD.Product.UPS.SmartAppOnline.B07TR6VTQ2.OL5KRTHD,,250,DAILY_BUDGET,ENABLED,USD,92250,49,97.35,233.9,2,2,2,233.9,2,57,3,86239,
"Mar 16, 2025","=""38365855708871""",C.SD.Product.UPS.SmartAppLCD.B000XJLLKG.OR700LCDRM1U,,250,DAILY_BUDGET,ENABLED,USD,86820,11,50.16,0.0,0,0,0,0.0,0,25,0,83325,
"Mar 27, 2025","=""38365855708871""",C.SD.Product.UPS.SmartAppLCD.B000XJLLKG.OR700LCDRM1U,,250,DAILY_BUDGET,ENABLED,USD,53500,33,53.54,307.9,2,2,1,219.95,1,46,2,50955,
"Jan 30, 2025","=""263494384088815""",C.SD.Product.UPS.Ecologic.EC850LCD.B00DBAA696,,250,DAILY_BUDGET,ENABLED,USD,1638,0,0.58,0.0,0,0,0,0.0,0,842,0,984,
"Jan 16, 2025","=""47593718961821""",C.SD.Product.UPS.SmartAppOnline.B07TR6VTQ2.OL5KRTHD,,250,DAILY_BUDGET,ENABLED,USD,13678,6,10.37,0.0,0,0,0,0.0,0,67,0,10013,
"Mar 01, 2025","=""38365855708871""",C.SD.Product.UPS.SmartAppLCD.B000XJLLKG.OR700LCDRM1U,,250,DAILY_BUDGET,ENABLED,USD,10706,1,10.74,0.0,0,0,0,0.0,0,17,0,9896,
"Mar 02, 2025","=""287421757846510""",C.Keyword.Consumer.SD.UPS.PFCSineWave.CP1500PFCRM2U.B0B354X985,,250,DAILY_BUDGET,ENABLED,USD,566,1,2.15,0.0,0,0,0,0.0,0,2,0,0,
"Mar 07, 2025","=""51640494101738""",C.Product.Consumer.SP.UPS.PFCSineWave.CP1500PFCRM2U.B0B354X985,,250,DAILY_BUDGET,ENABLED,USD,1440,2,1.27,0.0,0,0,0,0.0,0,3,0,0,
"Mar 10, 2025","=""287421757846510""",C.Keyword.Consumer.SD.UPS.PFCSineWave.CP1500PFCRM2U.B0B354X985,,250,DAILY_BUDGET,ENABLED,USD,3168,6,4.62,334.95,1,1,1,334.95,1,11,2,0,
"Mar 20, 2025","=""47593718961821""",C.SD.Product.UPS.SmartAppOnline.B07TR6VTQ2.OL5KRTHD,,250,DAILY_BUDGET,ENABLED,USD,56600,18,49.98,105.84,2,2,1,43.89,1,24,3,53692,
"Apr 10, 2025","=""51640494101738""",C.Product.Consumer.SP.UPS.PFCSineWave.CP1500PFCRM2U.B0B354X985,,250,DAILY_BUDGET,ENABLED,USD,384,0,0.0,0.0,0,0,0,0.0,0,0,0,0,
"Jan 08, 2025","=""287421757846510""",C.Keyword.Consumer.SD.UPS.PFCSineWave.CP1500PFCRM2U.B0B354X985,,250,DAILY_BUDGET,ENABLED,USD,2625,3,2.16,0.0,0,0,0,0.0,0,4,0,0,
"Feb 20, 2025","=""124438051163565""",C.SD.Product.UPS.PFCSinewave.CP1500PFCLCD.B00429N19W,,450,DAILY_BUDGET,ENABLED,USD,64942,48,136.15,849.85,2,3,1,179.95,1,229,9,35305,
"Apr 19, 2025","=""263494384088815""",C.SD.Product.UPS.Ecologic.EC850LCD.B00DBAA696,,250,DAILY_BUDGET,ENABLED,USD,11635,2,11.26,0.0,0,0,0,0.0,0,23,0,10431,
"Apr 20, 2025","=""38365855708871""",C.SD.Product.UPS.SmartAppLCD.B000XJLLKG.OR700LCDRM1U,,250,DAILY_BUDGET,ENABLED,USD,24223,6,31.69,89.99,1,1,1,89.99,1,18,1,22036,
"Apr 03, 2025","=""38365855708871""",C.SD.Product.UPS.SmartAppLCD.B000XJLLKG.OR700LCDRM1U,,250,DAILY_BUDGET,ENABLED,USD,263919,112,149.9,199.95,1,1,0,0.0,0,127,1,251393,
"Jan 02, 2025","=""170474248246250""",C.SD.Product.UPS.IntelligentLCD.CP1500AVRLCD3.B0BCMLLSHL,,250,DAILY_BUDGET,ENABLED,USD,8179,4,5.52,189.95,1,1,1,189.95,1,141,1,5442,
"Jan 20, 2025","=""47593718961821""",C.SD.Product.UPS.SmartAppOnline.B07TR6VTQ2.OL5KRTHD,,250,DAILY_BUDGET,ENABLED,USD,5880,4,4.77,0.0,0,0,0,0.0,0,22,0,4317,
"Jan 26, 2025","=""401081905525372""",C.Competitor.Consumer.SD.UPS.PFCSineWave.CP1500PFCRM2U.B0B354X985,,250,DAILY_BUDGET,ENABLED,USD,14487,38,68.0,1194.8,4,4,3,859.85,3,104,5,0,
"Apr 07, 2025","=""51640494101738""",C.Product.Consumer.SP.UPS.PFCSineWave.CP1500PFCRM2U.B0B354X985,,250,DAILY_BUDGET,ENABLED,USD,582,2,3.45,0.0,0,0,0,0.0,0,6,0,0,
"Mar 24, 2025","=""287421757846510""",C.Keyword.Consumer.SD.UPS.PFCSineWave.CP1500PFCRM2U.B0B354X985,,250,DAILY_BUDGET,ENABLED,USD,1505,5,6.91,189.95,1,1,1,189.95,1,9,0,0,
"Feb 21, 2025","=""51640494101738""",C.Product.Consumer.SP.UPS.PFCSineWave.CP1500PFCRM2U.B0B354X985,,250,DAILY_BUDGET,ENABLED,USD,1777,5,11.81,0.0,0,0,0,0.0,0,13,0,0,
"Jan 18, 2025","=""124438051163565""",C.SD.Product.UPS.PFCSinewave.CP1500PFCLCD.B00429N19W,,450,DAILY_BUDGET,ENABLED,USD,68356,54,158.14,573.8,4,4,3,353.85,3,198,7,39481,
"Apr 20, 2025","=""263494384088815""",C.SD.Product.UPS.Ecologic.EC850LCD.B00DBAA696,,250,DAILY_BUDGET,ENABLED,USD,7896,8,7.84,0.0,0,0,0,0.0,0,26,0,6946,
"Feb 17, 2025","=""124438051163565""",C.SD.Product.UPS.PFCSinewave.CP1500PFCLCD.B00429N19W,,450,DAILY_BUDGET,ENABLED,USD,57137,47,134.05,5134.89,14,19,13,4969.94,18,249,17,32433,
"Apr 19, 2025","=""287421757846510""",C.Keyword.Consumer.SD.UPS.PFCSineWave.CP1500PFCRM2U.B0B354X985,,250,DAILY_BUDGET,ENABLED,USD,964,0,0.0,0.0,0,0,0,0.0,0,0,0,0,
"Jan 31, 2025","=""38365855708871""",C.SD.Product.UPS.SmartAppLCD.B000XJLLKG.OR700LCDRM1U,,250,DAILY_BUDGET,ENABLED,USD,48019,14,35.62,69.95,1,1,1,69.95,1,79,2,32542,
"Feb 24, 2025","=""124438051163565""",C.SD.Product.UPS.PFCSinewave.CP1500PFCLCD.B00429N19W,,450,DAILY_BUDGET,ENABLED,USD,78475,49,162.15,2368.6,13,16,12,2269.65,15,446,18,41374,
"Feb 19, 2025","=""124438051163565""",C.SD.Product.UPS.PFCSinewave.CP1500PFCLCD.B00429N19W,,450,DAILY_BUDGET,ENABLED,USD,57984,32,119.63,5107.44,8,12,5,358.11,6,182,15,29894,
"Feb 26, 2025","=""51640494101738""",C.Product.Consumer.SP.UPS.PFCSineWave.CP1500PFCRM2U.B0B354X985,,250,DAILY_BUDGET,ENABLED,USD,1665,1,0.81,0.0,0,0,0,0.0,0,1,0,0,
"Mar 30, 2025","=""401081905525372""",C.Competitor.Consumer.SD.UPS.PFCSineWave.CP1500PFCRM2U.B0B354X985,,250,DAILY_BUDGET,ENABLED,USD,7552,24,70.13,0.0,0,0,0,0.0,0,53,1,0,
"Jan 06, 2025","=""51640494101738""",C.Product.Consumer.SP.UPS.PFCSineWave.CP1500PFCRM2U.B0B354X985,,250,DAILY_BUDGET,ENABLED,USD,2286,2,2.54,559.9,2,2,2,559.9,2,6,2,0,
"Mar 23, 2025","=""287421757846510""",C.Keyword.Consumer.SD.UPS.PFCSineWave.CP1500PFCRM2U.B0B354X985,,250,DAILY_BUDGET,ENABLED,USD,1336,6,5.76,0.0,0,0,0,0.0,0,16,2,0,
"Apr 08, 2025","=""401081905525372""",C.Competitor.Consumer.SD.UPS.PFCSineWave.CP1500PFCRM2U.B0B354X985,,250,DAILY_BUDGET,ENABLED,USD,18096,37,55.36,478.89,3,3,2,424.94,2,93,5,0,
"Jan 15, 2025","=""51640494101738""",C.Product.Consumer.SP.UPS.PFCSineWave.CP1500PFCRM2U.B0B354X985,,250,DAILY_BUDGET,ENABLED,USD,964,2,1.13,0.0,0,0,0,0.0,0,2,0,0,
"Feb 10, 2025","=""124438051163565""",C.SD.Product.UPS.PFCSinewave.CP1500PFCLCD.B00429N19W,,450,DAILY_BUDGET,ENABLED,USD,47357,47,118.39,1964.9,9,9,5,1521.06,5,176,15,28148,
"Apr 29, 2025","=""124438051163565""",C.SD.Product.UPS.PFCSinewave.CP1500PFCLCD.B00429N19W,,450,DAILY_BUDGET,ENABLED,USD,1414,1,2.99,655.7,3,6,2,439.9,2,23,2,948,
"Feb 18, 2025","=""124438051163565""",C.SD.Product.UPS.PFCSinewave.CP1500PFCLCD.B00429N19W,,450,DAILY_BUDGET,ENABLED,USD,87077,49,167.61,4120.36,14,24,7,1183.36,8,300,25,43710,
"Feb 03, 2025","=""47593718961821""",C.SD.Product.UPS.SmartAppOnline.B07TR6VTQ2.OL5KRTHD,,250,DAILY_BUDGET,ENABLED,USD,28769,7,21.53,0.0,0,0,0,0.0,0,16,0,21107,
"Apr 14, 2025","=""38365855708871""",C.SD.Product.UPS.SmartAppLCD.B000XJLLKG.OR700LCDRM1U,,250,DAILY_BUDGET,ENABLED,USD,11872,5,15.51,0.0,0,0,0,0.0,0,24,0,11124,
"Jan 24, 2025","=""170474248246250""",C.SD.Product.UPS.IntelligentLCD.CP1500AVRLCD3.B0BCMLLSHL,,250,DAILY_BUDGET,ENABLED,USD,353906,27,210.89,0.0,0,0,0,0.0,0,23,0,212773,
"Mar 28, 2025","=""263494384088815""",C.SD.Product.UPS.Ecologic.EC850LCD.B00DBAA696,,250,DAILY_BUDGET,ENABLED,USD,7384,2,7.06,0.0,0,0,0,0.0,0,8,0,6854,
"Jan 09, 2025","=""170474248246250""",C.SD.Product.UPS.IntelligentLCD.CP1500AVRLCD3.B0BCMLLSHL,,250,DAILY_BUDGET,ENABLED,USD,531239,192,330.19,0.0,0,0,0,0.0,0,205,0,373693,
"Feb 04, 2025","=""287421757846510""",C.Keyword.Consumer.SD.UPS.PFCSineWave.CP1500PFCRM2U.B0B354X985,,250,DAILY_BUDGET,ENABLED,USD,1171,0,0.0,0.0,0,0,0,0.0,0,0,0,0,
"Apr 14, 2025","=""51640494101738""",C.Product.Consumer.SP.UPS.PFCSineWave.CP1500PFCRM2U.B0B354X985,,250,DAILY_BUDGET,ENABLED,USD,229,1,0.52,0.0,0,0,0,0.0,0,1,0,0,
"Jan 13, 2025","=""51640494101738""",C.Product.Consumer.SP.UPS.PFCSineWave.CP1500PFCRM2U.B0B354X985,,250,DAILY_BUDGET,ENABLED,USD,947,1,1.33,0.0,0,0,0,0.0,0,1,0,0,
"Apr 11, 2025","=""47593718961821""",C.SD.Product.UPS.SmartAppOnline.B07TR6VTQ2.OL5KRTHD,,250,DAILY_BUDGET,ENABLED,USD,48978,13,49.93,0.0,0,0,0,0.0,0,26,0,46011,
"Apr 24, 2025","=""38365855708871""",C.SD.Product.UPS.SmartAppLCD.B000XJLLKG.OR700LCDRM1U,,250,DAILY_BUDGET,ENABLED,USD,49636,19,61.49,546.7,5,6,4,466.75,5,127,6,43747,
"Apr 02, 2025","=""401081905525372""",C.Competitor.Consumer.SD.UPS.PFCSineWave.CP1500PFCRM2U.B0B354X985,,250,DAILY_BUDGET,ENABLED,USD,23929,48,92.02,1119.85,3,3,2,1039.9,2,113,8,0,
"Jan 21, 2025","=""401081905525372""",C.Competitor.Consumer.SD.UPS.PFCSineWave.CP1500PFCRM2U.B0B354X985,,250,DAILY_BUDGET,ENABLED,USD,15895,37,85.55,0.0,0,0,0,0.0,0,67,5,0,
"Feb 27, 2025","=""51640494101738""",C.Product.Consumer.SP.UPS.PFCSineWave.CP1500PFCRM2U.B0B354X985,,250,DAILY_BUDGET,ENABLED,USD,1572,2,6.66,334.95,1,1,1,334.95,1,4,1,0,
"Jan 31, 2025","=""124438051163565""",C.SD.Product.UPS.PFCSinewave.CP1500PFCLCD.B00429N19W,,450,DAILY_BUDGET,ENABLED,USD,93043,64,184.77,1371.94,11,12,7,956.19,7,366,26,48253,
"Mar 05, 2025","=""38365855708871""",C.SD.Product.UPS.SmartAppLCD.B000XJLLKG.OR700LCDRM1U,,250,DAILY_BUDGET,ENABLED,USD,52156,22,51.94,909.53,7,7,6,744.58,6,147,11,46538,
"Apr 12, 2025","=""401081905525372""",C.Competitor.Consumer.SD.UPS.PFCSineWave.CP1500PFCRM2U.B0B354X985,,250,DAILY_BUDGET,ENABLED,USD,21620,47,79.92,1304.2,4,6,3,969.25,5,126,11,0,
"Feb 22, 2025","=""47593718961821""",C.SD.Product.UPS.SmartAppOnline.B07TR6VTQ2.OL5KRTHD,,250,DAILY_BUDGET,ENABLED,USD,45848,4,35.63,0.0,0,0,0,0.0,0,6,0,34384,
"Feb 17, 2025","=""47593718961821""",C.SD.Product.UPS.SmartAppOnline.B07TR6VTQ2.OL5KRTHD,,250,DAILY_BUDGET,ENABLED,USD,149033,28,99.91,0.0,0,0,0,0.0,0,35,0,110830,
"Apr 27, 2025","=""401081905525372""",C.Competitor.Consumer.SD.UPS.PFCSineWave.CP1500PFCRM2U.B0B354X985,,250,DAILY_BUDGET,ENABLED,USD,11392,25,72.03,1339.8,2,4,0,0.0,0,50,2,0,
"Feb 08, 2025","=""124438051163565""",C.SD.Product.UPS.PFCSinewave.CP1500PFCLCD.B00429N19W,,450,DAILY_BUDGET,ENABLED,USD,72583,68,171.87,219.95,1,1,1,219.95,1,202,8,41883,
"Mar 16, 2025","=""263494384088815""",C.SD.Product.UPS.Ecologic.EC850LCD.B00DBAA696,,250,DAILY_BUDGET,ENABLED,USD,33842,9,29.94,902.75,5,5,5,902.75,5,46,5,31550,
"Jan 22, 2025","=""263494384088815""",C.SD.Product.UPS.Ecologic.EC850LCD.B00DBAA696,,250,DAILY_BUDGET,ENABLED,USD,40970,5,27.55,0.0,0,0,0,0.0,0,4,0,27678,
"Feb 26, 2025","=""170474248246250""",C.SD.Product.UPS.IntelligentLCD.CP1500AVRLCD3.B0BCMLLSHL,,250,DAILY_BUDGET,ENABLED,USD,0,0,0.0,0.0,0,0,0,0.0,0,1,0,0,
"Feb 08, 2025","=""263494384088815""",C.SD.Product.UPS.Ecologic.EC850LCD.B00DBAA696,,250,DAILY_BUDGET,ENABLED,USD,542,0,0.46,0.0,0,0,0,0.0,0,1,0,428,
"Feb 23, 2025","=""124438051163565""",C.SD.Product.UPS.PFCSinewave.CP1500PFCLCD.B00429N19W,,450,DAILY_BUDGET,ENABLED,USD,78616,51,164.39,1604.79,7,8,7,1604.79,8,201,14,43378,
"Mar 27, 2025","=""401081905525372""",C.Competitor.Consumer.SD.UPS.PFCSineWave.CP1500PFCRM2U.B0B354X985,,250,DAILY_BUDGET,ENABLED,USD,8324,24,63.99,774.85,2,3,2,774.85,3,95,3,0,
"Feb 02, 2025","=""263494384088815""",C.SD.Product.UPS.Ecologic.EC850LCD.B00DBAA696,,250,DAILY_BUDGET,ENABLED,USD,9630,1,8.16,0.0,0,0,0,0.0,0,7,0,7864,
"Feb 02, 2025","=""124438051163565""",C.SD.Product.UPS.PFCSinewave.CP1500PFCLCD.B00429N19W,,450,DAILY_BUDGET,ENABLED,USD,58289,54,141.59,491.88,4,4,3,423.85,3,178,6,36508,
"Jan 03, 2025","=""263494384088815""",C.SD.Product.UPS.Ecologic.EC850LCD.B00DBAA696,,250,DAILY_BUDGET,ENABLED,USD,345,0,0.24,0.0,0,0,0,0.0,0,1,0,217,
"Feb 16, 2025","=""170474248246250""",C.SD.Product.UPS.IntelligentLCD.CP1500AVRLCD3.B0BCMLLSHL,,250,DAILY_BUDGET,ENABLED,USD,0,0,0.0,0.0,0,0,0,0.0,0,1,0,0,
"Jan 12, 2025","=""51640494101738""",C.Product.Consumer.SP.UPS.PFCSineWave.CP1500PFCRM2U.B0B354X985,,250,DAILY_BUDGET,ENABLED,USD,636,5,13.54,0.0,0,0,0,0.0,0,10,2,0,
"Mar 08, 2025","=""47593718961821""",C.SD.Product.UPS.SmartAppOnline.B07TR6VTQ2.OL5KRTHD,,250,DAILY_BUDGET,ENABLED,USD,46022,7,45.07,0.0,0,0,0,0.0,0,24,0,43696,
"Jan 16, 2025","=""124438051163565""",C.SD.Product.UPS.PFCSinewave.CP1500PFCLCD.B00429N19W,,450,DAILY_BUDGET,ENABLED,USD,57518,41,124.61,560.55,6,7,6,560.55,7,251,10,33032,
"Feb 24, 2025","=""401081905525372""",C.Competitor.Consumer.SD.UPS.PFCSineWave.CP1500PFCRM2U.B0B354X985,,250,DAILY_BUDGET,ENABLED,USD,21750,42,69.84,2030.64,3,3,3,2030.64,3,72,3,0,
"Jan 11, 2025","=""124438051163565""",C.SD.Product.UPS.PFCSinewave.CP1500PFCLCD.B00429N19W,,450,DAILY_BUDGET,ENABLED,USD,84060,33,142.62,231.8,4,4,4,231.8,4,144,9,57202,
"Apr 06, 2025","=""38365855708871""",C.SD.Product.UPS.SmartAppLCD.B000XJLLKG.OR700LCDRM1U,,250,DAILY_BUDGET,ENABLED,USD,165407,60,149.95,0.0,0,0,0,0.0,0,21,0,158132,
"Jan 08, 2025","=""170474248246250""",C.SD.Product.UPS.IntelligentLCD.CP1500AVRLCD3.B0BCMLLSHL,,250,DAILY_BUDGET,ENABLED,USD,567386,154,339.62,87.95,1,1,1,87.95,1,124,2,389804,
"Jan 11, 2025","=""47593718961821""",C.SD.Product.UPS.SmartAppOnline.B07TR6VTQ2.OL5KRTHD,,250,DAILY_BUDGET,ENABLED,USD,15850,5,12.41,0.0,0,0,0,0.0,0,6,0,12058,
"Feb 07, 2025","=""38365855708871""",C.SD.Product.UPS.SmartAppLCD.B000XJLLKG.OR700LCDRM1U,,250,DAILY_BUDGET,ENABLED,USD,19300,7,12.71,0.0,0,0,0,0.0,0,57,1,12525,
"Apr 07, 2025","=""47593718961821""",C.SD.Product.UPS.SmartAppOnline.B07TR6VTQ2.OL5KRTHD,,250,DAILY_BUDGET,ENABLED,USD,49820,16,49.97,1949.96,3,4,2,1462.47,3,43,2,47092,
"Feb 08, 2025","=""47593718961821""",C.SD.Product.UPS.SmartAppOnline.B07TR6VTQ2.OL5KRTHD,,250,DAILY_BUDGET,ENABLED,USD,17218,5,11.85,0.0,0,0,0,0.0,0,8,0,12419,
"Jan 24, 2025","=""38365855708871""",C.SD.Product.UPS.SmartAppLCD.B000XJLLKG.OR700LCDRM1U,,250,DAILY_BUDGET,ENABLED,USD,27618,7,20.39,3972.75,5,5,2,252.9,2,52,6,17237,
"Apr 29, 2025","=""38365855708871""",C.SD.Product.UPS.SmartAppLCD.B000XJLLKG.OR700LCDRM1U,,250,DAILY_BUDGET,ENABLED,USD,18661,8,30.51,1613.03,9,11,7,943.13,9,51,11,15798,
"Feb 09, 2025","=""170474248246250""",C.SD.Product.UPS.IntelligentLCD.CP1500AVRLCD3.B0BCMLLSHL,,250,DAILY_BUDGET,ENABLED,USD,1126880,167,622.78,219.95,1,1,1,219.95,1,125,1,759521,
"Feb 02, 2025","=""38365855708871""",C.SD.Product.UPS.SmartAppLCD.B000XJLLKG.OR700LCDRM1U,,250,DAILY_BUDGET,ENABLED,USD,42322,4,32.38,85.0,1,1,1,85.0,1,56,1,29759,
"Mar 26, 2025","=""170474248246250""",C.SD.Product.UPS.IntelligentLCD.CP1500AVRLCD3.B0BCMLLSHL,,250,DAILY_BUDGET,ENABLED,USD,0,0,0.0,0.0,0,0,0,0.0,0,1,0,0,
"Jan 12, 2025","=""263494384088815""",C.SD.Product.UPS.Ecologic.EC850LCD.B00DBAA696,,250,DAILY_BUDGET,ENABLED,USD,1471,0,1.15,0.0,0,0,0,0.0,0,2,0,1284,
"Apr 17, 2025","=""401081905525372""",C.Competitor.Consumer.SD.UPS.PFCSineWave.CP1500PFCRM2U.B0B354X985,,250,DAILY_BUDGET,ENABLED,USD,21743,42,83.45,1784.7,5,6,4,1449.75,5,94,5,0,
"Mar 24, 2025","=""263494384088815""",C.SD.Product.UPS.Ecologic.EC850LCD.B00DBAA696,,250,DAILY_BUDGET,ENABLED,USD,4460,2,4.29,0.0,0,0,0,0.0,0,13,0,4105,
"Mar 13, 2025","=""170474248246250""",C.SD.Product.UPS.IntelligentLCD.CP1500AVRLCD3.B0BCMLLSHL,,250,DAILY_BUDGET,ENABLED,USD,0,0,0.0,0.0,0,0,0,0.0,0,1,0,0,
"Jan 18, 2025","=""51640494101738""",C.Product.Consumer.SP.UPS.PFCSineWave.CP1500PFCRM2U.B0B354X985,,250,DAILY_BUDGET,ENABLED,USD,1658,1,6.51,0.0,0,0,0,0.0,0,1,0,0,
"Mar 26, 2025","=""47593718961821""",C.SD.Product.UPS.SmartAppOnline.B07TR6VTQ2.OL5KRTHD,,250,DAILY_BUDGET,ENABLED,USD,50617,21,50.13,0.0,0,0,0,0.0,0,46,0,48064,
"Jan 31, 2025","=""263494384088815""",C.SD.Product.UPS.Ecologic.EC850LCD.B00DBAA696,,250,DAILY_BUDGET,ENABLED,USD,747,0,0.45,0.0,0,0,0,0.0,0,1,0,482,
"Mar 03, 2025","=""170474248246250""",C.SD.Product.UPS.IntelligentLCD.CP1500AVRLCD3.B0BCMLLSHL,,250,DAILY_BUDGET,ENABLED,USD,0,0,0.0,0.0,0,0,0,0.0,0,1,0,0,
"Feb 16, 2025","=""287421757846510""",C.Keyword.Consumer.SD.UPS.PFCSineWave.CP1500PFCRM2U.B0B354X985,,250,DAILY_BUDGET,ENABLED,USD,1708,3,7.17,334.95,1,1,1,334.95,1,19,2,0,
"Jan 13, 2025","=""38365855708871""",C.SD.Product.UPS.SmartAppLCD.B000XJLLKG.OR700LCDRM1U,,250,DAILY_BUDGET,ENABLED,USD,55981,29,25.33,1539.95,1,1,1,1539.95,1,113,2,42348,
"Apr 06, 2025","=""124438051163565""",C.SD.Product.UPS.PFCSinewave.CP1500PFCLCD.B00429N19W,,450,DAILY_BUDGET,ENABLED,USD,52458,40,107.58,454.85,3,3,3,454.85,3,191,7,31659,
"Jan 16, 2025","=""51640494101738""",C.Product.Consumer.SP.UPS.PFCSineWave.CP1500PFCRM2U.B0B354X985,,250,DAILY_BUDGET,ENABLED,USD,1444,12,33.66,334.95,1,1,0,0.0,0,49,3,0,
"Apr 30, 2025","=""38365855708871""",C.SD.Product.UPS.SmartAppLCD.B000XJLLKG.OR700LCDRM1U,,250,DAILY_BUDGET,ENABLED,USD,19196,8,37.82,1833.13,8,10,5,662.75,5,97,12,14615,
"Feb 05, 2025","=""287421757846510""",C.Keyword.Consumer.SD.UPS.PFCSineWave.CP1500PFCRM2U.B0B354X985,,250,DAILY_BUDGET,ENABLED,USD,1631,1,3.44,0.0,0,0,0,0.0,0,2,0,0,
"Jan 21, 2025","=""170474248246250""",C.SD.Product.UPS.IntelligentLCD.CP1500AVRLCD3.B0BCMLLSHL,,250,DAILY_BUDGET,ENABLED,USD,344692,64,210.74,237.85,3,3,3,237.85,3,48,3,224972,
"Jan 27, 2025","=""124438051163565""",C.SD.Product.UPS.PFCSinewave.CP1500PFCLCD.B00429N19W,,450,DAILY_BUDGET,ENABLED,USD,54014,61,122.74,678.62,8,9,5,464.77,6,212,14,31482,
"Mar 12, 2025","=""51640494101738""",C.Product.Consumer.SP.UPS.PFCSineWave.CP1500PFCRM2U.B0B354X985,,250,DAILY_BUDGET,ENABLED,USD,1343,3,5.14,0.0,0,0,0,0.0,0,7,1,0,
"Mar 01, 2025","=""124438051163565""",C.SD.Product.UPS.PFCSinewave.CP1500PFCLCD.B00429N19W,,450,DAILY_BUDGET,ENABLED,USD,50045,41,104.54,500.39,3,3,3,500.39,3,107,5,31010,
"Feb 26, 2025","=""287421757846510""",C.Keyword.Consumer.SD.UPS.PFCSineWave.CP1500PFCRM2U.B0B354X985,,250,DAILY_BUDGET,ENABLED,USD,1577,0,0.0,0.0,0,0,0,0.0,0,0,0,0,
"Mar 08, 2025","=""38365855708871""",C.SD.Product.UPS.SmartAppLCD.B000XJLLKG.OR700LCDRM1U,,250,DAILY_BUDGET,ENABLED,USD,37296,9,37.61,438.85,3,3,1,53.95,1,67,4,34486,
"Jan 04, 2025","=""401081905525372""",C.Competitor.Consumer.SD.UPS.PFCSineWave.CP1500PFCRM2U.B0B354X985,,250,DAILY_BUDGET,ENABLED,USD,28082,75,173.87,1194.8,4,4,4,1194.8,4,159,8,0,
"Apr 13, 2025","=""287421757846510""",C.Keyword.Consumer.SD.UPS.PFCSineWave.CP1500PFCRM2U.B0B354X985,,250,DAILY_BUDGET,ENABLED,USD,4382,7,8.42,0.0,0,0,0,0.0,0,10,0,0,
"Mar 10, 2025","=""47593718961821""",C.SD.Product.UPS.SmartAppOnline.B07TR6VTQ2.OL5KRTHD,,250,DAILY_BUDGET,ENABLED,USD,47560,10,40.38,0.0,0,0,0,0.0,0,49,0,45358,
"Jan 19, 2025","=""287421757846510""",C.Keyword.Consumer.SD.UPS.PFCSineWave.CP1500PFCRM2U.B0B354X985,,250,DAILY_BUDGET,ENABLED,USD,1851,7,12.45,669.9,1,2,1,669.9,2,14,2,0,
"Mar 07, 2025","=""287421757846510""",C.Keyword.Consumer.SD.UPS.PFCSineWave.CP1500PFCRM2U.B0B354X985,,250,DAILY_BUDGET,ENABLED,USD,2056,3,0.75,0.0,0,0,0,0.0,0,2,0,0,
"Apr 20, 2025","=""124438051163565""",C.SD.Product.UPS.PFCSinewave.CP1500PFCLCD.B00429N19W,,450,DAILY_BUDGET,ENABLED,USD,2831,0,5.11,0.0,0,0,0,0.0,0,4,1,2103,
"Apr 09, 2025","=""401081905525372""",C.Competitor.Consumer.SD.UPS.PFCSineWave.CP1500PFCRM2U.B0B354X985,,250,DAILY_BUDGET,ENABLED,USD,20411,38,65.12,1784.65,5,7,2,329.9,2,90,6,0,
"Feb 19, 2025","=""287421757846510""",C.Keyword.Consumer.SD.UPS.PFCSineWave.CP1500PFCRM2U.B0B354X985,,250,DAILY_BUDGET,ENABLED,USD,1510,2,3.84,0.0,0,0,0,0.0,0,2,0,0,
"Mar 29, 2025","=""287421757846510""",C.Keyword.Consumer.SD.UPS.PFCSineWave.CP1500PFCRM2U.B0B354X985,,250,DAILY_BUDGET,ENABLED,USD,1574,7,14.53,118.89,1,1,0,0.0,0,18,1,0,
"Apr 23, 2025","=""51640494101738""",C.Product.Consumer.SP.UPS.PFCSineWave.CP1500PFCRM2U.B0B354X985,,250,DAILY_BUDGET,ENABLED,USD,512,0,0.0,0.0,0,0,0,0.0,0,0,0,0,
"Apr 30, 2025","=""51640494101738""",C.Product.Consumer.SP.UPS.PFCSineWave.CP1500PFCRM2U.B0B354X985,,250,DAILY_BUDGET,ENABLED,USD,759,1,2.43,0.0,0,0,0,0.0,0,1,0,0,
"Feb 18, 2025","=""47593718961821""",C.SD.Product.UPS.SmartAppOnline.B07TR6VTQ2.OL5KRTHD,,250,DAILY_BUDGET,ENABLED,USD,12507,5,7.67,0.0,0,0,0,0.0,0,15,0,7763,
"Jan 20, 2025","=""124438051163565""",C.SD.Product.UPS.PFCSinewave.CP1500PFCLCD.B00429N19W,,450,DAILY_BUDGET,ENABLED,USD,75197,52,167.1,1183.89,5,7,4,993.94,6,284,13,42591,
"Feb 19, 2025","=""263494384088815""",C.SD.Product.UPS.Ecologic.EC850LCD.B00DBAA696,,250,DAILY_BUDGET,ENABLED,USD,29002,5,20.11,0.0,0,0,0,0.0,0,7,0,21605,
"Jan 27, 2025","=""47593718961821""",C.SD.Product.UPS.SmartAppOnline.B07TR6VTQ2.OL5KRTHD,,250,DAILY_BUDGET,ENABLED,USD,72518,13,48.77,109.95,1,1,1,109.95,1,88,1,48359,
"Mar 01, 2025","=""287421757846510""",C.Keyword.Consumer.SD.UPS.PFCSineWave.CP1500PFCRM2U.B0B354X985,,250,DAILY_BUDGET,ENABLED,USD,347,0,0.0,0.0,0,0,0,0.0,0,0,0,0,
"Jan 14, 2025","=""263494384088815""",C.SD.Product.UPS.Ecologic.EC850LCD.B00DBAA696,,250,DAILY_BUDGET,ENABLED,USD,369,0,0.3,0.0,0,0,0,0.0,0,1,0,292,
"Mar 28, 2025","=""47593718961821""",C.SD.Product.UPS.SmartAppOnline.B07TR6VTQ2.OL5KRTHD,,250,DAILY_BUDGET,ENABLED,USD,56157,9,58.31,53.95,1,1,1,53.95,1,19,1,53751,
"Apr 15, 2025","=""47593718961821""",C.SD.Product.UPS.SmartAppOnline.B07TR6VTQ2.OL5KRTHD,,250,DAILY_BUDGET,ENABLED,USD,87982,14,89.1,0.0,0,0,0,0.0,0,37,4,83531,
"Apr 25, 2025","=""401081905525372""",C.Competitor.Consumer.SD.UPS.PFCSineWave.CP1500PFCRM2U.B0B354X985,,250,DAILY_BUDGET,ENABLED,USD,16798,27,70.3,334.95,1,1,1,334.95,1,71,1,0,
"Feb 10, 2025","=""51640494101738""",C.Product.Consumer.SP.UPS.PFCSineWave.CP1500PFCRM2U.B0B354X985,,250,DAILY_BUDGET,ENABLED,USD,1495,5,13.34,334.95,1,1,1,334.95,1,12,1,0,
"Feb 18, 2025","=""401081905525372""",C.Competitor.Consumer.SD.UPS.PFCSineWave.CP1500PFCRM2U.B0B354X985,,250,DAILY_BUDGET,ENABLED,USD,25150,35,57.97,334.95,1,1,1,334.95,1,89,8,0,
"Feb 24, 2025","=""263494384088815""",C.SD.Product.UPS.Ecologic.EC850LCD.B00DBAA696,,250,DAILY_BUDGET,ENABLED,USD,13257,3,11.09,79.95,1,1,1,79.95,1,7,1,9810,
"Jan 20, 2025","=""38365855708871""",C.SD.Product.UPS.SmartAppLCD.B000XJLLKG.OR700LCDRM1U,,250,DAILY_BUDGET,ENABLED,USD,288124,59,99.62,1366.21,7,16,5,566.71,6,92,4,193402,
"Mar 21, 2025","=""263494384088815""",C.SD.Product.UPS.Ecologic.EC850LCD.B00DBAA696,,250,DAILY_BUDGET,ENABLED,USD,4586,0,4.34,0.0,0,0,0,0.0,0,28,0,4146,
"Mar 23, 2025","=""263494384088815""",C.SD.Product.UPS.Ecologic.EC850LCD.B00DBAA696,,250,DAILY_BUDGET,ENABLED,USD,15385,4,14.71,0.0,0,0,0,0.0,0,21,0,14368,
"Feb 08, 2025","=""401081905525372""",C.Competitor.Consumer.SD.UPS.PFCSineWave.CP1500PFCRM2U.B0B354X985,,250,DAILY_BUDGET,ENABLED,USD,8565,18,26.51,1066.8,4,4,3,731.85,3,66,7,0,
"Jan 18, 2025","=""263494384088815""",C.SD.Product.UPS.Ecologic.EC850LCD.B00DBAA696,,250,DAILY_BUDGET,ENABLED,USD,1116,0,0.93,0.0,0,0,0,0.0,0,2,0,937,
"Apr 26, 2025","=""287421757846510""",C.Keyword.Consumer.SD.UPS.PFCSineWave.CP1500PFCRM2U.B0B354X985,,250,DAILY_BUDGET,ENABLED,USD,171,0,0.0,0.0,0,0,0,0.0,0,0,0,0,
"Apr 14, 2025","=""287421757846510""",C.Keyword.Consumer.SD.UPS.PFCSineWave.CP1500PFCRM2U.B0B354X985,,250,DAILY_BUDGET,ENABLED,USD,3957,1,0.41,98.95,1,1,1,98.95,1,3,3,0,
"Apr 28, 2025","=""47593718961821""",C.SD.Product.UPS.SmartAppOnline.B07TR6VTQ2.OL5KRTHD,,250,DAILY_BUDGET,ENABLED,USD,75820,20,81.95,0.0,0,0,0,0.0,0,38,1,71524,
"Jan 29, 2025","=""47593718961821""",C.SD.Product.UPS.SmartAppOnline.B07TR6VTQ2.OL5KRTHD,,250,DAILY_BUDGET,ENABLED,USD,28009,7,16.67,0.0,0,0,0,0.0,0,25,0,18679,
"Mar 16, 2025","=""47593718961821""",C.SD.Product.UPS.SmartAppOnline.B07TR6VTQ2.OL5KRTHD,,250,DAILY_BUDGET,ENABLED,USD,53950,9,50.07,0.0,0,0,0,0.0,0,18,0,51435,
"Feb 18, 2025","=""287421757846510""",C.Keyword.Consumer.SD.UPS.PFCSineWave.CP1500PFCRM2U.B0B354X985,,250,DAILY_BUDGET,ENABLED,USD,1710,3,2.91,0.0,0,0,0,0.0,0,4,0,0,
"Apr 13, 2025","=""47593718961821""",C.SD.Product.UPS.SmartAppOnline.B07TR6VTQ2.OL5KRTHD,,250,DAILY_BUDGET,ENABLED,USD,53377,11,50.0,0.0,0,0,0,0.0,0,17,0,50772,
"Mar 04, 2025","=""124438051163565""",C.SD.Product.UPS.PFCSinewave.CP1500PFCLCD.B00429N19W,,450,DAILY_BUDGET,ENABLED,USD,36575,29,81.72,887.3,6,7,5,667.35,6,223,11,22973,
"Mar 30, 2025","=""263494384088815""",C.SD.Product.UPS.Ecologic.EC850LCD.B00DBAA696,,250,DAILY_BUDGET,ENABLED,USD,15764,4,15.31,0.0,0,0,0,0.0,0,19,0,14871,
"Feb 06, 2025","=""51640494101738""",C.Product.Consumer.SP.UPS.PFCSineWave.CP1500PFCRM2U.B0B354X985,,250,DAILY_BUDGET,ENABLED,USD,1842,2,8.93,0.0,0,0,0,0.0,0,3,0,0,
"Feb 22, 2025","=""401081905525372""",C.Competitor.Consumer.SD.UPS.PFCSineWave.CP1500PFCRM2U.B0B354X985,,250,DAILY_BUDGET,ENABLED,USD,17907,36,56.52,0.0,0,0,0,0.0,0,63,2,0,
"Jan 03, 2025","=""51640494101738""",C.Product.Consumer.SP.UPS.PFCSineWave.CP1500PFCRM2U.B0B354X985,,250,DAILY_BUDGET,ENABLED,USD,4669,5,4.03,0.0,0,0,0,0.0,0,9,0,0,
"Jan 09, 2025","=""124438051163565""",C.SD.Product.UPS.PFCSinewave.CP1500PFCLCD.B00429N19W,,450,DAILY_BUDGET,ENABLED,USD,92499,38,155.71,1737.74,9,16,4,547.8,4,219,14,65788,
"Jan 17, 2025","=""47593718961821""",C.SD.Product.UPS.SmartAppOnline.B07TR6VTQ2.OL5KRTHD,,250,DAILY_BUDGET,ENABLED,USD,11033,4,6.82,0.0,0,0,0,0.0,0,21,0,7511,
"Mar 12, 2025","=""38365855708871""",C.SD.Product.UPS.SmartAppLCD.B000XJLLKG.OR700LCDRM1U,,250,DAILY_BUDGET,ENABLED,USD,66227,22,56.32,659.75,5,5,3,535.85,3,62,5,62278,
"Apr 10, 2025","=""47593718961821""",C.SD.Product.UPS.SmartAppOnline.B07TR6VTQ2.OL5KRTHD,,250,DAILY_BUDGET,ENABLED,USD,50005,14,49.77,469.06,3,3,2,279.11,2,29,4,47610,
"Mar 25, 2025","=""263494384088815""",C.SD.Product.UPS.Ecologic.EC850LCD.B00DBAA696,,250,DAILY_BUDGET,ENABLED,USD,6435,4,6.06,219.95,1,1,1,219.95,1,23,0,5778,
"Feb 08, 2025","=""38365855708871""",C.SD.Product.UPS.SmartAppLCD.B000XJLLKG.OR700LCDRM1U,,250,DAILY_BUDGET,ENABLED,USD,18693,5,12.55,0.0,0,0,0,0.0,0,26,0,12386,
"Feb 23, 2025","=""47593718961821""",C.SD.Product.UPS.SmartAppOnline.B07TR6VTQ2.OL5KRTHD,,250,DAILY_BUDGET,ENABLED,USD,97986,12,75.15,0.0,0,0,0,0.0,0,20,0,81236,
"Feb 13, 2025","=""401081905525372""",C.Competitor.Consumer.SD.UPS.PFCSineWave.CP1500PFCRM2U.B0B354X985,,250,DAILY_BUDGET,ENABLED,USD,11568,30,50.87,669.9,2,2,1,334.95,1,86,3,0,
"Mar 19, 2025","=""51640494101738""",C.Product.Consumer.SP.UPS.PFCSineWave.CP1500PFCRM2U.B0B354X985,,250,DAILY_BUDGET,ENABLED,USD,1469,1,5.4,0.0,0,0,0,0.0,0,1,0,0,
"Jan 12, 2025","=""124438051163565""",C.SD.Product.UPS.PFCSinewave.CP1500PFCLCD.B00429N19W,,450,DAILY_BUDGET,ENABLED,USD,132832,67,206.62,639.14,6,9,4,423.34,4,194,9,90192,
"Feb 17, 2025","=""401081905525372""",C.Competitor.Consumer.SD.UPS.PFCSineWave.CP1500PFCRM2U.B0B354X985,,250,DAILY_BUDGET,ENABLED,USD,23811,34,45.13,1786.85,2,3,1,1451.9,2,102,3,0,
"Jan 30, 2025","=""401081905525372""",C.Competitor.Consumer.SD.UPS.PFCSineWave.CP1500PFCRM2U.B0B354X985,,250,DAILY_BUDGET,ENABLED,USD,17131,39,63.88,669.9,2,2,1,334.95,1,88,5,0,
"Apr 13, 2025","=""401081905525372""",C.Competitor.Consumer.SD.UPS.PFCSineWave.CP1500PFCRM2U.B0B354X985,,250,DAILY_BUDGET,ENABLED,USD,18715,38,56.24,1925.74,7,11,7,1925.74,11,159,6,0,
"Mar 06, 2025","=""124438051163565""",C.SD.Product.UPS.PFCSinewave.CP1500PFCLCD.B00429N19W,,450,DAILY_BUDGET,ENABLED,USD,47155,28,96.46,1303.6,5,8,4,940.75,5,180,10,27732,
"Jan 11, 2025","=""287421757846510""",C.Keyword.Consumer.SD.UPS.PFCSineWave.CP1500PFCRM2U.B0B354X985,,250,DAILY_BUDGET,ENABLED,USD,1503,0,0.0,0.0,0,0,0,0.0,0,0,0,0,
"Feb 26, 2025","=""401081905525372""",C.Competitor.Consumer.SD.UPS.PFCSineWave.CP1500PFCRM2U.B0B354X985,,250,DAILY_BUDGET,ENABLED,USD,15749,31,50.57,388.9,2,2,1,53.95,1,52,4,0,
"Mar 13, 2025","=""47593718961821""",C.SD.Product.UPS.SmartAppOnline.B07TR6VTQ2.OL5KRTHD,,250,DAILY_BUDGET,ENABLED,USD,13237,0,15.96,508.8,4,4,4,508.8,4,54,1,11981,
"Jan 02, 2025","=""38365855708871""",C.SD.Product.UPS.SmartAppLCD.B000XJLLKG.OR700LCDRM1U,,250,DAILY_BUDGET,ENABLED,USD,6732,7,10.07,177.94,2,2,2,177.94,2,208,8,4721,
"Jan 01, 2025","=""38365855708871""",C.SD.Product.UPS.SmartAppLCD.B000XJLLKG.OR700LCDRM1U,,250,DAILY_BUDGET,ENABLED,USD,5822,8,9.99,189.95,1,1,1,189.95,1,142,5,4407,
"Apr 20, 2025","=""401081905525372""",C.Competitor.Consumer.SD.UPS.PFCSineWave.CP1500PFCRM2U.B0B354X985,,250,DAILY_BUDGET,ENABLED,USD,16775,35,90.83,449.9,2,2,2,449.9,2,69,2,0,
"Apr 19, 2025","=""401081905525372""",C.Competitor.Consumer.SD.UPS.PFCSineWave.CP1500PFCRM2U.B0B354X985,,250,DAILY_BUDGET,ENABLED,USD,16923,29,91.34,334.95,1,1,0,0.0,0,64,3,0,
"Apr 01, 2025","=""47593718961821""",C.SD.Product.UPS.SmartAppOnline.B07TR6VTQ2.OL5KRTHD,,250,DAILY_BUDGET,ENABLED,USD,47958,13,49.95,0.0,0,0,0,0.0,0,21,0,45574,
"Mar 15, 2025","=""287421757846510""",C.Keyword.Consumer.SD.UPS.PFCSineWave.CP1500PFCRM2U.B0B354X985,,250,DAILY_BUDGET,ENABLED,USD,2471,6,7.07,396.9,2,2,2,396.9,2,12,0,0,
"Apr 11, 2025","=""124438051163565""",C.SD.Product.UPS.PFCSinewave.CP1500PFCLCD.B00429N19W,,450,DAILY_BUDGET,ENABLED,USD,61440,50,123.69,2186.99,9,15,7,1519.35,13,254,17,36000,
"Feb 18, 2025","=""170474248246250""",C.SD.Product.UPS.IntelligentLCD.CP1500AVRLCD3.B0BCMLLSHL,,250,DAILY_BUDGET,ENABLED,USD,0,0,0.0,0.0,0,0,0,0.0,0,1,0,0,
"Feb 13, 2025","=""263494384088815""",C.SD.Product.UPS.Ecologic.EC850LCD.B00DBAA696,,250,DAILY_BUDGET,ENABLED,USD,4726,0,3.92,0.0,0,0,0,0.0,0,2,0,3582,
"Jan 30, 2025","=""47593718961821""",C.SD.Product.UPS.SmartAppOnline.B07TR6VTQ2.OL5KRTHD,,250,DAILY_BUDGET,ENABLED,USD,31739,7,19.37,0.0,0,0,0,0.0,0,61,1,21680,
"Apr 27, 2025","=""263494384088815""",C.SD.Product.UPS.Ecologic.EC850LCD.B00DBAA696,,250,DAILY_BUDGET,ENABLED,USD,1445,2,1.75,177.11,2,2,2,177.11,2,20,3,953,
"Mar 23, 2025","=""47593718961821""",C.SD.Product.UPS.SmartAppOnline.B07TR6VTQ2.OL5KRTHD,,250,DAILY_BUDGET,ENABLED,USD,63739,34,49.93,0.0,0,0,0,0.0,0,55,0,60589,
"Jan 07, 2025","=""287421757846510""",C.Keyword.Consumer.SD.UPS.PFCSineWave.CP1500PFCRM2U.B0B354X985,,250,DAILY_BUDGET,ENABLED,USD,3810,4,4.28,0.0,0,0,0,0.0,0,10,0,0,
"Mar 03, 2025","=""401081905525372""",C.Competitor.Consumer.SD.UPS.PFCSineWave.CP1500PFCRM2U.B0B354X985,,250,DAILY_BUDGET,ENABLED,USD,22749,57,112.1,669.9,2,2,0,0.0,0,108,1,0,
"Apr 03, 2025","=""47593718961821""",C.SD.Product.UPS.SmartAppOnline.B07TR6VTQ2.OL5KRTHD,,250,DAILY_BUDGET,ENABLED,USD,32572,10,32.93,719.98,1,2,1,719.98,2,23,0,30969,
"Jan 17, 2025","=""51640494101738""",C.Product.Consumer.SP.UPS.PFCSineWave.CP1500PFCRM2U.B0B354X985,,250,DAILY_BUDGET,ENABLED,USD,1717,3,8.31,0.0,0,0,0,0.0,0,8,0,0,
"Jan 08, 2025","=""47593718961821""",C.SD.Product.UPS.SmartAppOnline.B07TR6VTQ2.OL5KRTHD,,250,DAILY_BUDGET,ENABLED,USD,24647,4,17.93,422.82,2,2,2,422.82,2,76,2,17749,
"Feb 10, 2025","=""401081905525372""",C.Competitor.Consumer.SD.UPS.PFCSineWave.CP1500PFCRM2U.B0B354X985,,250,DAILY_BUDGET,ENABLED,USD,12990,32,61.57,1098.74,4,6,2,416.94,2,70,6,0,
"Jan 26, 2025","=""263494384088815""",C.SD.Product.UPS.Ecologic.EC850LCD.B00DBAA696,,250,DAILY_BUDGET,ENABLED,USD,10516,1,5.29,0.0,0,0,0,0.0,0,1,0,7656,
"Mar 09, 2025","=""38365855708871""",C.SD.Product.UPS.SmartAppLCD.B000XJLLKG.OR700LCDRM1U,,250,DAILY_BUDGET,ENABLED,USD,25965,14,25.07,0.0,0,0,0,0.0,0,67,1,23831,
"Apr 22, 2025","=""401081905525372""",C.Competitor.Consumer.SD.UPS.PFCSineWave.CP1500PFCRM2U.B0B354X985,,250,DAILY_BUDGET,ENABLED,USD,12945,19,41.37,1066.8,4,4,2,669.9,2,48,7,0,
"Mar 25, 2025","=""47593718961821""",C.SD.Product.UPS.SmartAppOnline.B07TR6VTQ2.OL5KRTHD,,250,DAILY_BUDGET,ENABLED,USD,61204,19,49.99,809.25,2,15,2,809.25,15,49,1,58322,
"Apr 15, 2025","=""124438051163565""",C.SD.Product.UPS.PFCSinewave.CP1500PFCLCD.B00429N19W,,450,DAILY_BUDGET,ENABLED,USD,18333,12,37.73,3177.83,9,11,7,1967.98,8,80,11,11208,
"Jan 04, 2025","=""170474248246250""",C.SD.Product.UPS.IntelligentLCD.CP1500AVRLCD3.B0BCMLLSHL,,250,DAILY_BUDGET,ENABLED,USD,21333,4,17.82,0.0,0,0,0,0.0,0,21,0,16083,
"Feb 06, 2025","=""47593718961821""",C.SD.Product.UPS.SmartAppOnline.B07TR6VTQ2.OL5KRTHD,,250,DAILY_BUDGET,ENABLED,USD,16690,5,13.14,200.7,1,1,1,200.7,1,22,2,12922,
"Apr 29, 2025","=""263494384088815""",C.SD.Product.UPS.Ecologic.EC850LCD.B00DBAA696,,250,DAILY_BUDGET,ENABLED,USD,4364,1,5.79,53.95,1,1,1,53.95,1,54,2,3350,
"Jan 22, 2025","=""170474248246250""",C.SD.Product.UPS.IntelligentLCD.CP1500AVRLCD3.B0BCMLLSHL,,250,DAILY_BUDGET,ENABLED,USD,215278,24,155.19,0.0,0,0,0,0.0,0,30,0,151245,
"Mar 18, 2025","=""51640494101738""",C.Product.Consumer.SP.UPS.PFCSineWave.CP1500PFCRM2U.B0B354X985,,250,DAILY_BUDGET,ENABLED,USD,1310,1,0.27,0.0,0,0,0,0.0,0,4,0,0,
"Jan 09, 2025","=""401081905525372""",C.Competitor.Consumer.SD.UPS.PFCSineWave.CP1500PFCRM2U.B0B354X985,,250,DAILY_BUDGET,ENABLED,USD,20056,49,94.55,1133.24,5,6,5,1133.24,6,156,6,0,
"Jan 11, 2025","=""401081905525372""",C.Competitor.Consumer.SD.UPS.PFCSineWave.CP1500PFCRM2U.B0B354X985,,250,DAILY_BUDGET,ENABLED,USD,19859,54,86.19,1215.85,3,3,3,1215.85,3,140,8,0,
"Mar 08, 2025","=""263494384088815""",C.SD.Product.UPS.Ecologic.EC850LCD.B00DBAA696,,250,DAILY_BUDGET,ENABLED,USD,5947,1,5.71,0.0,0,0,0,0.0,0,2,0,5563,
"Feb 25, 2025","=""263494384088815""",C.SD.Product.UPS.Ecologic.EC850LCD.B00DBAA696,,250,DAILY_BUDGET,ENABLED,USD,7478,1,6.0,0.0,0,0,0,0.0,0,3,0,5310,
"Feb 28, 2025","=""38365855708871""",C.SD.Product.UPS.SmartAppLCD.B000XJLLKG.OR700LCDRM1U,,250,DAILY_BUDGET,ENABLED,USD,98971,16,93.03,0.0,0,0,0,0.0,0,132,2,92271,
"Feb 25, 2025","=""38365855708871""",C.SD.Product.UPS.SmartAppLCD.B000XJLLKG.OR700LCDRM1U,,250,DAILY_BUDGET,ENABLED,USD,56920,9,50.34,138.15,2,2,2,138.15,2,87,4,45573,
"Jan 31, 2025","=""47593718961821""",C.SD.Product.UPS.SmartAppOnline.B07TR6VTQ2.OL5KRTHD,,250,DAILY_BUDGET,ENABLED,USD,35545,3,23.08,0.0,0,0,0,0.0,0,15,0,24563,
"Jan 24, 2025","=""263494384088815""",C.SD.Product.UPS.Ecologic.EC850LCD.B00DBAA696,,250,DAILY_BUDGET,ENABLED,USD,65863,10,20.7,0.0,0,0,0,0.0,0,7,0,42968,
"Jan 19, 2025","=""124438051163565""",C.SD.Product.UPS.PFCSinewave.CP1500PFCLCD.B00429N19W,,450,DAILY_BUDGET,ENABLED,USD,66750,61,143.4,1130.55,8,9,7,750.65,7,204,15,37804,
"Jan 28, 2025","=""38365855708871""",C.SD.Product.UPS.SmartAppLCD.B000XJLLKG.OR700LCDRM1U,,250,DAILY_BUDGET,ENABLED,USD,38241,8,32.4,90.85,1,1,0,0.0,0,63,1,26330,
"Feb 27, 2025","=""401081905525372""",C.Competitor.Consumer.SD.UPS.PFCSineWave.CP1500PFCRM2U.B0B354X985,,250,DAILY_BUDGET,ENABLED,USD,12350,26,67.0,1764.74,3,6,2,1674.75,5,73,6,0,
"Feb 07, 2025","=""51640494101738""",C.Product.Consumer.SP.UPS.PFCSineWave.CP1500PFCRM2U.B0B354X985,,250,DAILY_BUDGET,ENABLED,USD,1309,5,10.37,0.0,0,0,0,0.0,0,14,2,0,
"Jan 09, 2025","=""38365855708871""",C.SD.Product.UPS.SmartAppLCD.B000XJLLKG.OR700LCDRM1U,,250,DAILY_BUDGET,ENABLED,USD,47787,41,28.11,399.85,3,3,1,109.95,1,172,8,36147,
"Jan 23, 2025","=""38365855708871""",C.SD.Product.UPS.SmartAppLCD.B000XJLLKG.OR700LCDRM1U,,250,DAILY_BUDGET,ENABLED,USD,50098,8,34.64,669.9,2,2,1,334.95,1,74,4,34721,
"Feb 18, 2025","=""263494384088815""",C.SD.Product.UPS.Ecologic.EC850LCD.B00DBAA696,,250,DAILY_BUDGET,ENABLED,USD,9059,6,7.05,0.0,0,0,0,0.0,0,7,0,6513,
"Jan 29, 2025","=""263494384088815""",C.SD.Product.UPS.Ecologic.EC850LCD.B00DBAA696,,250,DAILY_BUDGET,ENABLED,USD,1631,0,0.93,0.0,0,0,0,0.0,0,1,0,1243,
"Mar 20, 2025","=""38365855708871""",C.SD.Product.UPS.SmartAppLCD.B000XJLLKG.OR700LCDRM1U,,250,DAILY_BUDGET,ENABLED,USD,57333,14,49.77,704.8,4,4,4,704.8,4,143,7,52784,
"Mar 08, 2025","=""124438051163565""",C.SD.Product.UPS.PFCSinewave.CP1500PFCLCD.B00429N19W,,450,DAILY_BUDGET,ENABLED,USD,38688,27,87.02,582.53,6,6,6,582.53,6,140,11,24597,
"Jan 19, 2025","=""170474248246250""",C.SD.Product.UPS.IntelligentLCD.CP1500AVRLCD3.B0BCMLLSHL,,250,DAILY_BUDGET,ENABLED,USD,315581,49,210.93,0.0,0,0,0,0.0,0,36,0,196678,
"Jan 13, 2025","=""124438051163565""",C.SD.Product.UPS.PFCSinewave.CP1500PFCLCD.B00429N19W,,450,DAILY_BUDGET,ENABLED,USD,111478,34,207.2,2018.44,4,4,3,1926.39,3,127,5,77012,
"Jan 16, 2025","=""38365855708871""",C.SD.Product.UPS.SmartAppLCD.B000XJLLKG.OR700LCDRM1U,,250,DAILY_BUDGET,ENABLED,USD,324233,102,99.65,749.6,5,8,4,533.8,4,162,7,221353,
"Jan 27, 2025","=""38365855708871""",C.SD.Product.UPS.SmartAppLCD.B000XJLLKG.OR700LCDRM1U,,250,DAILY_BUDGET,ENABLED,USD,49096,12,35.92,474.22,2,2,2,474.22,2,80,1,31834,
"Apr 14, 2025","=""401081905525372""",C.Competitor.Consumer.SD.UPS.PFCSineWave.CP1500PFCRM2U.B0B354X985,,250,DAILY_BUDGET,ENABLED,USD,20613,45,99.18,2908.69,7,8,3,1047.89,3,107,10,0,
"Mar 17, 2025","=""38365855708871""",C.SD.Product.UPS.SmartAppLCD.B000XJLLKG.OR700LCDRM1U,,250,DAILY_BUDGET,ENABLED,USD,29375,10,23.53,2039.65,8,9,6,1577.7,6,130,10,26239,
"Apr 26, 2025","=""47593718961821""",C.SD.Product.UPS.SmartAppOnline.B07TR6VTQ2.OL5KRTHD,,250,DAILY_BUDGET,ENABLED,USD,45639,14,52.05,0.0,0,0,0,0.0,0,23,0,42641,
"Jan 28, 2025","=""124438051163565""",C.SD.Product.UPS.PFCSinewave.CP1500PFCLCD.B00429N19W,,450,DAILY_BUDGET,ENABLED,USD,63096,37,148.21,6859.08,13,20,12,6589.33,15,224,18,37193,
"Feb 03, 2025","=""170474248246250""",C.SD.Product.UPS.IntelligentLCD.CP1500AVRLCD3.B0BCMLLSHL,,250,DAILY_BUDGET,ENABLED,USD,527302,62,349.13,0.0,0,0,0,0.0,0,51,0,330412,
"Feb 21, 2025","=""170474248246250""",C.SD.Product.UPS.IntelligentLCD.CP1500AVRLCD3.B0BCMLLSHL,,250,DAILY_BUDGET,ENABLED,USD,0,0,0.0,0.0,0,0,0,0.0,0,0,0,0,
"Feb 23, 2025","=""263494384088815""",C.SD.Product.UPS.Ecologic.EC850LCD.B00DBAA696,,250,DAILY_BUDGET,ENABLED,USD,67363,7,47.64,0.0,0,0,0,0.0,0,8,0,47292,
"Apr 06, 2025","=""47593718961821""",C.SD.Product.UPS.SmartAppOnline.B07TR6VTQ2.OL5KRTHD,,250,DAILY_BUDGET,ENABLED,USD,59358,24,50.0,0.0,0,0,0,0.0,0,44,0,57075,
"Jan 15, 2025","=""287421757846510""",C.Keyword.Consumer.SD.UPS.PFCSineWave.CP1500PFCRM2U.B0B354X985,,250,DAILY_BUDGET,ENABLED,USD,2218,1,0.48,0.0,0,0,0,0.0,0,1,0,0,
"Feb 14, 2025","=""124438051163565""",C.SD.Product.UPS.PFCSinewave.CP1500PFCLCD.B00429N19W,,450,DAILY_BUDGET,ENABLED,USD,39494,29,93.27,1171.66,8,10,3,507.85,3,224,15,22708,
"Feb 06, 2025","=""38365855708871""",C.SD.Product.UPS.SmartAppLCD.B000XJLLKG.OR700LCDRM1U,,250,DAILY_BUDGET,ENABLED,USD,50345,6,51.98,219.95,1,1,1,219.95,1,49,5,38436,
"Feb 06, 2025","=""287421757846510""",C.Keyword.Consumer.SD.UPS.PFCSineWave.CP1500PFCRM2U.B0B354X985,,250,DAILY_BUDGET,ENABLED,USD,1430,4,8.47,0.0,0,0,0,0.0,0,4,0,0,
"Mar 01, 2025","=""51640494101738""",C.Product.Consumer.SP.UPS.PFCSineWave.CP1500PFCRM2U.B0B354X985,,250,DAILY_BUDGET,ENABLED,USD,591,0,0.0,0.0,0,0,0,0.0,0,0,0,0,
"Mar 15, 2025","=""124438051163565""",C.SD.Product.UPS.PFCSinewave.CP1500PFCLCD.B00429N19W,,450,DAILY_BUDGET,ENABLED,USD,42368,42,87.59,590.81,4,4,2,449.94,2,134,10,24776,
"Jan 16, 2025","=""401081905525372""",C.Competitor.Consumer.SD.UPS.PFCSineWave.CP1500PFCRM2U.B0B354X985,,250,DAILY_BUDGET,ENABLED,USD,17183,46,88.88,1004.85,3,3,2,669.9,2,120,14,0,
"Feb 28, 2025","=""287421757846510""",C.Keyword.Consumer.SD.UPS.PFCSineWave.CP1500PFCRM2U.B0B354X985,,250,DAILY_BUDGET,ENABLED,USD,2132,5,4.94,0.0,0,0,0,0.0,0,6,0,0,
"Mar 19, 2025","=""38365855708871""",C.SD.Product.UPS.SmartAppLCD.B000XJLLKG.OR700LCDRM1U,,250,DAILY_BUDGET,ENABLED,USD,53715,24,49.81,817.7,5,6,3,409.85,3,136,4,49877,
"Mar 31, 2025","=""287421757846510""",C.Keyword.Consumer.SD.UPS.PFCSineWave.CP1500PFCRM2U.B0B354X985,,250,DAILY_BUDGET,ENABLED,USD,1039,4,8.13,0.0,0,0,0,0.0,0,4,0,0,
"Jan 08, 2025","=""38365855708871""",C.SD.Product.UPS.SmartAppLCD.B000XJLLKG.OR700LCDRM1U,,250,DAILY_BUDGET,ENABLED,USD,30018,25,19.52,640.07,4,10,3,325.42,3,136,8,24507,
"Feb 11, 2025","=""170474248246250""",C.SD.Product.UPS.IntelligentLCD.CP1500AVRLCD3.B0BCMLLSHL,,250,DAILY_BUDGET,ENABLED,USD,1509189,240,1005.0,53.95,1,1,1,53.95,1,234,3,1053308,
"Apr 19, 2025","=""51640494101738""",C.Product.Consumer.SP.UPS.PFCSineWave.CP1500PFCRM2U.B0B354X985,,250,DAILY_BUDGET,ENABLED,USD,272,0,0.0,0.0,0,0,0,0.0,0,0,0,0,
"Feb 22, 2025","=""170474248246250""",C.SD.Product.UPS.IntelligentLCD.CP1500AVRLCD3.B0BCMLLSHL,,250,DAILY_BUDGET,ENABLED,USD,0,0,0.0,0.0,0,0,0,0.0,0,0,0,0,
"Jan 03, 2025","=""124438051163565""",C.SD.Product.UPS.PFCSinewave.CP1500PFCLCD.B00429N19W,,450,DAILY_BUDGET,ENABLED,USD,651925,259,2444.73,32726.82,122,224,70,11241.75,95,1756,209,293239,
"Mar 08, 2025","=""287421757846510""",C.Keyword.Consumer.SD.UPS.PFCSineWave.CP1500PFCRM2U.B0B354X985,,250,DAILY_BUDGET,ENABLED,USD,3336,8,3.14,0.0,0,0,0,0.0,0,12,1,0,
"Feb 19, 2025","=""170474248246250""",C.SD.Product.UPS.IntelligentLCD.CP1500AVRLCD3.B0BCMLLSHL,,250,DAILY_BUDGET,ENABLED,USD,0,0,0.0,0.0,0,0,0,0.0,0,0,0,0,
"Feb 12, 2025","=""287421757846510""",C.Keyword.Consumer.SD.UPS.PFCSineWave.CP1500PFCRM2U.B0B354X985,,250,DAILY_BUDGET,ENABLED,USD,1285,2,0.87,0.0,0,0,0,0.0,0,2,0,0,
"Mar 27, 2025","=""287421757846510""",C.Keyword.Consumer.SD.UPS.PFCSineWave.CP1500PFCRM2U.B0B354X985,,250,DAILY_BUDGET,ENABLED,USD,1357,8,14.25,0.0,0,0,0,0.0,0,11,0,0,
"Apr 12, 2025","=""124438051163565""",C.SD.Product.UPS.PFCSinewave.CP1500PFCLCD.B00429N19W,,450,DAILY_BUDGET,ENABLED,USD,49440,41,104.86,2587.8,13,15,10,2190.4,12,229,18,30072,
"Apr 03, 2025","=""124438051163565""",C.SD.Product.UPS.PFCSinewave.CP1500PFCLCD.B00429N19W,,450,DAILY_BUDGET,ENABLED,USD,44735,49,96.36,8156.89,13,18,9,4733.09,14,201,21,26781,
"Mar 02, 2025","=""124438051163565""",C.SD.Product.UPS.PFCSinewave.CP1500PFCLCD.B00429N19W,,450,DAILY_BUDGET,ENABLED,USD,57060,52,119.87,972.65,7,7,7,972.65,7,165,11,34512,
"Mar 30, 2025","=""47593718961821""",C.SD.Product.UPS.SmartAppOnline.B07TR6VTQ2.OL5KRTHD,,250,DAILY_BUDGET,ENABLED,USD,55010,8,49.41,0.0,0,0,0,0.0,0,16,0,52337,
"Jan 27, 2025","=""401081905525372""",C.Competitor.Consumer.SD.UPS.PFCSineWave.CP1500PFCRM2U.B0B354X985,,250,DAILY_BUDGET,ENABLED,USD,16558,36,53.02,1999.36,8,14,7,1664.41,13,255,8,0,
"Jan 19, 2025","=""401081905525372""",C.Competitor.Consumer.SD.UPS.PFCSineWave.CP1500PFCRM2U.B0B354X985,,250,DAILY_BUDGET,ENABLED,USD,19620,43,102.49,933.8,4,4,3,598.85,3,122,7,0,
"Mar 07, 2025","=""38365855708871""",C.SD.Product.UPS.SmartAppLCD.B000XJLLKG.OR700LCDRM1U,,250,DAILY_BUDGET,ENABLED,USD,88411,56,88.53,0.0,0,0,0,0.0,0,108,0,83299,
"Mar 18, 2025","=""124438051163565""",C.SD.Product.UPS.PFCSinewave.CP1500PFCLCD.B00429N19W,,450,DAILY_BUDGET,ENABLED,USD,25612,14,55.22,1494.91,7,8,3,741.16,3,127,9,15352,
"Feb 06, 2025","=""124438051163565""",C.SD.Product.UPS.PFCSinewave.CP1500PFCLCD.B00429N19W,,450,DAILY_BUDGET,ENABLED,USD,52840,48,123.05,1688.06,8,14,7,1564.16,12,231,11,29419,
"Feb 05, 2025","=""401081905525372""",C.Competitor.Consumer.SD.UPS.PFCSineWave.CP1500PFCRM2U.B0B354X985,,250,DAILY_BUDGET,ENABLED,USD,14721,28,36.92,524.9,2,2,1,189.95,1,48,3,0,
"Mar 09, 2025","=""51640494101738""",C.Product.Consumer.SP.UPS.PFCSineWave.CP1500PFCRM2U.B0B354X985,,250,DAILY_BUDGET,ENABLED,USD,1222,0,0.0,0.0,0,0,0,0.0,0,0,0,0,
"Feb 10, 2025","=""287421757846510""",C.Keyword.Consumer.SD.UPS.PFCSineWave.CP1500PFCRM2U.B0B354X985,,250,DAILY_BUDGET,ENABLED,USD,1270,3,1.5,0.0,0,0,0,0.0,0,2,0,0,
"Apr 12, 2025","=""47593718961821""",C.SD.Product.UPS.SmartAppOnline.B07TR6VTQ2.OL5KRTHD,,250,DAILY_BUDGET,ENABLED,USD,51513,13,50.03,0.0,0,0,0,0.0,0,14,0,49056,
"Jan 25, 2025","=""401081905525372""",C.Competitor.Consumer.SD.UPS.PFCSineWave.CP1500PFCRM2U.B0B354X985,,250,DAILY_BUDGET,ENABLED,USD,12753,30,67.11,334.95,1,1,1,334.95,1,108,6,0,
"Apr 27, 2025","=""51640494101738""",C.Product.Consumer.SP.UPS.PFCSineWave.CP1500PFCRM2U.B0B354X985,,250,DAILY_BUDGET,ENABLED,USD,127,2,1.29,0.0,0,0,0,0.0,0,2,0,0,
"Jan 04, 2025","=""38365855708871""",C.SD.Product.UPS.SmartAppLCD.B000XJLLKG.OR700LCDRM1U,,250,DAILY_BUDGET,ENABLED,USD,4681,6,4.4,511.85,3,3,1,61.95,1,33,2,3683,
"Jan 20, 2025","=""263494384088815""",C.SD.Product.UPS.Ecologic.EC850LCD.B00DBAA696,,250,DAILY_BUDGET,ENABLED,USD,3361,4,3.04,0.0,0,0,0,0.0,0,12,0,3048,
"Apr 14, 2025","=""263494384088815""",C.SD.Product.UPS.Ecologic.EC850LCD.B00DBAA696,,250,DAILY_BUDGET,ENABLED,USD,14498,9,12.24,188.15,2,2,2,188.15,2,105,3,11959,
"Feb 11, 2025","=""124438051163565""",C.SD.Product.UPS.PFCSinewave.CP1500PFCLCD.B00429N19W,,450,DAILY_BUDGET,ENABLED,USD,35604,24,86.41,299.08,3,3,2,234.27,2,182,8,20541,
"Mar 25, 2025","=""287421757846510""",C.Keyword.Consumer.SD.UPS.PFCSineWave.CP1500PFCRM2U.B0B354X985,,250,DAILY_BUDGET,ENABLED,USD,1397,6,6.97,0.0,0,0,0,0.0,0,13,0,0,
"Mar 28, 2025","=""51640494101738""",C.Product.Consumer.SP.UPS.PFCSineWave.CP1500PFCRM2U.B0B354X985,,250,DAILY_BUDGET,ENABLED,USD,451,2,0.65,0.0,0,0,0,0.0,0,6,0,0,
"Mar 01, 2025","=""47593718961821""",C.SD.Product.UPS.SmartAppOnline.B07TR6VTQ2.OL5KRTHD,,250,DAILY_BUDGET,ENABLED,USD,10519,6,9.87,0.0,0,0,0,0.0,0,17,0,9990,
"Feb 03, 2025","=""401081905525372""",C.Competitor.Consumer.SD.UPS.PFCSineWave.CP1500PFCRM2U.B0B354X985,,250,DAILY_BUDGET,ENABLED,USD,15960,41,59.09,189.95,1,1,1,189.95,1,82,2,0,
"Apr 25, 2025","=""38365855708871""",C.SD.Product.UPS.SmartAppLCD.B000XJLLKG.OR700LCDRM1U,,250,DAILY_BUDGET,ENABLED,USD,70703,36,80.58,2794.28,8,13,3,185.99,3,89,9,65015,
"Apr 16, 2025","=""263494384088815""",C.SD.Product.UPS.Ecologic.EC850LCD.B00DBAA696,,250,DAILY_BUDGET,ENABLED,USD,14722,4,13.17,0.0,0,0,0,0.0,0,35,1,12636,
"Mar 04, 2025","=""51640494101738""",C.Product.Consumer.SP.UPS.PFCSineWave.CP1500PFCRM2U.B0B354X985,,250,DAILY_BUDGET,ENABLED,USD,1941,3,2.63,0.0,0,0,0,0.0,0,5,0,0,
"Apr 04, 2025","=""51640494101738""",C.Product.Consumer.SP.UPS.PFCSineWave.CP1500PFCRM2U.B0B354X985,,250,DAILY_BUDGET,ENABLED,USD,596,0,0.0,0.0,0,0,0,0.0,0,0,0,0,
"Apr 17, 2025","=""124438051163565""",C.SD.Product.UPS.PFCSinewave.CP1500PFCLCD.B00429N19W,,450,DAILY_BUDGET,ENABLED,USD,11597,11,18.56,193.24,1,1,1,193.24,1,54,2,7567,
"Apr 22, 2025","=""263494384088815""",C.SD.Product.UPS.Ecologic.EC850LCD.B00DBAA696,,250,DAILY_BUDGET,ENABLED,USD,46234,16,39.24,0.0,0,0,0,0.0,0,64,0,41975,
"Jan 09, 2025","=""263494384088815""",C.SD.Product.UPS.Ecologic.EC850LCD.B00DBAA696,,250,DAILY_BUDGET,ENABLED,USD,16647,6,12.71,0.0,0,0,0,0.0,0,4,0,12685,
"Apr 12, 2025","=""263494384088815""",C.SD.Product.UPS.Ecologic.EC850LCD.B00DBAA696,,250,DAILY_BUDGET,ENABLED,USD,11408,4,10.47,0.0,0,0,0,0.0,0,8,0,10234,
"Feb 15, 2025","=""47593718961821""",C.SD.Product.UPS.SmartAppOnline.B07TR6VTQ2.OL5KRTHD,,250,DAILY_BUDGET,ENABLED,USD,81506,6,51.29,0.0,0,0,0,0.0,0,16,1,55810,
"Apr 14, 2025","=""47593718961821""",C.SD.Product.UPS.SmartAppOnline.B07TR6VTQ2.OL5KRTHD,,250,DAILY_BUDGET,ENABLED,USD,48340,11,49.85,0.0,0,0,0,0.0,0,22,0,45747,
"Apr 04, 2025","=""47593718961821""",C.SD.Product.UPS.SmartAppOnline.B07TR6VTQ2.OL5KRTHD,,250,DAILY_BUDGET,ENABLED,USD,38137,18,37.72,0.0,0,0,0,0.0,0,43,0,36217,
"Jan 09, 2025","=""51640494101738""",C.Product.Consumer.SP.UPS.PFCSineWave.CP1500PFCRM2U.B0B354X985,,250,DAILY_BUDGET,ENABLED,USD,1124,3,4.57,599.85,1,3,0,0.0,0,10,2,0,
"Jan 26, 2025","=""124438051163565""",C.SD.Product.UPS.PFCSinewave.CP1500PFCLCD.B00429N19W,,450,DAILY_BUDGET,ENABLED,USD,85299,67,197.84,627.8,4,4,1,219.95,1,191,13,49367,
"Feb 28, 2025","=""263494384088815""",C.SD.Product.UPS.Ecologic.EC850LCD.B00DBAA696,,250,DAILY_BUDGET,ENABLED,USD,1536,0,1.61,0.0,0,0,0,0.0,0,4,0,1414,
"Apr 01, 2025","=""287421757846510""",C.Keyword.Consumer.SD.UPS.PFCSineWave.CP1500PFCRM2U.B0B354X985,,250,DAILY_BUDGET,ENABLED,USD,1394,0,0.0,0.0,0,0,0,0.0,0,1,0,0,
"Jan 13, 2025","=""401081905525372""",C.Competitor.Consumer.SD.UPS.PFCSineWave.CP1500PFCRM2U.B0B354X985,,250,DAILY_BUDGET,ENABLED,USD,23260,53,90.76,334.95,1,1,0,0.0,0,121,4,0,
"Feb 28, 2025","=""401081905525372""",C.Competitor.Consumer.SD.UPS.PFCSineWave.CP1500PFCRM2U.B0B354X985,,250,DAILY_BUDGET,ENABLED,USD,15706,20,36.31,470.31,3,3,1,73.41,1,39,7,0,
"Feb 15, 2025","=""170474248246250""",C.SD.Product.UPS.IntelligentLCD.CP1500AVRLCD3.B0BCMLLSHL,,250,DAILY_BUDGET,ENABLED,USD,0,0,0.0,0.0,0,0,0,0.0,0,8,0,0,
"Mar 15, 2025","=""38365855708871""",C.SD.Product.UPS.SmartAppLCD.B000XJLLKG.OR700LCDRM1U,,250,DAILY_BUDGET,ENABLED,USD,74830,29,49.97,219.51,3,3,3,219.51,3,77,5,70730,
"Apr 12, 2025","=""38365855708871""",C.SD.Product.UPS.SmartAppLCD.B000XJLLKG.OR700LCDRM1U,,250,DAILY_BUDGET,ENABLED,USD,61516,47,64.42,0.0,0,0,0,0.0,0,14,0,58912,
"Feb 03, 2025","=""287421757846510""",C.Keyword.Consumer.SD.UPS.PFCSineWave.CP1500PFCRM2U.B0B354X985,,250,DAILY_BUDGET,ENABLED,USD,1464,2,2.15,0.0,0,0,0,0.0,0,1,0,0,
"Mar 26, 2025","=""124438051163565""",C.SD.Product.UPS.PFCSinewave.CP1500PFCLCD.B00429N19W,,450,DAILY_BUDGET,ENABLED,USD,50415,39,119.61,2131.38,7,11,3,1297.62,3,227,13,29073,
"Apr 02, 2025","=""287421757846510""",C.Keyword.Consumer.SD.UPS.PFCSineWave.CP1500PFCRM2U.B0B354X985,,250,DAILY_BUDGET,ENABLED,USD,1414,5,2.71,0.0,0,0,0,0.0,0,8,0,0,
"Apr 18, 2025","=""263494384088815""",C.SD.Product.UPS.Ecologic.EC850LCD.B00DBAA696,,250,DAILY_BUDGET,ENABLED,USD,12625,3,11.92,406.36,2,2,2,406.36,2,23,3,11864,
"Mar 26, 2025","=""51640494101738""",C.Product.Consumer.SP.UPS.PFCSineWave.CP1500PFCRM2U.B0B354X985,,250,DAILY_BUDGET,ENABLED,USD,393,1,1.72,0.0,0,0,0,0.0,0,2,0,0,
"Jan 12, 2025","=""287421757846510""",C.Keyword.Consumer.SD.UPS.PFCSineWave.CP1500PFCRM2U.B0B354X985,,250,DAILY_BUDGET,ENABLED,USD,1732,6,8.62,0.0,0,0,0,0.0,0,19,0,0,
"Feb 25, 2025","=""401081905525372""",C.Competitor.Consumer.SD.UPS.PFCSineWave.CP1500PFCRM2U.B0B354X985,,250,DAILY_BUDGET,ENABLED,USD,21531,45,78.03,524.9,2,2,2,524.9,2,98,9,0,
"Jan 28, 2025","=""287421757846510""",C.Keyword.Consumer.SD.UPS.PFCSineWave.CP1500PFCRM2U.B0B354X985,,250,DAILY_BUDGET,ENABLED,USD,1517,2,1.41,0.0,0,0,0,0.0,0,8,0,0,
"Feb 20, 2025","=""51640494101738""",C.Product.Consumer.SP.UPS.PFCSineWave.CP1500PFCRM2U.B0B354X985,,250,DAILY_BUDGET,ENABLED,USD,2145,9,13.12,0.0,0,0,0,0.0,0,17,0,0,
"Apr 26, 2025","=""401081905525372""",C.Competitor.Consumer.SD.UPS.PFCSineWave.CP1500PFCRM2U.B0B354X985,,250,DAILY_BUDGET,ENABLED,USD,10830,36,84.4,849.85,3,3,3,849.85,3,105,10,0,
"Jan 31, 2025","=""170474248246250""",C.SD.Product.UPS.IntelligentLCD.CP1500AVRLCD3.B0BCMLLSHL,,250,DAILY_BUDGET,ENABLED,USD,94820,20,68.85,461.99,2,2,2,461.99,2,40,4,64689,
"Mar 07, 2025","=""401081905525372""",C.Competitor.Consumer.SD.UPS.PFCSineWave.CP1500PFCRM2U.B0B354X985,,250,DAILY_BUDGET,ENABLED,USD,24255,42,86.93,334.95,1,1,0,0.0,0,92,8,0,
"Feb 18, 2025","=""38365855708871""",C.SD.Product.UPS.SmartAppLCD.B000XJLLKG.OR700LCDRM1U,,250,DAILY_BUDGET,ENABLED,USD,16530,6,13.11,0.0,0,0,0,0.0,0,109,5,10474,
"Apr 17, 2025","=""263494384088815""",C.SD.Product.UPS.Ecologic.EC850LCD.B00DBAA696,,250,DAILY_BUDGET,ENABLED,USD,11078,10,10.16,189.95,1,1,1,189.95,1,20,1,9732,
"Feb 20, 2025","=""47593718961821""",C.SD.Product.UPS.SmartAppOnline.B07TR6VTQ2.OL5KRTHD,,250,DAILY_BUDGET,ENABLED,USD,84348,8,63.75,334.95,1,1,0,0.0,0,41,1,63091,
"Mar 08, 2025","=""401081905525372""",C.Competitor.Consumer.SD.UPS.PFCSineWave.CP1500PFCRM2U.B0B354X985,,250,DAILY_BUDGET,ENABLED,USD,23159,60,106.73,1339.8,5,5,3,1004.85,3,155,6,0,
"Feb 22, 2025","=""51640494101738""",C.Product.Consumer.SP.UPS.PFCSineWave.CP1500PFCRM2U.B0B354X985,,250,DAILY_BUDGET,ENABLED,USD,1418,5,6.32,0.0,0,0,0,0.0,0,24,3,0,
"Apr 01, 2025","=""51640494101738""",C.Product.Consumer.SP.UPS.PFCSineWave.CP1500PFCRM2U.B0B354X985,,250,DAILY_BUDGET,ENABLED,USD,1373,3,3.12,0.0,0,0,0,0.0,0,9,0,0,
"Apr 09, 2025","=""124438051163565""",C.SD.Product.UPS.PFCSinewave.CP1500PFCLCD.B00429N19W,,450,DAILY_BUDGET,ENABLED,USD,60356,44,119.68,8097.67,16,19,8,1332.6,8,248,25,35197,
"Feb 21, 2025","=""263494384088815""",C.SD.Product.UPS.Ecologic.EC850LCD.B00DBAA696,,250,DAILY_BUDGET,ENABLED,USD,8189,2,7.88,0.0,0,0,0,0.0,0,2,0,6934,
"Feb 14, 2025","=""263494384088815""",C.SD.Product.UPS.Ecologic.EC850LCD.B00DBAA696,,250,DAILY_BUDGET,ENABLED,USD,5745,0,4.42,0.0,0,0,0,0.0,0,1,0,4056,
"Apr 19, 2025","=""38365855708871""",C.SD.Product.UPS.SmartAppLCD.B000XJLLKG.OR700LCDRM1U,,250,DAILY_BUDGET,ENABLED,USD,12090,6,21.84,61.95,1,1,1,61.95,1,8,1,10753,
"Mar 17, 2025","=""47593718961821""",C.SD.Product.UPS.SmartAppOnline.B07TR6VTQ2.OL5KRTHD,,250,DAILY_BUDGET,ENABLED,USD,35004,15,37.58,0.0,0,0,0,0.0,0,20,0,33256,
"Feb 04, 2025","=""51640494101738""",C.Product.Consumer.SP.UPS.PFCSineWave.CP1500PFCRM2U.B0B354X985,,250,DAILY_BUDGET,ENABLED,USD,1769,5,10.6,0.0,0,0,0,0.0,0,10,0,0,
"Mar 15, 2025","=""401081905525372""",C.Competitor.Consumer.SD.UPS.PFCSineWave.CP1500PFCRM2U.B0B354X985,,250,DAILY_BUDGET,ENABLED,USD,12916,27,72.08,0.0,0,0,0,0.0,0,54,2,0,
"Mar 19, 2025","=""287421757846510""",C.Keyword.Consumer.SD.UPS.PFCSineWave.CP1500PFCRM2U.B0B354X985,,250,DAILY_BUDGET,ENABLED,USD,2365,5,3.46,0.0,0,0,0,0.0,0,10,0,0,
"Feb 03, 2025","=""124438051163565""",C.SD.Product.UPS.PFCSinewave.CP1500PFCLCD.B00429N19W,,450,DAILY_BUDGET,ENABLED,USD,48902,42,114.35,1309.45,9,11,4,573.8,4,239,18,28578,
"Jan 10, 2025","=""401081905525372""",C.Competitor.Consumer.SD.UPS.PFCSineWave.CP1500PFCRM2U.B0B354X985,,250,DAILY_BUDGET,ENABLED,USD,18674,49,89.63,2301.5,9,10,6,1714.65,7,149,13,0,
"Feb 24, 2025","=""38365855708871""",C.SD.Product.UPS.SmartAppLCD.B000XJLLKG.OR700LCDRM1U,,250,DAILY_BUDGET,ENABLED,USD,44017,13,33.46,109.95,1,1,1,109.95,1,267,2,30453,
"Feb 25, 2025","=""47593718961821""",C.SD.Product.UPS.SmartAppOnline.B07TR6VTQ2.OL5KRTHD,,250,DAILY_BUDGET,ENABLED,USD,60845,6,43.74,44.95,1,1,1,44.95,1,22,1,43352,
"Jan 26, 2025","=""51640494101738""",C.Product.Consumer.SP.UPS.PFCSineWave.CP1500PFCRM2U.B0B354X985,,250,DAILY_BUDGET,ENABLED,USD,1280,3,3.06,0.0,0,0,0,0.0,0,8,0,0,
"Apr 16, 2025","=""401081905525372""",C.Competitor.Consumer.SD.UPS.PFCSineWave.CP1500PFCRM2U.B0B354X985,,250,DAILY_BUDGET,ENABLED,USD,18309,39,77.52,669.9,2,2,2,669.9,2,77,4,0,
"Mar 11, 2025","=""47593718961821""",C.SD.Product.UPS.SmartAppOnline.B07TR6VTQ2.OL5KRTHD,,250,DAILY_BUDGET,ENABLED,USD,66045,19,61.3,0.0,0,0,0,0.0,0,33,0,62547,
"Mar 17, 2025","=""263494384088815""",C.SD.Product.UPS.Ecologic.EC850LCD.B00DBAA696,,250,DAILY_BUDGET,ENABLED,USD,11898,4,11.64,0.0,0,0,0,0.0,0,19,0,11330,
"Feb 23, 2025","=""287421757846510""",C.Keyword.Consumer.SD.UPS.PFCSineWave.CP1500PFCRM2U.B0B354X985,,250,DAILY_BUDGET,ENABLED,USD,1106,3,2.35,0.0,0,0,0,0.0,0,1,0,0,
"Apr 20, 2025","=""47593718961821""",C.SD.Product.UPS.SmartAppOnline.B07TR6VTQ2.OL5KRTHD,,250,DAILY_BUDGET,ENABLED,USD,176668,84,168.92,53.95,1,1,1,53.95,1,96,1,168043,
