Date,Campaign ID,Campaign name,Campaign currency code,Campaign budget amount,Campaign budget type,Campaign delivery status,Budget currency,Impressions,Clicks,Total cost,Sales,Purchases,Units sold,Purchases (new to brand),Sales (new to brand),Units sold (new to brand),Detail page views,Add to cart,Viewable impressions,Viewable rate
"Jul 09, 2025","=""51640494101738""",C.Product.Consumer.SP.UPS.PFCSineWave.CP1500PFCRM2U.B0B354X985,,250,DAILY_BUDGET,ENABLED,USD,467,2,3.35,0.0,0,0,0,0.0,0,3,0,0,
"May 18, 2025","=""51640494101738""",C.Product.Consumer.SP.UPS.PFCSineWave.CP1500PFCRM2U.B0B354X985,,250,DAILY_BUDGET,ENABLED,USD,108,0,0.0,0.0,0,0,0,0.0,0,0,0,0,
"Jun 17, 2025","=""263494384088815""",C.SD.Product.UPS.Ecologic.EC850LCD.B00DBAA696,,250,DAILY_BUDGET,ENABLED,USD,2774,6,2.96,2075.47,10,14,6,1598.54,10,103,12,1152,
"Jul 09, 2025","=""401081905525372""",C.Competitor.Consumer.SD.UPS.PFCSineWave.CP1500PFCRM2U.B0B354X985,,250,DAILY_BUDGET,ENABLED,USD,29755,41,137.62,1589.75,5,5,4,1259.8,4,78,9,0,
"Jul 07, 2025","=""51640494101738""",C.Product.Consumer.SP.UPS.PFCSineWave.CP1500PFCRM2U.B0B354X985,,250,DAILY_BUDGET,ENABLED,USD,65,0,0.0,0.0,0,0,0,0.0,0,0,0,0,
"Jul 24, 2025","=""124438051163565""",C.SD.Product.UPS.PFCSinewave.CP1500PFCLCD.B00429N19W,,450,DAILY_BUDGET,ENABLED,USD,5580,7,21.93,1270.75,5,5,4,1030.8,4,59,4,2598,
"Aug 10, 2025","=""401081905525372""",C.Competitor.Consumer.SD.UPS.PFCSineWave.CP1500PFCRM2U.B0B354X985,,250,DAILY_BUDGET,ENABLED,USD,783,0,0.0,0.0,0,0,0,0.0,0,0,0,0,
"Jun 06, 2025","=""287421757846510""",C.Keyword.Consumer.SD.UPS.PFCSineWave.CP1500PFCRM2U.B0B354X985,,250,DAILY_BUDGET,ENABLED,USD,322,1,0.6,0.0,0,0,0,0.0,0,1,0,0,
"May 09, 2025","=""401081905525372""",C.Competitor.Consumer.SD.UPS.PFCSineWave.CP1500PFCRM2U.B0B354X985,,250,DAILY_BUDGET,ENABLED,USD,12226,30,62.52,399.94,2,2,2,399.94,2,83,9,0,
"Jun 22, 2025","=""401081905525372""",C.Competitor.Consumer.SD.UPS.PFCSineWave.CP1500PFCRM2U.B0B354X985,,250,DAILY_BUDGET,ENABLED,USD,593,0,0.0,0.0,0,0,0,0.0,0,0,0,0,
"Aug 21, 2025","=""287421757846510""",C.Keyword.Consumer.SD.UPS.PFCSineWave.CP1500PFCRM2U.B0B354X985,,250,DAILY_BUDGET,ENABLED,USD,6353,3,4.6,0.0,0,0,0,0.0,0,3,0,0,
"Aug 27, 2025","=""38365855708871""",C.SD.Product.UPS.SmartAppLCD.B000XJLLKG.OR700LCDRM1U,,250,DAILY_BUDGET,ENABLED,USD,965,0,3.5,439.9,2,2,2,439.9,2,9,3,458,
"May 15, 2025","=""47593718961821""",C.SD.Product.UPS.SmartAppOnline.B07TR6VTQ2.OL5KRTHD,,250,DAILY_BUDGET,ENABLED,USD,902,0,1.59,0.0,0,0,0,0.0,0,8,0,762,
"May 02, 2025","=""47593718961821""",C.SD.Product.UPS.SmartAppOnline.B07TR6VTQ2.OL5KRTHD,,250,DAILY_BUDGET,ENABLED,USD,1011,2,2.56,0.0,0,0,0,0.0,0,9,2,767,
"Jun 23, 2025","=""51640494101738""",C.Product.Consumer.SP.UPS.PFCSineWave.CP1500PFCRM2U.B0B354X985,,250,DAILY_BUDGET,ENABLED,USD,240,1,3.74,0.0,0,0,0,0.0,0,8,2,0,
"Jul 01, 2025","=""51640494101738""",C.Product.Consumer.SP.UPS.PFCSineWave.CP1500PFCRM2U.B0B354X985,,250,DAILY_BUDGET,ENABLED,USD,256,1,1.92,0.0,0,0,0,0.0,0,1,0,0,
"Jun 18, 2025","=""287421757846510""",C.Keyword.Consumer.SD.UPS.PFCSineWave.CP1500PFCRM2U.B0B354X985,,250,DAILY_BUDGET,ENABLED,USD,434,1,0.38,0.0,0,0,0,0.0,0,2,0,0,
"Jun 21, 2025","=""287421757846510""",C.Keyword.Consumer.SD.UPS.PFCSineWave.CP1500PFCRM2U.B0B354X985,,250,DAILY_BUDGET,ENABLED,USD,518,0,0.0,0.0,0,0,0,0.0,0,0,0,0,
"Jun 26, 2025","=""51640494101738""",C.Product.Consumer.SP.UPS.PFCSineWave.CP1500PFCRM2U.B0B354X985,,250,DAILY_BUDGET,ENABLED,USD,160,0,0.0,0.0,0,0,0,0.0,0,0,0,0,
"Aug 09, 2025","=""38365855708871""",C.SD.Product.UPS.SmartAppLCD.B000XJLLKG.OR700LCDRM1U,,250,DAILY_BUDGET,ENABLED,USD,899,1,3.15,0.0,0,0,0,0.0,0,3,0,471,
"May 08, 2025","=""38365855708871""",C.SD.Product.UPS.SmartAppLCD.B000XJLLKG.OR700LCDRM1U,,250,DAILY_BUDGET,ENABLED,USD,4230,7,14.47,1722.6,8,9,7,1342.7,7,81,7,2201,
"May 05, 2025","=""124438051163565""",C.SD.Product.UPS.PFCSinewave.CP1500PFCLCD.B00429N19W,,450,DAILY_BUDGET,ENABLED,USD,414,0,1.4,161.85,1,3,1,161.85,3,9,2,258,
"May 30, 2025","=""38365855708871""",C.SD.Product.UPS.SmartAppLCD.B000XJLLKG.OR700LCDRM1U,,250,DAILY_BUDGET,ENABLED,USD,5792,5,19.75,1241.26,6,7,4,621.91,5,90,9,2842,
"Jul 01, 2025","=""263494384088815""",C.SD.Product.UPS.Ecologic.EC850LCD.B00DBAA696,,250,DAILY_BUDGET,ENABLED,USD,2140,3,2.97,534.75,4,5,2,317.85,3,69,7,958,
"Jun 03, 2025","=""47593718961821""",C.SD.Product.UPS.SmartAppOnline.B07TR6VTQ2.OL5KRTHD,,250,DAILY_BUDGET,ENABLED,USD,445,1,1.22,102.99,1,1,1,102.99,1,15,1,332,
"Jul 24, 2025","=""287421757846510""",C.Keyword.Consumer.SD.UPS.PFCSineWave.CP1500PFCRM2U.B0B354X985,,250,DAILY_BUDGET,ENABLED,USD,346,1,0.38,0.0,0,0,0,0.0,0,4,0,0,
"Aug 28, 2025","=""287421757846510""",C.Keyword.Consumer.SD.UPS.PFCSineWave.CP1500PFCRM2U.B0B354X985,,250,DAILY_BUDGET,ENABLED,USD,5219,15,98.16,409.95,1,1,1,409.95,1,22,1,0,
"May 06, 2025","=""47593718961821""",C.SD.Product.UPS.SmartAppOnline.B07TR6VTQ2.OL5KRTHD,,250,DAILY_BUDGET,ENABLED,USD,1070,1,1.68,0.0,0,0,0,0.0,0,4,0,918,
"May 13, 2025","=""51640494101738""",C.Product.Consumer.SP.UPS.PFCSineWave.CP1500PFCRM2U.B0B354X985,,250,DAILY_BUDGET,ENABLED,USD,208,0,0.0,0.0,0,0,0,0.0,0,0,0,0,
"Jul 29, 2025","=""287421757846510""",C.Keyword.Consumer.SD.UPS.PFCSineWave.CP1500PFCRM2U.B0B354X985,,250,DAILY_BUDGET,ENABLED,USD,82,0,0.0,0.0,0,0,0,0.0,0,0,0,0,
"Jun 22, 2025","=""38365855708871""",C.SD.Product.UPS.SmartAppLCD.B000XJLLKG.OR700LCDRM1U,,250,DAILY_BUDGET,ENABLED,USD,3341,2,13.16,672.84,4,4,3,592.89,3,57,5,1749,
"Aug 11, 2025","=""287421757846510""",C.Keyword.Consumer.SD.UPS.PFCSineWave.CP1500PFCRM2U.B0B354X985,,250,DAILY_BUDGET,ENABLED,USD,1192,0,0.0,0.0,0,0,0,0.0,0,0,0,0,
"May 18, 2025","=""47593718961821""",C.SD.Product.UPS.SmartAppOnline.B07TR6VTQ2.OL5KRTHD,,250,DAILY_BUDGET,ENABLED,USD,2182,2,0.93,0.0,0,0,0,0.0,0,3,0,2038,
"Jul 27, 2025","=""124438051163565""",C.SD.Product.UPS.PFCSinewave.CP1500PFCLCD.B00429N19W,,450,DAILY_BUDGET,ENABLED,USD,33773,18,58.85,683.95,7,10,4,229.75,7,51,3,21087,
"Jun 08, 2025","=""263494384088815""",C.SD.Product.UPS.Ecologic.EC850LCD.B00DBAA696,,250,DAILY_BUDGET,ENABLED,USD,813,0,1.48,770.76,2,2,2,770.76,2,32,2,435,
"Aug 25, 2025","=""401081905525372""",C.Competitor.Consumer.SD.UPS.PFCSineWave.CP1500PFCRM2U.B0B354X985,,250,DAILY_BUDGET,ENABLED,USD,2190,3,5.96,0.0,0,0,0,0.0,0,7,0,0,
"Aug 06, 2025","=""263494384088815""",C.SD.Product.UPS.Ecologic.EC850LCD.B00DBAA696,,250,DAILY_BUDGET,ENABLED,USD,23378,18,56.92,1842.91,17,18,13,1575.34,14,405,40,6958,
"Jun 03, 2025","=""51640494101738""",C.Product.Consumer.SP.UPS.PFCSineWave.CP1500PFCRM2U.B0B354X985,,250,DAILY_BUDGET,ENABLED,USD,16,0,0.0,0.0,0,0,0,0.0,0,0,0,0,
"Jul 19, 2025","=""124438051163565""",C.SD.Product.UPS.PFCSinewave.CP1500PFCLCD.B00429N19W,,450,DAILY_BUDGET,ENABLED,USD,7144,1,18.73,159.68,5,5,4,39.73,4,45,5,3812,
"Aug 27, 2025","=""51640494101738""",C.Product.Consumer.SP.UPS.PFCSineWave.CP1500PFCRM2U.B0B354X985,,250,DAILY_BUDGET,ENABLED,USD,60,0,0.0,0.0,0,0,0,0.0,0,0,0,0,
"May 21, 2025","=""263494384088815""",C.SD.Product.UPS.Ecologic.EC850LCD.B00DBAA696,,250,DAILY_BUDGET,ENABLED,USD,2189,1,3.43,59.95,1,1,0,0.0,0,42,3,1201,
"Aug 13, 2025","=""287421757846510""",C.Keyword.Consumer.SD.UPS.PFCSineWave.CP1500PFCRM2U.B0B354X985,,250,DAILY_BUDGET,ENABLED,USD,14260,16,70.4,479.9,2,2,2,479.9,2,26,2,0,
"Jul 30, 2025","=""51640494101738""",C.Product.Consumer.SP.UPS.PFCSineWave.CP1500PFCRM2U.B0B354X985,,250,DAILY_BUDGET,ENABLED,USD,51,0,0.0,0.0,0,0,0,0.0,0,0,0,0,
"Jun 15, 2025","=""287421757846510""",C.Keyword.Consumer.SD.UPS.PFCSineWave.CP1500PFCRM2U.B0B354X985,,250,DAILY_BUDGET,ENABLED,USD,162,0,0.0,0.0,0,0,0,0.0,0,0,0,0,
"Aug 06, 2025","=""124438051163565""",C.SD.Product.UPS.PFCSinewave.CP1500PFCLCD.B00429N19W,,450,DAILY_BUDGET,ENABLED,USD,131237,54,229.56,3810.54,21,30,14,2093.97,17,211,29,72500,
"Jun 19, 2025","=""287421757846510""",C.Keyword.Consumer.SD.UPS.PFCSineWave.CP1500PFCRM2U.B0B354X985,,250,DAILY_BUDGET,ENABLED,USD,863,1,1.76,0.0,0,0,0,0.0,0,1,0,0,
"Jun 14, 2025","=""38365855708871""",C.SD.Product.UPS.SmartAppLCD.B000XJLLKG.OR700LCDRM1U,,250,DAILY_BUDGET,ENABLED,USD,4734,3,21.39,1637.75,9,9,5,884.59,5,54,11,2775,
"May 09, 2025","=""124438051163565""",C.SD.Product.UPS.PFCSinewave.CP1500PFCLCD.B00429N19W,,450,DAILY_BUDGET,ENABLED,USD,991,1,2.54,209.85,1,3,0,0.0,0,13,2,647,
"Jun 17, 2025","=""47593718961821""",C.SD.Product.UPS.SmartAppOnline.B07TR6VTQ2.OL5KRTHD,,250,DAILY_BUDGET,ENABLED,USD,931,1,1.13,4480.93,4,5,0,0.0,0,31,6,480,
"May 04, 2025","=""263494384088815""",C.SD.Product.UPS.Ecologic.EC850LCD.B00DBAA696,,250,DAILY_BUDGET,ENABLED,USD,966,4,1.33,134.94,2,2,2,134.94,2,34,3,590,
"Jun 02, 2025","=""38365855708871""",C.SD.Product.UPS.SmartAppLCD.B000XJLLKG.OR700LCDRM1U,,250,DAILY_BUDGET,ENABLED,USD,5460,1,20.07,3039.53,7,9,4,1951.27,4,89,12,2874,
"Aug 25, 2025","=""38365855708871""",C.SD.Product.UPS.SmartAppLCD.B000XJLLKG.OR700LCDRM1U,,250,DAILY_BUDGET,ENABLED,USD,789,4,3.28,0.0,0,0,0,0.0,0,14,0,446,
"May 06, 2025","=""287421757846510""",C.Keyword.Consumer.SD.UPS.PFCSineWave.CP1500PFCRM2U.B0B354X985,,250,DAILY_BUDGET,ENABLED,USD,2513,1,2.47,53.95,1,1,1,53.95,1,14,1,0,
"May 30, 2025","=""263494384088815""",C.SD.Product.UPS.Ecologic.EC850LCD.B00DBAA696,,250,DAILY_BUDGET,ENABLED,USD,1957,1,3.62,0.0,0,0,0,0.0,0,69,9,1092,
"Jun 27, 2025","=""263494384088815""",C.SD.Product.UPS.Ecologic.EC850LCD.B00DBAA696,,250,DAILY_BUDGET,ENABLED,USD,1100,2,1.62,708.88,6,8,3,224.13,3,54,5,515,
"Jul 28, 2025","=""263494384088815""",C.SD.Product.UPS.Ecologic.EC850LCD.B00DBAA696,,250,DAILY_BUDGET,ENABLED,USD,6584,5,25.57,4135.25,9,11,7,3213.45,7,109,13,2251,
"May 02, 2025","=""38365855708871""",C.SD.Product.UPS.SmartAppLCD.B000XJLLKG.OR700LCDRM1U,,250,DAILY_BUDGET,ENABLED,USD,3770,2,11.44,751.94,2,2,0,0.0,0,51,5,1776,
"May 11, 2025","=""287421757846510""",C.Keyword.Consumer.SD.UPS.PFCSineWave.CP1500PFCRM2U.B0B354X985,,250,DAILY_BUDGET,ENABLED,USD,989,0,0.0,0.0,0,0,0,0.0,0,1,0,0,
"Jul 17, 2025","=""38365855708871""",C.SD.Product.UPS.SmartAppLCD.B000XJLLKG.OR700LCDRM1U,,250,DAILY_BUDGET,ENABLED,USD,2311,1,8.21,644.8,4,4,3,314.85,3,47,4,1143,
"Jun 13, 2025","=""287421757846510""",C.Keyword.Consumer.SD.UPS.PFCSineWave.CP1500PFCRM2U.B0B354X985,,250,DAILY_BUDGET,ENABLED,USD,291,1,0.19,0.0,0,0,0,0.0,0,1,0,0,
"Jun 20, 2025","=""401081905525372""",C.Competitor.Consumer.SD.UPS.PFCSineWave.CP1500PFCRM2U.B0B354X985,,250,DAILY_BUDGET,ENABLED,USD,4810,9,10.34,2180.7,7,8,0,0.0,0,23,10,0,
"Jul 20, 2025","=""287421757846510""",C.Keyword.Consumer.SD.UPS.PFCSineWave.CP1500PFCRM2U.B0B354X985,,250,DAILY_BUDGET,ENABLED,USD,40,0,0.0,0.0,0,0,0,0.0,0,0,0,0,
"Jun 26, 2025","=""38365855708871""",C.SD.Product.UPS.SmartAppLCD.B000XJLLKG.OR700LCDRM1U,,250,DAILY_BUDGET,ENABLED,USD,2233,1,9.88,299.68,3,3,1,82.66,1,51,4,1071,
"Jul 12, 2025","=""263494384088815""",C.SD.Product.UPS.Ecologic.EC850LCD.B00DBAA696,,250,DAILY_BUDGET,ENABLED,USD,120011,65,298.67,1252.92,11,13,10,1063.02,11,347,24,30229,
"Jul 14, 2025","=""401081905525372""",C.Competitor.Consumer.SD.UPS.PFCSineWave.CP1500PFCRM2U.B0B354X985,,250,DAILY_BUDGET,ENABLED,USD,4291,4,7.29,0.0,0,0,0,0.0,0,3,0,0,
"May 23, 2025","=""263494384088815""",C.SD.Product.UPS.Ecologic.EC850LCD.B00DBAA696,,250,DAILY_BUDGET,ENABLED,USD,4323,3,6.31,1886.58,8,16,3,439.89,3,36,6,2550,
"Jul 20, 2025","=""51640494101738""",C.Product.Consumer.SP.UPS.PFCSineWave.CP1500PFCRM2U.B0B354X985,,250,DAILY_BUDGET,ENABLED,USD,73,0,0.0,0.0,0,0,0,0.0,0,0,0,0,
"May 08, 2025","=""47593718961821""",C.SD.Product.UPS.SmartAppOnline.B07TR6VTQ2.OL5KRTHD,,250,DAILY_BUDGET,ENABLED,USD,500,1,1.69,822.95,1,1,0,0.0,0,6,1,380,
"Jun 19, 2025","=""47593718961821""",C.SD.Product.UPS.SmartAppOnline.B07TR6VTQ2.OL5KRTHD,,250,DAILY_BUDGET,ENABLED,USD,215,0,0.32,0.0,0,0,0,0.0,0,0,0,125,
"Jun 27, 2025","=""51640494101738""",C.Product.Consumer.SP.UPS.PFCSineWave.CP1500PFCRM2U.B0B354X985,,250,DAILY_BUDGET,ENABLED,USD,61,0,0.0,0.0,0,0,0,0.0,0,0,0,0,
"Jul 24, 2025","=""51640494101738""",C.Product.Consumer.SP.UPS.PFCSineWave.CP1500PFCRM2U.B0B354X985,,250,DAILY_BUDGET,ENABLED,USD,155,0,0.0,0.0,0,0,0,0.0,0,0,0,0,
"May 19, 2025","=""124438051163565""",C.SD.Product.UPS.PFCSinewave.CP1500PFCLCD.B00429N19W,,450,DAILY_BUDGET,ENABLED,USD,1014,2,2.29,339.85,3,3,3,339.85,3,22,2,632,
"Jun 16, 2025","=""263494384088815""",C.SD.Product.UPS.Ecologic.EC850LCD.B00DBAA696,,250,DAILY_BUDGET,ENABLED,USD,2750,4,3.2,8427.31,20,27,8,2680.22,11,118,17,1136,
"Jun 19, 2025","=""263494384088815""",C.SD.Product.UPS.Ecologic.EC850LCD.B00DBAA696,,250,DAILY_BUDGET,ENABLED,USD,3342,2,4.99,2611.5,12,14,5,649.7,6,143,23,1485,
"Jun 11, 2025","=""287421757846510""",C.Keyword.Consumer.SD.UPS.PFCSineWave.CP1500PFCRM2U.B0B354X985,,250,DAILY_BUDGET,ENABLED,USD,347,0,0.0,0.0,0,0,0,0.0,0,0,0,0,
"Jun 08, 2025","=""51640494101738""",C.Product.Consumer.SP.UPS.PFCSineWave.CP1500PFCRM2U.B0B354X985,,250,DAILY_BUDGET,ENABLED,USD,20,0,0.0,0.0,0,0,0,0.0,0,0,0,0,
"Jun 30, 2025","=""38365855708871""",C.SD.Product.UPS.SmartAppLCD.B000XJLLKG.OR700LCDRM1U,,250,DAILY_BUDGET,ENABLED,USD,3249,12,14.18,1033.88,6,6,3,394.03,3,70,6,1702,
"Jul 06, 2025","=""287421757846510""",C.Keyword.Consumer.SD.UPS.PFCSineWave.CP1500PFCRM2U.B0B354X985,,250,DAILY_BUDGET,ENABLED,USD,218,1,3.29,0.0,0,0,0,0.0,0,1,0,0,
"May 08, 2025","=""401081905525372""",C.Competitor.Consumer.SD.UPS.PFCSineWave.CP1500PFCRM2U.B0B354X985,,250,DAILY_BUDGET,ENABLED,USD,11906,23,40.8,1969.65,4,7,4,1969.65,7,49,4,0,
"May 20, 2025","=""263494384088815""",C.SD.Product.UPS.Ecologic.EC850LCD.B00DBAA696,,250,DAILY_BUDGET,ENABLED,USD,1663,4,2.26,59.95,1,1,1,59.95,1,20,3,916,
"Jun 05, 2025","=""47593718961821""",C.SD.Product.UPS.SmartAppOnline.B07TR6VTQ2.OL5KRTHD,,250,DAILY_BUDGET,ENABLED,USD,440,0,1.07,0.0,0,0,0,0.0,0,2,0,320,
"Jun 04, 2025","=""38365855708871""",C.SD.Product.UPS.SmartAppLCD.B000XJLLKG.OR700LCDRM1U,,250,DAILY_BUDGET,ENABLED,USD,6073,5,18.77,1199.47,10,11,5,692.21,6,110,12,2764,
"May 16, 2025","=""51640494101738""",C.Product.Consumer.SP.UPS.PFCSineWave.CP1500PFCRM2U.B0B354X985,,250,DAILY_BUDGET,ENABLED,USD,113,1,0.36,0.0,0,0,0,0.0,0,1,0,0,
"May 29, 2025","=""401081905525372""",C.Competitor.Consumer.SD.UPS.PFCSineWave.CP1500PFCRM2U.B0B354X985,,250,DAILY_BUDGET,ENABLED,USD,9377,31,44.95,1319.8,3,4,1,239.95,1,76,4,0,
"Jul 16, 2025","=""401081905525372""",C.Competitor.Consumer.SD.UPS.PFCSineWave.CP1500PFCRM2U.B0B354X985,,250,DAILY_BUDGET,ENABLED,USD,3095,5,9.52,359.95,1,1,1,359.95,1,14,1,0,
"Jul 04, 2025","=""287421757846510""",C.Keyword.Consumer.SD.UPS.PFCSineWave.CP1500PFCRM2U.B0B354X985,,250,DAILY_BUDGET,ENABLED,USD,182,0,0.0,0.0,0,0,0,0.0,0,0,0,0,
"Jul 18, 2025","=""38365855708871""",C.SD.Product.UPS.SmartAppLCD.B000XJLLKG.OR700LCDRM1U,,250,DAILY_BUDGET,ENABLED,USD,1730,3,6.54,2778.65,4,5,3,2598.7,4,45,6,885,
"Jul 13, 2025","=""38365855708871""",C.SD.Product.UPS.SmartAppLCD.B000XJLLKG.OR700LCDRM1U,,250,DAILY_BUDGET,ENABLED,USD,8777,7,30.57,323.84,3,4,1,97.99,1,32,3,4497,
"Jul 10, 2025","=""124438051163565""",C.SD.Product.UPS.PFCSinewave.CP1500PFCLCD.B00429N19W,,450,DAILY_BUDGET,ENABLED,USD,143540,62,899.64,868.31,6,6,5,628.36,5,129,10,65184,
"Jun 21, 2025","=""47593718961821""",C.SD.Product.UPS.SmartAppOnline.B07TR6VTQ2.OL5KRTHD,,250,DAILY_BUDGET,ENABLED,USD,10,0,0.01,0.0,0,0,0,0.0,0,0,0,4,
"Jul 18, 2025","=""287421757846510""",C.Keyword.Consumer.SD.UPS.PFCSineWave.CP1500PFCRM2U.B0B354X985,,250,DAILY_BUDGET,ENABLED,USD,419,1,1.0,0.0,0,0,0,0.0,0,3,0,0,
"Jun 28, 2025","=""263494384088815""",C.SD.Product.UPS.Ecologic.EC850LCD.B00DBAA696,,250,DAILY_BUDGET,ENABLED,USD,706,1,1.02,248.89,3,3,3,248.89,3,33,2,362,
"Jun 28, 2025","=""38365855708871""",C.SD.Product.UPS.SmartAppLCD.B000XJLLKG.OR700LCDRM1U,,250,DAILY_BUDGET,ENABLED,USD,1148,2,6.12,244.85,3,3,2,175.9,2,28,4,667,
"May 31, 2025","=""47593718961821""",C.SD.Product.UPS.SmartAppOnline.B07TR6VTQ2.OL5KRTHD,,250,DAILY_BUDGET,ENABLED,USD,401,2,1.29,0.0,0,0,0,0.0,0,4,0,277,
"Jul 31, 2025","=""124438051163565""",C.SD.Product.UPS.PFCSinewave.CP1500PFCLCD.B00429N19W,,450,DAILY_BUDGET,ENABLED,USD,21256,11,36.62,1693.06,10,17,8,961.41,10,69,4,12292,
"May 23, 2025","=""401081905525372""",C.Competitor.Consumer.SD.UPS.PFCSineWave.CP1500PFCRM2U.B0B354X985,,250,DAILY_BUDGET,ENABLED,USD,8268,22,46.43,669.9,1,2,0,0.0,0,50,2,0,
"May 12, 2025","=""124438051163565""",C.SD.Product.UPS.PFCSinewave.CP1500PFCLCD.B00429N19W,,450,DAILY_BUDGET,ENABLED,USD,508,0,1.72,521.01,3,4,3,521.01,4,22,5,305,
"Aug 27, 2025","=""263494384088815""",C.SD.Product.UPS.Ecologic.EC850LCD.B00DBAA696,,250,DAILY_BUDGET,ENABLED,USD,88580,77,279.64,12249.88,48,66,32,6699.26,40,650,74,26601,
"Aug 22, 2025","=""263494384088815""",C.SD.Product.UPS.Ecologic.EC850LCD.B00DBAA696,,250,DAILY_BUDGET,ENABLED,USD,59379,52,166.61,7748.36,38,39,26,3646.01,26,527,59,20242,
"May 26, 2025","=""47593718961821""",C.SD.Product.UPS.SmartAppOnline.B07TR6VTQ2.OL5KRTHD,,250,DAILY_BUDGET,ENABLED,USD,573,0,1.31,0.0,0,0,0,0.0,0,1,0,351,
"Jul 21, 2025","=""51640494101738""",C.Product.Consumer.SP.UPS.PFCSineWave.CP1500PFCRM2U.B0B354X985,,250,DAILY_BUDGET,ENABLED,USD,113,0,0.0,0.0,0,0,0,0.0,0,0,0,0,
"Aug 24, 2025","=""38365855708871""",C.SD.Product.UPS.SmartAppLCD.B000XJLLKG.OR700LCDRM1U,,250,DAILY_BUDGET,ENABLED,USD,726,0,3.23,279.9,2,2,2,279.9,2,16,3,457,
"Aug 15, 2025","=""124438051163565""",C.SD.Product.UPS.PFCSinewave.CP1500PFCLCD.B00429N19W,,450,DAILY_BUDGET,ENABLED,USD,316770,120,841.76,3939.83,26,34,16,1860.59,18,407,46,131820,
"Jun 29, 2025","=""287421757846510""",C.Keyword.Consumer.SD.UPS.PFCSineWave.CP1500PFCRM2U.B0B354X985,,250,DAILY_BUDGET,ENABLED,USD,191,0,0.0,0.0,0,0,0,0.0,0,0,0,0,
"Jun 12, 2025","=""401081905525372""",C.Competitor.Consumer.SD.UPS.PFCSineWave.CP1500PFCRM2U.B0B354X985,,250,DAILY_BUDGET,ENABLED,USD,8771,15,34.18,719.9,2,2,2,719.9,2,49,2,0,
"Jun 07, 2025","=""38365855708871""",C.SD.Product.UPS.SmartAppLCD.B000XJLLKG.OR700LCDRM1U,,250,DAILY_BUDGET,ENABLED,USD,2394,5,10.15,1296.78,5,6,3,361.88,4,53,9,1322,
"Aug 28, 2025","=""401081905525372""",C.Competitor.Consumer.SD.UPS.PFCSineWave.CP1500PFCRM2U.B0B354X985,,250,DAILY_BUDGET,ENABLED,USD,2254,2,5.92,0.0,0,0,0,0.0,0,1,0,0,
"Jun 03, 2025","=""287421757846510""",C.Keyword.Consumer.SD.UPS.PFCSineWave.CP1500PFCRM2U.B0B354X985,,250,DAILY_BUDGET,ENABLED,USD,519,0,0.0,0.0,0,0,0,0.0,0,0,0,0,
"May 10, 2025","=""287421757846510""",C.Keyword.Consumer.SD.UPS.PFCSineWave.CP1500PFCRM2U.B0B354X985,,250,DAILY_BUDGET,ENABLED,USD,1361,2,7.26,109.95,1,1,0,0.0,0,2,0,0,
"May 26, 2025","=""263494384088815""",C.SD.Product.UPS.Ecologic.EC850LCD.B00DBAA696,,250,DAILY_BUDGET,ENABLED,USD,3655,3,6.29,469.36,4,5,4,469.36,5,54,7,2159,
"May 22, 2025","=""51640494101738""",C.Product.Consumer.SP.UPS.PFCSineWave.CP1500PFCRM2U.B0B354X985,,250,DAILY_BUDGET,ENABLED,USD,183,0,0.0,0.0,0,0,0,0.0,0,0,0,0,
"Aug 01, 2025","=""51640494101738""",C.Product.Consumer.SP.UPS.PFCSineWave.CP1500PFCRM2U.B0B354X985,,250,DAILY_BUDGET,ENABLED,USD,72,0,0.0,0.0,0,0,0,0.0,0,0,0,0,
"Aug 25, 2025","=""263494384088815""",C.SD.Product.UPS.Ecologic.EC850LCD.B00DBAA696,,250,DAILY_BUDGET,ENABLED,USD,83802,48,234.71,3409.14,21,23,13,1839.0,13,490,39,25814,
"Aug 05, 2025","=""287421757846510""",C.Keyword.Consumer.SD.UPS.PFCSineWave.CP1500PFCRM2U.B0B354X985,,250,DAILY_BUDGET,ENABLED,USD,66,1,2.05,0.0,0,0,0,0.0,0,1,0,0,
"May 31, 2025","=""38365855708871""",C.SD.Product.UPS.SmartAppLCD.B000XJLLKG.OR700LCDRM1U,,250,DAILY_BUDGET,ENABLED,USD,2588,4,9.49,1051.19,6,7,6,1051.19,7,55,3,1307,
"May 23, 2025","=""124438051163565""",C.SD.Product.UPS.PFCSinewave.CP1500PFCLCD.B00429N19W,,450,DAILY_BUDGET,ENABLED,USD,1300,2,2.73,1811.9,1,2,0,0.0,0,37,1,688,
"May 18, 2025","=""401081905525372""",C.Competitor.Consumer.SD.UPS.PFCSineWave.CP1500PFCRM2U.B0B354X985,,250,DAILY_BUDGET,ENABLED,USD,12133,24,43.98,334.95,1,1,0,0.0,0,55,2,0,
"May 09, 2025","=""287421757846510""",C.Keyword.Consumer.SD.UPS.PFCSineWave.CP1500PFCRM2U.B0B354X985,,250,DAILY_BUDGET,ENABLED,USD,1803,6,10.09,473.9,2,2,0,0.0,0,14,3,0,
"Aug 15, 2025","=""401081905525372""",C.Competitor.Consumer.SD.UPS.PFCSineWave.CP1500PFCRM2U.B0B354X985,,250,DAILY_BUDGET,ENABLED,USD,4148,4,6.83,0.0,0,0,0,0.0,0,5,0,0,
"Jun 09, 2025","=""38365855708871""",C.SD.Product.UPS.SmartAppLCD.B000XJLLKG.OR700LCDRM1U,,250,DAILY_BUDGET,ENABLED,USD,3887,2,16.53,1444.6,7,8,6,1244.65,7,72,6,2188,
"Jul 26, 2025","=""124438051163565""",C.SD.Product.UPS.PFCSinewave.CP1500PFCLCD.B00429N19W,,450,DAILY_BUDGET,ENABLED,USD,36913,20,65.94,579.27,7,7,6,497.28,6,84,7,23059,
"Jul 21, 2025","=""263494384088815""",C.SD.Product.UPS.Ecologic.EC850LCD.B00DBAA696,,250,DAILY_BUDGET,ENABLED,USD,6228,4,21.52,1478.44,7,9,2,279.9,2,166,16,2053,
"Aug 26, 2025","=""287421757846510""",C.Keyword.Consumer.SD.UPS.PFCSineWave.CP1500PFCRM2U.B0B354X985,,250,DAILY_BUDGET,ENABLED,USD,4656,4,4.74,0.0,0,0,0,0.0,0,3,0,0,
"Jul 29, 2025","=""401081905525372""",C.Competitor.Consumer.SD.UPS.PFCSineWave.CP1500PFCRM2U.B0B354X985,,250,DAILY_BUDGET,ENABLED,USD,2365,8,15.85,1011.9,1,2,1,1011.9,2,12,1,0,
"Jul 12, 2025","=""287421757846510""",C.Keyword.Consumer.SD.UPS.PFCSineWave.CP1500PFCRM2U.B0B354X985,,250,DAILY_BUDGET,ENABLED,USD,150,0,0.0,0.0,0,0,0,0.0,0,0,0,0,
"May 26, 2025","=""287421757846510""",C.Keyword.Consumer.SD.UPS.PFCSineWave.CP1500PFCRM2U.B0B354X985,,250,DAILY_BUDGET,ENABLED,USD,502,0,0.0,0.0,0,0,0,0.0,0,0,0,0,
"Jul 19, 2025","=""401081905525372""",C.Competitor.Consumer.SD.UPS.PFCSineWave.CP1500PFCRM2U.B0B354X985,,250,DAILY_BUDGET,ENABLED,USD,2802,5,5.93,0.0,0,0,0,0.0,0,7,1,0,
"Jun 20, 2025","=""287421757846510""",C.Keyword.Consumer.SD.UPS.PFCSineWave.CP1500PFCRM2U.B0B354X985,,250,DAILY_BUDGET,ENABLED,USD,831,4,2.62,0.0,0,0,0,0.0,0,8,0,0,
"Aug 16, 2025","=""263494384088815""",C.SD.Product.UPS.Ecologic.EC850LCD.B00DBAA696,,250,DAILY_BUDGET,ENABLED,USD,140959,80,359.85,4339.41,34,45,26,3419.86,35,576,73,36476,
"Aug 24, 2025","=""401081905525372""",C.Competitor.Consumer.SD.UPS.PFCSineWave.CP1500PFCRM2U.B0B354X985,,250,DAILY_BUDGET,ENABLED,USD,1636,4,5.63,0.0,0,0,0,0.0,0,3,0,0,
"Jun 15, 2025","=""263494384088815""",C.SD.Product.UPS.Ecologic.EC850LCD.B00DBAA696,,250,DAILY_BUDGET,ENABLED,USD,1230,1,1.74,1749.16,7,8,4,845.79,5,35,10,459,
"Aug 21, 2025","=""401081905525372""",C.Competitor.Consumer.SD.UPS.PFCSineWave.CP1500PFCRM2U.B0B354X985,,250,DAILY_BUDGET,ENABLED,USD,1891,4,6.51,0.0,0,0,0,0.0,0,5,1,0,
"May 26, 2025","=""401081905525372""",C.Competitor.Consumer.SD.UPS.PFCSineWave.CP1500PFCRM2U.B0B354X985,,250,DAILY_BUDGET,ENABLED,USD,11589,29,49.1,334.95,1,1,1,334.95,1,99,6,0,
"Jul 09, 2025","=""263494384088815""",C.SD.Product.UPS.Ecologic.EC850LCD.B00DBAA696,,250,DAILY_BUDGET,ENABLED,USD,78241,32,895.19,812.88,5,6,3,512.98,4,157,10,19100,
"Jun 01, 2025","=""51640494101738""",C.Product.Consumer.SP.UPS.PFCSineWave.CP1500PFCRM2U.B0B354X985,,250,DAILY_BUDGET,ENABLED,USD,30,0,0.0,0.0,0,0,0,0.0,0,0,0,0,
"Jul 05, 2025","=""263494384088815""",C.SD.Product.UPS.Ecologic.EC850LCD.B00DBAA696,,250,DAILY_BUDGET,ENABLED,USD,326282,185,2681.38,2102.79,15,22,10,1289.62,10,575,38,85012,
"May 17, 2025","=""38365855708871""",C.SD.Product.UPS.SmartAppLCD.B000XJLLKG.OR700LCDRM1U,,250,DAILY_BUDGET,ENABLED,USD,2394,2,9.25,414.85,2,2,1,79.9,1,41,2,1260,
"Jul 29, 2025","=""51640494101738""",C.Product.Consumer.SP.UPS.PFCSineWave.CP1500PFCRM2U.B0B354X985,,250,DAILY_BUDGET,ENABLED,USD,38,0,0.0,0.0,0,0,0,0.0,0,0,0,0,
"Jul 03, 2025","=""47593718961821""",C.SD.Product.UPS.SmartAppOnline.B07TR6VTQ2.OL5KRTHD,,250,DAILY_BUDGET,ENABLED,USD,0,0,0.0,0.0,0,0,0,0.0,0,0,0,0,
"Jun 26, 2025","=""401081905525372""",C.Competitor.Consumer.SD.UPS.PFCSineWave.CP1500PFCRM2U.B0B354X985,,250,DAILY_BUDGET,ENABLED,USD,561,1,2.11,0.0,0,0,0,0.0,0,3,0,0,
"Jun 21, 2025","=""124438051163565""",C.SD.Product.UPS.PFCSinewave.CP1500PFCLCD.B00429N19W,,450,DAILY_BUDGET,ENABLED,USD,723,0,2.62,399.9,2,2,2,399.9,2,29,3,459,
"Aug 10, 2025","=""124438051163565""",C.SD.Product.UPS.PFCSinewave.CP1500PFCLCD.B00429N19W,,450,DAILY_BUDGET,ENABLED,USD,175361,78,324.04,1617.52,12,12,11,1377.57,11,212,14,105635,
"Jun 01, 2025","=""401081905525372""",C.Competitor.Consumer.SD.UPS.PFCSineWave.CP1500PFCRM2U.B0B354X985,,250,DAILY_BUDGET,ENABLED,USD,4270,12,28.0,719.9,2,2,2,719.9,2,30,2,0,
"Jul 02, 2025","=""124438051163565""",C.SD.Product.UPS.PFCSinewave.CP1500PFCLCD.B00429N19W,,450,DAILY_BUDGET,ENABLED,USD,144005,75,446.88,3878.52,23,30,19,3242.18,26,560,47,39072,
"Jun 02, 2025","=""287421757846510""",C.Keyword.Consumer.SD.UPS.PFCSineWave.CP1500PFCRM2U.B0B354X985,,250,DAILY_BUDGET,ENABLED,USD,682,1,2.54,0.0,0,0,0,0.0,0,7,0,0,
"Aug 14, 2025","=""124438051163565""",C.SD.Product.UPS.PFCSinewave.CP1500PFCLCD.B00429N19W,,450,DAILY_BUDGET,ENABLED,USD,407350,153,1070.63,6984.14,40,50,27,3456.04,32,479,53,155364,
"May 14, 2025","=""38365855708871""",C.SD.Product.UPS.SmartAppLCD.B000XJLLKG.OR700LCDRM1U,,250,DAILY_BUDGET,ENABLED,USD,4904,7,15.73,4496.87,9,14,5,831.32,5,94,11,2697,
"May 17, 2025","=""263494384088815""",C.SD.Product.UPS.Ecologic.EC850LCD.B00DBAA696,,250,DAILY_BUDGET,ENABLED,USD,632,0,1.41,0.0,0,0,0,0.0,0,5,1,356,
"Jul 09, 2025","=""38365855708871""",C.SD.Product.UPS.SmartAppLCD.B000XJLLKG.OR700LCDRM1U,,250,DAILY_BUDGET,ENABLED,USD,25990,23,130.34,2532.35,12,14,10,2202.4,12,201,13,15364,
"Aug 24, 2025","=""124438051163565""",C.SD.Product.UPS.PFCSinewave.CP1500PFCLCD.B00429N19W,,450,DAILY_BUDGET,ENABLED,USD,234941,126,679.66,2416.01,20,25,13,1382.26,16,329,25,117812,
"Jul 12, 2025","=""124438051163565""",C.SD.Product.UPS.PFCSinewave.CP1500PFCLCD.B00429N19W,,450,DAILY_BUDGET,ENABLED,USD,104202,47,312.25,595.22,6,7,6,595.22,7,204,17,32525,
"Jun 28, 2025","=""47593718961821""",C.SD.Product.UPS.SmartAppOnline.B07TR6VTQ2.OL5KRTHD,,250,DAILY_BUDGET,ENABLED,USD,0,0,0.0,0.0,0,0,0,0.0,0,0,0,0,
"Jun 12, 2025","=""38365855708871""",C.SD.Product.UPS.SmartAppLCD.B000XJLLKG.OR700LCDRM1U,,250,DAILY_BUDGET,ENABLED,USD,9726,19,34.86,4159.23,12,17,10,1639.58,10,144,15,5238,
"Jul 23, 2025","=""287421757846510""",C.Keyword.Consumer.SD.UPS.PFCSineWave.CP1500PFCRM2U.B0B354X985,,250,DAILY_BUDGET,ENABLED,USD,302,1,0.19,0.0,0,0,0,0.0,0,0,0,0,
"Aug 11, 2025","=""38365855708871""",C.SD.Product.UPS.SmartAppLCD.B000XJLLKG.OR700LCDRM1U,,250,DAILY_BUDGET,ENABLED,USD,1192,1,4.15,59.95,1,1,0,0.0,0,23,1,599,
"Jul 15, 2025","=""51640494101738""",C.Product.Consumer.SP.UPS.PFCSineWave.CP1500PFCRM2U.B0B354X985,,250,DAILY_BUDGET,ENABLED,USD,100,0,0.0,0.0,0,0,0,0.0,0,0,0,0,
"Jul 18, 2025","=""401081905525372""",C.Competitor.Consumer.SD.UPS.PFCSineWave.CP1500PFCRM2U.B0B354X985,,250,DAILY_BUDGET,ENABLED,USD,3421,5,8.12,359.95,1,1,0,0.0,0,13,1,0,
"May 15, 2025","=""51640494101738""",C.Product.Consumer.SP.UPS.PFCSineWave.CP1500PFCRM2U.B0B354X985,,250,DAILY_BUDGET,ENABLED,USD,150,0,0.0,0.0,0,0,0,0.0,0,0,0,0,
"May 30, 2025","=""401081905525372""",C.Competitor.Consumer.SD.UPS.PFCSineWave.CP1500PFCRM2U.B0B354X985,,250,DAILY_BUDGET,ENABLED,USD,5563,10,13.74,359.95,1,1,1,359.95,1,14,1,0,
"Jun 12, 2025","=""51640494101738""",C.Product.Consumer.SP.UPS.PFCSineWave.CP1500PFCRM2U.B0B354X985,,250,DAILY_BUDGET,ENABLED,USD,75,0,0.0,0.0,0,0,0,0.0,0,0,0,0,
"May 22, 2025","=""263494384088815""",C.SD.Product.UPS.Ecologic.EC850LCD.B00DBAA696,,250,DAILY_BUDGET,ENABLED,USD,5213,6,6.93,886.89,3,3,2,281.94,2,39,5,3031,
"Jun 24, 2025","=""47593718961821""",C.SD.Product.UPS.SmartAppOnline.B07TR6VTQ2.OL5KRTHD,,250,DAILY_BUDGET,ENABLED,USD,310,1,0.41,0.0,0,0,0,0.0,0,8,0,216,
"Jun 25, 2025","=""124438051163565""",C.SD.Product.UPS.PFCSinewave.CP1500PFCLCD.B00429N19W,,450,DAILY_BUDGET,ENABLED,USD,2040,2,7.2,269.8,3,4,2,179.85,3,53,5,1260,
"Aug 28, 2025","=""38365855708871""",C.SD.Product.UPS.SmartAppLCD.B000XJLLKG.OR700LCDRM1U,,250,DAILY_BUDGET,ENABLED,USD,2432,3,6.97,2488.28,9,9,4,1019.8,4,78,12,1202,
"Aug 26, 2025","=""38365855708871""",C.SD.Product.UPS.SmartAppLCD.B000XJLLKG.OR700LCDRM1U,,250,DAILY_BUDGET,ENABLED,USD,855,2,3.37,199.95,1,1,1,199.95,1,19,1,464,
"Jun 19, 2025","=""38365855708871""",C.SD.Product.UPS.SmartAppLCD.B000XJLLKG.OR700LCDRM1U,,250,DAILY_BUDGET,ENABLED,USD,5082,3,19.21,835.3,6,7,5,635.35,6,137,8,2702,
"Jun 15, 2025","=""51640494101738""",C.Product.Consumer.SP.UPS.PFCSineWave.CP1500PFCRM2U.B0B354X985,,250,DAILY_BUDGET,ENABLED,USD,223,0,0.0,0.0,0,0,0,0.0,0,0,0,0,
"Jul 03, 2025","=""287421757846510""",C.Keyword.Consumer.SD.UPS.PFCSineWave.CP1500PFCRM2U.B0B354X985,,250,DAILY_BUDGET,ENABLED,USD,238,0,0.0,0.0,0,0,0,0.0,0,0,0,0,
"May 24, 2025","=""38365855708871""",C.SD.Product.UPS.SmartAppLCD.B000XJLLKG.OR700LCDRM1U,,250,DAILY_BUDGET,ENABLED,USD,3492,7,12.24,309.9,2,2,2,309.9,2,60,4,2109,
"Jul 05, 2025","=""38365855708871""",C.SD.Product.UPS.SmartAppLCD.B000XJLLKG.OR700LCDRM1U,,250,DAILY_BUDGET,ENABLED,USD,9568,8,37.63,227.93,3,3,3,227.93,3,68,4,4947,
"May 20, 2025","=""47593718961821""",C.SD.Product.UPS.SmartAppOnline.B07TR6VTQ2.OL5KRTHD,,250,DAILY_BUDGET,ENABLED,USD,1002,2,1.53,0.0,0,0,0,0.0,0,7,0,877,
"Aug 27, 2025","=""124438051163565""",C.SD.Product.UPS.PFCSinewave.CP1500PFCLCD.B00429N19W,,450,DAILY_BUDGET,ENABLED,USD,275325,147,761.78,1828.28,20,46,14,1317.06,31,389,41,123293,
"May 11, 2025","=""263494384088815""",C.SD.Product.UPS.Ecologic.EC850LCD.B00DBAA696,,250,DAILY_BUDGET,ENABLED,USD,1450,6,2.23,0.0,0,0,0,0.0,0,22,2,954,
"Jul 31, 2025","=""401081905525372""",C.Competitor.Consumer.SD.UPS.PFCSineWave.CP1500PFCRM2U.B0B354X985,,250,DAILY_BUDGET,ENABLED,USD,1881,4,6.51,0.0,0,0,0,0.0,0,3,0,0,
"Jun 09, 2025","=""287421757846510""",C.Keyword.Consumer.SD.UPS.PFCSineWave.CP1500PFCRM2U.B0B354X985,,250,DAILY_BUDGET,ENABLED,USD,316,0,0.0,0.0,0,0,0,0.0,0,0,0,0,
"Aug 08, 2025","=""38365855708871""",C.SD.Product.UPS.SmartAppLCD.B000XJLLKG.OR700LCDRM1U,,250,DAILY_BUDGET,ENABLED,USD,1145,1,4.44,0.0,0,0,0,0.0,0,15,2,629,
"Jul 22, 2025","=""401081905525372""",C.Competitor.Consumer.SD.UPS.PFCSineWave.CP1500PFCRM2U.B0B354X985,,250,DAILY_BUDGET,ENABLED,USD,2486,4,5.27,0.0,0,0,0,0.0,0,8,1,0,
"Jul 22, 2025","=""287421757846510""",C.Keyword.Consumer.SD.UPS.PFCSineWave.CP1500PFCRM2U.B0B354X985,,250,DAILY_BUDGET,ENABLED,USD,75,0,0.0,0.0,0,0,0,0.0,0,0,0,0,
"Jul 08, 2025","=""38365855708871""",C.SD.Product.UPS.SmartAppLCD.B000XJLLKG.OR700LCDRM1U,,250,DAILY_BUDGET,ENABLED,USD,35445,26,154.68,3056.51,15,20,10,1741.47,10,209,24,19495,
"Jul 03, 2025","=""401081905525372""",C.Competitor.Consumer.SD.UPS.PFCSineWave.CP1500PFCRM2U.B0B354X985,,250,DAILY_BUDGET,ENABLED,USD,3267,7,12.73,1276.95,1,1,1,1276.95,1,14,2,0,
"Aug 15, 2025","=""38365855708871""",C.SD.Product.UPS.SmartAppLCD.B000XJLLKG.OR700LCDRM1U,,250,DAILY_BUDGET,ENABLED,USD,3001,1,7.33,2669.68,8,8,3,245.93,3,59,11,1516,
"Jun 10, 2025","=""263494384088815""",C.SD.Product.UPS.Ecologic.EC850LCD.B00DBAA696,,250,DAILY_BUDGET,ENABLED,USD,2559,3,3.99,2310.94,11,23,7,862.74,7,56,8,1458,
"Jul 09, 2025","=""287421757846510""",C.Keyword.Consumer.SD.UPS.PFCSineWave.CP1500PFCRM2U.B0B354X985,,250,DAILY_BUDGET,ENABLED,USD,1128,5,4.67,0.0,0,0,0,0.0,0,5,0,0,
"Jun 06, 2025","=""124438051163565""",C.SD.Product.UPS.PFCSinewave.CP1500PFCLCD.B00429N19W,,450,DAILY_BUDGET,ENABLED,USD,716,1,2.01,215.85,2,3,1,59.95,1,32,2,457,
"Aug 26, 2025","=""263494384088815""",C.SD.Product.UPS.Ecologic.EC850LCD.B00DBAA696,,250,DAILY_BUDGET,ENABLED,USD,83242,65,252.3,6110.6,29,33,21,3323.21,22,544,51,25596,
"May 26, 2025","=""51640494101738""",C.Product.Consumer.SP.UPS.PFCSineWave.CP1500PFCRM2U.B0B354X985,,250,DAILY_BUDGET,ENABLED,USD,56,0,0.0,0.0,0,0,0,0.0,0,0,0,0,
"Jun 04, 2025","=""47593718961821""",C.SD.Product.UPS.SmartAppOnline.B07TR6VTQ2.OL5KRTHD,,250,DAILY_BUDGET,ENABLED,USD,382,2,0.97,1171.95,1,1,0,0.0,0,5,1,261,
"Jun 02, 2025","=""263494384088815""",C.SD.Product.UPS.Ecologic.EC850LCD.B00DBAA696,,250,DAILY_BUDGET,ENABLED,USD,1337,1,2.36,445.42,4,4,2,315.9,2,44,22,804,
"Aug 18, 2025","=""38365855708871""",C.SD.Product.UPS.SmartAppLCD.B000XJLLKG.OR700LCDRM1U,,250,DAILY_BUDGET,ENABLED,USD,1409,0,5.78,1939.59,4,9,2,379.94,2,18,4,772,
"May 01, 2025","=""124438051163565""",C.SD.Product.UPS.PFCSinewave.CP1500PFCLCD.B00429N19W,,450,DAILY_BUDGET,ENABLED,USD,898,1,2.58,107.9,1,2,1,107.9,2,18,2,582,
"Jun 18, 2025","=""51640494101738""",C.Product.Consumer.SP.UPS.PFCSineWave.CP1500PFCRM2U.B0B354X985,,250,DAILY_BUDGET,ENABLED,USD,304,1,1.27,0.0,0,0,0,0.0,0,1,0,0,
"Aug 25, 2025","=""124438051163565""",C.SD.Product.UPS.PFCSinewave.CP1500PFCLCD.B00429N19W,,450,DAILY_BUDGET,ENABLED,USD,280324,130,771.52,1844.76,20,32,16,1314.97,23,391,37,135757,
"Jul 26, 2025","=""263494384088815""",C.SD.Product.UPS.Ecologic.EC850LCD.B00DBAA696,,250,DAILY_BUDGET,ENABLED,USD,2805,5,14.42,912.72,7,8,6,792.77,7,86,8,1103,
"Aug 17, 2025","=""124438051163565""",C.SD.Product.UPS.PFCSinewave.CP1500PFCLCD.B00429N19W,,450,DAILY_BUDGET,ENABLED,USD,318515,140,1010.07,2604.41,21,32,18,2060.52,29,368,31,137706,
"Aug 20, 2025","=""287421757846510""",C.Keyword.Consumer.SD.UPS.PFCSineWave.CP1500PFCRM2U.B0B354X985,,250,DAILY_BUDGET,ENABLED,USD,3740,3,3.55,0.0,0,0,0,0.0,0,2,0,0,
"Jun 02, 2025","=""47593718961821""",C.SD.Product.UPS.SmartAppOnline.B07TR6VTQ2.OL5KRTHD,,250,DAILY_BUDGET,ENABLED,USD,613,1,1.3,3305.99,3,3,2,3189.0,2,27,4,413,
"Jun 10, 2025","=""287421757846510""",C.Keyword.Consumer.SD.UPS.PFCSineWave.CP1500PFCRM2U.B0B354X985,,250,DAILY_BUDGET,ENABLED,USD,820,0,0.0,0.0,0,0,0,0.0,0,0,0,0,
"Jun 10, 2025","=""124438051163565""",C.SD.Product.UPS.PFCSinewave.CP1500PFCLCD.B00429N19W,,450,DAILY_BUDGET,ENABLED,USD,695,0,1.79,349.94,2,2,2,349.94,2,19,1,344,
"Aug 04, 2025","=""124438051163565""",C.SD.Product.UPS.PFCSinewave.CP1500PFCLCD.B00429N19W,,450,DAILY_BUDGET,ENABLED,USD,57371,24,109.28,1207.22,11,15,10,1127.27,14,155,19,31513,
"May 04, 2025","=""124438051163565""",C.SD.Product.UPS.PFCSinewave.CP1500PFCLCD.B00429N19W,,450,DAILY_BUDGET,ENABLED,USD,345,1,1.02,175.39,2,3,2,175.39,3,22,1,225,
"Jun 25, 2025","=""47593718961821""",C.SD.Product.UPS.SmartAppOnline.B07TR6VTQ2.OL5KRTHD,,250,DAILY_BUDGET,ENABLED,USD,422,0,0.99,499.7,2,6,0,0.0,0,9,0,285,
"May 27, 2025","=""38365855708871""",C.SD.Product.UPS.SmartAppLCD.B000XJLLKG.OR700LCDRM1U,,250,DAILY_BUDGET,ENABLED,USD,7409,7,24.55,4847.31,16,20,9,1487.89,12,137,14,3559,
"Jul 30, 2025","=""401081905525372""",C.Competitor.Consumer.SD.UPS.PFCSineWave.CP1500PFCRM2U.B0B354X985,,250,DAILY_BUDGET,ENABLED,USD,2273,5,23.25,0.0,0,0,0,0.0,0,8,0,0,
"Aug 02, 2025","=""287421757846510""",C.Keyword.Consumer.SD.UPS.PFCSineWave.CP1500PFCRM2U.B0B354X985,,250,DAILY_BUDGET,ENABLED,USD,91,0,0.0,0.0,0,0,0,0.0,0,2,0,0,
"May 08, 2025","=""124438051163565""",C.SD.Product.UPS.PFCSinewave.CP1500PFCLCD.B00429N19W,,450,DAILY_BUDGET,ENABLED,USD,1071,2,2.86,3527.37,5,17,3,448.07,3,23,1,672,
"May 13, 2025","=""38365855708871""",C.SD.Product.UPS.SmartAppLCD.B000XJLLKG.OR700LCDRM1U,,250,DAILY_BUDGET,ENABLED,USD,6629,12,18.56,2234.63,7,7,3,787.34,3,125,11,3340,
"Aug 21, 2025","=""51640494101738""",C.Product.Consumer.SP.UPS.PFCSineWave.CP1500PFCRM2U.B0B354X985,,250,DAILY_BUDGET,ENABLED,USD,58,0,0.0,0.0,0,0,0,0.0,0,0,0,0,
"Aug 27, 2025","=""401081905525372""",C.Competitor.Consumer.SD.UPS.PFCSineWave.CP1500PFCRM2U.B0B354X985,,250,DAILY_BUDGET,ENABLED,USD,2213,3,9.23,94.95,1,1,0,0.0,0,4,1,0,
"May 09, 2025","=""51640494101738""",C.Product.Consumer.SP.UPS.PFCSineWave.CP1500PFCRM2U.B0B354X985,,250,DAILY_BUDGET,ENABLED,USD,174,0,0.0,0.0,0,0,0,0.0,0,0,0,0,
"May 01, 2025","=""38365855708871""",C.SD.Product.UPS.SmartAppLCD.B000XJLLKG.OR700LCDRM1U,,250,DAILY_BUDGET,ENABLED,USD,7986,6,21.66,340.73,3,5,2,178.88,2,107,4,4795,
"Jun 09, 2025","=""401081905525372""",C.Competitor.Consumer.SD.UPS.PFCSineWave.CP1500PFCRM2U.B0B354X985,,250,DAILY_BUDGET,ENABLED,USD,6254,11,16.52,0.0,0,0,0,0.0,0,27,0,0,
"Jun 17, 2025","=""124438051163565""",C.SD.Product.UPS.PFCSinewave.CP1500PFCLCD.B00429N19W,,450,DAILY_BUDGET,ENABLED,USD,1577,0,5.14,880.49,6,6,3,448.28,3,45,11,1022,
"Jun 12, 2025","=""263494384088815""",C.SD.Product.UPS.Ecologic.EC850LCD.B00DBAA696,,250,DAILY_BUDGET,ENABLED,USD,1584,3,2.04,497.74,5,6,3,295.85,3,50,5,816,
"Aug 04, 2025","=""287421757846510""",C.Keyword.Consumer.SD.UPS.PFCSineWave.CP1500PFCRM2U.B0B354X985,,250,DAILY_BUDGET,ENABLED,USD,65,0,0.0,0.0,0,0,0,0.0,0,0,0,0,
"Jun 20, 2025","=""38365855708871""",C.SD.Product.UPS.SmartAppLCD.B000XJLLKG.OR700LCDRM1U,,250,DAILY_BUDGET,ENABLED,USD,4793,11,18.34,3634.9,11,16,9,2795.1,12,146,13,2358,
"Jun 11, 2025","=""124438051163565""",C.SD.Product.UPS.PFCSinewave.CP1500PFCLCD.B00429N19W,,450,DAILY_BUDGET,ENABLED,USD,1793,2,4.47,457.8,4,4,3,379.85,3,43,7,1076,
"Jul 08, 2025","=""263494384088815""",C.SD.Product.UPS.Ecologic.EC850LCD.B00DBAA696,,250,DAILY_BUDGET,ENABLED,USD,243704,94,2932.82,3154.04,18,20,14,2534.24,16,565,40,62004,
"Jul 16, 2025","=""51640494101738""",C.Product.Consumer.SP.UPS.PFCSineWave.CP1500PFCRM2U.B0B354X985,,250,DAILY_BUDGET,ENABLED,USD,211,0,0.0,0.0,0,0,0,0.0,0,6,0,0,
"Aug 24, 2025","=""287421757846510""",C.Keyword.Consumer.SD.UPS.PFCSineWave.CP1500PFCRM2U.B0B354X985,,250,DAILY_BUDGET,ENABLED,USD,3427,15,81.53,0.0,0,0,0,0.0,0,9,0,0,
"May 12, 2025","=""51640494101738""",C.Product.Consumer.SP.UPS.PFCSineWave.CP1500PFCRM2U.B0B354X985,,250,DAILY_BUDGET,ENABLED,USD,185,0,0.0,0.0,0,0,0,0.0,0,0,0,0,
"May 03, 2025","=""38365855708871""",C.SD.Product.UPS.SmartAppLCD.B000XJLLKG.OR700LCDRM1U,,250,DAILY_BUDGET,ENABLED,USD,2974,1,10.98,393.7,2,2,1,93.75,1,29,1,1405,
"May 22, 2025","=""47593718961821""",C.SD.Product.UPS.SmartAppOnline.B07TR6VTQ2.OL5KRTHD,,250,DAILY_BUDGET,ENABLED,USD,304,2,0.45,0.0,0,0,0,0.0,0,3,0,157,
"Jun 05, 2025","=""287421757846510""",C.Keyword.Consumer.SD.UPS.PFCSineWave.CP1500PFCRM2U.B0B354X985,,250,DAILY_BUDGET,ENABLED,USD,323,0,0.0,0.0,0,0,0,0.0,0,0,0,0,
"Jun 12, 2025","=""47593718961821""",C.SD.Product.UPS.SmartAppOnline.B07TR6VTQ2.OL5KRTHD,,250,DAILY_BUDGET,ENABLED,USD,171,0,0.21,0.0,0,0,0,0.0,0,1,0,112,
"Jun 06, 2025","=""51640494101738""",C.Product.Consumer.SP.UPS.PFCSineWave.CP1500PFCRM2U.B0B354X985,,250,DAILY_BUDGET,ENABLED,USD,48,0,0.0,0.0,0,0,0,0.0,0,0,0,0,
"Aug 14, 2025","=""287421757846510""",C.Keyword.Consumer.SD.UPS.PFCSineWave.CP1500PFCRM2U.B0B354X985,,250,DAILY_BUDGET,ENABLED,USD,14061,9,36.16,0.0,0,0,0,0.0,0,13,0,0,
"Aug 22, 2025","=""38365855708871""",C.SD.Product.UPS.SmartAppLCD.B000XJLLKG.OR700LCDRM1U,,250,DAILY_BUDGET,ENABLED,USD,2057,4,6.79,239.95,1,1,1,239.95,1,52,4,1125,
"May 07, 2025","=""401081905525372""",C.Competitor.Consumer.SD.UPS.PFCSineWave.CP1500PFCRM2U.B0B354X985,,250,DAILY_BUDGET,ENABLED,USD,14797,21,37.13,334.95,1,1,1,334.95,1,26,1,0,
"Aug 23, 2025","=""263494384088815""",C.SD.Product.UPS.Ecologic.EC850LCD.B00DBAA696,,250,DAILY_BUDGET,ENABLED,USD,50069,32,128.79,2266.78,11,16,6,1233.97,11,327,21,16174,
"Jun 11, 2025","=""263494384088815""",C.SD.Product.UPS.Ecologic.EC850LCD.B00DBAA696,,250,DAILY_BUDGET,ENABLED,USD,1523,2,1.86,559.9,2,2,1,199.95,1,38,4,738,
"Jun 20, 2025","=""263494384088815""",C.SD.Product.UPS.Ecologic.EC850LCD.B00DBAA696,,250,DAILY_BUDGET,ENABLED,USD,3576,3,5.1,3841.4,17,23,13,2273.42,19,191,28,1383,
"May 14, 2025","=""401081905525372""",C.Competitor.Consumer.SD.UPS.PFCSineWave.CP1500PFCRM2U.B0B354X985,,250,DAILY_BUDGET,ENABLED,USD,15662,29,69.79,1004.85,1,3,0,0.0,0,82,4,0,
"Jun 18, 2025","=""124438051163565""",C.SD.Product.UPS.PFCSinewave.CP1500PFCLCD.B00429N19W,,450,DAILY_BUDGET,ENABLED,USD,936,1,3.06,1129.8,2,4,1,139.95,1,42,4,532,
"Jun 30, 2025","=""263494384088815""",C.SD.Product.UPS.Ecologic.EC850LCD.B00DBAA696,,250,DAILY_BUDGET,ENABLED,USD,2665,6,4.31,5518.1,11,22,5,757.79,5,109,21,1328,
"May 03, 2025","=""51640494101738""",C.Product.Consumer.SP.UPS.PFCSineWave.CP1500PFCRM2U.B0B354X985,,250,DAILY_BUDGET,ENABLED,USD,344,2,3.88,0.0,0,0,0,0.0,0,2,0,0,
"May 05, 2025","=""51640494101738""",C.Product.Consumer.SP.UPS.PFCSineWave.CP1500PFCRM2U.B0B354X985,,250,DAILY_BUDGET,ENABLED,USD,476,3,3.75,0.0,0,0,0,0.0,0,5,0,0,
"Jun 18, 2025","=""47593718961821""",C.SD.Product.UPS.SmartAppOnline.B07TR6VTQ2.OL5KRTHD,,250,DAILY_BUDGET,ENABLED,USD,261,0,0.44,134.95,1,1,0,0.0,0,18,2,145,
"May 28, 2025","=""38365855708871""",C.SD.Product.UPS.SmartAppLCD.B000XJLLKG.OR700LCDRM1U,,250,DAILY_BUDGET,ENABLED,USD,7559,6,22.84,653.62,3,3,2,107.67,2,133,7,3128,
"May 15, 2025","=""38365855708871""",C.SD.Product.UPS.SmartAppLCD.B000XJLLKG.OR700LCDRM1U,,250,DAILY_BUDGET,ENABLED,USD,3536,4,13.47,7347.1,12,17,8,1572.55,8,72,12,1932,
"Jun 14, 2025","=""287421757846510""",C.Keyword.Consumer.SD.UPS.PFCSineWave.CP1500PFCRM2U.B0B354X985,,250,DAILY_BUDGET,ENABLED,USD,120,0,0.0,0.0,0,0,0,0.0,0,0,0,0,
"Jun 08, 2025","=""124438051163565""",C.SD.Product.UPS.PFCSinewave.CP1500PFCLCD.B00429N19W,,450,DAILY_BUDGET,ENABLED,USD,676,0,2.04,563.09,2,2,2,563.09,2,27,3,408,
"May 16, 2025","=""124438051163565""",C.SD.Product.UPS.PFCSinewave.CP1500PFCLCD.B00429N19W,,450,DAILY_BUDGET,ENABLED,USD,1040,1,2.81,2834.92,3,5,1,85.0,1,21,4,626,
"Aug 10, 2025","=""38365855708871""",C.SD.Product.UPS.SmartAppLCD.B000XJLLKG.OR700LCDRM1U,,250,DAILY_BUDGET,ENABLED,USD,804,0,3.14,97.99,1,1,1,97.99,1,10,2,441,
"Jul 05, 2025","=""51640494101738""",C.Product.Consumer.SP.UPS.PFCSineWave.CP1500PFCRM2U.B0B354X985,,250,DAILY_BUDGET,ENABLED,USD,16,0,0.0,0.0,0,0,0,0.0,0,0,0,0,
"May 05, 2025","=""401081905525372""",C.Competitor.Consumer.SD.UPS.PFCSineWave.CP1500PFCRM2U.B0B354X985,,250,DAILY_BUDGET,ENABLED,USD,12239,36,76.19,1004.85,3,3,3,1004.85,3,102,5,0,
"Aug 05, 2025","=""401081905525372""",C.Competitor.Consumer.SD.UPS.PFCSineWave.CP1500PFCRM2U.B0B354X985,,250,DAILY_BUDGET,ENABLED,USD,1395,5,11.92,359.95,1,1,0,0.0,0,11,3,0,
"Jun 03, 2025","=""263494384088815""",C.SD.Product.UPS.Ecologic.EC850LCD.B00DBAA696,,250,DAILY_BUDGET,ENABLED,USD,1669,3,2.87,137.9,2,2,0,0.0,0,41,4,939,
"Jun 20, 2025","=""47593718961821""",C.SD.Product.UPS.SmartAppOnline.B07TR6VTQ2.OL5KRTHD,,250,DAILY_BUDGET,ENABLED,USD,104,0,0.21,0.0,0,0,0,0.0,0,3,0,59,
"Jun 13, 2025","=""124438051163565""",C.SD.Product.UPS.PFCSinewave.CP1500PFCLCD.B00429N19W,,450,DAILY_BUDGET,ENABLED,USD,1504,2,4.41,1500.8,3,4,2,279.85,3,33,5,953,
"Jun 09, 2025","=""263494384088815""",C.SD.Product.UPS.Ecologic.EC850LCD.B00DBAA696,,250,DAILY_BUDGET,ENABLED,USD,2159,2,3.31,2137.62,6,10,4,812.77,7,81,6,1126,
"Jul 22, 2025","=""51640494101738""",C.Product.Consumer.SP.UPS.PFCSineWave.CP1500PFCRM2U.B0B354X985,,250,DAILY_BUDGET,ENABLED,USD,113,0,0.0,0.0,0,0,0,0.0,0,0,0,0,
"Jun 15, 2025","=""124438051163565""",C.SD.Product.UPS.PFCSinewave.CP1500PFCLCD.B00429N19W,,450,DAILY_BUDGET,ENABLED,USD,1114,1,3.5,1236.85,3,3,3,1236.85,3,34,6,720,
"May 21, 2025","=""47593718961821""",C.SD.Product.UPS.SmartAppOnline.B07TR6VTQ2.OL5KRTHD,,250,DAILY_BUDGET,ENABLED,USD,703,0,0.55,0.0,0,0,0,0.0,0,0,0,588,
"Aug 16, 2025","=""51640494101738""",C.Product.Consumer.SP.UPS.PFCSineWave.CP1500PFCRM2U.B0B354X985,,250,DAILY_BUDGET,ENABLED,USD,18,0,0.0,0.0,0,0,0,0.0,0,0,0,0,
"Jul 20, 2025","=""401081905525372""",C.Competitor.Consumer.SD.UPS.PFCSineWave.CP1500PFCRM2U.B0B354X985,,250,DAILY_BUDGET,ENABLED,USD,2763,7,8.23,0.0,0,0,0,0.0,0,5,0,0,
"Aug 15, 2025","=""263494384088815""",C.SD.Product.UPS.Ecologic.EC850LCD.B00DBAA696,,250,DAILY_BUDGET,ENABLED,USD,153827,83,379.72,13090.86,46,61,35,10382.16,40,683,82,39422,
"Jun 16, 2025","=""124438051163565""",C.SD.Product.UPS.PFCSinewave.CP1500PFCLCD.B00429N19W,,450,DAILY_BUDGET,ENABLED,USD,1715,4,5.17,1414.65,7,11,3,536.59,3,63,8,1096,
"May 16, 2025","=""401081905525372""",C.Competitor.Consumer.SD.UPS.PFCSineWave.CP1500PFCRM2U.B0B354X985,,250,DAILY_BUDGET,ENABLED,USD,13828,32,59.86,0.0,0,0,0,0.0,0,63,5,0,
"Jun 15, 2025","=""38365855708871""",C.SD.Product.UPS.SmartAppLCD.B000XJLLKG.OR700LCDRM1U,,250,DAILY_BUDGET,ENABLED,USD,4864,6,22.69,1075.0,6,6,5,715.05,5,80,9,2899,
"May 18, 2025","=""38365855708871""",C.SD.Product.UPS.SmartAppLCD.B000XJLLKG.OR700LCDRM1U,,250,DAILY_BUDGET,ENABLED,USD,2713,3,10.07,384.95,2,2,2,384.95,2,30,2,1551,
"Jun 05, 2025","=""401081905525372""",C.Competitor.Consumer.SD.UPS.PFCSineWave.CP1500PFCRM2U.B0B354X985,,250,DAILY_BUDGET,ENABLED,USD,6118,12,21.83,0.0,0,0,0,0.0,0,20,0,0,
"Jul 29, 2025","=""263494384088815""",C.SD.Product.UPS.Ecologic.EC850LCD.B00DBAA696,,250,DAILY_BUDGET,ENABLED,USD,8052,5,31.43,1078.4,10,12,6,749.65,7,114,12,2808,
"Aug 17, 2025","=""38365855708871""",C.SD.Product.UPS.SmartAppLCD.B000XJLLKG.OR700LCDRM1U,,250,DAILY_BUDGET,ENABLED,USD,1110,0,4.52,96.95,1,1,1,96.95,1,19,3,627,
"Jun 07, 2025","=""47593718961821""",C.SD.Product.UPS.SmartAppOnline.B07TR6VTQ2.OL5KRTHD,,250,DAILY_BUDGET,ENABLED,USD,175,0,0.57,0.0,0,0,0,0.0,0,3,0,142,
"Jul 29, 2025","=""124438051163565""",C.SD.Product.UPS.PFCSinewave.CP1500PFCLCD.B00429N19W,,450,DAILY_BUDGET,ENABLED,USD,13417,7,32.42,1068.13,6,6,4,1036.39,4,72,9,7372,
"Jul 30, 2025","=""287421757846510""",C.Keyword.Consumer.SD.UPS.PFCSineWave.CP1500PFCRM2U.B0B354X985,,250,DAILY_BUDGET,ENABLED,USD,199,0,0.0,0.0,0,0,0,0.0,0,0,0,0,
"Aug 13, 2025","=""51640494101738""",C.Product.Consumer.SP.UPS.PFCSineWave.CP1500PFCRM2U.B0B354X985,,250,DAILY_BUDGET,ENABLED,USD,27,0,0.0,0.0,0,0,0,0.0,0,0,0,0,
"Jun 05, 2025","=""38365855708871""",C.SD.Product.UPS.SmartAppLCD.B000XJLLKG.OR700LCDRM1U,,250,DAILY_BUDGET,ENABLED,USD,3998,7,14.54,1681.33,2,2,2,1681.33,2,120,9,2071,
"Jun 29, 2025","=""124438051163565""",C.SD.Product.UPS.PFCSinewave.CP1500PFCLCD.B00429N19W,,450,DAILY_BUDGET,ENABLED,USD,968,2,3.45,299.75,1,5,1,299.75,5,35,5,595,
"Jul 16, 2025","=""287421757846510""",C.Keyword.Consumer.SD.UPS.PFCSineWave.CP1500PFCRM2U.B0B354X985,,250,DAILY_BUDGET,ENABLED,USD,273,1,1.43,0.0,0,0,0,0.0,0,1,0,0,
"Jul 06, 2025","=""38365855708871""",C.SD.Product.UPS.SmartAppLCD.B000XJLLKG.OR700LCDRM1U,,250,DAILY_BUDGET,ENABLED,USD,12586,12,46.19,364.84,3,4,2,184.89,3,92,2,6311,
"Jul 09, 2025","=""124438051163565""",C.SD.Product.UPS.PFCSinewave.CP1500PFCLCD.B00429N19W,,450,DAILY_BUDGET,ENABLED,USD,50136,18,916.39,0.0,0,0,0,0.0,0,52,0,15729,
"Jun 21, 2025","=""263494384088815""",C.SD.Product.UPS.Ecologic.EC850LCD.B00DBAA696,,250,DAILY_BUDGET,ENABLED,USD,1954,4,3.23,2205.56,6,7,4,1755.66,5,117,10,788,
"May 30, 2025","=""51640494101738""",C.Product.Consumer.SP.UPS.PFCSineWave.CP1500PFCRM2U.B0B354X985,,250,DAILY_BUDGET,ENABLED,USD,44,0,0.0,0.0,0,0,0,0.0,0,0,0,0,
"Jun 17, 2025","=""401081905525372""",C.Competitor.Consumer.SD.UPS.PFCSineWave.CP1500PFCRM2U.B0B354X985,,250,DAILY_BUDGET,ENABLED,USD,11066,14,36.76,559.9,2,2,2,559.9,2,34,4,0,
"Jun 10, 2025","=""51640494101738""",C.Product.Consumer.SP.UPS.PFCSineWave.CP1500PFCRM2U.B0B354X985,,250,DAILY_BUDGET,ENABLED,USD,102,2,0.71,0.0,0,0,0,0.0,0,3,0,0,
"May 18, 2025","=""263494384088815""",C.SD.Product.UPS.Ecologic.EC850LCD.B00DBAA696,,250,DAILY_BUDGET,ENABLED,USD,856,2,1.47,0.0,0,0,0,0.0,0,11,0,458,
"Jun 13, 2025","=""47593718961821""",C.SD.Product.UPS.SmartAppOnline.B07TR6VTQ2.OL5KRTHD,,250,DAILY_BUDGET,ENABLED,USD,132,0,0.13,0.0,0,0,0,0.0,0,0,1,67,
"Jul 17, 2025","=""263494384088815""",C.SD.Product.UPS.Ecologic.EC850LCD.B00DBAA696,,250,DAILY_BUDGET,ENABLED,USD,7432,15,26.91,4280.48,17,29,13,2842.84,21,213,27,2993,
"Jun 13, 2025","=""263494384088815""",C.SD.Product.UPS.Ecologic.EC850LCD.B00DBAA696,,250,DAILY_BUDGET,ENABLED,USD,1318,2,1.57,1327.93,5,5,2,694.58,2,82,5,576,
"May 14, 2025","=""51640494101738""",C.Product.Consumer.SP.UPS.PFCSineWave.CP1500PFCRM2U.B0B354X985,,250,DAILY_BUDGET,ENABLED,USD,104,0,0.0,0.0,0,0,0,0.0,0,0,0,0,
"May 24, 2025","=""401081905525372""",C.Competitor.Consumer.SD.UPS.PFCSineWave.CP1500PFCRM2U.B0B354X985,,250,DAILY_BUDGET,ENABLED,USD,11338,34,53.66,334.95,1,1,1,334.95,1,85,2,0,
"May 21, 2025","=""401081905525372""",C.Competitor.Consumer.SD.UPS.PFCSineWave.CP1500PFCRM2U.B0B354X985,,250,DAILY_BUDGET,ENABLED,USD,20401,34,50.4,334.95,1,1,1,334.95,1,133,5,0,
"Aug 11, 2025","=""124438051163565""",C.SD.Product.UPS.PFCSinewave.CP1500PFCLCD.B00429N19W,,450,DAILY_BUDGET,ENABLED,USD,205249,61,388.33,4690.42,24,42,15,1533.03,18,269,24,109234,
"May 04, 2025","=""51640494101738""",C.Product.Consumer.SP.UPS.PFCSineWave.CP1500PFCRM2U.B0B354X985,,250,DAILY_BUDGET,ENABLED,USD,477,0,0.0,0.0,0,0,0,0.0,0,0,0,0,
"May 06, 2025","=""124438051163565""",C.SD.Product.UPS.PFCSinewave.CP1500PFCLCD.B00429N19W,,450,DAILY_BUDGET,ENABLED,USD,368,1,1.2,0.0,0,0,0,0.0,0,6,0,224,
"May 23, 2025","=""287421757846510""",C.Keyword.Consumer.SD.UPS.PFCSineWave.CP1500PFCRM2U.B0B354X985,,250,DAILY_BUDGET,ENABLED,USD,665,0,0.0,0.0,0,0,0,0.0,0,1,0,0,
"May 14, 2025","=""47593718961821""",C.SD.Product.UPS.SmartAppOnline.B07TR6VTQ2.OL5KRTHD,,250,DAILY_BUDGET,ENABLED,USD,542,1,1.65,0.0,0,0,0,0.0,0,135,0,404,
"May 03, 2025","=""124438051163565""",C.SD.Product.UPS.PFCSinewave.CP1500PFCLCD.B00429N19W,,450,DAILY_BUDGET,ENABLED,USD,292,0,0.85,219.95,1,1,1,219.95,1,15,1,168,
"Jun 02, 2025","=""51640494101738""",C.Product.Consumer.SP.UPS.PFCSineWave.CP1500PFCRM2U.B0B354X985,,250,DAILY_BUDGET,ENABLED,USD,42,0,0.0,0.0,0,0,0,0.0,0,0,0,0,
"Aug 08, 2025","=""401081905525372""",C.Competitor.Consumer.SD.UPS.PFCSineWave.CP1500PFCRM2U.B0B354X985,,250,DAILY_BUDGET,ENABLED,USD,926,4,13.63,0.0,0,0,0,0.0,0,20,2,0,
"Jul 04, 2025","=""263494384088815""",C.SD.Product.UPS.Ecologic.EC850LCD.B00DBAA696,,250,DAILY_BUDGET,ENABLED,USD,500171,193,2991.39,119.9,2,2,2,119.9,2,374,14,128969,
"Jun 30, 2025","=""124438051163565""",C.SD.Product.UPS.PFCSinewave.CP1500PFCLCD.B00429N19W,,450,DAILY_BUDGET,ENABLED,USD,3218,4,8.76,996.72,7,8,4,456.92,4,75,11,1914,
"Aug 12, 2025","=""401081905525372""",C.Competitor.Consumer.SD.UPS.PFCSineWave.CP1500PFCRM2U.B0B354X985,,250,DAILY_BUDGET,ENABLED,USD,2200,6,11.24,359.95,1,1,1,359.95,1,9,1,0,
"May 17, 2025","=""401081905525372""",C.Competitor.Consumer.SD.UPS.PFCSineWave.CP1500PFCRM2U.B0B354X985,,250,DAILY_BUDGET,ENABLED,USD,7427,23,46.0,1224.8,4,4,2,669.9,2,64,4,0,
"May 12, 2025","=""47593718961821""",C.SD.Product.UPS.SmartAppOnline.B07TR6VTQ2.OL5KRTHD,,250,DAILY_BUDGET,ENABLED,USD,694,3,1.74,0.0,0,0,0,0.0,0,9,0,493,
"May 18, 2025","=""124438051163565""",C.SD.Product.UPS.PFCSinewave.CP1500PFCLCD.B00429N19W,,450,DAILY_BUDGET,ENABLED,USD,976,2,2.35,556.95,1,1,1,556.95,1,48,0,636,
"Jun 29, 2025","=""263494384088815""",C.SD.Product.UPS.Ecologic.EC850LCD.B00DBAA696,,250,DAILY_BUDGET,ENABLED,USD,805,2,1.46,521.92,4,8,3,396.97,3,65,11,430,
"Aug 21, 2025","=""38365855708871""",C.SD.Product.UPS.SmartAppLCD.B000XJLLKG.OR700LCDRM1U,,250,DAILY_BUDGET,ENABLED,USD,732,0,3.09,0.0,0,0,0,0.0,0,4,0,366,
"Jul 03, 2025","=""124438051163565""",C.SD.Product.UPS.PFCSinewave.CP1500PFCLCD.B00429N19W,,450,DAILY_BUDGET,ENABLED,USD,162229,69,789.47,5196.62,29,43,24,4657.83,38,448,51,44775,
"Jul 04, 2025","=""124438051163565""",C.SD.Product.UPS.PFCSinewave.CP1500PFCLCD.B00429N19W,,450,DAILY_BUDGET,ENABLED,USD,544493,214,5007.92,5773.15,41,48,33,5208.72,36,801,72,158812,
"May 13, 2025","=""287421757846510""",C.Keyword.Consumer.SD.UPS.PFCSineWave.CP1500PFCRM2U.B0B354X985,,250,DAILY_BUDGET,ENABLED,USD,1408,4,5.32,0.0,0,0,0,0.0,0,9,0,0,
"Jul 06, 2025","=""124438051163565""",C.SD.Product.UPS.PFCSinewave.CP1500PFCLCD.B00429N19W,,450,DAILY_BUDGET,ENABLED,USD,654600,243,5539.17,8706.73,58,65,46,6589.46,47,982,90,201716,
"May 25, 2025","=""38365855708871""",C.SD.Product.UPS.SmartAppLCD.B000XJLLKG.OR700LCDRM1U,,250,DAILY_BUDGET,ENABLED,USD,3325,6,11.06,987.3,5,5,4,922.31,4,50,3,1846,
"Jun 03, 2025","=""401081905525372""",C.Competitor.Consumer.SD.UPS.PFCSineWave.CP1500PFCRM2U.B0B354X985,,250,DAILY_BUDGET,ENABLED,USD,4705,6,9.67,0.0,0,0,0,0.0,0,16,0,0,
"Jun 04, 2025","=""124438051163565""",C.SD.Product.UPS.PFCSinewave.CP1500PFCLCD.B00429N19W,,450,DAILY_BUDGET,ENABLED,USD,3433,11,8.12,1519.55,8,9,5,919.75,5,91,12,1929,
"Jun 08, 2025","=""401081905525372""",C.Competitor.Consumer.SD.UPS.PFCSineWave.CP1500PFCRM2U.B0B354X985,,250,DAILY_BUDGET,ENABLED,USD,4217,12,30.13,0.0,0,0,0,0.0,0,27,2,0,
"Jul 18, 2025","=""51640494101738""",C.Product.Consumer.SP.UPS.PFCSineWave.CP1500PFCRM2U.B0B354X985,,250,DAILY_BUDGET,ENABLED,USD,300,0,0.0,0.0,0,0,0,0.0,0,0,0,0,
"Jun 10, 2025","=""47593718961821""",C.SD.Product.UPS.SmartAppOnline.B07TR6VTQ2.OL5KRTHD,,250,DAILY_BUDGET,ENABLED,USD,136,0,0.21,7966.26,5,12,1,638.95,1,3,3,85,
"Jul 15, 2025","=""287421757846510""",C.Keyword.Consumer.SD.UPS.PFCSineWave.CP1500PFCRM2U.B0B354X985,,250,DAILY_BUDGET,ENABLED,USD,127,0,0.0,0.0,0,0,0,0.0,0,0,0,0,
"Aug 24, 2025","=""263494384088815""",C.SD.Product.UPS.Ecologic.EC850LCD.B00DBAA696,,250,DAILY_BUDGET,ENABLED,USD,83396,73,227.14,2874.42,18,26,12,1887.84,16,441,32,25280,
"Aug 12, 2025","=""263494384088815""",C.SD.Product.UPS.Ecologic.EC850LCD.B00DBAA696,,250,DAILY_BUDGET,ENABLED,USD,37540,29,106.54,7504.19,26,39,18,4502.79,24,351,41,10617,
"May 06, 2025","=""401081905525372""",C.Competitor.Consumer.SD.UPS.PFCSineWave.CP1500PFCRM2U.B0B354X985,,250,DAILY_BUDGET,ENABLED,USD,15667,35,66.86,1226.85,3,3,2,891.9,2,71,7,0,
"Jun 17, 2025","=""51640494101738""",C.Product.Consumer.SP.UPS.PFCSineWave.CP1500PFCRM2U.B0B354X985,,250,DAILY_BUDGET,ENABLED,USD,281,0,0.0,359.95,1,1,0,0.0,0,4,1,0,
"Jun 19, 2025","=""124438051163565""",C.SD.Product.UPS.PFCSinewave.CP1500PFCLCD.B00429N19W,,450,DAILY_BUDGET,ENABLED,USD,1404,2,4.58,2150.2,9,10,6,1523.13,7,82,8,862,
"May 21, 2025","=""287421757846510""",C.Keyword.Consumer.SD.UPS.PFCSineWave.CP1500PFCRM2U.B0B354X985,,250,DAILY_BUDGET,ENABLED,USD,803,0,0.0,0.0,0,0,0,0.0,0,5,0,0,
"May 07, 2025","=""47593718961821""",C.SD.Product.UPS.SmartAppOnline.B07TR6VTQ2.OL5KRTHD,,250,DAILY_BUDGET,ENABLED,USD,937,0,1.77,0.0,0,0,0,0.0,0,7,0,805,
"Jun 02, 2025","=""401081905525372""",C.Competitor.Consumer.SD.UPS.PFCSineWave.CP1500PFCRM2U.B0B354X985,,250,DAILY_BUDGET,ENABLED,USD,5074,12,23.99,719.9,2,2,1,359.95,1,24,6,0,
"May 30, 2025","=""124438051163565""",C.SD.Product.UPS.PFCSinewave.CP1500PFCLCD.B00429N19W,,450,DAILY_BUDGET,ENABLED,USD,2851,4,7.02,1736.65,7,7,6,1596.7,6,86,8,1513,
"May 16, 2025","=""38365855708871""",C.SD.Product.UPS.SmartAppLCD.B000XJLLKG.OR700LCDRM1U,,250,DAILY_BUDGET,ENABLED,USD,3474,7,12.38,1537.6,5,6,4,937.7,4,67,8,1710,
"Jun 12, 2025","=""287421757846510""",C.Keyword.Consumer.SD.UPS.PFCSineWave.CP1500PFCRM2U.B0B354X985,,250,DAILY_BUDGET,ENABLED,USD,402,0,0.0,0.0,0,0,0,0.0,0,0,0,0,
"Jul 24, 2025","=""263494384088815""",C.SD.Product.UPS.Ecologic.EC850LCD.B00DBAA696,,250,DAILY_BUDGET,ENABLED,USD,3631,4,14.59,1839.4,6,12,3,339.85,3,77,10,1334,
"Aug 22, 2025","=""401081905525372""",C.Competitor.Consumer.SD.UPS.PFCSineWave.CP1500PFCRM2U.B0B354X985,,250,DAILY_BUDGET,ENABLED,USD,1691,1,0.78,0.0,0,0,0,0.0,0,6,0,0,
"Aug 07, 2025","=""38365855708871""",C.SD.Product.UPS.SmartAppLCD.B000XJLLKG.OR700LCDRM1U,,250,DAILY_BUDGET,ENABLED,USD,2108,0,7.24,387.44,4,4,4,387.44,4,42,10,1063,
"May 24, 2025","=""47593718961821""",C.SD.Product.UPS.SmartAppOnline.B07TR6VTQ2.OL5KRTHD,,250,DAILY_BUDGET,ENABLED,USD,264,0,0.61,0.0,0,0,0,0.0,0,0,0,189,
"Jul 27, 2025","=""51640494101738""",C.Product.Consumer.SP.UPS.PFCSineWave.CP1500PFCRM2U.B0B354X985,,250,DAILY_BUDGET,ENABLED,USD,110,0,0.0,0.0,0,0,0,0.0,0,0,0,0,
"Aug 28, 2025","=""51640494101738""",C.Product.Consumer.SP.UPS.PFCSineWave.CP1500PFCRM2U.B0B354X985,,250,DAILY_BUDGET,ENABLED,USD,27,0,0.0,0.0,0,0,0,0.0,0,0,0,0,
"Jul 17, 2025","=""51640494101738""",C.Product.Consumer.SP.UPS.PFCSineWave.CP1500PFCRM2U.B0B354X985,,250,DAILY_BUDGET,ENABLED,USD,133,0,0.0,0.0,0,0,0,0.0,0,0,0,0,
"Aug 28, 2025","=""263494384088815""",C.SD.Product.UPS.Ecologic.EC850LCD.B00DBAA696,,250,DAILY_BUDGET,ENABLED,USD,88258,60,270.62,9068.29,33,46,21,4955.39,25,544,45,26000,
"May 23, 2025","=""38365855708871""",C.SD.Product.UPS.SmartAppLCD.B000XJLLKG.OR700LCDRM1U,,250,DAILY_BUDGET,ENABLED,USD,3469,5,10.84,651.78,5,6,3,439.85,3,73,6,1730,
"May 23, 2025","=""51640494101738""",C.Product.Consumer.SP.UPS.PFCSineWave.CP1500PFCRM2U.B0B354X985,,250,DAILY_BUDGET,ENABLED,USD,64,0,0.0,0.0,0,0,0,0.0,0,0,0,0,
"Aug 23, 2025","=""51640494101738""",C.Product.Consumer.SP.UPS.PFCSineWave.CP1500PFCRM2U.B0B354X985,,250,DAILY_BUDGET,ENABLED,USD,46,0,0.0,0.0,0,0,0,0.0,0,0,0,0,
"Jul 27, 2025","=""38365855708871""",C.SD.Product.UPS.SmartAppLCD.B000XJLLKG.OR700LCDRM1U,,250,DAILY_BUDGET,ENABLED,USD,750,2,2.86,119.95,1,1,1,119.95,1,13,0,416,
"Jun 22, 2025","=""287421757846510""",C.Keyword.Consumer.SD.UPS.PFCSineWave.CP1500PFCRM2U.B0B354X985,,250,DAILY_BUDGET,ENABLED,USD,492,0,0.0,0.0,0,0,0,0.0,0,0,0,0,
"Aug 25, 2025","=""51640494101738""",C.Product.Consumer.SP.UPS.PFCSineWave.CP1500PFCRM2U.B0B354X985,,250,DAILY_BUDGET,ENABLED,USD,40,0,0.0,0.0,0,0,0,0.0,0,0,0,0,
"Aug 10, 2025","=""263494384088815""",C.SD.Product.UPS.Ecologic.EC850LCD.B00DBAA696,,250,DAILY_BUDGET,ENABLED,USD,14863,9,39.8,529.83,6,11,5,517.87,7,128,12,4300,
"Aug 08, 2025","=""263494384088815""",C.SD.Product.UPS.Ecologic.EC850LCD.B00DBAA696,,250,DAILY_BUDGET,ENABLED,USD,10551,14,33.21,5460.51,13,26,7,2950.14,8,170,20,3041,
"May 20, 2025","=""38365855708871""",C.SD.Product.UPS.SmartAppLCD.B000XJLLKG.OR700LCDRM1U,,250,DAILY_BUDGET,ENABLED,USD,4877,6,14.8,1550.76,7,10,4,708.96,5,83,9,2525,
"Aug 09, 2025","=""401081905525372""",C.Competitor.Consumer.SD.UPS.PFCSineWave.CP1500PFCRM2U.B0B354X985,,250,DAILY_BUDGET,ENABLED,USD,725,0,0.0,0.0,0,0,0,0.0,0,0,0,0,
"Jul 01, 2025","=""287421757846510""",C.Keyword.Consumer.SD.UPS.PFCSineWave.CP1500PFCRM2U.B0B354X985,,250,DAILY_BUDGET,ENABLED,USD,192,1,1.25,0.0,0,0,0,0.0,0,1,0,0,
"Jun 13, 2025","=""401081905525372""",C.Competitor.Consumer.SD.UPS.PFCSineWave.CP1500PFCRM2U.B0B354X985,,250,DAILY_BUDGET,ENABLED,USD,15094,18,30.51,899.85,3,3,3,899.85,3,35,7,0,
"Jun 16, 2025","=""51640494101738""",C.Product.Consumer.SP.UPS.PFCSineWave.CP1500PFCRM2U.B0B354X985,,250,DAILY_BUDGET,ENABLED,USD,289,0,0.0,0.0,0,0,0,0.0,0,0,0,0,
"May 24, 2025","=""124438051163565""",C.SD.Product.UPS.PFCSinewave.CP1500PFCLCD.B00429N19W,,450,DAILY_BUDGET,ENABLED,USD,1000,2,2.13,239.95,1,1,0,0.0,0,40,3,652,
"Jun 06, 2025","=""401081905525372""",C.Competitor.Consumer.SD.UPS.PFCSineWave.CP1500PFCRM2U.B0B354X985,,250,DAILY_BUDGET,ENABLED,USD,4745,7,12.24,719.9,1,2,1,719.9,2,24,2,0,
"May 13, 2025","=""47593718961821""",C.SD.Product.UPS.SmartAppOnline.B07TR6VTQ2.OL5KRTHD,,250,DAILY_BUDGET,ENABLED,USD,764,0,2.28,0.0,0,0,0,0.0,0,25,0,566,
"Aug 12, 2025","=""124438051163565""",C.SD.Product.UPS.PFCSinewave.CP1500PFCLCD.B00429N19W,,450,DAILY_BUDGET,ENABLED,USD,239439,85,506.22,1559.34,17,19,13,1383.46,14,327,23,123128,
"Aug 02, 2025","=""51640494101738""",C.Product.Consumer.SP.UPS.PFCSineWave.CP1500PFCRM2U.B0B354X985,,250,DAILY_BUDGET,ENABLED,USD,16,0,0.0,0.0,0,0,0,0.0,0,1,0,0,
"Jun 22, 2025","=""124438051163565""",C.SD.Product.UPS.PFCSinewave.CP1500PFCLCD.B00429N19W,,450,DAILY_BUDGET,ENABLED,USD,868,2,2.82,785.25,4,4,4,785.25,4,42,5,518,
"Jun 26, 2025","=""124438051163565""",C.SD.Product.UPS.PFCSinewave.CP1500PFCLCD.B00429N19W,,450,DAILY_BUDGET,ENABLED,USD,1790,0,5.82,490.57,3,4,2,374.62,3,52,5,1050,
"Aug 19, 2025","=""263494384088815""",C.SD.Product.UPS.Ecologic.EC850LCD.B00DBAA696,,250,DAILY_BUDGET,ENABLED,USD,117395,59,325.12,7366.76,39,53,24,4617.77,31,539,61,34232,
"Jul 12, 2025","=""38365855708871""",C.SD.Product.UPS.SmartAppLCD.B000XJLLKG.OR700LCDRM1U,,250,DAILY_BUDGET,ENABLED,USD,10373,7,35.18,219.95,1,1,0,0.0,0,28,1,5679,
"May 05, 2025","=""38365855708871""",C.SD.Product.UPS.SmartAppLCD.B000XJLLKG.OR700LCDRM1U,,250,DAILY_BUDGET,ENABLED,USD,4483,5,16.72,222.94,3,4,2,126.94,2,65,5,2219,
"May 03, 2025","=""263494384088815""",C.SD.Product.UPS.Ecologic.EC850LCD.B00DBAA696,,250,DAILY_BUDGET,ENABLED,USD,912,4,1.29,87.95,1,1,1,87.95,1,14,1,608,
"Aug 05, 2025","=""124438051163565""",C.SD.Product.UPS.PFCSinewave.CP1500PFCLCD.B00429N19W,,450,DAILY_BUDGET,ENABLED,USD,101946,42,182.28,5088.07,13,17,11,4147.17,15,186,13,54702,
"Jun 24, 2025","=""51640494101738""",C.Product.Consumer.SP.UPS.PFCSineWave.CP1500PFCRM2U.B0B354X985,,250,DAILY_BUDGET,ENABLED,USD,412,0,0.0,0.0,0,0,0,0.0,0,0,0,0,
"Jul 17, 2025","=""287421757846510""",C.Keyword.Consumer.SD.UPS.PFCSineWave.CP1500PFCRM2U.B0B354X985,,250,DAILY_BUDGET,ENABLED,USD,225,1,0.24,0.0,0,0,0,0.0,0,1,0,0,
"May 20, 2025","=""287421757846510""",C.Keyword.Consumer.SD.UPS.PFCSineWave.CP1500PFCRM2U.B0B354X985,,250,DAILY_BUDGET,ENABLED,USD,661,0,0.0,0.0,0,0,0,0.0,0,7,0,0,
"Jul 03, 2025","=""51640494101738""",C.Product.Consumer.SP.UPS.PFCSineWave.CP1500PFCRM2U.B0B354X985,,250,DAILY_BUDGET,ENABLED,USD,75,1,1.49,0.0,0,0,0,0.0,0,0,0,0,
"Jul 25, 2025","=""124438051163565""",C.SD.Product.UPS.PFCSinewave.CP1500PFCLCD.B00429N19W,,450,DAILY_BUDGET,ENABLED,USD,15849,6,38.92,738.04,10,11,6,572.7,7,86,12,8918,
"Jun 27, 2025","=""47593718961821""",C.SD.Product.UPS.SmartAppOnline.B07TR6VTQ2.OL5KRTHD,,250,DAILY_BUDGET,ENABLED,USD,0,0,0.0,0.0,0,0,0,0.0,0,0,0,0,
"Jul 08, 2025","=""124438051163565""",C.SD.Product.UPS.PFCSinewave.CP1500PFCLCD.B00429N19W,,450,DAILY_BUDGET,ENABLED,USD,475338,146,7634.05,2128.66,15,29,13,891.07,24,421,23,141568,
"Jul 22, 2025","=""263494384088815""",C.SD.Product.UPS.Ecologic.EC850LCD.B00DBAA696,,250,DAILY_BUDGET,ENABLED,USD,2798,0,11.65,656.61,3,5,3,656.61,5,62,6,1061,
"Jul 07, 2025","=""287421757846510""",C.Keyword.Consumer.SD.UPS.PFCSineWave.CP1500PFCRM2U.B0B354X985,,250,DAILY_BUDGET,ENABLED,USD,333,0,0.0,0.0,0,0,0,0.0,0,0,0,0,
"Jul 31, 2025","=""263494384088815""",C.SD.Product.UPS.Ecologic.EC850LCD.B00DBAA696,,250,DAILY_BUDGET,ENABLED,USD,8195,10,32.47,6761.58,24,54,19,4303.71,35,271,36,2999,
"May 09, 2025","=""38365855708871""",C.SD.Product.UPS.SmartAppLCD.B000XJLLKG.OR700LCDRM1U,,250,DAILY_BUDGET,ENABLED,USD,4145,4,15.81,2147.35,7,21,5,738.15,5,75,4,2293,
"Jul 31, 2025","=""51640494101738""",C.Product.Consumer.SP.UPS.PFCSineWave.CP1500PFCRM2U.B0B354X985,,250,DAILY_BUDGET,ENABLED,USD,62,0,0.0,0.0,0,0,0,0.0,0,0,0,0,
"Aug 03, 2025","=""38365855708871""",C.SD.Product.UPS.SmartAppLCD.B000XJLLKG.OR700LCDRM1U,,250,DAILY_BUDGET,ENABLED,USD,569,0,2.47,0.0,0,0,0,0.0,0,10,0,347,
"Jun 13, 2025","=""38365855708871""",C.SD.Product.UPS.SmartAppLCD.B000XJLLKG.OR700LCDRM1U,,250,DAILY_BUDGET,ENABLED,USD,4932,3,19.8,3392.65,6,7,5,1059.7,6,61,8,2619,
"Aug 18, 2025","=""287421757846510""",C.Keyword.Consumer.SD.UPS.PFCSineWave.CP1500PFCRM2U.B0B354X985,,250,DAILY_BUDGET,ENABLED,USD,5467,10,113.97,349.85,3,3,2,259.9,2,21,3,0,
"May 15, 2025","=""263494384088815""",C.SD.Product.UPS.Ecologic.EC850LCD.B00DBAA696,,250,DAILY_BUDGET,ENABLED,USD,799,2,1.56,274.95,2,2,1,85.0,1,14,2,373,
"May 01, 2025","=""263494384088815""",C.SD.Product.UPS.Ecologic.EC850LCD.B00DBAA696,,250,DAILY_BUDGET,ENABLED,USD,1054,2,1.76,655.65,4,7,2,249.9,2,43,4,644,
"May 22, 2025","=""38365855708871""",C.SD.Product.UPS.SmartAppLCD.B000XJLLKG.OR700LCDRM1U,,250,DAILY_BUDGET,ENABLED,USD,4967,4,13.92,1794.47,7,13,5,1534.57,11,79,14,2406,
"Aug 23, 2025","=""287421757846510""",C.Keyword.Consumer.SD.UPS.PFCSineWave.CP1500PFCRM2U.B0B354X985,,250,DAILY_BUDGET,ENABLED,USD,3265,10,94.44,0.0,0,0,0,0.0,0,17,0,0,
"May 02, 2025","=""124438051163565""",C.SD.Product.UPS.PFCSinewave.CP1500PFCLCD.B00429N19W,,450,DAILY_BUDGET,ENABLED,USD,399,0,1.21,446.85,2,3,2,446.85,3,14,2,251,
"Jun 25, 2025","=""51640494101738""",C.Product.Consumer.SP.UPS.PFCSineWave.CP1500PFCRM2U.B0B354X985,,250,DAILY_BUDGET,ENABLED,USD,218,1,6.55,359.95,1,1,1,359.95,1,1,1,0,
"Jul 08, 2025","=""47593718961821""",C.SD.Product.UPS.SmartAppOnline.B07TR6VTQ2.OL5KRTHD,,250,DAILY_BUDGET,ENABLED,USD,0,0,0.0,0.0,0,0,0,0.0,0,0,0,0,
"Jul 30, 2025","=""124438051163565""",C.SD.Product.UPS.PFCSinewave.CP1500PFCLCD.B00429N19W,,450,DAILY_BUDGET,ENABLED,USD,30380,10,58.82,3661.15,13,17,9,2743.35,13,120,28,17440,
"Jul 26, 2025","=""38365855708871""",C.SD.Product.UPS.SmartAppLCD.B000XJLLKG.OR700LCDRM1U,,250,DAILY_BUDGET,ENABLED,USD,557,1,2.38,0.0,0,0,0,0.0,0,4,0,288,
"Aug 27, 2025","=""287421757846510""",C.Keyword.Consumer.SD.UPS.PFCSineWave.CP1500PFCRM2U.B0B354X985,,250,DAILY_BUDGET,ENABLED,USD,5431,6,24.44,0.0,0,0,0,0.0,0,7,0,0,
"May 05, 2025","=""263494384088815""",C.SD.Product.UPS.Ecologic.EC850LCD.B00DBAA696,,250,DAILY_BUDGET,ENABLED,USD,1435,2,2.9,447.6,4,8,2,231.8,4,50,4,859,
"Aug 05, 2025","=""51640494101738""",C.Product.Consumer.SP.UPS.PFCSineWave.CP1500PFCRM2U.B0B354X985,,250,DAILY_BUDGET,ENABLED,USD,21,0,0.0,0.0,0,0,0,0.0,0,0,0,0,
"May 19, 2025","=""263494384088815""",C.SD.Product.UPS.Ecologic.EC850LCD.B00DBAA696,,250,DAILY_BUDGET,ENABLED,USD,2230,1,3.17,259.97,3,4,3,259.97,4,34,3,1191,
"Aug 17, 2025","=""263494384088815""",C.SD.Product.UPS.Ecologic.EC850LCD.B00DBAA696,,250,DAILY_BUDGET,ENABLED,USD,143796,94,383.87,5030.22,27,27,20,2121.8,20,585,45,40543,
"Jul 23, 2025","=""38365855708871""",C.SD.Product.UPS.SmartAppLCD.B000XJLLKG.OR700LCDRM1U,,250,DAILY_BUDGET,ENABLED,USD,1312,1,5.4,136.93,2,3,0,0.0,0,8,2,666,
"Jun 28, 2025","=""124438051163565""",C.SD.Product.UPS.PFCSinewave.CP1500PFCLCD.B00429N19W,,450,DAILY_BUDGET,ENABLED,USD,1200,1,3.51,318.77,2,2,2,318.77,2,23,3,761,
"Jun 23, 2025","=""263494384088815""",C.SD.Product.UPS.Ecologic.EC850LCD.B00DBAA696,,250,DAILY_BUDGET,ENABLED,USD,2684,3,4.01,8351.48,16,29,11,3257.22,16,118,25,1195,
"Jun 21, 2025","=""38365855708871""",C.SD.Product.UPS.SmartAppLCD.B000XJLLKG.OR700LCDRM1U,,250,DAILY_BUDGET,ENABLED,USD,3209,5,12.84,1539.76,8,8,8,1539.76,8,66,7,1719,
"Jun 30, 2025","=""51640494101738""",C.Product.Consumer.SP.UPS.PFCSineWave.CP1500PFCRM2U.B0B354X985,,250,DAILY_BUDGET,ENABLED,USD,178,0,0.0,0.0,0,0,0,0.0,0,1,0,0,
"May 13, 2025","=""263494384088815""",C.SD.Product.UPS.Ecologic.EC850LCD.B00DBAA696,,250,DAILY_BUDGET,ENABLED,USD,1554,3,2.45,1256.51,10,12,10,1256.51,12,71,9,753,
"Jul 15, 2025","=""263494384088815""",C.SD.Product.UPS.Ecologic.EC850LCD.B00DBAA696,,250,DAILY_BUDGET,ENABLED,USD,9704,9,30.27,4823.73,19,27,11,2650.17,15,158,25,3531,
"May 02, 2025","=""263494384088815""",C.SD.Product.UPS.Ecologic.EC850LCD.B00DBAA696,,250,DAILY_BUDGET,ENABLED,USD,910,2,1.39,89.99,1,1,1,89.99,1,21,2,492,
"Jun 18, 2025","=""401081905525372""",C.Competitor.Consumer.SD.UPS.PFCSineWave.CP1500PFCRM2U.B0B354X985,,250,DAILY_BUDGET,ENABLED,USD,3956,7,8.21,719.9,1,2,0,0.0,0,11,2,0,
"Aug 01, 2025","=""263494384088815""",C.SD.Product.UPS.Ecologic.EC850LCD.B00DBAA696,,250,DAILY_BUDGET,ENABLED,USD,10533,8,37.26,4870.25,28,31,17,1928.13,18,265,44,4287,
"Jun 06, 2025","=""38365855708871""",C.SD.Product.UPS.SmartAppLCD.B000XJLLKG.OR700LCDRM1U,,250,DAILY_BUDGET,ENABLED,USD,2617,1,11.48,1045.51,6,6,4,850.61,4,50,11,1432,
"Jun 24, 2025","=""124438051163565""",C.SD.Product.UPS.PFCSinewave.CP1500PFCLCD.B00429N19W,,450,DAILY_BUDGET,ENABLED,USD,2375,5,7.28,1274.34,8,9,7,1114.44,7,74,7,1436,
"Jul 26, 2025","=""287421757846510""",C.Keyword.Consumer.SD.UPS.PFCSineWave.CP1500PFCRM2U.B0B354X985,,250,DAILY_BUDGET,ENABLED,USD,48,0,0.0,0.0,0,0,0,0.0,0,0,0,0,
"Jul 29, 2025","=""38365855708871""",C.SD.Product.UPS.SmartAppLCD.B000XJLLKG.OR700LCDRM1U,,250,DAILY_BUDGET,ENABLED,USD,841,0,3.37,156.98,2,2,2,156.98,2,16,4,435,
"Jul 13, 2025","=""51640494101738""",C.Product.Consumer.SP.UPS.PFCSineWave.CP1500PFCRM2U.B0B354X985,,250,DAILY_BUDGET,ENABLED,USD,99,0,0.0,0.0,0,0,0,0.0,0,0,0,0,
"Jul 28, 2025","=""124438051163565""",C.SD.Product.UPS.PFCSinewave.CP1500PFCLCD.B00429N19W,,450,DAILY_BUDGET,ENABLED,USD,28456,15,58.33,1746.26,13,19,8,900.58,13,105,11,17000,
"May 07, 2025","=""263494384088815""",C.SD.Product.UPS.Ecologic.EC850LCD.B00DBAA696,,250,DAILY_BUDGET,ENABLED,USD,1019,3,2.38,544.84,4,4,3,434.89,3,51,6,613,
"Aug 02, 2025","=""124438051163565""",C.SD.Product.UPS.PFCSinewave.CP1500PFCLCD.B00429N19W,,450,DAILY_BUDGET,ENABLED,USD,24839,14,42.66,795.33,6,7,6,795.33,7,59,5,15986,
"Jun 07, 2025","=""287421757846510""",C.Keyword.Consumer.SD.UPS.PFCSineWave.CP1500PFCRM2U.B0B354X985,,250,DAILY_BUDGET,ENABLED,USD,308,0,0.0,0.0,0,0,0,0.0,0,0,0,0,
"Jun 25, 2025","=""287421757846510""",C.Keyword.Consumer.SD.UPS.PFCSineWave.CP1500PFCRM2U.B0B354X985,,250,DAILY_BUDGET,ENABLED,USD,675,1,3.48,0.0,0,0,0,0.0,0,2,0,0,
"May 03, 2025","=""287421757846510""",C.Keyword.Consumer.SD.UPS.PFCSineWave.CP1500PFCRM2U.B0B354X985,,250,DAILY_BUDGET,ENABLED,USD,918,1,1.37,0.0,0,0,0,0.0,0,1,0,0,
"May 23, 2025","=""47593718961821""",C.SD.Product.UPS.SmartAppOnline.B07TR6VTQ2.OL5KRTHD,,250,DAILY_BUDGET,ENABLED,USD,285,2,0.66,0.0,0,0,0,0.0,0,5,1,194,
"May 29, 2025","=""47593718961821""",C.SD.Product.UPS.SmartAppOnline.B07TR6VTQ2.OL5KRTHD,,250,DAILY_BUDGET,ENABLED,USD,2868,3,3.01,299.4,2,6,1,239.95,1,42,2,1430,
"May 28, 2025","=""47593718961821""",C.SD.Product.UPS.SmartAppOnline.B07TR6VTQ2.OL5KRTHD,,250,DAILY_BUDGET,ENABLED,USD,2270,2,2.9,1078.95,1,1,0,0.0,0,20,1,964,
"Jun 20, 2025","=""124438051163565""",C.SD.Product.UPS.PFCSinewave.CP1500PFCLCD.B00429N19W,,450,DAILY_BUDGET,ENABLED,USD,1296,3,4.02,1074.03,4,9,4,1074.03,9,58,3,726,
"Aug 18, 2025","=""401081905525372""",C.Competitor.Consumer.SD.UPS.PFCSineWave.CP1500PFCRM2U.B0B354X985,,250,DAILY_BUDGET,ENABLED,USD,3483,3,6.85,0.0,0,0,0,0.0,0,3,0,0,
"Jun 04, 2025","=""263494384088815""",C.SD.Product.UPS.Ecologic.EC850LCD.B00DBAA696,,250,DAILY_BUDGET,ENABLED,USD,1635,3,2.85,1397.5,7,10,3,396.85,3,55,11,899,
"Jul 28, 2025","=""38365855708871""",C.SD.Product.UPS.SmartAppLCD.B000XJLLKG.OR700LCDRM1U,,250,DAILY_BUDGET,ENABLED,USD,831,1,3.59,1782.95,1,1,0,0.0,0,20,0,468,
"Jul 28, 2025","=""401081905525372""",C.Competitor.Consumer.SD.UPS.PFCSineWave.CP1500PFCRM2U.B0B354X985,,250,DAILY_BUDGET,ENABLED,USD,4148,7,14.15,0.0,0,0,0,0.0,0,14,0,0,
"May 15, 2025","=""124438051163565""",C.SD.Product.UPS.PFCSinewave.CP1500PFCLCD.B00429N19W,,450,DAILY_BUDGET,ENABLED,USD,872,1,2.36,1519.85,2,3,1,439.9,2,15,1,531,
"May 07, 2025","=""38365855708871""",C.SD.Product.UPS.SmartAppLCD.B000XJLLKG.OR700LCDRM1U,,250,DAILY_BUDGET,ENABLED,USD,5783,3,19.02,1133.55,7,9,4,789.8,4,75,12,2852,
"Jun 26, 2025","=""287421757846510""",C.Keyword.Consumer.SD.UPS.PFCSineWave.CP1500PFCRM2U.B0B354X985,,250,DAILY_BUDGET,ENABLED,USD,394,1,0.56,0.0,0,0,0,0.0,0,2,0,0,
"Jun 14, 2025","=""51640494101738""",C.Product.Consumer.SP.UPS.PFCSineWave.CP1500PFCRM2U.B0B354X985,,250,DAILY_BUDGET,ENABLED,USD,228,0,0.0,0.0,0,0,0,0.0,0,0,0,0,
"Jun 07, 2025","=""51640494101738""",C.Product.Consumer.SP.UPS.PFCSineWave.CP1500PFCRM2U.B0B354X985,,250,DAILY_BUDGET,ENABLED,USD,25,0,0.0,0.0,0,0,0,0.0,0,0,0,0,
"Jul 22, 2025","=""38365855708871""",C.SD.Product.UPS.SmartAppLCD.B000XJLLKG.OR700LCDRM1U,,250,DAILY_BUDGET,ENABLED,USD,1375,1,6.08,424.84,2,4,2,424.84,4,17,1,710,
"Jun 26, 2025","=""263494384088815""",C.SD.Product.UPS.Ecologic.EC850LCD.B00DBAA696,,250,DAILY_BUDGET,ENABLED,USD,1360,1,1.9,2327.52,7,13,4,536.77,7,45,7,579,
"Aug 03, 2025","=""124438051163565""",C.SD.Product.UPS.PFCSinewave.CP1500PFCLCD.B00429N19W,,450,DAILY_BUDGET,ENABLED,USD,25108,11,47.71,903.99,9,9,8,844.04,8,86,11,15830,
"Aug 21, 2025","=""124438051163565""",C.SD.Product.UPS.PFCSinewave.CP1500PFCLCD.B00429N19W,,450,DAILY_BUDGET,ENABLED,USD,316856,146,882.45,6013.04,36,50,24,4056.75,29,479,45,146158,
"Jun 27, 2025","=""287421757846510""",C.Keyword.Consumer.SD.UPS.PFCSineWave.CP1500PFCRM2U.B0B354X985,,250,DAILY_BUDGET,ENABLED,USD,172,0,0.0,0.0,0,0,0,0.0,0,0,0,0,
"Aug 13, 2025","=""38365855708871""",C.SD.Product.UPS.SmartAppLCD.B000XJLLKG.OR700LCDRM1U,,250,DAILY_BUDGET,ENABLED,USD,1723,2,6.36,0.0,0,0,0,0.0,0,31,4,859,
"Jun 24, 2025","=""263494384088815""",C.SD.Product.UPS.Ecologic.EC850LCD.B00DBAA696,,250,DAILY_BUDGET,ENABLED,USD,2227,2,3.52,3642.62,15,22,10,2585.04,17,155,16,1076,
"Jun 20, 2025","=""51640494101738""",C.Product.Consumer.SP.UPS.PFCSineWave.CP1500PFCRM2U.B0B354X985,,250,DAILY_BUDGET,ENABLED,USD,503,0,0.0,0.0,0,0,0,0.0,0,0,0,0,
"Jun 23, 2025","=""287421757846510""",C.Keyword.Consumer.SD.UPS.PFCSineWave.CP1500PFCRM2U.B0B354X985,,250,DAILY_BUDGET,ENABLED,USD,482,1,2.93,0.0,0,0,0,0.0,0,1,0,0,
"Jun 21, 2025","=""401081905525372""",C.Competitor.Consumer.SD.UPS.PFCSineWave.CP1500PFCRM2U.B0B354X985,,250,DAILY_BUDGET,ENABLED,USD,2015,4,4.42,597.96,2,2,2,597.96,2,19,2,0,
"May 04, 2025","=""287421757846510""",C.Keyword.Consumer.SD.UPS.PFCSineWave.CP1500PFCRM2U.B0B354X985,,250,DAILY_BUDGET,ENABLED,USD,1542,1,0.38,0.0,0,0,0,0.0,0,2,0,0,
"May 21, 2025","=""51640494101738""",C.Product.Consumer.SP.UPS.PFCSineWave.CP1500PFCRM2U.B0B354X985,,250,DAILY_BUDGET,ENABLED,USD,208,0,0.0,0.0,0,0,0,0.0,0,0,0,0,
"Jun 07, 2025","=""401081905525372""",C.Competitor.Consumer.SD.UPS.PFCSineWave.CP1500PFCRM2U.B0B354X985,,250,DAILY_BUDGET,ENABLED,USD,4766,10,13.63,0.0,0,0,0,0.0,0,34,0,0,
"Jun 30, 2025","=""287421757846510""",C.Keyword.Consumer.SD.UPS.PFCSineWave.CP1500PFCRM2U.B0B354X985,,250,DAILY_BUDGET,ENABLED,USD,251,2,6.37,0.0,0,0,0,0.0,0,5,0,0,
"May 30, 2025","=""287421757846510""",C.Keyword.Consumer.SD.UPS.PFCSineWave.CP1500PFCRM2U.B0B354X985,,250,DAILY_BUDGET,ENABLED,USD,707,2,2.26,0.0,0,0,0,0.0,0,5,0,0,
"Jul 02, 2025","=""287421757846510""",C.Keyword.Consumer.SD.UPS.PFCSineWave.CP1500PFCRM2U.B0B354X985,,250,DAILY_BUDGET,ENABLED,USD,139,0,0.0,0.0,0,0,0,0.0,0,0,0,0,
"Jun 04, 2025","=""287421757846510""",C.Keyword.Consumer.SD.UPS.PFCSineWave.CP1500PFCRM2U.B0B354X985,,250,DAILY_BUDGET,ENABLED,USD,421,0,0.0,0.0,0,0,0,0.0,0,0,0,0,
"May 10, 2025","=""47593718961821""",C.SD.Product.UPS.SmartAppOnline.B07TR6VTQ2.OL5KRTHD,,250,DAILY_BUDGET,ENABLED,USD,1602,0,5.13,98.95,1,1,1,98.95,1,0,0,1358,
"May 27, 2025","=""263494384088815""",C.SD.Product.UPS.Ecologic.EC850LCD.B00DBAA696,,250,DAILY_BUDGET,ENABLED,USD,6361,5,11.03,248.84,4,4,3,200.84,3,122,11,3787,
"Jul 16, 2025","=""38365855708871""",C.SD.Product.UPS.SmartAppLCD.B000XJLLKG.OR700LCDRM1U,,250,DAILY_BUDGET,ENABLED,USD,2357,3,9.57,687.85,4,10,1,96.95,1,41,3,1224,
"Jul 08, 2025","=""287421757846510""",C.Keyword.Consumer.SD.UPS.PFCSineWave.CP1500PFCRM2U.B0B354X985,,250,DAILY_BUDGET,ENABLED,USD,2120,6,13.51,0.0,0,0,0,0.0,0,12,0,0,
"Jul 05, 2025","=""287421757846510""",C.Keyword.Consumer.SD.UPS.PFCSineWave.CP1500PFCRM2U.B0B354X985,,250,DAILY_BUDGET,ENABLED,USD,125,0,0.0,0.0,0,0,0,0.0,0,0,0,0,
"Aug 14, 2025","=""263494384088815""",C.SD.Product.UPS.Ecologic.EC850LCD.B00DBAA696,,250,DAILY_BUDGET,ENABLED,USD,178877,93,425.11,15106.27,59,63,48,12410.48,52,917,98,44881,
"May 28, 2025","=""287421757846510""",C.Keyword.Consumer.SD.UPS.PFCSineWave.CP1500PFCRM2U.B0B354X985,,250,DAILY_BUDGET,ENABLED,USD,802,1,5.27,0.0,0,0,0,0.0,0,1,0,0,
"Jul 06, 2025","=""51640494101738""",C.Product.Consumer.SP.UPS.PFCSineWave.CP1500PFCRM2U.B0B354X985,,250,DAILY_BUDGET,ENABLED,USD,50,0,0.0,0.0,0,0,0,0.0,0,0,0,0,
"Jun 22, 2025","=""51640494101738""",C.Product.Consumer.SP.UPS.PFCSineWave.CP1500PFCRM2U.B0B354X985,,250,DAILY_BUDGET,ENABLED,USD,161,0,0.0,0.0,0,0,0,0.0,0,0,0,0,
"Aug 26, 2025","=""124438051163565""",C.SD.Product.UPS.PFCSinewave.CP1500PFCLCD.B00429N19W,,450,DAILY_BUDGET,ENABLED,USD,320201,157,821.17,3366.95,24,31,17,2216.86,24,456,35,147411,
"May 06, 2025","=""263494384088815""",C.SD.Product.UPS.Ecologic.EC850LCD.B00DBAA696,,250,DAILY_BUDGET,ENABLED,USD,1133,2,2.72,499.64,2,8,2,499.64,8,41,3,680,
"Jul 26, 2025","=""51640494101738""",C.Product.Consumer.SP.UPS.PFCSineWave.CP1500PFCRM2U.B0B354X985,,250,DAILY_BUDGET,ENABLED,USD,28,0,0.0,0.0,0,0,0,0.0,0,0,0,0,
"Jul 02, 2025","=""401081905525372""",C.Competitor.Consumer.SD.UPS.PFCSineWave.CP1500PFCRM2U.B0B354X985,,250,DAILY_BUDGET,ENABLED,USD,1968,7,9.41,0.0,0,0,0,0.0,0,16,0,0,
"Jun 03, 2025","=""124438051163565""",C.SD.Product.UPS.PFCSinewave.CP1500PFCLCD.B00429N19W,,450,DAILY_BUDGET,ENABLED,USD,3075,1,8.32,1638.58,6,9,4,984.85,6,90,10,1792,
"Jul 11, 2025","=""38365855708871""",C.SD.Product.UPS.SmartAppLCD.B000XJLLKG.OR700LCDRM1U,,250,DAILY_BUDGET,ENABLED,USD,14654,10,75.95,429.93,3,3,3,429.93,3,73,4,8303,
"May 19, 2025","=""47593718961821""",C.SD.Product.UPS.SmartAppOnline.B07TR6VTQ2.OL5KRTHD,,250,DAILY_BUDGET,ENABLED,USD,1015,0,1.46,0.0,0,0,0,0.0,0,0,1,866,
"May 10, 2025","=""124438051163565""",C.SD.Product.UPS.PFCSinewave.CP1500PFCLCD.B00429N19W,,450,DAILY_BUDGET,ENABLED,USD,924,1,2.13,89.16,1,1,1,89.16,1,9,1,621,
"Aug 01, 2025","=""401081905525372""",C.Competitor.Consumer.SD.UPS.PFCSineWave.CP1500PFCRM2U.B0B354X985,,250,DAILY_BUDGET,ENABLED,USD,2185,3,4.13,0.0,0,0,0,0.0,0,5,0,0,
"Jul 22, 2025","=""124438051163565""",C.SD.Product.UPS.PFCSinewave.CP1500PFCLCD.B00429N19W,,450,DAILY_BUDGET,ENABLED,USD,8738,3,28.07,1027.71,5,13,3,118.64,8,78,7,4251,
"Jul 06, 2025","=""401081905525372""",C.Competitor.Consumer.SD.UPS.PFCSineWave.CP1500PFCRM2U.B0B354X985,,250,DAILY_BUDGET,ENABLED,USD,5968,10,30.52,1318.98,2,4,0,0.0,0,15,3,0,
"Aug 19, 2025","=""38365855708871""",C.SD.Product.UPS.SmartAppLCD.B000XJLLKG.OR700LCDRM1U,,250,DAILY_BUDGET,ENABLED,USD,1152,1,4.69,253.3,2,2,1,64.99,1,18,1,617,
"May 15, 2025","=""287421757846510""",C.Keyword.Consumer.SD.UPS.PFCSineWave.CP1500PFCRM2U.B0B354X985,,250,DAILY_BUDGET,ENABLED,USD,756,1,1.4,0.0,0,0,0,0.0,0,2,0,0,
"Aug 26, 2025","=""51640494101738""",C.Product.Consumer.SP.UPS.PFCSineWave.CP1500PFCRM2U.B0B354X985,,250,DAILY_BUDGET,ENABLED,USD,69,0,0.0,0.0,0,0,0,0.0,0,0,0,0,
"May 06, 2025","=""51640494101738""",C.Product.Consumer.SP.UPS.PFCSineWave.CP1500PFCRM2U.B0B354X985,,250,DAILY_BUDGET,ENABLED,USD,236,1,1.11,0.0,0,0,0,0.0,0,1,0,0,
"May 13, 2025","=""401081905525372""",C.Competitor.Consumer.SD.UPS.PFCSineWave.CP1500PFCRM2U.B0B354X985,,250,DAILY_BUDGET,ENABLED,USD,16767,37,63.99,1792.14,5,5,3,1237.24,3,84,6,0,
"May 01, 2025","=""287421757846510""",C.Keyword.Consumer.SD.UPS.PFCSineWave.CP1500PFCRM2U.B0B354X985,,250,DAILY_BUDGET,ENABLED,USD,2392,5,11.25,0.0,0,0,0,0.0,0,12,0,0,
"Jul 13, 2025","=""124438051163565""",C.SD.Product.UPS.PFCSinewave.CP1500PFCLCD.B00429N19W,,450,DAILY_BUDGET,ENABLED,USD,70497,24,215.5,1273.33,10,12,10,1273.33,12,96,12,22245,
"Jun 11, 2025","=""51640494101738""",C.Product.Consumer.SP.UPS.PFCSineWave.CP1500PFCRM2U.B0B354X985,,250,DAILY_BUDGET,ENABLED,USD,70,0,0.0,0.0,0,0,0,0.0,0,0,0,0,
"Aug 23, 2025","=""38365855708871""",C.SD.Product.UPS.SmartAppLCD.B000XJLLKG.OR700LCDRM1U,,250,DAILY_BUDGET,ENABLED,USD,1054,1,3.96,740.95,1,1,1,740.95,1,15,1,596,
"May 20, 2025","=""51640494101738""",C.Product.Consumer.SP.UPS.PFCSineWave.CP1500PFCRM2U.B0B354X985,,250,DAILY_BUDGET,ENABLED,USD,168,1,2.72,0.0,0,0,0,0.0,0,1,0,0,
"Jun 27, 2025","=""124438051163565""",C.SD.Product.UPS.PFCSinewave.CP1500PFCLCD.B00429N19W,,450,DAILY_BUDGET,ENABLED,USD,1140,1,3.82,379.9,2,2,2,379.9,2,58,6,739,
"Jun 17, 2025","=""287421757846510""",C.Keyword.Consumer.SD.UPS.PFCSineWave.CP1500PFCRM2U.B0B354X985,,250,DAILY_BUDGET,ENABLED,USD,525,1,1.35,0.0,0,0,0,0.0,0,13,0,0,
"Jul 28, 2025","=""51640494101738""",C.Product.Consumer.SP.UPS.PFCSineWave.CP1500PFCRM2U.B0B354X985,,250,DAILY_BUDGET,ENABLED,USD,222,0,0.0,0.0,0,0,0,0.0,0,0,0,0,
"May 06, 2025","=""38365855708871""",C.SD.Product.UPS.SmartAppLCD.B000XJLLKG.OR700LCDRM1U,,250,DAILY_BUDGET,ENABLED,USD,3875,4,15.75,2864.56,6,12,4,2475.59,10,55,8,1926,
"May 31, 2025","=""401081905525372""",C.Competitor.Consumer.SD.UPS.PFCSineWave.CP1500PFCRM2U.B0B354X985,,250,DAILY_BUDGET,ENABLED,USD,4009,7,21.81,0.0,0,0,0,0.0,0,10,0,0,
"Jun 14, 2025","=""401081905525372""",C.Competitor.Consumer.SD.UPS.PFCSineWave.CP1500PFCRM2U.B0B354X985,,250,DAILY_BUDGET,ENABLED,USD,12087,20,51.47,0.0,0,0,0,0.0,0,40,1,0,
"Jun 22, 2025","=""47593718961821""",C.SD.Product.UPS.SmartAppOnline.B07TR6VTQ2.OL5KRTHD,,250,DAILY_BUDGET,ENABLED,USD,84,0,0.1,0.0,0,0,0,0.0,0,7,0,38,
"Jul 10, 2025","=""401081905525372""",C.Competitor.Consumer.SD.UPS.PFCSineWave.CP1500PFCRM2U.B0B354X985,,250,DAILY_BUDGET,ENABLED,USD,16001,33,90.46,1508.7,6,6,3,839.85,3,54,2,0,
"Jul 21, 2025","=""38365855708871""",C.SD.Product.UPS.SmartAppLCD.B000XJLLKG.OR700LCDRM1U,,250,DAILY_BUDGET,ENABLED,USD,1548,0,6.15,359.95,1,1,0,0.0,0,13,0,739,
"May 22, 2025","=""401081905525372""",C.Competitor.Consumer.SD.UPS.PFCSineWave.CP1500PFCRM2U.B0B354X985,,250,DAILY_BUDGET,ENABLED,USD,12954,13,16.47,0.0,0,0,0,0.0,0,25,1,0,
"Aug 01, 2025","=""124438051163565""",C.SD.Product.UPS.PFCSinewave.CP1500PFCLCD.B00429N19W,,450,DAILY_BUDGET,ENABLED,USD,28961,12,53.95,1223.38,10,11,7,812.09,7,115,10,18211,
"May 28, 2025","=""263494384088815""",C.SD.Product.UPS.Ecologic.EC850LCD.B00DBAA696,,250,DAILY_BUDGET,ENABLED,USD,4183,4,7.87,5143.98,7,8,5,625.09,5,87,15,2220,
"Jun 13, 2025","=""51640494101738""",C.Product.Consumer.SP.UPS.PFCSineWave.CP1500PFCRM2U.B0B354X985,,250,DAILY_BUDGET,ENABLED,USD,49,0,0.0,0.0,0,0,0,0.0,0,0,0,0,
"Jul 17, 2025","=""401081905525372""",C.Competitor.Consumer.SD.UPS.PFCSineWave.CP1500PFCRM2U.B0B354X985,,250,DAILY_BUDGET,ENABLED,USD,2442,5,7.6,0.0,0,0,0,0.0,0,9,0,0,
"Jul 21, 2025","=""401081905525372""",C.Competitor.Consumer.SD.UPS.PFCSineWave.CP1500PFCRM2U.B0B354X985,,250,DAILY_BUDGET,ENABLED,USD,3645,2,2.75,0.0,0,0,0,0.0,0,3,0,0,
"Aug 05, 2025","=""38365855708871""",C.SD.Product.UPS.SmartAppLCD.B000XJLLKG.OR700LCDRM1U,,250,DAILY_BUDGET,ENABLED,USD,1711,1,5.55,186.9,2,2,1,96.95,1,29,2,840,
"Jul 15, 2025","=""124438051163565""",C.SD.Product.UPS.PFCSinewave.CP1500PFCLCD.B00429N19W,,450,DAILY_BUDGET,ENABLED,USD,6201,7,19.78,345.85,3,3,3,345.85,3,49,5,3084,
"May 26, 2025","=""124438051163565""",C.SD.Product.UPS.PFCSinewave.CP1500PFCLCD.B00429N19W,,450,DAILY_BUDGET,ENABLED,USD,1872,4,3.7,882.29,4,5,3,813.34,4,42,5,871,
"Jul 23, 2025","=""401081905525372""",C.Competitor.Consumer.SD.UPS.PFCSineWave.CP1500PFCRM2U.B0B354X985,,250,DAILY_BUDGET,ENABLED,USD,4708,9,8.32,0.0,0,0,0,0.0,0,12,1,0,
"Aug 19, 2025","=""124438051163565""",C.SD.Product.UPS.PFCSinewave.CP1500PFCLCD.B00429N19W,,450,DAILY_BUDGET,ENABLED,USD,350447,127,1019.68,3117.83,29,41,25,2631.97,35,402,42,150978,
"Aug 22, 2025","=""287421757846510""",C.Keyword.Consumer.SD.UPS.PFCSineWave.CP1500PFCRM2U.B0B354X985,,250,DAILY_BUDGET,ENABLED,USD,4948,7,35.68,0.0,0,0,0,0.0,0,8,1,0,
"Aug 18, 2025","=""51640494101738""",C.Product.Consumer.SP.UPS.PFCSineWave.CP1500PFCRM2U.B0B354X985,,250,DAILY_BUDGET,ENABLED,USD,38,0,0.0,0.0,0,0,0,0.0,0,0,0,0,
"May 25, 2025","=""401081905525372""",C.Competitor.Consumer.SD.UPS.PFCSineWave.CP1500PFCRM2U.B0B354X985,,250,DAILY_BUDGET,ENABLED,USD,14814,30,36.68,1054.85,2,3,0,0.0,0,64,6,0,
"Jun 30, 2025","=""401081905525372""",C.Competitor.Consumer.SD.UPS.PFCSineWave.CP1500PFCRM2U.B0B354X985,,250,DAILY_BUDGET,ENABLED,USD,1236,3,5.29,0.0,0,0,0,0.0,0,3,0,0,
"Jun 11, 2025","=""47593718961821""",C.SD.Product.UPS.SmartAppOnline.B07TR6VTQ2.OL5KRTHD,,250,DAILY_BUDGET,ENABLED,USD,160,0,0.13,0.0,0,0,0,0.0,0,10,0,116,
"Aug 16, 2025","=""38365855708871""",C.SD.Product.UPS.SmartAppLCD.B000XJLLKG.OR700LCDRM1U,,250,DAILY_BUDGET,ENABLED,USD,1958,3,6.06,109.94,2,2,1,19.99,1,53,6,1042,
"May 17, 2025","=""124438051163565""",C.SD.Product.UPS.PFCSinewave.CP1500PFCLCD.B00429N19W,,450,DAILY_BUDGET,ENABLED,USD,767,1,1.84,219.95,1,1,0,0.0,0,7,1,492,
"Jul 14, 2025","=""287421757846510""",C.Keyword.Consumer.SD.UPS.PFCSineWave.CP1500PFCRM2U.B0B354X985,,250,DAILY_BUDGET,ENABLED,USD,117,0,0.0,0.0,0,0,0,0.0,0,0,0,0,
"Jun 05, 2025","=""263494384088815""",C.SD.Product.UPS.Ecologic.EC850LCD.B00DBAA696,,250,DAILY_BUDGET,ENABLED,USD,1614,1,2.95,864.27,6,7,3,184.89,3,137,9,921,
"Jul 10, 2025","=""51640494101738""",C.Product.Consumer.SP.UPS.PFCSineWave.CP1500PFCRM2U.B0B354X985,,250,DAILY_BUDGET,ENABLED,USD,632,2,2.96,0.0,0,0,0,0.0,0,3,0,0,
"May 29, 2025","=""287421757846510""",C.Keyword.Consumer.SD.UPS.PFCSineWave.CP1500PFCRM2U.B0B354X985,,250,DAILY_BUDGET,ENABLED,USD,738,1,0.35,0.0,0,0,0,0.0,0,1,0,0,
"Aug 20, 2025","=""124438051163565""",C.SD.Product.UPS.PFCSinewave.CP1500PFCLCD.B00429N19W,,450,DAILY_BUDGET,ENABLED,USD,266315,129,712.35,5584.81,27,61,19,3325.54,24,409,46,117949,
"Aug 13, 2025","=""263494384088815""",C.SD.Product.UPS.Ecologic.EC850LCD.B00DBAA696,,250,DAILY_BUDGET,ENABLED,USD,168381,86,424.73,13322.72,49,58,31,9348.54,40,796,108,42253,
"Aug 09, 2025","=""51640494101738""",C.Product.Consumer.SP.UPS.PFCSineWave.CP1500PFCRM2U.B0B354X985,,250,DAILY_BUDGET,ENABLED,USD,5,0,0.0,0.0,0,0,0,0.0,0,0,0,0,
"Aug 12, 2025","=""38365855708871""",C.SD.Product.UPS.SmartAppLCD.B000XJLLKG.OR700LCDRM1U,,250,DAILY_BUDGET,ENABLED,USD,1019,0,3.37,457.84,4,4,3,362.89,3,7,3,492,
"Jul 05, 2025","=""401081905525372""",C.Competitor.Consumer.SD.UPS.PFCSineWave.CP1500PFCRM2U.B0B354X985,,250,DAILY_BUDGET,ENABLED,USD,4506,12,34.96,359.95,1,1,1,359.95,1,20,1,0,
"Jul 07, 2025","=""263494384088815""",C.SD.Product.UPS.Ecologic.EC850LCD.B00DBAA696,,250,DAILY_BUDGET,ENABLED,USD,309597,177,2689.9,29410.5,114,151,79,18041.43,97,1628,187,81355,
"Jun 01, 2025","=""287421757846510""",C.Keyword.Consumer.SD.UPS.PFCSineWave.CP1500PFCRM2U.B0B354X985,,250,DAILY_BUDGET,ENABLED,USD,479,0,0.0,0.0,0,0,0,0.0,0,0,0,0,
"May 19, 2025","=""287421757846510""",C.Keyword.Consumer.SD.UPS.PFCSineWave.CP1500PFCRM2U.B0B354X985,,250,DAILY_BUDGET,ENABLED,USD,766,0,0.0,0.0,0,0,0,0.0,0,0,0,0,
"May 11, 2025","=""124438051163565""",C.SD.Product.UPS.PFCSinewave.CP1500PFCLCD.B00429N19W,,450,DAILY_BUDGET,ENABLED,USD,357,0,1.13,0.0,0,0,0,0.0,0,9,1,227,
"Aug 08, 2025","=""51640494101738""",C.Product.Consumer.SP.UPS.PFCSineWave.CP1500PFCRM2U.B0B354X985,,250,DAILY_BUDGET,ENABLED,USD,5,0,0.0,0.0,0,0,0,0.0,0,0,0,0,
"Aug 11, 2025","=""263494384088815""",C.SD.Product.UPS.Ecologic.EC850LCD.B00DBAA696,,250,DAILY_BUDGET,ENABLED,USD,27180,13,70.83,3158.58,21,29,11,1672.34,13,213,32,7055,
"May 28, 2025","=""51640494101738""",C.Product.Consumer.SP.UPS.PFCSineWave.CP1500PFCRM2U.B0B354X985,,250,DAILY_BUDGET,ENABLED,USD,169,1,2.58,0.0,0,0,0,0.0,0,1,0,0,
"May 02, 2025","=""51640494101738""",C.Product.Consumer.SP.UPS.PFCSineWave.CP1500PFCRM2U.B0B354X985,,250,DAILY_BUDGET,ENABLED,USD,652,0,0.0,0.0,0,0,0,0.0,0,0,0,0,
"Jun 16, 2025","=""287421757846510""",C.Keyword.Consumer.SD.UPS.PFCSineWave.CP1500PFCRM2U.B0B354X985,,250,DAILY_BUDGET,ENABLED,USD,273,1,1.46,0.0,0,0,0,0.0,0,4,0,0,
"Jul 12, 2025","=""401081905525372""",C.Competitor.Consumer.SD.UPS.PFCSineWave.CP1500PFCRM2U.B0B354X985,,250,DAILY_BUDGET,ENABLED,USD,3392,3,3.39,0.0,0,0,0,0.0,0,9,1,0,
"Aug 11, 2025","=""401081905525372""",C.Competitor.Consumer.SD.UPS.PFCSineWave.CP1500PFCRM2U.B0B354X985,,250,DAILY_BUDGET,ENABLED,USD,1129,3,9.39,0.0,0,0,0,0.0,0,4,1,0,
"May 24, 2025","=""263494384088815""",C.SD.Product.UPS.Ecologic.EC850LCD.B00DBAA696,,250,DAILY_BUDGET,ENABLED,USD,1728,1,2.87,241.24,2,2,2,241.24,2,16,3,1120,
"May 03, 2025","=""401081905525372""",C.Competitor.Consumer.SD.UPS.PFCSineWave.CP1500PFCRM2U.B0B354X985,,250,DAILY_BUDGET,ENABLED,USD,4502,8,18.2,0.0,0,0,0,0.0,0,18,1,0,
"Jul 19, 2025","=""287421757846510""",C.Keyword.Consumer.SD.UPS.PFCSineWave.CP1500PFCRM2U.B0B354X985,,250,DAILY_BUDGET,ENABLED,USD,108,0,0.0,0.0,0,0,0,0.0,0,0,0,0,
"May 01, 2025","=""51640494101738""",C.Product.Consumer.SP.UPS.PFCSineWave.CP1500PFCRM2U.B0B354X985,,250,DAILY_BUDGET,ENABLED,USD,912,1,0.54,669.9,2,2,1,334.95,1,3,1,0,
"Jul 02, 2025","=""51640494101738""",C.Product.Consumer.SP.UPS.PFCSineWave.CP1500PFCRM2U.B0B354X985,,250,DAILY_BUDGET,ENABLED,USD,175,0,0.0,0.0,0,0,0,0.0,0,1,0,0,
"Aug 08, 2025","=""287421757846510""",C.Keyword.Consumer.SD.UPS.PFCSineWave.CP1500PFCRM2U.B0B354X985,,250,DAILY_BUDGET,ENABLED,USD,14,0,0.0,0.0,0,0,0,0.0,0,0,0,0,
"Aug 26, 2025","=""401081905525372""",C.Competitor.Consumer.SD.UPS.PFCSineWave.CP1500PFCRM2U.B0B354X985,,250,DAILY_BUDGET,ENABLED,USD,1986,6,8.09,0.0,0,0,0,0.0,0,10,0,0,
"Aug 23, 2025","=""401081905525372""",C.Competitor.Consumer.SD.UPS.PFCSineWave.CP1500PFCRM2U.B0B354X985,,250,DAILY_BUDGET,ENABLED,USD,1372,2,6.12,0.0,0,0,0,0.0,0,4,0,0,
"Jun 22, 2025","=""263494384088815""",C.SD.Product.UPS.Ecologic.EC850LCD.B00DBAA696,,250,DAILY_BUDGET,ENABLED,USD,2172,9,3.42,532.89,3,3,3,532.89,3,102,8,850,
"May 11, 2025","=""38365855708871""",C.SD.Product.UPS.SmartAppLCD.B000XJLLKG.OR700LCDRM1U,,250,DAILY_BUDGET,ENABLED,USD,2853,6,11.35,219.95,1,1,1,219.95,1,66,7,1722,
"Jul 25, 2025","=""287421757846510""",C.Keyword.Consumer.SD.UPS.PFCSineWave.CP1500PFCRM2U.B0B354X985,,250,DAILY_BUDGET,ENABLED,USD,266,0,0.0,0.0,0,0,0,0.0,0,0,0,0,
"Aug 16, 2025","=""124438051163565""",C.SD.Product.UPS.PFCSinewave.CP1500PFCLCD.B00429N19W,,450,DAILY_BUDGET,ENABLED,USD,225207,103,681.21,514.12,9,12,8,454.17,11,296,25,98316,
"May 11, 2025","=""47593718961821""",C.SD.Product.UPS.SmartAppOnline.B07TR6VTQ2.OL5KRTHD,,250,DAILY_BUDGET,ENABLED,USD,413,2,1.36,76.98,1,2,0,0.0,0,2,0,314,
"May 05, 2025","=""287421757846510""",C.Keyword.Consumer.SD.UPS.PFCSineWave.CP1500PFCRM2U.B0B354X985,,250,DAILY_BUDGET,ENABLED,USD,2479,1,4.36,219.95,1,1,1,219.95,1,5,2,0,
"Jul 17, 2025","=""124438051163565""",C.SD.Product.UPS.PFCSinewave.CP1500PFCLCD.B00429N19W,,450,DAILY_BUDGET,ENABLED,USD,9032,7,27.94,868.49,6,16,2,479.9,2,93,14,4299,
"May 07, 2025","=""51640494101738""",C.Product.Consumer.SP.UPS.PFCSineWave.CP1500PFCRM2U.B0B354X985,,250,DAILY_BUDGET,ENABLED,USD,220,0,0.0,0.0,0,0,0,0.0,0,0,0,0,
"Jul 16, 2025","=""263494384088815""",C.SD.Product.UPS.Ecologic.EC850LCD.B00DBAA696,,250,DAILY_BUDGET,ENABLED,USD,7676,8,28.23,6454.39,15,26,7,815.5,7,136,20,2937,
"Jun 17, 2025","=""38365855708871""",C.SD.Product.UPS.SmartAppLCD.B000XJLLKG.OR700LCDRM1U,,250,DAILY_BUDGET,ENABLED,USD,5032,7,19.22,1181.97,9,11,8,982.02,10,91,13,2645,
"May 16, 2025","=""263494384088815""",C.SD.Product.UPS.Ecologic.EC850LCD.B00DBAA696,,250,DAILY_BUDGET,ENABLED,USD,1038,1,1.9,0.0,0,0,0,0.0,0,66,2,494,
"Jun 08, 2025","=""287421757846510""",C.Keyword.Consumer.SD.UPS.PFCSineWave.CP1500PFCRM2U.B0B354X985,,250,DAILY_BUDGET,ENABLED,USD,342,0,0.0,0.0,0,0,0,0.0,0,0,0,0,
"Jul 31, 2025","=""38365855708871""",C.SD.Product.UPS.SmartAppLCD.B000XJLLKG.OR700LCDRM1U,,250,DAILY_BUDGET,ENABLED,USD,647,0,2.66,0.0,0,0,0,0.0,0,9,0,376,
"Jul 10, 2025","=""287421757846510""",C.Keyword.Consumer.SD.UPS.PFCSineWave.CP1500PFCRM2U.B0B354X985,,250,DAILY_BUDGET,ENABLED,USD,1572,4,5.35,0.0,0,0,0,0.0,0,5,0,0,
"Aug 07, 2025","=""287421757846510""",C.Keyword.Consumer.SD.UPS.PFCSineWave.CP1500PFCRM2U.B0B354X985,,250,DAILY_BUDGET,ENABLED,USD,120,1,0.56,3599.5,1,10,1,3599.5,10,2,1,0,
"Aug 19, 2025","=""51640494101738""",C.Product.Consumer.SP.UPS.PFCSineWave.CP1500PFCRM2U.B0B354X985,,250,DAILY_BUDGET,ENABLED,USD,21,1,0.43,0.0,0,0,0,0.0,0,1,0,0,
"Jul 18, 2025","=""124438051163565""",C.SD.Product.UPS.PFCSinewave.CP1500PFCLCD.B00429N19W,,450,DAILY_BUDGET,ENABLED,USD,6376,5,17.78,639.69,6,7,5,559.74,6,38,6,3280,
"May 29, 2025","=""38365855708871""",C.SD.Product.UPS.SmartAppLCD.B000XJLLKG.OR700LCDRM1U,,250,DAILY_BUDGET,ENABLED,USD,7059,8,23.36,2443.46,8,18,4,959.8,4,91,14,3207,
"Jul 16, 2025","=""124438051163565""",C.SD.Product.UPS.PFCSinewave.CP1500PFCLCD.B00429N19W,,450,DAILY_BUDGET,ENABLED,USD,8971,4,29.65,1445.38,9,10,5,897.79,5,61,11,4156,
"May 04, 2025","=""401081905525372""",C.Competitor.Consumer.SD.UPS.PFCSineWave.CP1500PFCRM2U.B0B354X985,,250,DAILY_BUDGET,ENABLED,USD,7246,17,31.24,0.0,0,0,0,0.0,0,41,5,0,
"Aug 18, 2025","=""263494384088815""",C.SD.Product.UPS.Ecologic.EC850LCD.B00DBAA696,,250,DAILY_BUDGET,ENABLED,USD,147135,86,382.98,10042.38,49,64,30,6558.78,41,661,71,41968,
"May 14, 2025","=""124438051163565""",C.SD.Product.UPS.PFCSinewave.CP1500PFCLCD.B00429N19W,,450,DAILY_BUDGET,ENABLED,USD,848,0,2.04,279.9,2,2,2,279.9,2,17,2,503,
"May 25, 2025","=""287421757846510""",C.Keyword.Consumer.SD.UPS.PFCSineWave.CP1500PFCRM2U.B0B354X985,,250,DAILY_BUDGET,ENABLED,USD,478,1,0.43,0.0,0,0,0,0.0,0,2,0,0,
"Jun 07, 2025","=""124438051163565""",C.SD.Product.UPS.PFCSinewave.CP1500PFCLCD.B00429N19W,,450,DAILY_BUDGET,ENABLED,USD,578,0,1.72,553.39,3,3,2,314.27,2,39,5,350,
"Aug 07, 2025","=""124438051163565""",C.SD.Product.UPS.PFCSinewave.CP1500PFCLCD.B00429N19W,,450,DAILY_BUDGET,ENABLED,USD,113798,38,216.59,4076.7,16,27,11,2945.27,14,220,27,62241,
"Jun 07, 2025","=""263494384088815""",C.SD.Product.UPS.Ecologic.EC850LCD.B00DBAA696,,250,DAILY_BUDGET,ENABLED,USD,768,0,1.38,199.9,2,2,1,79.95,1,43,2,417,
"Jul 03, 2025","=""38365855708871""",C.SD.Product.UPS.SmartAppLCD.B000XJLLKG.OR700LCDRM1U,,250,DAILY_BUDGET,ENABLED,USD,9770,9,40.98,4086.14,9,17,6,1041.69,6,134,15,4940,
"May 08, 2025","=""51640494101738""",C.Product.Consumer.SP.UPS.PFCSineWave.CP1500PFCRM2U.B0B354X985,,250,DAILY_BUDGET,ENABLED,USD,168,0,0.0,0.0,0,0,0,0.0,0,2,0,0,
"Aug 15, 2025","=""287421757846510""",C.Keyword.Consumer.SD.UPS.PFCSineWave.CP1500PFCRM2U.B0B354X985,,250,DAILY_BUDGET,ENABLED,USD,14202,20,73.83,119.9,1,2,1,119.9,2,25,4,0,
"Jun 27, 2025","=""401081905525372""",C.Competitor.Consumer.SD.UPS.PFCSineWave.CP1500PFCRM2U.B0B354X985,,250,DAILY_BUDGET,ENABLED,USD,450,3,4.09,0.0,0,0,0,0.0,0,7,0,0,
"May 12, 2025","=""401081905525372""",C.Competitor.Consumer.SD.UPS.PFCSineWave.CP1500PFCRM2U.B0B354X985,,250,DAILY_BUDGET,ENABLED,USD,15906,28,50.63,1401.75,5,5,4,1339.8,4,76,13,0,
"Jul 11, 2025","=""401081905525372""",C.Competitor.Consumer.SD.UPS.PFCSineWave.CP1500PFCRM2U.B0B354X985,,250,DAILY_BUDGET,ENABLED,USD,14575,26,85.06,899.85,3,3,3,899.85,3,46,4,0,
"Jul 31, 2025","=""287421757846510""",C.Keyword.Consumer.SD.UPS.PFCSineWave.CP1500PFCRM2U.B0B354X985,,250,DAILY_BUDGET,ENABLED,USD,141,0,0.0,0.0,0,0,0,0.0,0,0,0,0,
"May 10, 2025","=""401081905525372""",C.Competitor.Consumer.SD.UPS.PFCSineWave.CP1500PFCRM2U.B0B354X985,,250,DAILY_BUDGET,ENABLED,USD,12239,25,74.95,1049.8,4,4,2,669.9,2,79,6,0,
"Jun 18, 2025","=""263494384088815""",C.SD.Product.UPS.Ecologic.EC850LCD.B00DBAA696,,250,DAILY_BUDGET,ENABLED,USD,2461,1,3.32,2260.54,11,12,7,1287.79,7,70,13,1099,
"May 31, 2025","=""51640494101738""",C.Product.Consumer.SP.UPS.PFCSineWave.CP1500PFCRM2U.B0B354X985,,250,DAILY_BUDGET,ENABLED,USD,36,0,0.0,0.0,0,0,0,0.0,0,0,0,0,
"Jul 14, 2025","=""51640494101738""",C.Product.Consumer.SP.UPS.PFCSineWave.CP1500PFCRM2U.B0B354X985,,250,DAILY_BUDGET,ENABLED,USD,93,0,0.0,0.0,0,0,0,0.0,0,1,0,0,
"Jul 11, 2025","=""51640494101738""",C.Product.Consumer.SP.UPS.PFCSineWave.CP1500PFCRM2U.B0B354X985,,250,DAILY_BUDGET,ENABLED,USD,550,0,0.0,0.0,0,0,0,0.0,0,0,0,0,
"Jul 27, 2025","=""401081905525372""",C.Competitor.Consumer.SD.UPS.PFCSineWave.CP1500PFCRM2U.B0B354X985,,250,DAILY_BUDGET,ENABLED,USD,2429,7,8.23,0.0,0,0,0,0.0,0,16,0,0,
"May 01, 2025","=""401081905525372""",C.Competitor.Consumer.SD.UPS.PFCSineWave.CP1500PFCRM2U.B0B354X985,,250,DAILY_BUDGET,ENABLED,USD,12219,23,37.38,889.85,3,3,1,219.95,1,42,4,0,
"Aug 21, 2025","=""263494384088815""",C.SD.Product.UPS.Ecologic.EC850LCD.B00DBAA696,,250,DAILY_BUDGET,ENABLED,USD,72463,52,189.6,7184.54,41,54,35,6074.89,47,652,68,23730,
"May 19, 2025","=""401081905525372""",C.Competitor.Consumer.SD.UPS.PFCSineWave.CP1500PFCRM2U.B0B354X985,,250,DAILY_BUDGET,ENABLED,USD,14880,31,47.72,1339.8,3,4,2,1004.85,3,61,8,0,
"May 27, 2025","=""51640494101738""",C.Product.Consumer.SP.UPS.PFCSineWave.CP1500PFCRM2U.B0B354X985,,250,DAILY_BUDGET,ENABLED,USD,171,0,0.0,0.0,0,0,0,0.0,0,0,0,0,
"May 31, 2025","=""263494384088815""",C.SD.Product.UPS.Ecologic.EC850LCD.B00DBAA696,,250,DAILY_BUDGET,ENABLED,USD,1325,3,2.18,903.52,5,5,3,449.85,3,47,8,707,
"May 30, 2025","=""47593718961821""",C.SD.Product.UPS.SmartAppOnline.B07TR6VTQ2.OL5KRTHD,,250,DAILY_BUDGET,ENABLED,USD,744,0,1.17,0.0,0,0,0,0.0,0,0,0,462,
"Jul 05, 2025","=""124438051163565""",C.SD.Product.UPS.PFCSinewave.CP1500PFCLCD.B00429N19W,,450,DAILY_BUDGET,ENABLED,USD,205375,100,2370.49,5120.73,33,38,27,4222.54,30,531,56,59514,
"May 09, 2025","=""47593718961821""",C.SD.Product.UPS.SmartAppOnline.B07TR6VTQ2.OL5KRTHD,,250,DAILY_BUDGET,ENABLED,USD,3838,1,2.37,0.0,0,0,0,0.0,0,6,0,3524,
"May 11, 2025","=""401081905525372""",C.Competitor.Consumer.SD.UPS.PFCSineWave.CP1500PFCRM2U.B0B354X985,,250,DAILY_BUDGET,ENABLED,USD,9837,29,52.42,1004.85,3,3,2,669.9,2,99,9,0,
"May 18, 2025","=""287421757846510""",C.Keyword.Consumer.SD.UPS.PFCSineWave.CP1500PFCRM2U.B0B354X985,,250,DAILY_BUDGET,ENABLED,USD,563,1,2.58,0.0,0,0,0,0.0,0,2,0,0,
"Jul 28, 2025","=""287421757846510""",C.Keyword.Consumer.SD.UPS.PFCSineWave.CP1500PFCRM2U.B0B354X985,,250,DAILY_BUDGET,ENABLED,USD,496,1,0.34,0.0,0,0,0,0.0,0,4,0,0,
"Aug 07, 2025","=""51640494101738""",C.Product.Consumer.SP.UPS.PFCSineWave.CP1500PFCRM2U.B0B354X985,,250,DAILY_BUDGET,ENABLED,USD,46,0,0.0,0.0,0,0,0,0.0,0,0,0,0,
"May 21, 2025","=""38365855708871""",C.SD.Product.UPS.SmartAppLCD.B000XJLLKG.OR700LCDRM1U,,250,DAILY_BUDGET,ENABLED,USD,4882,7,15.11,3379.84,17,23,8,1162.59,8,103,17,2555,
"Aug 03, 2025","=""401081905525372""",C.Competitor.Consumer.SD.UPS.PFCSineWave.CP1500PFCRM2U.B0B354X985,,250,DAILY_BUDGET,ENABLED,USD,988,2,2.91,359.95,1,1,1,359.95,1,2,1,0,
"May 17, 2025","=""51640494101738""",C.Product.Consumer.SP.UPS.PFCSineWave.CP1500PFCRM2U.B0B354X985,,250,DAILY_BUDGET,ENABLED,USD,96,0,0.0,0.0,0,0,0,0.0,0,0,0,0,
"Aug 02, 2025","=""401081905525372""",C.Competitor.Consumer.SD.UPS.PFCSineWave.CP1500PFCRM2U.B0B354X985,,250,DAILY_BUDGET,ENABLED,USD,1175,5,4.27,0.0,0,0,0,0.0,0,8,1,0,
"Jul 01, 2025","=""124438051163565""",C.SD.Product.UPS.PFCSinewave.CP1500PFCLCD.B00429N19W,,450,DAILY_BUDGET,ENABLED,USD,2040,1,4.96,239.95,1,1,1,239.95,1,41,1,1176,
"Aug 04, 2025","=""51640494101738""",C.Product.Consumer.SP.UPS.PFCSineWave.CP1500PFCRM2U.B0B354X985,,250,DAILY_BUDGET,ENABLED,USD,25,0,0.0,0.0,0,0,0,0.0,0,0,0,0,
"Jul 08, 2025","=""51640494101738""",C.Product.Consumer.SP.UPS.PFCSineWave.CP1500PFCRM2U.B0B354X985,,250,DAILY_BUDGET,ENABLED,USD,492,1,0.69,0.0,0,0,0,0.0,0,1,0,0,
"Aug 06, 2025","=""51640494101738""",C.Product.Consumer.SP.UPS.PFCSineWave.CP1500PFCRM2U.B0B354X985,,250,DAILY_BUDGET,ENABLED,USD,48,0,0.0,0.0,0,0,0,0.0,0,0,0,0,
"Jul 15, 2025","=""38365855708871""",C.SD.Product.UPS.SmartAppLCD.B000XJLLKG.OR700LCDRM1U,,250,DAILY_BUDGET,ENABLED,USD,2059,1,7.95,4151.61,4,9,2,1661.96,2,30,5,1030,
"Jun 23, 2025","=""401081905525372""",C.Competitor.Consumer.SD.UPS.PFCSineWave.CP1500PFCRM2U.B0B354X985,,250,DAILY_BUDGET,ENABLED,USD,591,0,0.0,0.0,0,0,0,0.0,0,0,0,0,
"May 15, 2025","=""401081905525372""",C.Competitor.Consumer.SD.UPS.PFCSineWave.CP1500PFCRM2U.B0B354X985,,250,DAILY_BUDGET,ENABLED,USD,16595,24,52.19,334.95,1,1,0,0.0,0,54,2,0,
"Jul 25, 2025","=""38365855708871""",C.SD.Product.UPS.SmartAppLCD.B000XJLLKG.OR700LCDRM1U,,250,DAILY_BUDGET,ENABLED,USD,1048,2,4.76,463.92,2,2,1,239.93,1,18,5,566,
"Jun 11, 2025","=""38365855708871""",C.SD.Product.UPS.SmartAppLCD.B000XJLLKG.OR700LCDRM1U,,250,DAILY_BUDGET,ENABLED,USD,6194,5,22.84,841.74,6,6,4,431.84,4,94,10,3193,
"Jun 03, 2025","=""38365855708871""",C.SD.Product.UPS.SmartAppLCD.B000XJLLKG.OR700LCDRM1U,,250,DAILY_BUDGET,ENABLED,USD,4261,7,17.37,672.31,4,4,4,672.31,4,52,5,2313,
"May 28, 2025","=""124438051163565""",C.SD.Product.UPS.PFCSinewave.CP1500PFCLCD.B00429N19W,,450,DAILY_BUDGET,ENABLED,USD,4252,4,9.87,2326.62,8,14,6,1795.6,8,117,5,2027,
"Aug 09, 2025","=""124438051163565""",C.SD.Product.UPS.PFCSinewave.CP1500PFCLCD.B00429N19W,,450,DAILY_BUDGET,ENABLED,USD,157034,60,282.85,1055.28,12,22,7,480.56,12,182,18,90658,
"Jun 09, 2025","=""124438051163565""",C.SD.Product.UPS.PFCSinewave.CP1500PFCLCD.B00429N19W,,450,DAILY_BUDGET,ENABLED,USD,870,1,2.47,1138.76,5,5,5,1138.76,5,31,6,529,
"Jun 14, 2025","=""263494384088815""",C.SD.Product.UPS.Ecologic.EC850LCD.B00DBAA696,,250,DAILY_BUDGET,ENABLED,USD,1291,3,1.91,1132.64,6,7,5,913.71,6,69,9,535,
"May 20, 2025","=""401081905525372""",C.Competitor.Consumer.SD.UPS.PFCSineWave.CP1500PFCRM2U.B0B354X985,,250,DAILY_BUDGET,ENABLED,USD,13802,25,49.84,334.95,1,1,1,334.95,1,61,3,0,
"Jun 28, 2025","=""401081905525372""",C.Competitor.Consumer.SD.UPS.PFCSineWave.CP1500PFCRM2U.B0B354X985,,250,DAILY_BUDGET,ENABLED,USD,481,1,4.78,0.0,0,0,0,0.0,0,2,0,0,
"Jun 06, 2025","=""263494384088815""",C.SD.Product.UPS.Ecologic.EC850LCD.B00DBAA696,,250,DAILY_BUDGET,ENABLED,USD,1531,4,2.56,1406.83,11,11,6,766.74,6,105,14,855,
"Aug 20, 2025","=""51640494101738""",C.Product.Consumer.SP.UPS.PFCSineWave.CP1500PFCRM2U.B0B354X985,,250,DAILY_BUDGET,ENABLED,USD,8,0,0.0,0.0,0,0,0,0.0,0,0,0,0,
"Aug 06, 2025","=""38365855708871""",C.SD.Product.UPS.SmartAppLCD.B000XJLLKG.OR700LCDRM1U,,250,DAILY_BUDGET,ENABLED,USD,2414,3,6.2,989.85,1,3,1,989.85,3,28,3,1180,
"May 14, 2025","=""287421757846510""",C.Keyword.Consumer.SD.UPS.PFCSineWave.CP1500PFCRM2U.B0B354X985,,250,DAILY_BUDGET,ENABLED,USD,1243,1,3.36,0.0,0,0,0,0.0,0,1,0,0,
"Jul 01, 2025","=""38365855708871""",C.SD.Product.UPS.SmartAppLCD.B000XJLLKG.OR700LCDRM1U,,250,DAILY_BUDGET,ENABLED,USD,2614,2,10.1,1721.75,4,5,4,1721.75,5,49,6,1337,
"Jun 19, 2025","=""401081905525372""",C.Competitor.Consumer.SD.UPS.PFCSineWave.CP1500PFCRM2U.B0B354X985,,250,DAILY_BUDGET,ENABLED,USD,5696,11,22.69,4610.53,3,4,1,218.68,1,28,4,0,
"Jun 16, 2025","=""47593718961821""",C.SD.Product.UPS.SmartAppOnline.B07TR6VTQ2.OL5KRTHD,,250,DAILY_BUDGET,ENABLED,USD,414,0,0.35,719.9,1,2,0,0.0,0,20,3,219,
"May 20, 2025","=""124438051163565""",C.SD.Product.UPS.PFCSinewave.CP1500PFCLCD.B00429N19W,,450,DAILY_BUDGET,ENABLED,USD,966,2,2.19,1877.15,8,13,4,903.45,7,37,8,563,
"May 24, 2025","=""51640494101738""",C.Product.Consumer.SP.UPS.PFCSineWave.CP1500PFCRM2U.B0B354X985,,250,DAILY_BUDGET,ENABLED,USD,90,0,0.0,0.0,0,0,0,0.0,0,0,0,0,
"Jun 25, 2025","=""401081905525372""",C.Competitor.Consumer.SD.UPS.PFCSineWave.CP1500PFCRM2U.B0B354X985,,250,DAILY_BUDGET,ENABLED,USD,752,2,4.05,0.0,0,0,0,0.0,0,7,0,0,
"May 31, 2025","=""124438051163565""",C.SD.Product.UPS.PFCSinewave.CP1500PFCLCD.B00429N19W,,450,DAILY_BUDGET,ENABLED,USD,3526,6,9.17,2421.27,4,5,3,957.32,4,77,8,1998,
"Jun 29, 2025","=""38365855708871""",C.SD.Product.UPS.SmartAppLCD.B000XJLLKG.OR700LCDRM1U,,250,DAILY_BUDGET,ENABLED,USD,1602,3,7.96,119.95,1,1,1,119.95,1,43,2,894,
"May 12, 2025","=""263494384088815""",C.SD.Product.UPS.Ecologic.EC850LCD.B00DBAA696,,250,DAILY_BUDGET,ENABLED,USD,2217,2,4.01,2279.44,11,22,6,1791.07,14,100,10,1159,
"Aug 14, 2025","=""38365855708871""",C.SD.Product.UPS.SmartAppLCD.B000XJLLKG.OR700LCDRM1U,,250,DAILY_BUDGET,ENABLED,USD,1880,3,6.0,1450.53,5,5,3,799.85,3,29,7,872,
"Jul 02, 2025","=""38365855708871""",C.SD.Product.UPS.SmartAppLCD.B000XJLLKG.OR700LCDRM1U,,250,DAILY_BUDGET,ENABLED,USD,6057,10,20.27,2142.12,9,13,7,1266.22,11,126,15,3032,
"Jul 20, 2025","=""263494384088815""",C.SD.Product.UPS.Ecologic.EC850LCD.B00DBAA696,,250,DAILY_BUDGET,ENABLED,USD,2815,2,8.56,209.93,3,3,2,144.94,2,47,6,841,
"May 22, 2025","=""287421757846510""",C.Keyword.Consumer.SD.UPS.PFCSineWave.CP1500PFCRM2U.B0B354X985,,250,DAILY_BUDGET,ENABLED,USD,1022,1,0.64,0.0,0,0,0,0.0,0,1,0,0,
"May 25, 2025","=""47593718961821""",C.SD.Product.UPS.SmartAppOnline.B07TR6VTQ2.OL5KRTHD,,250,DAILY_BUDGET,ENABLED,USD,240,1,0.59,0.0,0,0,0,0.0,0,1,0,157,
"Jun 24, 2025","=""287421757846510""",C.Keyword.Consumer.SD.UPS.PFCSineWave.CP1500PFCRM2U.B0B354X985,,250,DAILY_BUDGET,ENABLED,USD,978,2,3.97,0.0,0,0,0,0.0,0,3,0,0,
"Jul 30, 2025","=""38365855708871""",C.SD.Product.UPS.SmartAppLCD.B000XJLLKG.OR700LCDRM1U,,250,DAILY_BUDGET,ENABLED,USD,772,1,3.05,149.9,2,2,2,149.9,2,19,2,412,
"Jul 22, 2025","=""47593718961821""",C.SD.Product.UPS.SmartAppOnline.B07TR6VTQ2.OL5KRTHD,,250,DAILY_BUDGET,ENABLED,USD,0,0,0.0,0.0,0,0,0,0.0,0,1,0,0,
"Aug 01, 2025","=""287421757846510""",C.Keyword.Consumer.SD.UPS.PFCSineWave.CP1500PFCRM2U.B0B354X985,,250,DAILY_BUDGET,ENABLED,USD,199,0,0.0,0.0,0,0,0,0.0,0,0,0,0,
"Aug 10, 2025","=""287421757846510""",C.Keyword.Consumer.SD.UPS.PFCSineWave.CP1500PFCRM2U.B0B354X985,,250,DAILY_BUDGET,ENABLED,USD,28,0,0.0,0.0,0,0,0,0.0,0,0,0,0,
"May 22, 2025","=""124438051163565""",C.SD.Product.UPS.PFCSinewave.CP1500PFCLCD.B00429N19W,,450,DAILY_BUDGET,ENABLED,USD,1444,1,2.98,439.9,2,2,2,439.9,2,17,3,778,
"May 13, 2025","=""124438051163565""",C.SD.Product.UPS.PFCSinewave.CP1500PFCLCD.B00429N19W,,450,DAILY_BUDGET,ENABLED,USD,2063,2,4.26,925.55,4,6,3,826.55,5,59,7,1079,
"Jun 08, 2025","=""38365855708871""",C.SD.Product.UPS.SmartAppLCD.B000XJLLKG.OR700LCDRM1U,,250,DAILY_BUDGET,ENABLED,USD,2961,4,12.71,727.89,5,6,4,527.94,5,53,5,1673,
"May 25, 2025","=""263494384088815""",C.SD.Product.UPS.Ecologic.EC850LCD.B00DBAA696,,250,DAILY_BUDGET,ENABLED,USD,1379,3,2.81,0.0,0,0,0,0.0,0,15,0,927,
"Aug 13, 2025","=""124438051163565""",C.SD.Product.UPS.PFCSinewave.CP1500PFCLCD.B00429N19W,,450,DAILY_BUDGET,ENABLED,USD,408019,150,1171.01,6315.12,43,65,32,5007.72,45,489,54,157586,
"Aug 03, 2025","=""287421757846510""",C.Keyword.Consumer.SD.UPS.PFCSineWave.CP1500PFCRM2U.B0B354X985,,250,DAILY_BUDGET,ENABLED,USD,86,0,0.0,0.0,0,0,0,0.0,0,0,0,0,
"Jun 10, 2025","=""401081905525372""",C.Competitor.Consumer.SD.UPS.PFCSineWave.CP1500PFCRM2U.B0B354X985,,250,DAILY_BUDGET,ENABLED,USD,19431,23,53.55,719.9,2,2,2,719.9,2,39,5,0,
"Aug 05, 2025","=""263494384088815""",C.SD.Product.UPS.Ecologic.EC850LCD.B00DBAA696,,250,DAILY_BUDGET,ENABLED,USD,20886,18,53.17,5925.94,28,47,17,3459.19,22,303,36,6195,
"Jun 09, 2025","=""47593718961821""",C.SD.Product.UPS.SmartAppOnline.B07TR6VTQ2.OL5KRTHD,,250,DAILY_BUDGET,ENABLED,USD,326,0,0.76,1329.95,2,3,0,0.0,0,4,3,221,
"Jul 27, 2025","=""263494384088815""",C.SD.Product.UPS.Ecologic.EC850LCD.B00DBAA696,,250,DAILY_BUDGET,ENABLED,USD,4259,6,19.83,699.6,6,8,1,139.95,1,52,8,1525,
"Jun 18, 2025","=""38365855708871""",C.SD.Product.UPS.SmartAppLCD.B000XJLLKG.OR700LCDRM1U,,250,DAILY_BUDGET,ENABLED,USD,5529,8,22.69,4064.18,18,20,14,3416.32,16,177,25,2844,
"Jun 02, 2025","=""124438051163565""",C.SD.Product.UPS.PFCSinewave.CP1500PFCLCD.B00429N19W,,450,DAILY_BUDGET,ENABLED,USD,815,2,2.5,396.21,3,3,1,47.72,1,21,2,546,
"Jul 14, 2025","=""263494384088815""",C.SD.Product.UPS.Ecologic.EC850LCD.B00DBAA696,,250,DAILY_BUDGET,ENABLED,USD,58770,32,147.15,2601.51,13,16,9,2158.76,11,242,20,15118,
"Jul 11, 2025","=""287421757846510""",C.Keyword.Consumer.SD.UPS.PFCSineWave.CP1500PFCRM2U.B0B354X985,,250,DAILY_BUDGET,ENABLED,USD,1359,4,7.75,239.95,1,1,0,0.0,0,8,3,0,
"Jun 15, 2025","=""401081905525372""",C.Competitor.Consumer.SD.UPS.PFCSineWave.CP1500PFCRM2U.B0B354X985,,250,DAILY_BUDGET,ENABLED,USD,10777,20,41.99,719.9,2,2,0,0.0,0,71,7,0,
"Jul 20, 2025","=""38365855708871""",C.SD.Product.UPS.SmartAppLCD.B000XJLLKG.OR700LCDRM1U,,250,DAILY_BUDGET,ENABLED,USD,1039,2,4.6,0.0,0,0,0,0.0,0,14,0,559,
"May 21, 2025","=""124438051163565""",C.SD.Product.UPS.PFCSinewave.CP1500PFCLCD.B00429N19W,,450,DAILY_BUDGET,ENABLED,USD,1552,4,3.13,593.01,4,6,4,593.01,6,46,6,828,
"May 02, 2025","=""287421757846510""",C.Keyword.Consumer.SD.UPS.PFCSineWave.CP1500PFCRM2U.B0B354X985,,250,DAILY_BUDGET,ENABLED,USD,1001,0,0.0,0.0,0,0,0,0.0,0,0,0,0,
"Jul 26, 2025","=""401081905525372""",C.Competitor.Consumer.SD.UPS.PFCSineWave.CP1500PFCRM2U.B0B354X985,,250,DAILY_BUDGET,ENABLED,USD,1233,3,6.8,359.95,1,1,1,359.95,1,7,2,0,
"Jul 13, 2025","=""401081905525372""",C.Competitor.Consumer.SD.UPS.PFCSineWave.CP1500PFCRM2U.B0B354X985,,250,DAILY_BUDGET,ENABLED,USD,4054,4,10.52,598.39,3,3,1,199.95,1,8,2,0,
"May 29, 2025","=""124438051163565""",C.SD.Product.UPS.PFCSinewave.CP1500PFCLCD.B00429N19W,,450,DAILY_BUDGET,ENABLED,USD,2559,3,6.31,1989.88,4,4,3,1899.93,3,51,8,1221,
"Jun 14, 2025","=""124438051163565""",C.SD.Product.UPS.PFCSinewave.CP1500PFCLCD.B00429N19W,,450,DAILY_BUDGET,ENABLED,USD,1310,0,3.97,244.85,3,3,3,244.85,3,27,6,851,
"Aug 13, 2025","=""401081905525372""",C.Competitor.Consumer.SD.UPS.PFCSineWave.CP1500PFCRM2U.B0B354X985,,250,DAILY_BUDGET,ENABLED,USD,2398,3,7.59,0.0,0,0,0,0.0,0,6,0,0,
"May 24, 2025","=""287421757846510""",C.Keyword.Consumer.SD.UPS.PFCSineWave.CP1500PFCRM2U.B0B354X985,,250,DAILY_BUDGET,ENABLED,USD,564,0,0.0,0.0,0,0,0,0.0,0,0,0,0,
"Aug 04, 2025","=""263494384088815""",C.SD.Product.UPS.Ecologic.EC850LCD.B00DBAA696,,250,DAILY_BUDGET,ENABLED,USD,15604,12,46.18,9341.15,31,37,20,4892.03,22,380,45,5308,
"Aug 02, 2025","=""38365855708871""",C.SD.Product.UPS.SmartAppLCD.B000XJLLKG.OR700LCDRM1U,,250,DAILY_BUDGET,ENABLED,USD,523,2,2.02,89.95,1,1,0,0.0,0,8,1,322,
"May 12, 2025","=""38365855708871""",C.SD.Product.UPS.SmartAppLCD.B000XJLLKG.OR700LCDRM1U,,250,DAILY_BUDGET,ENABLED,USD,7082,6,23.68,6025.39,22,37,17,2919.34,18,165,27,3805,
"Aug 09, 2025","=""287421757846510""",C.Keyword.Consumer.SD.UPS.PFCSineWave.CP1500PFCRM2U.B0B354X985,,250,DAILY_BUDGET,ENABLED,USD,38,0,0.0,0.0,0,0,0,0.0,0,0,0,0,
"Jun 01, 2025","=""38365855708871""",C.SD.Product.UPS.SmartAppLCD.B000XJLLKG.OR700LCDRM1U,,250,DAILY_BUDGET,ENABLED,USD,2204,4,9.72,371.46,3,3,2,281.47,2,22,4,1259,
"Aug 12, 2025","=""287421757846510""",C.Keyword.Consumer.SD.UPS.PFCSineWave.CP1500PFCRM2U.B0B354X985,,250,DAILY_BUDGET,ENABLED,USD,6161,7,57.39,0.0,0,0,0,0.0,0,13,0,0,
"Aug 19, 2025","=""287421757846510""",C.Keyword.Consumer.SD.UPS.PFCSineWave.CP1500PFCRM2U.B0B354X985,,250,DAILY_BUDGET,ENABLED,USD,5257,6,76.03,0.0,0,0,0,0.0,0,11,0,0,
"Aug 28, 2025","=""124438051163565""",C.SD.Product.UPS.PFCSinewave.CP1500PFCLCD.B00429N19W,,450,DAILY_BUDGET,ENABLED,USD,325574,172,894.86,4862.64,39,45,27,2614.27,32,424,47,138968,
"May 11, 2025","=""51640494101738""",C.Product.Consumer.SP.UPS.PFCSineWave.CP1500PFCRM2U.B0B354X985,,250,DAILY_BUDGET,ENABLED,USD,108,0,0.0,0.0,0,0,0,0.0,0,0,0,0,
"Aug 16, 2025","=""401081905525372""",C.Competitor.Consumer.SD.UPS.PFCSineWave.CP1500PFCRM2U.B0B354X985,,250,DAILY_BUDGET,ENABLED,USD,2182,7,18.81,1439.8,2,4,0,0.0,0,9,3,0,
"Aug 14, 2025","=""51640494101738""",C.Product.Consumer.SP.UPS.PFCSineWave.CP1500PFCRM2U.B0B354X985,,250,DAILY_BUDGET,ENABLED,USD,13,1,0.36,0.0,0,0,0,0.0,0,0,0,0,
"Jun 16, 2025","=""38365855708871""",C.SD.Product.UPS.SmartAppLCD.B000XJLLKG.OR700LCDRM1U,,250,DAILY_BUDGET,ENABLED,USD,4428,2,16.09,1375.6,6,8,3,895.85,3,67,7,2317,
"Aug 24, 2025","=""51640494101738""",C.Product.Consumer.SP.UPS.PFCSineWave.CP1500PFCRM2U.B0B354X985,,250,DAILY_BUDGET,ENABLED,USD,41,0,0.0,0.0,0,0,0,0.0,0,0,0,0,
"Aug 20, 2025","=""401081905525372""",C.Competitor.Consumer.SD.UPS.PFCSineWave.CP1500PFCRM2U.B0B354X985,,250,DAILY_BUDGET,ENABLED,USD,1336,2,7.46,0.0,0,0,0,0.0,0,2,0,0,
"May 17, 2025","=""287421757846510""",C.Keyword.Consumer.SD.UPS.PFCSineWave.CP1500PFCRM2U.B0B354X985,,250,DAILY_BUDGET,ENABLED,USD,510,0,0.0,0.0,0,0,0,0.0,0,0,0,0,
"Jul 25, 2025","=""401081905525372""",C.Competitor.Consumer.SD.UPS.PFCSineWave.CP1500PFCRM2U.B0B354X985,,250,DAILY_BUDGET,ENABLED,USD,3913,7,14.32,0.0,0,0,0,0.0,0,14,0,0,
"Jun 28, 2025","=""287421757846510""",C.Keyword.Consumer.SD.UPS.PFCSineWave.CP1500PFCRM2U.B0B354X985,,250,DAILY_BUDGET,ENABLED,USD,170,0,0.0,0.0,0,0,0,0.0,0,0,0,0,
"Jun 04, 2025","=""51640494101738""",C.Product.Consumer.SP.UPS.PFCSineWave.CP1500PFCRM2U.B0B354X985,,250,DAILY_BUDGET,ENABLED,USD,42,0,0.0,0.0,0,0,0,0.0,0,0,0,0,
"Jun 10, 2025","=""38365855708871""",C.SD.Product.UPS.SmartAppLCD.B000XJLLKG.OR700LCDRM1U,,250,DAILY_BUDGET,ENABLED,USD,5115,4,20.28,357.77,4,4,3,217.77,3,68,6,2824,
"Jul 07, 2025","=""401081905525372""",C.Competitor.Consumer.SD.UPS.PFCSineWave.CP1500PFCRM2U.B0B354X985,,250,DAILY_BUDGET,ENABLED,USD,9418,12,30.67,0.0,0,0,0,0.0,0,40,2,0,
"Jul 13, 2025","=""287421757846510""",C.Keyword.Consumer.SD.UPS.PFCSineWave.CP1500PFCRM2U.B0B354X985,,250,DAILY_BUDGET,ENABLED,USD,100,0,0.0,0.0,0,0,0,0.0,0,0,0,0,
"Jul 23, 2025","=""51640494101738""",C.Product.Consumer.SP.UPS.PFCSineWave.CP1500PFCRM2U.B0B354X985,,250,DAILY_BUDGET,ENABLED,USD,192,0,0.0,0.0,0,0,0,0.0,0,0,0,0,
"Jun 14, 2025","=""47593718961821""",C.SD.Product.UPS.SmartAppOnline.B07TR6VTQ2.OL5KRTHD,,250,DAILY_BUDGET,ENABLED,USD,356,0,0.65,0.0,0,0,0,0.0,0,26,1,191,
"Aug 19, 2025","=""401081905525372""",C.Competitor.Consumer.SD.UPS.PFCSineWave.CP1500PFCRM2U.B0B354X985,,250,DAILY_BUDGET,ENABLED,USD,3117,6,18.68,89.95,1,1,0,0.0,0,15,2,0,
"May 07, 2025","=""124438051163565""",C.SD.Product.UPS.PFCSinewave.CP1500PFCLCD.B00429N19W,,450,DAILY_BUDGET,ENABLED,USD,562,0,1.56,0.0,0,0,0,0.0,0,10,1,349,
"Aug 09, 2025","=""263494384088815""",C.SD.Product.UPS.Ecologic.EC850LCD.B00DBAA696,,250,DAILY_BUDGET,ENABLED,USD,7201,6,22.46,1469.12,12,12,10,1240.58,10,102,20,1929,
"May 16, 2025","=""47593718961821""",C.SD.Product.UPS.SmartAppOnline.B07TR6VTQ2.OL5KRTHD,,250,DAILY_BUDGET,ENABLED,USD,3564,4,0.58,0.0,0,0,0,0.0,0,8,0,3472,
"Jul 10, 2025","=""38365855708871""",C.SD.Product.UPS.SmartAppLCD.B000XJLLKG.OR700LCDRM1U,,250,DAILY_BUDGET,ENABLED,USD,5212,6,28.66,1041.37,4,4,2,381.47,2,42,6,2965,
"Jul 12, 2025","=""51640494101738""",C.Product.Consumer.SP.UPS.PFCSineWave.CP1500PFCRM2U.B0B354X985,,250,DAILY_BUDGET,ENABLED,USD,77,0,0.0,0.0,0,0,0,0.0,0,0,0,0,
"Jul 25, 2025","=""263494384088815""",C.SD.Product.UPS.Ecologic.EC850LCD.B00DBAA696,,250,DAILY_BUDGET,ENABLED,USD,3480,5,14.72,799.5,5,10,5,799.5,10,83,7,1322,
"Aug 23, 2025","=""124438051163565""",C.SD.Product.UPS.PFCSinewave.CP1500PFCLCD.B00429N19W,,450,DAILY_BUDGET,ENABLED,USD,291493,129,803.33,2231.11,25,33,18,898.81,24,384,43,142128,
"May 19, 2025","=""51640494101738""",C.Product.Consumer.SP.UPS.PFCSineWave.CP1500PFCRM2U.B0B354X985,,250,DAILY_BUDGET,ENABLED,USD,145,0,0.0,0.0,0,0,0,0.0,0,0,0,0,
"May 02, 2025","=""401081905525372""",C.Competitor.Consumer.SD.UPS.PFCSineWave.CP1500PFCRM2U.B0B354X985,,250,DAILY_BUDGET,ENABLED,USD,9663,29,56.21,1099.05,3,3,2,764.1,2,67,7,0,
"Aug 17, 2025","=""287421757846510""",C.Keyword.Consumer.SD.UPS.PFCSineWave.CP1500PFCRM2U.B0B354X985,,250,DAILY_BUDGET,ENABLED,USD,4619,7,75.04,0.0,0,0,0,0.0,0,27,1,0,
"Jun 04, 2025","=""401081905525372""",C.Competitor.Consumer.SD.UPS.PFCSineWave.CP1500PFCRM2U.B0B354X985,,250,DAILY_BUDGET,ENABLED,USD,6249,15,19.05,926.75,2,5,1,719.9,2,25,2,0,
"Aug 20, 2025","=""38365855708871""",C.SD.Product.UPS.SmartAppLCD.B000XJLLKG.OR700LCDRM1U,,250,DAILY_BUDGET,ENABLED,USD,1317,2,5.49,2576.56,4,4,4,2576.56,4,25,4,733,
"Aug 04, 2025","=""38365855708871""",C.SD.Product.UPS.SmartAppLCD.B000XJLLKG.OR700LCDRM1U,,250,DAILY_BUDGET,ENABLED,USD,2064,1,5.17,464.89,3,3,1,64.99,1,39,8,1238,
"Jul 19, 2025","=""263494384088815""",C.SD.Product.UPS.Ecologic.EC850LCD.B00DBAA696,,250,DAILY_BUDGET,ENABLED,USD,4909,3,13.62,1023.69,6,7,4,427.84,4,112,11,1768,
"May 08, 2025","=""263494384088815""",C.SD.Product.UPS.Ecologic.EC850LCD.B00DBAA696,,250,DAILY_BUDGET,ENABLED,USD,839,3,1.73,467.89,2,3,2,467.89,3,28,3,474,
"Jun 23, 2025","=""47593718961821""",C.SD.Product.UPS.SmartAppOnline.B07TR6VTQ2.OL5KRTHD,,250,DAILY_BUDGET,ENABLED,USD,501,0,0.9,697.55,3,3,2,637.6,2,19,3,328,
"May 03, 2025","=""47593718961821""",C.SD.Product.UPS.SmartAppOnline.B07TR6VTQ2.OL5KRTHD,,250,DAILY_BUDGET,ENABLED,USD,395,0,1.45,0.0,0,0,0,0.0,0,3,0,300,
"Aug 03, 2025","=""263494384088815""",C.SD.Product.UPS.Ecologic.EC850LCD.B00DBAA696,,250,DAILY_BUDGET,ENABLED,USD,6209,9,20.31,1624.37,12,15,10,1341.48,12,182,23,2184,
"Jul 19, 2025","=""51640494101738""",C.Product.Consumer.SP.UPS.PFCSineWave.CP1500PFCRM2U.B0B354X985,,250,DAILY_BUDGET,ENABLED,USD,104,1,0.4,0.0,0,0,0,0.0,0,1,0,0,
"Jun 19, 2025","=""51640494101738""",C.Product.Consumer.SP.UPS.PFCSineWave.CP1500PFCRM2U.B0B354X985,,250,DAILY_BUDGET,ENABLED,USD,472,2,6.42,1059.8,4,4,2,529.9,2,9,4,0,
"Aug 08, 2025","=""124438051163565""",C.SD.Product.UPS.PFCSinewave.CP1500PFCLCD.B00429N19W,,450,DAILY_BUDGET,ENABLED,USD,151105,59,272.34,2654.78,19,21,10,1145.18,12,222,29,84070,
"Jul 06, 2025","=""263494384088815""",C.SD.Product.UPS.Ecologic.EC850LCD.B00DBAA696,,250,DAILY_BUDGET,ENABLED,USD,388965,187,2673.69,4413.48,31,53,24,3373.82,43,901,81,100062,
"Aug 03, 2025","=""51640494101738""",C.Product.Consumer.SP.UPS.PFCSineWave.CP1500PFCRM2U.B0B354X985,,250,DAILY_BUDGET,ENABLED,USD,19,1,1.39,0.0,0,0,0,0.0,0,3,0,0,
"Aug 20, 2025","=""263494384088815""",C.SD.Product.UPS.Ecologic.EC850LCD.B00DBAA696,,250,DAILY_BUDGET,ENABLED,USD,66568,44,176.09,6890.54,22,26,14,4988.19,17,422,45,19746,
"May 10, 2025","=""263494384088815""",C.SD.Product.UPS.Ecologic.EC850LCD.B00DBAA696,,250,DAILY_BUDGET,ENABLED,USD,427,0,0.72,0.0,0,0,0,0.0,0,1,0,234,
"Jul 11, 2025","=""263494384088815""",C.SD.Product.UPS.Ecologic.EC850LCD.B00DBAA696,,250,DAILY_BUDGET,ENABLED,USD,196402,111,871.89,5295.23,35,42,31,4618.53,36,790,61,63925,
"Aug 22, 2025","=""124438051163565""",C.SD.Product.UPS.PFCSinewave.CP1500PFCLCD.B00429N19W,,450,DAILY_BUDGET,ENABLED,USD,271468,118,757.23,6803.16,31,45,25,5546.66,35,386,43,124808,
"Jul 07, 2025","=""38365855708871""",C.SD.Product.UPS.SmartAppLCD.B000XJLLKG.OR700LCDRM1U,,250,DAILY_BUDGET,ENABLED,USD,20306,12,74.38,1862.62,10,10,8,1682.72,8,158,18,9930,
"Aug 06, 2025","=""287421757846510""",C.Keyword.Consumer.SD.UPS.PFCSineWave.CP1500PFCRM2U.B0B354X985,,250,DAILY_BUDGET,ENABLED,USD,192,1,0.19,0.0,0,0,0,0.0,0,1,0,0,
"Jul 14, 2025","=""38365855708871""",C.SD.Product.UPS.SmartAppLCD.B000XJLLKG.OR700LCDRM1U,,250,DAILY_BUDGET,ENABLED,USD,8993,12,29.75,561.43,3,6,2,341.48,5,42,4,4268,
"May 10, 2025","=""51640494101738""",C.Product.Consumer.SP.UPS.PFCSineWave.CP1500PFCRM2U.B0B354X985,,250,DAILY_BUDGET,ENABLED,USD,111,0,0.0,0.0,0,0,0,0.0,0,0,0,0,
"May 16, 2025","=""287421757846510""",C.Keyword.Consumer.SD.UPS.PFCSineWave.CP1500PFCRM2U.B0B354X985,,250,DAILY_BUDGET,ENABLED,USD,673,1,0.38,0.0,0,0,0,0.0,0,1,0,0,
"Jul 15, 2025","=""401081905525372""",C.Competitor.Consumer.SD.UPS.PFCSineWave.CP1500PFCRM2U.B0B354X985,,250,DAILY_BUDGET,ENABLED,USD,2105,7,10.3,359.95,1,1,0,0.0,0,16,3,0,
"Jun 11, 2025","=""401081905525372""",C.Competitor.Consumer.SD.UPS.PFCSineWave.CP1500PFCRM2U.B0B354X985,,250,DAILY_BUDGET,ENABLED,USD,9350,23,36.61,261.84,2,4,1,81.99,1,65,4,0,
"May 27, 2025","=""124438051163565""",C.SD.Product.UPS.PFCSinewave.CP1500PFCLCD.B00429N19W,,450,DAILY_BUDGET,ENABLED,USD,4723,5,9.82,1569.49,5,11,3,609.84,4,90,9,2161,
"Jul 27, 2025","=""287421757846510""",C.Keyword.Consumer.SD.UPS.PFCSineWave.CP1500PFCRM2U.B0B354X985,,250,DAILY_BUDGET,ENABLED,USD,183,0,0.0,0.0,0,0,0,0.0,0,0,0,0,
"May 28, 2025","=""401081905525372""",C.Competitor.Consumer.SD.UPS.PFCSineWave.CP1500PFCRM2U.B0B354X985,,250,DAILY_BUDGET,ENABLED,USD,16001,28,55.13,334.95,1,1,0,0.0,0,54,2,0,
"Jun 06, 2025","=""47593718961821""",C.SD.Product.UPS.SmartAppOnline.B07TR6VTQ2.OL5KRTHD,,250,DAILY_BUDGET,ENABLED,USD,1077,1,3.02,459.34,3,4,3,459.34,4,26,3,809,
"May 04, 2025","=""38365855708871""",C.SD.Product.UPS.SmartAppLCD.B000XJLLKG.OR700LCDRM1U,,250,DAILY_BUDGET,ENABLED,USD,3508,7,13.08,299.95,1,1,0,0.0,0,50,1,1791,
"Jun 23, 2025","=""38365855708871""",C.SD.Product.UPS.SmartAppLCD.B000XJLLKG.OR700LCDRM1U,,250,DAILY_BUDGET,ENABLED,USD,4160,6,17.13,4791.76,9,17,7,4611.86,15,105,14,2061,
"Jun 21, 2025","=""51640494101738""",C.Product.Consumer.SP.UPS.PFCSineWave.CP1500PFCRM2U.B0B354X985,,250,DAILY_BUDGET,ENABLED,USD,259,0,0.0,0.0,0,0,0,0.0,0,0,0,0,
"Jul 08, 2025","=""401081905525372""",C.Competitor.Consumer.SD.UPS.PFCSineWave.CP1500PFCRM2U.B0B354X985,,250,DAILY_BUDGET,ENABLED,USD,62013,117,335.58,5448.95,17,21,13,3949.2,16,338,23,0,
"Jun 08, 2025","=""47593718961821""",C.SD.Product.UPS.SmartAppOnline.B07TR6VTQ2.OL5KRTHD,,250,DAILY_BUDGET,ENABLED,USD,173,0,0.45,0.0,0,0,0,0.0,0,4,0,117,
"Aug 01, 2025","=""38365855708871""",C.SD.Product.UPS.SmartAppLCD.B000XJLLKG.OR700LCDRM1U,,250,DAILY_BUDGET,ENABLED,USD,1088,0,4.5,259.85,3,3,3,259.85,3,38,4,615,
"Jun 01, 2025","=""263494384088815""",C.SD.Product.UPS.Ecologic.EC850LCD.B00DBAA696,,250,DAILY_BUDGET,ENABLED,USD,589,0,1.02,0.0,0,0,0,0.0,0,8,0,336,
"Jul 24, 2025","=""38365855708871""",C.SD.Product.UPS.SmartAppLCD.B000XJLLKG.OR700LCDRM1U,,250,DAILY_BUDGET,ENABLED,USD,1415,1,5.88,234.7,2,6,1,219.95,1,25,1,727,
"Aug 25, 2025","=""287421757846510""",C.Keyword.Consumer.SD.UPS.PFCSineWave.CP1500PFCRM2U.B0B354X985,,250,DAILY_BUDGET,ENABLED,USD,3852,3,3.38,0.0,0,0,0,0.0,0,1,0,0,
"Jun 27, 2025","=""38365855708871""",C.SD.Product.UPS.SmartAppLCD.B000XJLLKG.OR700LCDRM1U,,250,DAILY_BUDGET,ENABLED,USD,2334,5,10.43,2257.0,8,9,4,602.17,4,80,12,1335,
"May 27, 2025","=""47593718961821""",C.SD.Product.UPS.SmartAppOnline.B07TR6VTQ2.OL5KRTHD,,250,DAILY_BUDGET,ENABLED,USD,918,2,1.87,577.65,1,1,1,577.65,1,11,0,587,
"Jul 11, 2025","=""124438051163565""",C.SD.Product.UPS.PFCSinewave.CP1500PFCLCD.B00429N19W,,450,DAILY_BUDGET,ENABLED,USD,154545,79,899.63,720.14,5,8,4,630.19,7,142,7,69635,
"Jul 04, 2025","=""51640494101738""",C.Product.Consumer.SP.UPS.PFCSineWave.CP1500PFCRM2U.B0B354X985,,250,DAILY_BUDGET,ENABLED,USD,81,0,0.0,0.0,0,0,0,0.0,0,0,0,0,
"May 26, 2025","=""38365855708871""",C.SD.Product.UPS.SmartAppLCD.B000XJLLKG.OR700LCDRM1U,,250,DAILY_BUDGET,ENABLED,USD,5280,10,16.85,1413.44,11,11,7,869.64,7,150,18,2504,
"Aug 16, 2025","=""287421757846510""",C.Keyword.Consumer.SD.UPS.PFCSineWave.CP1500PFCRM2U.B0B354X985,,250,DAILY_BUDGET,ENABLED,USD,4585,5,39.16,0.0,0,0,0,0.0,0,30,0,0,
"Jul 23, 2025","=""124438051163565""",C.SD.Product.UPS.PFCSinewave.CP1500PFCLCD.B00429N19W,,450,DAILY_BUDGET,ENABLED,USD,8990,4,30.95,1484.68,8,15,4,568.83,4,69,7,4422,
"Aug 22, 2025","=""51640494101738""",C.Product.Consumer.SP.UPS.PFCSineWave.CP1500PFCRM2U.B0B354X985,,250,DAILY_BUDGET,ENABLED,USD,36,0,0.0,0.0,0,0,0,0.0,0,0,0,0,
"Jul 14, 2025","=""124438051163565""",C.SD.Product.UPS.PFCSinewave.CP1500PFCLCD.B00429N19W,,450,DAILY_BUDGET,ENABLED,USD,77175,33,220.81,2593.97,10,12,9,745.02,11,133,11,24553,
"Jun 23, 2025","=""124438051163565""",C.SD.Product.UPS.PFCSinewave.CP1500PFCLCD.B00429N19W,,450,DAILY_BUDGET,ENABLED,USD,2193,4,7.02,896.4,7,12,6,836.45,11,74,10,1298,
"Jun 16, 2025","=""401081905525372""",C.Competitor.Consumer.SD.UPS.PFCSineWave.CP1500PFCRM2U.B0B354X985,,250,DAILY_BUDGET,ENABLED,USD,10714,12,24.1,439.9,2,2,2,439.9,2,33,4,0,
"Jun 30, 2025","=""47593718961821""",C.SD.Product.UPS.SmartAppOnline.B07TR6VTQ2.OL5KRTHD,,250,DAILY_BUDGET,ENABLED,USD,0,0,0.0,0.0,0,0,0,0.0,0,0,0,0,
"Aug 11, 2025","=""51640494101738""",C.Product.Consumer.SP.UPS.PFCSineWave.CP1500PFCRM2U.B0B354X985,,250,DAILY_BUDGET,ENABLED,USD,10,0,0.0,0.0,0,0,0,0.0,0,0,0,0,
"Jul 25, 2025","=""51640494101738""",C.Product.Consumer.SP.UPS.PFCSineWave.CP1500PFCRM2U.B0B354X985,,250,DAILY_BUDGET,ENABLED,USD,150,1,0.43,0.0,0,0,0,0.0,0,1,0,0,
"Jul 10, 2025","=""263494384088815""",C.SD.Product.UPS.Ecologic.EC850LCD.B00DBAA696,,250,DAILY_BUDGET,ENABLED,USD,149964,87,897.23,11576.27,35,59,21,5546.67,31,469,41,60214,
"Jun 29, 2025","=""51640494101738""",C.Product.Consumer.SP.UPS.PFCSineWave.CP1500PFCRM2U.B0B354X985,,250,DAILY_BUDGET,ENABLED,USD,87,0,0.0,0.0,0,0,0,0.0,0,0,0,0,
"Aug 15, 2025","=""51640494101738""",C.Product.Consumer.SP.UPS.PFCSineWave.CP1500PFCRM2U.B0B354X985,,250,DAILY_BUDGET,ENABLED,USD,48,0,0.0,0.0,0,0,0,0.0,0,1,0,0,
"Aug 18, 2025","=""124438051163565""",C.SD.Product.UPS.PFCSinewave.CP1500PFCLCD.B00429N19W,,450,DAILY_BUDGET,ENABLED,USD,412245,150,1201.96,7768.04,35,55,24,3303.96,35,486,42,175204,
"Jun 05, 2025","=""51640494101738""",C.Product.Consumer.SP.UPS.PFCSineWave.CP1500PFCRM2U.B0B354X985,,250,DAILY_BUDGET,ENABLED,USD,94,0,0.0,0.0,0,0,0,0.0,0,0,0,0,
"Jun 24, 2025","=""401081905525372""",C.Competitor.Consumer.SD.UPS.PFCSineWave.CP1500PFCRM2U.B0B354X985,,250,DAILY_BUDGET,ENABLED,USD,1365,3,2.14,0.0,0,0,0,0.0,0,8,0,0,
"Jun 05, 2025","=""124438051163565""",C.SD.Product.UPS.PFCSinewave.CP1500PFCLCD.B00429N19W,,450,DAILY_BUDGET,ENABLED,USD,1973,1,5.03,1128.96,6,6,2,336.23,2,62,6,1162,
"May 07, 2025","=""287421757846510""",C.Keyword.Consumer.SD.UPS.PFCSineWave.CP1500PFCRM2U.B0B354X985,,250,DAILY_BUDGET,ENABLED,USD,1839,1,2.16,299.95,1,1,1,299.95,1,3,1,0,
"Jun 09, 2025","=""51640494101738""",C.Product.Consumer.SP.UPS.PFCSineWave.CP1500PFCRM2U.B0B354X985,,250,DAILY_BUDGET,ENABLED,USD,35,0,0.0,0.0,0,0,0,0.0,0,0,0,0,
"Jun 25, 2025","=""38365855708871""",C.SD.Product.UPS.SmartAppLCD.B000XJLLKG.OR700LCDRM1U,,250,DAILY_BUDGET,ENABLED,USD,4124,8,17.22,3710.12,11,12,8,3313.09,9,107,10,1999,
"Jun 28, 2025","=""51640494101738""",C.Product.Consumer.SP.UPS.PFCSineWave.CP1500PFCRM2U.B0B354X985,,250,DAILY_BUDGET,ENABLED,USD,86,0,0.0,0.0,0,0,0,0.0,0,0,0,0,
"Aug 17, 2025","=""401081905525372""",C.Competitor.Consumer.SD.UPS.PFCSineWave.CP1500PFCRM2U.B0B354X985,,250,DAILY_BUDGET,ENABLED,USD,2810,4,7.84,0.0,0,0,0,0.0,0,3,0,0,
"Jul 03, 2025","=""263494384088815""",C.SD.Product.UPS.Ecologic.EC850LCD.B00DBAA696,,250,DAILY_BUDGET,ENABLED,USD,187793,84,1008.69,6505.38,10,17,8,5923.68,11,272,24,48278,
"May 09, 2025","=""263494384088815""",C.SD.Product.UPS.Ecologic.EC850LCD.B00DBAA696,,250,DAILY_BUDGET,ENABLED,USD,643,0,1.43,313.64,2,6,1,43.89,1,21,4,373,
"May 14, 2025","=""263494384088815""",C.SD.Product.UPS.Ecologic.EC850LCD.B00DBAA696,,250,DAILY_BUDGET,ENABLED,USD,1138,0,1.91,0.0,0,0,0,0.0,0,21,0,544,
"Aug 04, 2025","=""401081905525372""",C.Competitor.Consumer.SD.UPS.PFCSineWave.CP1500PFCRM2U.B0B354X985,,250,DAILY_BUDGET,ENABLED,USD,1365,2,4.65,0.0,0,0,0,0.0,0,4,0,0,
"Jul 02, 2025","=""263494384088815""",C.SD.Product.UPS.Ecologic.EC850LCD.B00DBAA696,,250,DAILY_BUDGET,ENABLED,USD,1574,4,2.73,1171.34,5,7,3,436.5,3,38,7,787,
"Jul 30, 2025","=""263494384088815""",C.SD.Product.UPS.Ecologic.EC850LCD.B00DBAA696,,250,DAILY_BUDGET,ENABLED,USD,11875,12,40.16,5841.11,29,41,23,3857.11,27,280,34,4401,
"Jul 24, 2025","=""401081905525372""",C.Competitor.Consumer.SD.UPS.PFCSineWave.CP1500PFCRM2U.B0B354X985,,250,DAILY_BUDGET,ENABLED,USD,5052,8,10.35,0.0,0,0,0,0.0,0,13,0,0,
"Aug 17, 2025","=""51640494101738""",C.Product.Consumer.SP.UPS.PFCSineWave.CP1500PFCRM2U.B0B354X985,,250,DAILY_BUDGET,ENABLED,USD,22,0,0.0,0.0,0,0,0,0.0,0,0,0,0,
"May 01, 2025","=""47593718961821""",C.SD.Product.UPS.SmartAppOnline.B07TR6VTQ2.OL5KRTHD,,250,DAILY_BUDGET,ENABLED,USD,16717,3,16.74,53.95,1,1,1,53.95,1,21,2,15818,
"May 10, 2025","=""38365855708871""",C.SD.Product.UPS.SmartAppLCD.B000XJLLKG.OR700LCDRM1U,,250,DAILY_BUDGET,ENABLED,USD,3682,6,13.8,194.95,2,2,2,194.95,2,42,5,2101,
"Aug 07, 2025","=""401081905525372""",C.Competitor.Consumer.SD.UPS.PFCSineWave.CP1500PFCRM2U.B0B354X985,,250,DAILY_BUDGET,ENABLED,USD,1757,2,2.69,0.0,0,0,0,0.0,0,2,0,0,
"May 29, 2025","=""263494384088815""",C.SD.Product.UPS.Ecologic.EC850LCD.B00DBAA696,,250,DAILY_BUDGET,ENABLED,USD,5893,6,8.8,883.86,6,8,5,665.96,6,73,10,3100,
"May 25, 2025","=""51640494101738""",C.Product.Consumer.SP.UPS.PFCSineWave.CP1500PFCRM2U.B0B354X985,,250,DAILY_BUDGET,ENABLED,USD,133,0,0.0,0.0,0,0,0,0.0,0,0,0,0,
"May 29, 2025","=""51640494101738""",C.Product.Consumer.SP.UPS.PFCSineWave.CP1500PFCRM2U.B0B354X985,,250,DAILY_BUDGET,ENABLED,USD,71,0,0.0,0.0,0,0,0,0.0,0,0,0,0,
"Aug 14, 2025","=""401081905525372""",C.Competitor.Consumer.SD.UPS.PFCSineWave.CP1500PFCRM2U.B0B354X985,,250,DAILY_BUDGET,ENABLED,USD,2201,7,19.01,0.0,0,0,0,0.0,0,7,0,0,
"Jun 29, 2025","=""401081905525372""",C.Competitor.Consumer.SD.UPS.PFCSineWave.CP1500PFCRM2U.B0B354X985,,250,DAILY_BUDGET,ENABLED,USD,826,0,0.0,0.0,0,0,0,0.0,0,1,0,0,
"May 31, 2025","=""287421757846510""",C.Keyword.Consumer.SD.UPS.PFCSineWave.CP1500PFCRM2U.B0B354X985,,250,DAILY_BUDGET,ENABLED,USD,451,1,1.87,0.0,0,0,0,0.0,0,9,0,0,
"Jun 25, 2025","=""263494384088815""",C.SD.Product.UPS.Ecologic.EC850LCD.B00DBAA696,,250,DAILY_BUDGET,ENABLED,USD,1496,3,2.36,6959.23,15,22,9,1344.47,13,101,14,657,
"May 27, 2025","=""287421757846510""",C.Keyword.Consumer.SD.UPS.PFCSineWave.CP1500PFCRM2U.B0B354X985,,250,DAILY_BUDGET,ENABLED,USD,902,1,1.33,0.0,0,0,0,0.0,0,1,0,0,
"Jul 07, 2025","=""124438051163565""",C.SD.Product.UPS.PFCSinewave.CP1500PFCLCD.B00429N19W,,450,DAILY_BUDGET,ENABLED,USD,1335839,361,11017.59,7909.03,59,67,47,6064.78,53,1204,108,401419,
"Jul 20, 2025","=""124438051163565""",C.SD.Product.UPS.PFCSinewave.CP1500PFCLCD.B00429N19W,,450,DAILY_BUDGET,ENABLED,USD,7964,1,21.95,555.81,4,5,3,351.83,3,43,7,4041,
"Jun 01, 2025","=""124438051163565""",C.SD.Product.UPS.PFCSinewave.CP1500PFCLCD.B00429N19W,,450,DAILY_BUDGET,ENABLED,USD,680,3,2.24,479.58,2,2,1,239.63,1,23,1,447,
"Jun 01, 2025","=""47593718961821""",C.SD.Product.UPS.SmartAppOnline.B07TR6VTQ2.OL5KRTHD,,250,DAILY_BUDGET,ENABLED,USD,316,1,0.74,89.99,1,1,1,89.99,1,6,0,211,
"Aug 12, 2025","=""51640494101738""",C.Product.Consumer.SP.UPS.PFCSineWave.CP1500PFCRM2U.B0B354X985,,250,DAILY_BUDGET,ENABLED,USD,44,0,0.0,0.0,0,0,0,0.0,0,0,0,0,
"Jul 19, 2025","=""38365855708871""",C.SD.Product.UPS.SmartAppLCD.B000XJLLKG.OR700LCDRM1U,,250,DAILY_BUDGET,ENABLED,USD,808,1,3.64,509.9,2,2,2,509.9,2,11,3,430,
"Jun 24, 2025","=""38365855708871""",C.SD.Product.UPS.SmartAppLCD.B000XJLLKG.OR700LCDRM1U,,250,DAILY_BUDGET,ENABLED,USD,3907,2,15.28,1578.44,10,12,8,1240.59,9,96,12,1986,
"Jul 04, 2025","=""38365855708871""",C.SD.Product.UPS.SmartAppLCD.B000XJLLKG.OR700LCDRM1U,,250,DAILY_BUDGET,ENABLED,USD,12914,5,48.43,1599.76,13,13,10,966.07,10,169,22,6092,
"Aug 10, 2025","=""51640494101738""",C.Product.Consumer.SP.UPS.PFCSineWave.CP1500PFCRM2U.B0B354X985,,250,DAILY_BUDGET,ENABLED,USD,9,0,0.0,0.0,0,0,0,0.0,0,0,0,0,
"Jul 18, 2025","=""263494384088815""",C.SD.Product.UPS.Ecologic.EC850LCD.B00DBAA696,,250,DAILY_BUDGET,ENABLED,USD,6315,10,19.64,3251.48,12,22,6,1771.14,8,169,20,2417,
"May 04, 2025","=""47593718961821""",C.SD.Product.UPS.SmartAppOnline.B07TR6VTQ2.OL5KRTHD,,250,DAILY_BUDGET,ENABLED,USD,852,1,2.14,0.0,0,0,0,0.0,0,1,0,633,
"Jul 04, 2025","=""401081905525372""",C.Competitor.Consumer.SD.UPS.PFCSineWave.CP1500PFCRM2U.B0B354X985,,250,DAILY_BUDGET,ENABLED,USD,3446,6,29.47,0.0,0,0,0,0.0,0,20,3,0,
"May 05, 2025","=""47593718961821""",C.SD.Product.UPS.SmartAppOnline.B07TR6VTQ2.OL5KRTHD,,250,DAILY_BUDGET,ENABLED,USD,1351,1,3.46,0.0,0,0,0,0.0,0,7,0,998,
"May 08, 2025","=""287421757846510""",C.Keyword.Consumer.SD.UPS.PFCSineWave.CP1500PFCRM2U.B0B354X985,,250,DAILY_BUDGET,ENABLED,USD,1794,1,5.83,334.95,1,1,1,334.95,1,7,1,0,
"Jul 01, 2025","=""401081905525372""",C.Competitor.Consumer.SD.UPS.PFCSineWave.CP1500PFCRM2U.B0B354X985,,250,DAILY_BUDGET,ENABLED,USD,1684,0,0.0,0.0,0,0,0,0.0,0,0,0,0,
"May 19, 2025","=""38365855708871""",C.SD.Product.UPS.SmartAppLCD.B000XJLLKG.OR700LCDRM1U,,250,DAILY_BUDGET,ENABLED,USD,4153,5,13.05,1935.03,7,9,5,1069.55,7,92,17,2124,
"Jun 12, 2025","=""124438051163565""",C.SD.Product.UPS.PFCSinewave.CP1500PFCLCD.B00429N19W,,450,DAILY_BUDGET,ENABLED,USD,1362,2,3.85,290.85,1,3,1,290.85,3,24,2,888,
"Jul 13, 2025","=""263494384088815""",C.SD.Product.UPS.Ecologic.EC850LCD.B00DBAA696,,250,DAILY_BUDGET,ENABLED,USD,118207,53,291.93,4203.97,18,21,11,1592.07,11,326,25,29103,
"May 17, 2025","=""47593718961821""",C.SD.Product.UPS.SmartAppOnline.B07TR6VTQ2.OL5KRTHD,,250,DAILY_BUDGET,ENABLED,USD,276,0,0.78,0.0,0,0,0,0.0,0,1,0,230,
"Aug 06, 2025","=""401081905525372""",C.Competitor.Consumer.SD.UPS.PFCSineWave.CP1500PFCRM2U.B0B354X985,,250,DAILY_BUDGET,ENABLED,USD,2037,2,7.08,0.0,0,0,0,0.0,0,2,0,0,
"May 12, 2025","=""287421757846510""",C.Keyword.Consumer.SD.UPS.PFCSineWave.CP1500PFCRM2U.B0B354X985,,250,DAILY_BUDGET,ENABLED,USD,1547,0,0.0,0.0,0,0,0,0.0,0,0,0,0,
"Jun 15, 2025","=""47593718961821""",C.SD.Product.UPS.SmartAppOnline.B07TR6VTQ2.OL5KRTHD,,250,DAILY_BUDGET,ENABLED,USD,147,0,0.24,108.95,1,1,0,0.0,0,4,1,87,
"May 25, 2025","=""124438051163565""",C.SD.Product.UPS.PFCSinewave.CP1500PFCLCD.B00429N19W,,450,DAILY_BUDGET,ENABLED,USD,1574,4,3.22,0.0,0,0,0,0.0,0,30,1,972,
"Aug 07, 2025","=""263494384088815""",C.SD.Product.UPS.Ecologic.EC850LCD.B00DBAA696,,250,DAILY_BUDGET,ENABLED,USD,28636,28,80.37,17700.8,47,81,38,14021.3,51,622,77,8260,
"Jul 21, 2025","=""124438051163565""",C.SD.Product.UPS.PFCSinewave.CP1500PFCLCD.B00429N19W,,450,DAILY_BUDGET,ENABLED,USD,11841,4,33.71,1247.58,11,19,9,667.98,11,112,12,5247,
"Jul 21, 2025","=""287421757846510""",C.Keyword.Consumer.SD.UPS.PFCSineWave.CP1500PFCRM2U.B0B354X985,,250,DAILY_BUDGET,ENABLED,USD,148,0,0.0,0.0,0,0,0,0.0,0,0,0,0,
"Jul 23, 2025","=""263494384088815""",C.SD.Product.UPS.Ecologic.EC850LCD.B00DBAA696,,250,DAILY_BUDGET,ENABLED,USD,2720,5,11.95,549.98,6,6,4,430.03,4,44,7,1075,
"May 27, 2025","=""401081905525372""",C.Competitor.Consumer.SD.UPS.PFCSineWave.CP1500PFCRM2U.B0B354X985,,250,DAILY_BUDGET,ENABLED,USD,16022,32,51.46,1089.9,3,3,3,1089.9,3,77,6,0,
"Aug 02, 2025","=""263494384088815""",C.SD.Product.UPS.Ecologic.EC850LCD.B00DBAA696,,250,DAILY_BUDGET,ENABLED,USD,5752,8,19.82,1913.96,8,15,5,1014.46,5,160,15,2275,
