Date,Campaign ID,Campaign name,Campaign currency code,Campaign budget amount,Campaign budget type,Campaign delivery status,Budget currency,Impressions,Clicks,Total cost,Sales,Purchases,Units sold,Purchases (new to brand),Sales (new to brand),Units sold (new to brand),Detail page views,Add to cart,Viewable impressions,Viewable rate
"Jan 16, 2026","=""318904892472489""",B00429N18S_SD_Consideration_CXT-Category-Competitive brands_cpc_20251230,,450,DAILY_BUDGET,PAUSED,USD,269,1,41.21,239.95,1,1,1,239.95,1,3,2,0,
"Feb 07, 2026","=""378661668519490""",B00429N18S_SD_Consideration_AUDT-Similar products views remarketing_cpc_20251230,,450,DAILY_BUDGET,PAUSED,USD,0,0,0.0,0.0,0,0,0,0.0,0,1,0,0,
"Feb 10, 2026","=""520906012389097""",B00429N18S_SD_Consideration_CXT-Similar products_cpc_20251230,,450,DAILY_BUDGET,PAUSED,USD,0,0,0.0,0.0,0,0,0,0.0,0,0,0,0,
"Mar 18, 2026","=""296198269696664""",C.SD.Keyword.UPS.IntelligentLCD.CP1500AVRLCD3.B0BCMLLSHL,,250,DAILY_BUDGET,ENABLED,USD,0,0,0.0,0.0,0,0,0,0.0,0,2,0,0,
"Jan 29, 2026","=""378661668519490""",B00429N18S_SD_Consideration_AUDT-Similar products views remarketing_cpc_20251230,,450,DAILY_BUDGET,PAUSED,USD,171748,255,918.96,0.0,0,0,0,0.0,0,189,0,0,
"Feb 08, 2026","=""382929702717487""",B00429N18S_SD_Awareness_AUDT-Complementary category views remarketing_vcpm_20251230,,450,DAILY_BUDGET,PAUSED,USD,0,0,0.0,0.0,0,0,0,0.0,0,1,0,0,
"Jan 06, 2026","=""560720574941385""",B00429N18S_SD_Conversion_AUDT-purchase remarketing-promoted products-key promoted products_cpc_20251230,,96,DAILY_BUDGET,PAUSED,USD,7090,17,14.9,938.33,4,4,0,0.0,0,93,4,0,
"Jan 10, 2026","=""339355478634336""",B00429N18S_SD_Consideration_AUDT-Competitive brands views remarketing_cpc_20251230,,450,DAILY_BUDGET,PAUSED,USD,0,0,0.0,0.0,0,0,0,0.0,0,0,0,0,
"Feb 21, 2026","=""170474248246250""",C.SD.Product.UPS.IntelligentLCD.CP1500AVRLCD3.B0BCMLLSHL,,250,DAILY_BUDGET,ENABLED,USD,17164,32,61.1,2045.54,8,10,5,1055.74,6,84,11,7064,
"Jan 04, 2026","=""296198269696664""",C.SD.Keyword.UPS.IntelligentLCD.CP1500AVRLCD3.B0BCMLLSHL,,250,DAILY_BUDGET,ENABLED,USD,0,0,0.0,0.0,0,0,0,0.0,0,4,0,0,
"Feb 18, 2026","=""170474248246250""",C.SD.Product.UPS.IntelligentLCD.CP1500AVRLCD3.B0BCMLLSHL,,250,DAILY_BUDGET,ENABLED,USD,22206,25,71.36,2582.0,7,8,4,909.75,5,50,5,10931,
"Feb 04, 2026","=""462435011616528""",B00429N18S_SD_Consideration_AUDT-Promoted category views remarketing_cpc_20251230,,450,DAILY_BUDGET,PAUSED,USD,0,0,0.0,0.0,0,0,0,0.0,0,1,0,0,
"Jan 07, 2026","=""339355478634336""",B00429N18S_SD_Consideration_AUDT-Competitive brands views remarketing_cpc_20251230,,450,DAILY_BUDGET,PAUSED,USD,54008,39,163.23,0.0,0,0,0,0.0,0,30,2,0,
"Feb 15, 2026","=""382929702717487""",B00429N18S_SD_Awareness_AUDT-Complementary category views remarketing_vcpm_20251230,,450,DAILY_BUDGET,PAUSED,USD,0,0,0.0,0.0,0,0,0,0.0,0,1,0,0,
"Jan 22, 2026","=""318904892472489""",B00429N18S_SD_Consideration_CXT-Category-Competitive brands_cpc_20251230,,450,DAILY_BUDGET,PAUSED,USD,172,0,0.0,0.0,0,0,0,0.0,0,0,0,0,
"Feb 15, 2026","=""560720574941385""",B00429N18S_SD_Conversion_AUDT-purchase remarketing-promoted products-key promoted products_cpc_20251230,,96,DAILY_BUDGET,PAUSED,USD,0,0,0.0,0.0,0,0,0,0.0,0,0,0,0,
"Jan 22, 2026","=""520906012389097""",B00429N18S_SD_Consideration_CXT-Similar products_cpc_20251230,,450,DAILY_BUDGET,PAUSED,USD,18665,20,75.02,0.0,0,0,0,0.0,0,21,1,0,
"Jan 07, 2026","=""124438051163565""",C.SD.Product.UPS.PFCSinewave.CP1500PFCLCD.B00429N19W,,450,DAILY_BUDGET,ENABLED,USD,130806,43,510.3,326.32,3,3,3,326.32,3,87,4,37644,
"Mar 20, 2026","=""296198269696664""",C.SD.Keyword.UPS.IntelligentLCD.CP1500AVRLCD3.B0BCMLLSHL,,250,DAILY_BUDGET,ENABLED,USD,0,0,0.0,0.0,0,0,0,0.0,0,1,0,0,
"Feb 11, 2026","=""414479380999065""",B00429N18S_SD_Defense_CXT-Category-Segmented category brand_vcpm_20251230,,530,DAILY_BUDGET,PAUSED,USD,0,0,0.0,0.0,0,0,0,0.0,0,0,0,0,
"Feb 02, 2026","=""378661668519490""",B00429N18S_SD_Consideration_AUDT-Similar products views remarketing_cpc_20251230,,450,DAILY_BUDGET,PAUSED,USD,108102,124,454.81,329.9,2,2,1,89.95,1,80,6,0,
"Jan 28, 2026","=""378661668519490""",B00429N18S_SD_Consideration_AUDT-Similar products views remarketing_cpc_20251230,,450,DAILY_BUDGET,PAUSED,USD,158511,152,1399.36,0.0,0,0,0,0.0,0,104,1,0,
"Jan 21, 2026","=""413728361555554""",B00429N18S_SD_Consideration_CXT-Competitive products recommended by Xnurta_cpc_20251230,,75,DAILY_BUDGET,PAUSED,USD,3375,3,12.69,0.0,0,0,0,0.0,0,2,0,0,
"Jan 16, 2026","=""462435011616528""",B00429N18S_SD_Consideration_AUDT-Promoted category views remarketing_cpc_20251230,,450,DAILY_BUDGET,PAUSED,USD,125713,155,1035.31,0.0,0,0,0,0.0,0,172,2,0,
"Feb 01, 2026","=""462435011616528""",B00429N18S_SD_Consideration_AUDT-Promoted category views remarketing_cpc_20251230,,450,DAILY_BUDGET,PAUSED,USD,73620,89,454.86,0.0,0,0,0,0.0,0,51,1,0,
"Jan 26, 2026","=""560720574941385""",B00429N18S_SD_Conversion_AUDT-purchase remarketing-promoted products-key promoted products_cpc_20251230,,96,DAILY_BUDGET,PAUSED,USD,0,0,0.0,0.0,0,0,0,0.0,0,0,0,0,
"Feb 10, 2026","=""296198269696664""",C.SD.Keyword.UPS.IntelligentLCD.CP1500AVRLCD3.B0BCMLLSHL,,250,DAILY_BUDGET,ENABLED,USD,0,0,0.0,0.0,0,0,0,0.0,0,1,0,0,
"Feb 16, 2026","=""378661668519490""",B00429N18S_SD_Consideration_AUDT-Similar products views remarketing_cpc_20251230,,450,DAILY_BUDGET,PAUSED,USD,0,0,0.0,0.0,0,0,0,0.0,0,2,0,0,
"Jan 29, 2026","=""425759037435957""",B00429N18S_SD_Conversion_AUDT-Promoted product views remarketing_cpc_20251230,,450,DAILY_BUDGET,PAUSED,USD,169298,217,900.9,239.95,1,1,1,239.95,1,222,7,0,
"Feb 07, 2026","=""560720574941385""",B00429N18S_SD_Conversion_AUDT-purchase remarketing-promoted products-key promoted products_cpc_20251230,,96,DAILY_BUDGET,PAUSED,USD,0,0,0.0,0.0,0,0,0,0.0,0,1,0,0,
"Feb 04, 2026","=""263494384088815""",C.SD.Product.UPS.Ecologic.EC850LCD.B00DBAA696,,250,DAILY_BUDGET,ENABLED,USD,0,0,0.0,0.0,0,0,0,0.0,0,1,0,0,
"Jan 21, 2026","=""414479380999065""",B00429N18S_SD_Defense_CXT-Category-Segmented category brand_vcpm_20251230,,530,DAILY_BUDGET,PAUSED,USD,617,3,4.76,1984.62,3,3,2,1924.67,2,24,3,234,
"Feb 13, 2026","=""263494384088815""",C.SD.Product.UPS.Ecologic.EC850LCD.B00DBAA696,,250,DAILY_BUDGET,ENABLED,USD,40537,47,167.37,1019.7,5,6,4,799.75,5,110,11,15998,
"Jan 25, 2026","=""441244082318393""",B00429N18S_SD_Awareness_CXT-Complementary category_vcpm_20251230,,450,DAILY_BUDGET,PAUSED,USD,0,0,0.0,0.0,0,0,0,0.0,0,0,0,0,
"Jan 08, 2026","=""462435011616528""",B00429N18S_SD_Consideration_AUDT-Promoted category views remarketing_cpc_20251230,,450,DAILY_BUDGET,PAUSED,USD,0,0,0.0,0.0,0,0,0,0.0,0,0,0,0,
"Mar 17, 2026","=""263494384088815""",C.SD.Product.UPS.Ecologic.EC850LCD.B00DBAA696,,250,DAILY_BUDGET,ENABLED,USD,114351,130,368.49,3813.94,29,31,26,3615.37,28,446,42,38756,
"Feb 05, 2026","=""425759037435957""",B00429N18S_SD_Conversion_AUDT-Promoted product views remarketing_cpc_20251230,,450,DAILY_BUDGET,PAUSED,USD,0,0,0.0,0.0,0,0,0,0.0,0,0,0,0,
"Jan 24, 2026","=""382929702717487""",B00429N18S_SD_Awareness_AUDT-Complementary category views remarketing_vcpm_20251230,,450,DAILY_BUDGET,PAUSED,USD,0,0,0.0,0.0,0,0,0,0.0,0,0,0,0,
"Jan 15, 2026","=""441244082318393""",B00429N18S_SD_Awareness_CXT-Complementary category_vcpm_20251230,,450,DAILY_BUDGET,PAUSED,USD,0,0,0.0,0.0,0,0,0,0.0,0,0,0,0,
"Jan 12, 2026","=""303378536736811""",B00429N18S_SD_Consideration_AUDT-Promoted brand views remarketing_cpc_20251230,,450,DAILY_BUDGET,PAUSED,USD,0,0,0.0,0.0,0,0,0,0.0,0,1,0,0,
"Jan 23, 2026","=""520906012389097""",B00429N18S_SD_Consideration_CXT-Similar products_cpc_20251230,,450,DAILY_BUDGET,PAUSED,USD,0,0,0.0,0.0,0,0,0,0.0,0,0,0,0,
"Feb 07, 2026","=""382929702717487""",B00429N18S_SD_Awareness_AUDT-Complementary category views remarketing_vcpm_20251230,,450,DAILY_BUDGET,PAUSED,USD,0,0,0.0,0.0,0,0,0,0.0,0,0,0,0,
"Feb 02, 2026","=""425759037435957""",B00429N18S_SD_Conversion_AUDT-Promoted product views remarketing_cpc_20251230,,450,DAILY_BUDGET,PAUSED,USD,67166,77,429.99,179.95,1,1,1,179.95,1,73,3,0,
"Jan 20, 2026","=""520906012389097""",B00429N18S_SD_Consideration_CXT-Similar products_cpc_20251230,,450,DAILY_BUDGET,PAUSED,USD,0,0,0.0,0.0,0,0,0,0.0,0,0,0,0,
"Mar 06, 2026","=""263494384088815""",C.SD.Product.UPS.Ecologic.EC850LCD.B00DBAA696,,250,DAILY_BUDGET,ENABLED,USD,86990,52,249.95,1016.34,4,4,2,860.9,2,93,5,26902,
"Mar 05, 2026","=""124438051163565""",C.SD.Product.UPS.PFCSinewave.CP1500PFCLCD.B00429N19W,,450,DAILY_BUDGET,ENABLED,USD,0,0,0.0,0.0,0,0,0,0.0,0,1,0,0,
"Jan 13, 2026","=""382929702717487""",B00429N18S_SD_Awareness_AUDT-Complementary category views remarketing_vcpm_20251230,,450,DAILY_BUDGET,PAUSED,USD,0,0,0.0,0.0,0,0,0,0.0,0,0,0,0,
"Mar 20, 2026","=""263494384088815""",C.SD.Product.UPS.Ecologic.EC850LCD.B00DBAA696,,250,DAILY_BUDGET,ENABLED,USD,176253,164,470.49,2243.19,19,20,14,1543.39,14,386,33,53977,
"Jan 22, 2026","=""303378536736811""",B00429N18S_SD_Consideration_AUDT-Promoted brand views remarketing_cpc_20251230,,450,DAILY_BUDGET,PAUSED,USD,108721,109,976.26,839.8,4,4,3,659.85,3,108,7,0,
"Feb 22, 2026","=""170474248246250""",C.SD.Product.UPS.IntelligentLCD.CP1500AVRLCD3.B0BCMLLSHL,,250,DAILY_BUDGET,ENABLED,USD,26224,34,76.14,475.8,3,4,3,475.8,4,77,6,9812,
"Feb 11, 2026","=""382929702717487""",B00429N18S_SD_Awareness_AUDT-Complementary category views remarketing_vcpm_20251230,,450,DAILY_BUDGET,PAUSED,USD,0,0,0.0,0.0,0,0,0,0.0,0,0,0,0,
"Feb 09, 2026","=""425759037435957""",B00429N18S_SD_Conversion_AUDT-Promoted product views remarketing_cpc_20251230,,450,DAILY_BUDGET,PAUSED,USD,0,0,0.0,0.0,0,0,0,0.0,0,3,0,0,
"Jan 18, 2026","=""414479380999065""",B00429N18S_SD_Defense_CXT-Category-Segmented category brand_vcpm_20251230,,530,DAILY_BUDGET,PAUSED,USD,0,0,0.0,0.0,0,0,0,0.0,0,0,0,0,
"Jan 29, 2026","=""339355478634336""",B00429N18S_SD_Consideration_AUDT-Competitive brands views remarketing_cpc_20251230,,450,DAILY_BUDGET,PAUSED,USD,254432,273,913.35,750.9,2,2,1,340.95,1,151,5,0,
"Mar 21, 2026","=""170474248246250""",C.SD.Product.UPS.IntelligentLCD.CP1500AVRLCD3.B0BCMLLSHL,,250,DAILY_BUDGET,ENABLED,USD,137734,240,329.71,2305.18,7,7,6,2105.23,6,423,16,42605,
"Jan 30, 2026","=""462435011616528""",B00429N18S_SD_Consideration_AUDT-Promoted category views remarketing_cpc_20251230,,450,DAILY_BUDGET,PAUSED,USD,148638,149,901.36,179.95,1,1,0,0.0,0,157,4,0,
"Feb 01, 2026","=""303378536736811""",B00429N18S_SD_Consideration_AUDT-Promoted brand views remarketing_cpc_20251230,,450,DAILY_BUDGET,PAUSED,USD,131762,180,461.59,576.85,3,3,1,96.95,1,137,5,0,
"Feb 07, 2026","=""441244082318393""",B00429N18S_SD_Awareness_CXT-Complementary category_vcpm_20251230,,450,DAILY_BUDGET,PAUSED,USD,0,0,0.0,0.0,0,0,0,0.0,0,0,0,0,
"Jan 12, 2026","=""124438051163565""",C.SD.Product.UPS.PFCSinewave.CP1500PFCLCD.B00429N19W,,450,DAILY_BUDGET,ENABLED,USD,0,0,0.0,0.0,0,0,0,0.0,0,0,0,0,
"Feb 13, 2026","=""339355478634336""",B00429N18S_SD_Consideration_AUDT-Competitive brands views remarketing_cpc_20251230,,450,DAILY_BUDGET,PAUSED,USD,0,0,0.0,0.0,0,0,0,0.0,0,1,0,0,
"Jan 29, 2026","=""382929702717487""",B00429N18S_SD_Awareness_AUDT-Complementary category views remarketing_vcpm_20251230,,450,DAILY_BUDGET,PAUSED,USD,191725,175,898.41,771.84,4,4,2,599.9,2,197,7,132048,
"Jan 30, 2026","=""339355478634336""",B00429N18S_SD_Consideration_AUDT-Competitive brands views remarketing_cpc_20251230,,450,DAILY_BUDGET,PAUSED,USD,356233,333,896.89,479.9,2,2,2,479.9,2,270,6,0,
"Feb 15, 2026","=""425759037435957""",B00429N18S_SD_Conversion_AUDT-Promoted product views remarketing_cpc_20251230,,450,DAILY_BUDGET,PAUSED,USD,0,0,0.0,0.0,0,0,0,0.0,0,1,0,0,
"Feb 22, 2026","=""462435011616528""",B00429N18S_SD_Consideration_AUDT-Promoted category views remarketing_cpc_20251230,,450,DAILY_BUDGET,PAUSED,USD,0,0,0.0,0.0,0,0,0,0.0,0,1,0,0,
"Feb 18, 2026","=""414479380999065""",B00429N18S_SD_Defense_CXT-Category-Segmented category brand_vcpm_20251230,,530,DAILY_BUDGET,PAUSED,USD,0,0,0.0,0.0,0,0,0,0.0,0,2,0,0,
"Mar 24, 2026","=""287421757846510""",C.Keyword.Consumer.SD.UPS.PFCSineWave.CP1500PFCRM2U.B0B354X985,,250,DAILY_BUDGET,ENABLED,USD,0,0,0.0,0.0,0,0,0,0.0,0,0,0,0,
"Jan 07, 2026","=""303378536736811""",B00429N18S_SD_Consideration_AUDT-Promoted brand views remarketing_cpc_20251230,,450,DAILY_BUDGET,PAUSED,USD,61476,73,170.1,0.0,0,0,0,0.0,0,59,0,0,
"Jan 12, 2026","=""560720574941385""",B00429N18S_SD_Conversion_AUDT-purchase remarketing-promoted products-key promoted products_cpc_20251230,,96,DAILY_BUDGET,PAUSED,USD,0,0,0.0,0.0,0,0,0,0.0,0,0,0,0,
"Jan 22, 2026","=""414479380999065""",B00429N18S_SD_Defense_CXT-Category-Segmented category brand_vcpm_20251230,,530,DAILY_BUDGET,PAUSED,USD,223,0,0.84,0.0,0,0,0,0.0,0,2,0,72,
"Feb 19, 2026","=""425759037435957""",B00429N18S_SD_Conversion_AUDT-Promoted product views remarketing_cpc_20251230,,450,DAILY_BUDGET,PAUSED,USD,0,0,0.0,0.0,0,0,0,0.0,0,1,0,0,
"Feb 11, 2026","=""441244082318393""",B00429N18S_SD_Awareness_CXT-Complementary category_vcpm_20251230,,450,DAILY_BUDGET,PAUSED,USD,0,0,0.0,0.0,0,0,0,0.0,0,0,0,0,
"Jan 17, 2026","=""462435011616528""",B00429N18S_SD_Consideration_AUDT-Promoted category views remarketing_cpc_20251230,,450,DAILY_BUDGET,PAUSED,USD,0,0,0.0,0.0,0,0,0,0.0,0,0,0,0,
"Jan 12, 2026","=""378661668519490""",B00429N18S_SD_Consideration_AUDT-Similar products views remarketing_cpc_20251230,,450,DAILY_BUDGET,PAUSED,USD,0,0,0.0,0.0,0,0,0,0.0,0,0,0,0,
"Mar 15, 2026","=""303378536736811""",B00429N18S_SD_Consideration_AUDT-Promoted brand views remarketing_cpc_20251230,,450,DAILY_BUDGET,PAUSED,USD,0,0,0.0,0.0,0,0,0,0.0,0,1,0,0,
"Feb 04, 2026","=""441244082318393""",B00429N18S_SD_Awareness_CXT-Complementary category_vcpm_20251230,,450,DAILY_BUDGET,PAUSED,USD,0,0,0.0,0.0,0,0,0,0.0,0,0,0,0,
"Feb 17, 2026","=""170474248246250""",C.SD.Product.UPS.IntelligentLCD.CP1500AVRLCD3.B0BCMLLSHL,,250,DAILY_BUDGET,ENABLED,USD,25996,26,81.62,592.89,4,4,3,379.89,3,57,3,12562,
"Jan 04, 2026","=""401081905525372""",C.Competitor.Consumer.SD.UPS.PFCSineWave.CP1500PFCRM2U.B0B354X985,,250,DAILY_BUDGET,ENABLED,USD,0,0,0.0,0.0,0,0,0,0.0,0,0,0,0,
"Jan 02, 2026","=""170474248246250""",C.SD.Product.UPS.IntelligentLCD.CP1500AVRLCD3.B0BCMLLSHL,,250,DAILY_BUDGET,ENABLED,USD,0,0,0.0,0.0,0,0,0,0.0,0,0,0,0,
"Jan 02, 2026","=""263494384088815""",C.SD.Product.UPS.Ecologic.EC850LCD.B00DBAA696,,250,DAILY_BUDGET,ENABLED,USD,0,0,0.0,0.0,0,0,0,0.0,0,1,0,0,
"Mar 12, 2026","=""263494384088815""",C.SD.Product.UPS.Ecologic.EC850LCD.B00DBAA696,,250,DAILY_BUDGET,ENABLED,USD,147146,113,399.6,2326.24,15,18,12,1598.44,14,312,22,43677,
"Jan 03, 2026","=""38365855708871""",C.SD.Product.UPS.SmartAppLCD.B000XJLLKG.OR700LCDRM1U,,250,DAILY_BUDGET,ENABLED,USD,0,0,0.0,0.0,0,0,0,0.0,0,0,0,0,
"Feb 04, 2026","=""318904892472489""",B00429N18S_SD_Consideration_CXT-Category-Competitive brands_cpc_20251230,,450,DAILY_BUDGET,PAUSED,USD,0,0,0.0,0.0,0,0,0,0.0,0,0,0,0,
"Feb 04, 2026","=""170474248246250""",C.SD.Product.UPS.IntelligentLCD.CP1500AVRLCD3.B0BCMLLSHL,,250,DAILY_BUDGET,ENABLED,USD,0,0,0.0,0.0,0,0,0,0.0,0,1,0,0,
"Jan 29, 2026","=""462435011616528""",B00429N18S_SD_Consideration_AUDT-Promoted category views remarketing_cpc_20251230,,450,DAILY_BUDGET,PAUSED,USD,130905,177,987.45,0.0,0,0,0,0.0,0,99,0,0,
"Jan 17, 2026","=""296198269696664""",C.SD.Keyword.UPS.IntelligentLCD.CP1500AVRLCD3.B0BCMLLSHL,,250,DAILY_BUDGET,ENABLED,USD,0,0,0.0,0.0,0,0,0,0.0,0,3,0,0,
"Jan 10, 2026","=""382929702717487""",B00429N18S_SD_Awareness_AUDT-Complementary category views remarketing_vcpm_20251230,,450,DAILY_BUDGET,PAUSED,USD,0,0,0.0,0.0,0,0,0,0.0,0,0,0,0,
"Jan 09, 2026","=""263494384088815""",C.SD.Product.UPS.Ecologic.EC850LCD.B00DBAA696,,250,DAILY_BUDGET,ENABLED,USD,0,0,0.0,0.0,0,0,0,0.0,0,0,0,0,
"Mar 11, 2026","=""263494384088815""",C.SD.Product.UPS.Ecologic.EC850LCD.B00DBAA696,,250,DAILY_BUDGET,ENABLED,USD,97398,63,291.23,2423.67,15,23,12,1669.93,15,228,24,34914,
"Jan 30, 2026","=""560720574941385""",B00429N18S_SD_Conversion_AUDT-purchase remarketing-promoted products-key promoted products_cpc_20251230,,96,DAILY_BUDGET,PAUSED,USD,20303,27,69.7,239.95,1,1,0,0.0,0,25,1,0,
"Jan 10, 2026","=""38365855708871""",C.SD.Product.UPS.SmartAppLCD.B000XJLLKG.OR700LCDRM1U,,250,DAILY_BUDGET,ENABLED,USD,0,0,0.0,0.0,0,0,0,0.0,0,0,0,0,
"Mar 04, 2026","=""378661668519490""",B00429N18S_SD_Consideration_AUDT-Similar products views remarketing_cpc_20251230,,450,DAILY_BUDGET,PAUSED,USD,0,0,0.0,0.0,0,0,0,0.0,0,1,0,0,
"Mar 08, 2026","=""462435011616528""",B00429N18S_SD_Consideration_AUDT-Promoted category views remarketing_cpc_20251230,,450,DAILY_BUDGET,PAUSED,USD,0,0,0.0,0.0,0,0,0,0.0,0,1,0,0,
"Jan 07, 2026","=""413728361555554""",B00429N18S_SD_Consideration_CXT-Competitive products recommended by Xnurta_cpc_20251230,,75,DAILY_BUDGET,PAUSED,USD,95,0,0.0,0.0,0,0,0,0.0,0,0,0,0,
"Jan 18, 2026","=""263494384088815""",C.SD.Product.UPS.Ecologic.EC850LCD.B00DBAA696,,250,DAILY_BUDGET,ENABLED,USD,0,0,0.0,0.0,0,0,0,0.0,0,1,0,0,
"Jan 08, 2026","=""263494384088815""",C.SD.Product.UPS.Ecologic.EC850LCD.B00DBAA696,,250,DAILY_BUDGET,ENABLED,USD,0,0,0.0,0.0,0,0,0,0.0,0,2,0,0,
"Mar 01, 2026","=""170474248246250""",C.SD.Product.UPS.IntelligentLCD.CP1500AVRLCD3.B0BCMLLSHL,,250,DAILY_BUDGET,ENABLED,USD,112694,130,206.12,2271.17,13,13,8,1220.63,8,273,20,30557,
"Mar 13, 2026","=""170474248246250""",C.SD.Product.UPS.IntelligentLCD.CP1500AVRLCD3.B0BCMLLSHL,,250,DAILY_BUDGET,ENABLED,USD,170666,150,431.62,5166.96,18,27,13,3429.83,20,351,24,56988,
"Feb 16, 2026","=""263494384088815""",C.SD.Product.UPS.Ecologic.EC850LCD.B00DBAA696,,250,DAILY_BUDGET,ENABLED,USD,74507,65,258.58,894.29,6,7,6,894.29,7,167,10,30285,
"Jan 08, 2026","=""287421757846510""",C.Keyword.Consumer.SD.UPS.PFCSineWave.CP1500PFCRM2U.B0B354X985,,250,DAILY_BUDGET,ENABLED,USD,0,0,0.0,0.0,0,0,0,0.0,0,0,0,0,
"Jan 20, 2026","=""425759037435957""",B00429N18S_SD_Conversion_AUDT-Promoted product views remarketing_cpc_20251230,,450,DAILY_BUDGET,PAUSED,USD,0,0,0.0,0.0,0,0,0,0.0,0,0,0,0,
"Feb 10, 2026","=""382929702717487""",B00429N18S_SD_Awareness_AUDT-Complementary category views remarketing_vcpm_20251230,,450,DAILY_BUDGET,PAUSED,USD,0,0,0.0,0.0,0,0,0,0.0,0,0,0,0,
"Feb 10, 2026","=""263494384088815""",C.SD.Product.UPS.Ecologic.EC850LCD.B00DBAA696,,250,DAILY_BUDGET,ENABLED,USD,75454,67,208.23,659.7,4,6,2,419.9,2,120,7,24737,
"Jan 04, 2026","=""263494384088815""",C.SD.Product.UPS.Ecologic.EC850LCD.B00DBAA696,,250,DAILY_BUDGET,ENABLED,USD,0,0,0.0,0.0,0,0,0,0.0,0,0,0,0,
"Feb 01, 2026","=""296198269696664""",C.SD.Keyword.UPS.IntelligentLCD.CP1500AVRLCD3.B0BCMLLSHL,,250,DAILY_BUDGET,ENABLED,USD,0,0,0.0,0.0,0,0,0,0.0,0,1,0,0,
"Feb 14, 2026","=""170474248246250""",C.SD.Product.UPS.IntelligentLCD.CP1500AVRLCD3.B0BCMLLSHL,,250,DAILY_BUDGET,ENABLED,USD,12338,26,41.78,0.0,0,0,0,0.0,0,51,3,7249,
"Jan 11, 2026","=""520906012389097""",B00429N18S_SD_Consideration_CXT-Similar products_cpc_20251230,,450,DAILY_BUDGET,PAUSED,USD,0,0,0.0,0.0,0,0,0,0.0,0,0,0,0,
"Jan 28, 2026","=""462435011616528""",B00429N18S_SD_Consideration_AUDT-Promoted category views remarketing_cpc_20251230,,450,DAILY_BUDGET,PAUSED,USD,180826,164,925.07,2159.7,2,6,0,0.0,0,124,4,0,
"Jan 22, 2026","=""378661668519490""",B00429N18S_SD_Consideration_AUDT-Similar products views remarketing_cpc_20251230,,450,DAILY_BUDGET,PAUSED,USD,145013,132,957.85,0.0,0,0,0,0.0,0,78,1,0,
"Jan 18, 2026","=""462435011616528""",B00429N18S_SD_Consideration_AUDT-Promoted category views remarketing_cpc_20251230,,450,DAILY_BUDGET,PAUSED,USD,0,0,0.0,0.0,0,0,0,0.0,0,0,0,0,
"Jan 06, 2026","=""414479380999065""",B00429N18S_SD_Defense_CXT-Category-Segmented category brand_vcpm_20251230,,530,DAILY_BUDGET,PAUSED,USD,5668,6,23.49,439.9,2,2,1,239.95,1,28,4,1663,
"Jan 30, 2026","=""425759037435957""",B00429N18S_SD_Conversion_AUDT-Promoted product views remarketing_cpc_20251230,,450,DAILY_BUDGET,PAUSED,USD,167531,240,919.25,239.95,1,1,1,239.95,1,251,4,0,
"Feb 09, 2026","=""303378536736811""",B00429N18S_SD_Consideration_AUDT-Promoted brand views remarketing_cpc_20251230,,450,DAILY_BUDGET,PAUSED,USD,0,0,0.0,0.0,0,0,0,0.0,0,2,0,0,
"Feb 10, 2026","=""339355478634336""",B00429N18S_SD_Consideration_AUDT-Competitive brands views remarketing_cpc_20251230,,450,DAILY_BUDGET,PAUSED,USD,0,0,0.0,0.0,0,0,0,0.0,0,0,0,0,
"Feb 14, 2026","=""414479380999065""",B00429N18S_SD_Defense_CXT-Category-Segmented category brand_vcpm_20251230,,530,DAILY_BUDGET,PAUSED,USD,0,0,0.0,0.0,0,0,0,0.0,0,0,0,0,
"Feb 12, 2026","=""296198269696664""",C.SD.Keyword.UPS.IntelligentLCD.CP1500AVRLCD3.B0BCMLLSHL,,250,DAILY_BUDGET,ENABLED,USD,0,0,0.0,0.0,0,0,0,0.0,0,1,0,0,
"Feb 28, 2026","=""263494384088815""",C.SD.Product.UPS.Ecologic.EC850LCD.B00DBAA696,,250,DAILY_BUDGET,ENABLED,USD,83319,66,258.19,610.52,8,8,7,550.53,7,180,13,25347,
"Jan 31, 2026","=""339355478634336""",B00429N18S_SD_Consideration_AUDT-Competitive brands views remarketing_cpc_20251230,,450,DAILY_BUDGET,PAUSED,USD,271370,258,900.39,239.95,1,1,1,239.95,1,162,2,0,
"Feb 05, 2026","=""303378536736811""",B00429N18S_SD_Consideration_AUDT-Promoted brand views remarketing_cpc_20251230,,450,DAILY_BUDGET,PAUSED,USD,0,0,0.0,0.0,0,0,0,0.0,0,2,0,0,
"Jan 24, 2026","=""378661668519490""",B00429N18S_SD_Consideration_AUDT-Similar products views remarketing_cpc_20251230,,450,DAILY_BUDGET,PAUSED,USD,0,0,0.0,0.0,0,0,0,0.0,0,0,0,0,
"Jan 30, 2026","=""288879984637562""",B00429N18S_SD_Consideration_CXT-Strong competitive ASIN_cpc_20251230,,75,DAILY_BUDGET,PAUSED,USD,6,0,0.0,0.0,0,0,0,0.0,0,0,0,0,
"Jan 20, 2026","=""170474248246250""",C.SD.Product.UPS.IntelligentLCD.CP1500AVRLCD3.B0BCMLLSHL,,250,DAILY_BUDGET,ENABLED,USD,0,0,0.0,0.0,0,0,0,0.0,0,2,0,0,
"Jan 03, 2026","=""296198269696664""",C.SD.Keyword.UPS.IntelligentLCD.CP1500AVRLCD3.B0BCMLLSHL,,250,DAILY_BUDGET,ENABLED,USD,0,0,0.0,0.0,0,0,0,0.0,0,0,0,0,
"Feb 20, 2026","=""339355478634336""",B00429N18S_SD_Consideration_AUDT-Competitive brands views remarketing_cpc_20251230,,450,DAILY_BUDGET,PAUSED,USD,0,0,0.0,0.0,0,0,0,0.0,0,1,0,0,
"Mar 21, 2026","=""263494384088815""",C.SD.Product.UPS.Ecologic.EC850LCD.B00DBAA696,,250,DAILY_BUDGET,ENABLED,USD,164454,207,497.72,1814.69,15,17,12,1510.05,14,494,31,52860,
"Jan 31, 2026","=""382929702717487""",B00429N18S_SD_Awareness_AUDT-Complementary category views remarketing_vcpm_20251230,,450,DAILY_BUDGET,PAUSED,USD,195899,192,898.61,1034.33,8,12,3,354.55,3,204,11,139687,
"Feb 23, 2026","=""170474248246250""",C.SD.Product.UPS.IntelligentLCD.CP1500AVRLCD3.B0BCMLLSHL,,250,DAILY_BUDGET,ENABLED,USD,88834,88,200.87,622.34,5,7,5,622.34,7,149,11,28076,
"Feb 08, 2026","=""560720574941385""",B00429N18S_SD_Conversion_AUDT-purchase remarketing-promoted products-key promoted products_cpc_20251230,,96,DAILY_BUDGET,PAUSED,USD,0,0,0.0,0.0,0,0,0,0.0,0,0,0,0,
"Feb 13, 2026","=""382929702717487""",B00429N18S_SD_Awareness_AUDT-Complementary category views remarketing_vcpm_20251230,,450,DAILY_BUDGET,PAUSED,USD,0,0,0.0,0.0,0,0,0,0.0,0,0,0,0,
"Feb 05, 2026","=""520906012389097""",B00429N18S_SD_Consideration_CXT-Similar products_cpc_20251230,,450,DAILY_BUDGET,PAUSED,USD,0,0,0.0,0.0,0,0,0,0.0,0,2,0,0,
"Jan 19, 2026","=""124438051163565""",C.SD.Product.UPS.PFCSinewave.CP1500PFCLCD.B00429N19W,,450,DAILY_BUDGET,ENABLED,USD,0,0,0.0,0.0,0,0,0,0.0,0,1,0,0,
"Jan 25, 2026","=""382929702717487""",B00429N18S_SD_Awareness_AUDT-Complementary category views remarketing_vcpm_20251230,,450,DAILY_BUDGET,PAUSED,USD,0,0,0.0,0.0,0,0,0,0.0,0,0,0,0,
"Jan 21, 2026","=""339355478634336""",B00429N18S_SD_Consideration_AUDT-Competitive brands views remarketing_cpc_20251230,,450,DAILY_BUDGET,PAUSED,USD,125706,155,913.95,0.0,0,0,0,0.0,0,132,1,0,
"Mar 18, 2026","=""263494384088815""",C.SD.Product.UPS.Ecologic.EC850LCD.B00DBAA696,,250,DAILY_BUDGET,ENABLED,USD,147021,111,355.68,1858.86,12,17,7,603.36,7,292,18,37414,
"Jan 05, 2026","=""401081905525372""",C.Competitor.Consumer.SD.UPS.PFCSineWave.CP1500PFCRM2U.B0B354X985,,250,DAILY_BUDGET,ENABLED,USD,0,0,0.0,0.0,0,0,0,0.0,0,0,0,0,
"Feb 04, 2026","=""560720574941385""",B00429N18S_SD_Conversion_AUDT-purchase remarketing-promoted products-key promoted products_cpc_20251230,,96,DAILY_BUDGET,PAUSED,USD,0,0,0.0,0.0,0,0,0,0.0,0,0,0,0,
"Feb 13, 2026","=""170474248246250""",C.SD.Product.UPS.IntelligentLCD.CP1500AVRLCD3.B0BCMLLSHL,,250,DAILY_BUDGET,ENABLED,USD,17234,18,46.4,505.7,5,5,5,505.7,5,54,2,9570,
"Mar 06, 2026","=""170474248246250""",C.SD.Product.UPS.IntelligentLCD.CP1500AVRLCD3.B0BCMLLSHL,,250,DAILY_BUDGET,ENABLED,USD,124189,105,250.18,1284.01,7,7,7,1284.01,7,217,10,36460,
"Feb 01, 2026","=""560720574941385""",B00429N18S_SD_Conversion_AUDT-purchase remarketing-promoted products-key promoted products_cpc_20251230,,96,DAILY_BUDGET,PAUSED,USD,19430,30,75.28,239.95,1,1,0,0.0,0,18,2,0,
"Jan 29, 2026","=""560720574941385""",B00429N18S_SD_Conversion_AUDT-purchase remarketing-promoted products-key promoted products_cpc_20251230,,96,DAILY_BUDGET,PAUSED,USD,25002,31,107.23,0.0,0,0,0,0.0,0,35,0,0,
"Feb 10, 2026","=""170474248246250""",C.SD.Product.UPS.IntelligentLCD.CP1500AVRLCD3.B0BCMLLSHL,,250,DAILY_BUDGET,ENABLED,USD,66744,53,198.48,389.42,3,4,0,0.0,0,90,3,26530,
"Feb 09, 2026","=""170474248246250""",C.SD.Product.UPS.IntelligentLCD.CP1500AVRLCD3.B0BCMLLSHL,,250,DAILY_BUDGET,ENABLED,USD,137005,123,498.35,1634.88,11,14,4,518.38,4,196,14,65797,
"Jan 28, 2026","=""414479380999065""",B00429N18S_SD_Defense_CXT-Category-Segmented category brand_vcpm_20251230,,530,DAILY_BUDGET,PAUSED,USD,17536,10,65.26,401.08,4,4,1,134.95,1,86,7,4555,
"Jan 22, 2026","=""339355478634336""",B00429N18S_SD_Consideration_AUDT-Competitive brands views remarketing_cpc_20251230,,450,DAILY_BUDGET,PAUSED,USD,102330,86,1015.96,0.0,0,0,0,0.0,0,79,0,0,
"Feb 28, 2026","=""170474248246250""",C.SD.Product.UPS.IntelligentLCD.CP1500AVRLCD3.B0BCMLLSHL,,250,DAILY_BUDGET,ENABLED,USD,116454,165,249.51,1049.18,8,8,5,784.54,5,313,21,35188,
"Feb 15, 2026","=""441244082318393""",B00429N18S_SD_Awareness_CXT-Complementary category_vcpm_20251230,,450,DAILY_BUDGET,PAUSED,USD,0,0,0.0,0.0,0,0,0,0.0,0,0,0,0,
"Mar 10, 2026","=""170474248246250""",C.SD.Product.UPS.IntelligentLCD.CP1500AVRLCD3.B0BCMLLSHL,,250,DAILY_BUDGET,ENABLED,USD,99493,97,248.96,911.18,8,9,6,571.28,7,154,17,38653,
"Jan 07, 2026","=""560720574941385""",B00429N18S_SD_Conversion_AUDT-purchase remarketing-promoted products-key promoted products_cpc_20251230,,96,DAILY_BUDGET,PAUSED,USD,1009,4,7.29,0.0,0,0,0,0.0,0,15,0,0,
"Mar 24, 2026","=""170474248246250""",C.SD.Product.UPS.IntelligentLCD.CP1500AVRLCD3.B0BCMLLSHL,,250,DAILY_BUDGET,ENABLED,USD,83148,132,184.47,1469.2,9,9,6,867.35,6,299,16,27255,
"Feb 26, 2026","=""263494384088815""",C.SD.Product.UPS.Ecologic.EC850LCD.B00DBAA696,,250,DAILY_BUDGET,ENABLED,USD,196726,158,480.37,2411.01,14,19,8,1116.09,9,368,12,63746,
"Feb 23, 2026","=""263494384088815""",C.SD.Product.UPS.Ecologic.EC850LCD.B00DBAA696,,250,DAILY_BUDGET,ENABLED,USD,101900,99,273.64,904.68,8,14,7,784.78,12,184,12,32437,
"Feb 11, 2026","=""170474248246250""",C.SD.Product.UPS.IntelligentLCD.CP1500AVRLCD3.B0BCMLLSHL,,250,DAILY_BUDGET,ENABLED,USD,20749,23,77.81,239.84,3,4,3,239.84,4,68,3,11111,
"Mar 04, 2026","=""263494384088815""",C.SD.Product.UPS.Ecologic.EC850LCD.B00DBAA696,,250,DAILY_BUDGET,ENABLED,USD,99059,52,250.37,884.54,5,5,4,664.59,4,124,6,27131,
"Jan 17, 2026","=""560720574941385""",B00429N18S_SD_Conversion_AUDT-purchase remarketing-promoted products-key promoted products_cpc_20251230,,96,DAILY_BUDGET,PAUSED,USD,0,0,0.0,0.0,0,0,0,0.0,0,2,0,0,
"Mar 24, 2026","=""263494384088815""",C.SD.Product.UPS.Ecologic.EC850LCD.B00DBAA696,,250,DAILY_BUDGET,ENABLED,USD,106288,91,309.19,3467.14,17,25,8,1602.09,15,293,31,32641,
"Feb 19, 2026","=""263494384088815""",C.SD.Product.UPS.Ecologic.EC850LCD.B00DBAA696,,250,DAILY_BUDGET,ENABLED,USD,94189,57,325.38,742.78,5,7,1,186.18,2,132,7,37656,
"Feb 04, 2026","=""520906012389097""",B00429N18S_SD_Consideration_CXT-Similar products_cpc_20251230,,450,DAILY_BUDGET,PAUSED,USD,0,0,0.0,0.0,0,0,0,0.0,0,0,0,0,
"Mar 14, 2026","=""462435011616528""",B00429N18S_SD_Consideration_AUDT-Promoted category views remarketing_cpc_20251230,,450,DAILY_BUDGET,PAUSED,USD,0,0,0.0,0.0,0,0,0,0.0,0,1,0,0,
"Jan 21, 2026","=""425759037435957""",B00429N18S_SD_Conversion_AUDT-Promoted product views remarketing_cpc_20251230,,450,DAILY_BUDGET,PAUSED,USD,36593,62,171.65,0.0,0,0,0,0.0,0,70,1,0,
"Feb 15, 2026","=""401081905525372""",C.Competitor.Consumer.SD.UPS.PFCSineWave.CP1500PFCRM2U.B0B354X985,,250,DAILY_BUDGET,ENABLED,USD,0,0,0.0,0.0,0,0,0,0.0,0,1,0,0,
"Feb 28, 2026","=""296198269696664""",C.SD.Keyword.UPS.IntelligentLCD.CP1500AVRLCD3.B0BCMLLSHL,,250,DAILY_BUDGET,ENABLED,USD,0,0,0.0,0.0,0,0,0,0.0,0,2,0,0,
"Jan 07, 2026","=""441244082318393""",B00429N18S_SD_Awareness_CXT-Complementary category_vcpm_20251230,,450,DAILY_BUDGET,PAUSED,USD,9429,7,38.13,64.74,1,1,1,64.74,1,8,1,2835,
"Jan 16, 2026","=""303378536736811""",B00429N18S_SD_Consideration_AUDT-Promoted brand views remarketing_cpc_20251230,,450,DAILY_BUDGET,PAUSED,USD,119094,175,1083.35,0.0,0,0,0,0.0,0,153,1,0,
"Feb 01, 2026","=""339355478634336""",B00429N18S_SD_Consideration_AUDT-Competitive brands views remarketing_cpc_20251230,,450,DAILY_BUDGET,PAUSED,USD,142965,161,452.16,239.95,1,1,1,239.95,1,100,2,0,
"Jan 12, 2026","=""382929702717487""",B00429N18S_SD_Awareness_AUDT-Complementary category views remarketing_vcpm_20251230,,450,DAILY_BUDGET,PAUSED,USD,0,0,0.0,0.0,0,0,0,0.0,0,0,0,0,
"Jan 11, 2026","=""425759037435957""",B00429N18S_SD_Conversion_AUDT-Promoted product views remarketing_cpc_20251230,,450,DAILY_BUDGET,PAUSED,USD,0,0,0.0,0.0,0,0,0,0.0,0,0,0,0,
"Jan 02, 2026","=""38365855708871""",C.SD.Product.UPS.SmartAppLCD.B000XJLLKG.OR700LCDRM1U,,250,DAILY_BUDGET,ENABLED,USD,0,0,0.0,0.0,0,0,0,0.0,0,0,0,0,
"Jan 31, 2026","=""413728361555554""",B00429N18S_SD_Consideration_CXT-Competitive products recommended by Xnurta_cpc_20251230,,75,DAILY_BUDGET,PAUSED,USD,1548,1,6.6,0.0,0,0,0,0.0,0,2,0,0,
"Jan 12, 2026","=""263494384088815""",C.SD.Product.UPS.Ecologic.EC850LCD.B00DBAA696,,250,DAILY_BUDGET,ENABLED,USD,0,0,0.0,0.0,0,0,0,0.0,0,3,0,0,
"Jan 08, 2026","=""124438051163565""",C.SD.Product.UPS.PFCSinewave.CP1500PFCLCD.B00429N19W,,450,DAILY_BUDGET,ENABLED,USD,0,0,0.0,0.0,0,0,0,0.0,0,0,0,0,
"Jan 06, 2026","=""441244082318393""",B00429N18S_SD_Awareness_CXT-Complementary category_vcpm_20251230,,450,DAILY_BUDGET,PAUSED,USD,24281,23,106.5,594.92,3,3,3,594.92,3,45,4,8097,
"Feb 08, 2026","=""520906012389097""",B00429N18S_SD_Consideration_CXT-Similar products_cpc_20251230,,450,DAILY_BUDGET,PAUSED,USD,0,0,0.0,0.0,0,0,0,0.0,0,1,0,0,
"Feb 09, 2026","=""462435011616528""",B00429N18S_SD_Consideration_AUDT-Promoted category views remarketing_cpc_20251230,,450,DAILY_BUDGET,PAUSED,USD,0,0,0.0,0.0,0,0,0,0.0,0,0,0,0,
"Feb 10, 2026","=""414479380999065""",B00429N18S_SD_Defense_CXT-Category-Segmented category brand_vcpm_20251230,,530,DAILY_BUDGET,PAUSED,USD,0,0,0.0,0.0,0,0,0,0.0,0,0,0,0,
"Feb 24, 2026","=""296198269696664""",C.SD.Keyword.UPS.IntelligentLCD.CP1500AVRLCD3.B0BCMLLSHL,,250,DAILY_BUDGET,ENABLED,USD,0,0,0.0,0.0,0,0,0,0.0,0,2,0,0,
"Jan 06, 2026","=""287421757846510""",C.Keyword.Consumer.SD.UPS.PFCSineWave.CP1500PFCRM2U.B0B354X985,,250,DAILY_BUDGET,ENABLED,USD,0,0,0.0,0.0,0,0,0,0.0,0,0,0,0,
"Jan 06, 2026","=""425759037435957""",B00429N18S_SD_Conversion_AUDT-Promoted product views remarketing_cpc_20251230,,450,DAILY_BUDGET,PAUSED,USD,136535,291,183.42,895.39,4,4,4,895.39,4,332,6,0,
"Feb 08, 2026","=""170474248246250""",C.SD.Product.UPS.IntelligentLCD.CP1500AVRLCD3.B0BCMLLSHL,,250,DAILY_BUDGET,ENABLED,USD,46967,65,161.5,1004.97,8,9,5,686.05,5,130,8,20328,
"Feb 05, 2026","=""414479380999065""",B00429N18S_SD_Defense_CXT-Category-Segmented category brand_vcpm_20251230,,530,DAILY_BUDGET,PAUSED,USD,0,0,0.0,0.0,0,0,0,0.0,0,0,0,0,
"Jan 07, 2026","=""318904892472489""",B00429N18S_SD_Consideration_CXT-Category-Competitive brands_cpc_20251230,,450,DAILY_BUDGET,PAUSED,USD,1593,7,40.8,0.0,0,0,0,0.0,0,13,1,0,
"Mar 08, 2026","=""263494384088815""",C.SD.Product.UPS.Ecologic.EC850LCD.B00DBAA696,,250,DAILY_BUDGET,ENABLED,USD,80497,68,249.65,664.24,2,11,1,64.74,1,131,8,26822,
"Feb 19, 2026","=""382929702717487""",B00429N18S_SD_Awareness_AUDT-Complementary category views remarketing_vcpm_20251230,,450,DAILY_BUDGET,PAUSED,USD,0,0,0.0,0.0,0,0,0,0.0,0,1,0,0,
"Feb 09, 2026","=""520906012389097""",B00429N18S_SD_Consideration_CXT-Similar products_cpc_20251230,,450,DAILY_BUDGET,PAUSED,USD,0,0,0.0,0.0,0,0,0,0.0,0,0,0,0,
"Jan 31, 2026","=""520906012389097""",B00429N18S_SD_Consideration_CXT-Similar products_cpc_20251230,,450,DAILY_BUDGET,PAUSED,USD,109878,137,908.42,0.0,0,0,0,0.0,0,103,3,0,
"Feb 06, 2026","=""462435011616528""",B00429N18S_SD_Consideration_AUDT-Promoted category views remarketing_cpc_20251230,,450,DAILY_BUDGET,PAUSED,USD,0,0,0.0,0.0,0,0,0,0.0,0,1,0,0,
"Jan 31, 2026","=""303378536736811""",B00429N18S_SD_Consideration_AUDT-Promoted brand views remarketing_cpc_20251230,,450,DAILY_BUDGET,PAUSED,USD,220748,336,709.68,1769.6,8,8,4,959.8,4,307,11,0,
"Feb 07, 2026","=""462435011616528""",B00429N18S_SD_Consideration_AUDT-Promoted category views remarketing_cpc_20251230,,450,DAILY_BUDGET,PAUSED,USD,0,0,0.0,0.0,0,0,0,0.0,0,0,0,0,
"Jan 07, 2026","=""462435011616528""",B00429N18S_SD_Consideration_AUDT-Promoted category views remarketing_cpc_20251230,,450,DAILY_BUDGET,PAUSED,USD,36901,55,175.05,0.0,0,0,0,0.0,0,59,0,0,
"Jan 13, 2026","=""425759037435957""",B00429N18S_SD_Conversion_AUDT-Promoted product views remarketing_cpc_20251230,,450,DAILY_BUDGET,PAUSED,USD,0,0,0.0,0.0,0,0,0,0.0,0,0,0,0,
"Jan 27, 2026","=""414479380999065""",B00429N18S_SD_Defense_CXT-Category-Segmented category brand_vcpm_20251230,,530,DAILY_BUDGET,PAUSED,USD,36938,14,142.63,1247.75,4,5,2,287.9,2,73,6,9977,
"Feb 05, 2026","=""378661668519490""",B00429N18S_SD_Consideration_AUDT-Similar products views remarketing_cpc_20251230,,450,DAILY_BUDGET,PAUSED,USD,0,0,0.0,0.0,0,0,0,0.0,0,2,0,0,
"Feb 06, 2026","=""560720574941385""",B00429N18S_SD_Conversion_AUDT-purchase remarketing-promoted products-key promoted products_cpc_20251230,,96,DAILY_BUDGET,PAUSED,USD,0,0,0.0,0.0,0,0,0,0.0,0,0,0,0,
"Jan 21, 2026","=""288879984637562""",B00429N18S_SD_Consideration_CXT-Strong competitive ASIN_cpc_20251230,,75,DAILY_BUDGET,PAUSED,USD,27,0,0.0,0.0,0,0,0,0.0,0,0,0,0,
"Feb 18, 2026","=""520906012389097""",B00429N18S_SD_Consideration_CXT-Similar products_cpc_20251230,,450,DAILY_BUDGET,PAUSED,USD,0,0,0.0,0.0,0,0,0,0.0,0,1,0,0,
"Feb 03, 2026","=""339355478634336""",B00429N18S_SD_Consideration_AUDT-Competitive brands views remarketing_cpc_20251230,,450,DAILY_BUDGET,PAUSED,USD,0,0,0.0,0.0,0,0,0,0.0,0,0,0,0,
"Feb 05, 2026","=""441244082318393""",B00429N18S_SD_Awareness_CXT-Complementary category_vcpm_20251230,,450,DAILY_BUDGET,PAUSED,USD,0,0,0.0,0.0,0,0,0,0.0,0,0,0,0,
"Jan 07, 2026","=""378661668519490""",B00429N18S_SD_Consideration_AUDT-Similar products views remarketing_cpc_20251230,,450,DAILY_BUDGET,PAUSED,USD,60141,65,177.68,0.0,0,0,0,0.0,0,62,0,0,
"Jan 08, 2026","=""170474248246250""",C.SD.Product.UPS.IntelligentLCD.CP1500AVRLCD3.B0BCMLLSHL,,250,DAILY_BUDGET,ENABLED,USD,0,0,0.0,0.0,0,0,0,0.0,0,0,0,0,
"Jan 27, 2026","=""382929702717487""",B00429N18S_SD_Awareness_AUDT-Complementary category views remarketing_vcpm_20251230,,450,DAILY_BUDGET,PAUSED,USD,322790,318,893.87,2725.6,11,21,4,653.25,8,336,16,218732,
"Jan 27, 2026","=""425759037435957""",B00429N18S_SD_Conversion_AUDT-Promoted product views remarketing_cpc_20251230,,450,DAILY_BUDGET,PAUSED,USD,215196,253,902.88,479.9,2,2,2,479.9,2,282,3,0,
"Jan 21, 2026","=""378661668519490""",B00429N18S_SD_Consideration_AUDT-Similar products views remarketing_cpc_20251230,,450,DAILY_BUDGET,PAUSED,USD,221149,253,995.78,0.0,0,0,0,0.0,0,187,2,0,
"Jan 11, 2026","=""382929702717487""",B00429N18S_SD_Awareness_AUDT-Complementary category views remarketing_vcpm_20251230,,450,DAILY_BUDGET,PAUSED,USD,0,0,0.0,0.0,0,0,0,0.0,0,0,0,0,
"Feb 12, 2026","=""170474248246250""",C.SD.Product.UPS.IntelligentLCD.CP1500AVRLCD3.B0BCMLLSHL,,250,DAILY_BUDGET,ENABLED,USD,23692,37,72.91,0.0,0,0,0,0.0,0,58,2,12756,
"Jan 10, 2026","=""263494384088815""",C.SD.Product.UPS.Ecologic.EC850LCD.B00DBAA696,,250,DAILY_BUDGET,ENABLED,USD,0,0,0.0,0.0,0,0,0,0.0,0,0,0,0,
"Jan 14, 2026","=""339355478634336""",B00429N18S_SD_Consideration_AUDT-Competitive brands views remarketing_cpc_20251230,,450,DAILY_BUDGET,PAUSED,USD,0,0,0.0,0.0,0,0,0,0.0,0,0,0,0,
"Feb 27, 2026","=""170474248246250""",C.SD.Product.UPS.IntelligentLCD.CP1500AVRLCD3.B0BCMLLSHL,,250,DAILY_BUDGET,ENABLED,USD,124328,133,233.6,1996.44,12,12,11,1796.49,11,285,20,34326,
"Feb 12, 2026","=""378661668519490""",B00429N18S_SD_Consideration_AUDT-Similar products views remarketing_cpc_20251230,,450,DAILY_BUDGET,PAUSED,USD,0,0,0.0,0.0,0,0,0,0.0,0,0,0,0,
"Jan 03, 2026","=""287421757846510""",C.Keyword.Consumer.SD.UPS.PFCSineWave.CP1500PFCRM2U.B0B354X985,,250,DAILY_BUDGET,ENABLED,USD,0,0,0.0,0.0,0,0,0,0.0,0,0,0,0,
"Mar 03, 2026","=""263494384088815""",C.SD.Product.UPS.Ecologic.EC850LCD.B00DBAA696,,250,DAILY_BUDGET,ENABLED,USD,94868,90,250.17,1122.34,9,9,9,1122.34,9,217,9,30066,
"Feb 04, 2026","=""425759037435957""",B00429N18S_SD_Conversion_AUDT-Promoted product views remarketing_cpc_20251230,,450,DAILY_BUDGET,PAUSED,USD,0,0,0.0,0.0,0,0,0,0.0,0,1,0,0,
"Feb 05, 2026","=""382929702717487""",B00429N18S_SD_Awareness_AUDT-Complementary category views remarketing_vcpm_20251230,,450,DAILY_BUDGET,PAUSED,USD,0,0,0.0,0.0,0,0,0,0.0,0,2,0,0,
"Jan 13, 2026","=""339355478634336""",B00429N18S_SD_Consideration_AUDT-Competitive brands views remarketing_cpc_20251230,,450,DAILY_BUDGET,PAUSED,USD,0,0,0.0,0.0,0,0,0,0.0,0,0,0,0,
"Jan 10, 2026","=""287421757846510""",C.Keyword.Consumer.SD.UPS.PFCSineWave.CP1500PFCRM2U.B0B354X985,,250,DAILY_BUDGET,ENABLED,USD,0,0,0.0,0.0,0,0,0,0.0,0,0,0,0,
"Jan 31, 2026","=""378661668519490""",B00429N18S_SD_Consideration_AUDT-Similar products views remarketing_cpc_20251230,,450,DAILY_BUDGET,PAUSED,USD,194825,243,914.09,0.0,0,0,0,0.0,0,172,0,0,
"Feb 10, 2026","=""441244082318393""",B00429N18S_SD_Awareness_CXT-Complementary category_vcpm_20251230,,450,DAILY_BUDGET,PAUSED,USD,0,0,0.0,0.0,0,0,0,0.0,0,0,0,0,
"Jan 06, 2026","=""378661668519490""",B00429N18S_SD_Consideration_AUDT-Similar products views remarketing_cpc_20251230,,450,DAILY_BUDGET,PAUSED,USD,73524,107,168.96,0.0,0,0,0,0.0,0,81,0,0,
"Jan 30, 2026","=""441244082318393""",B00429N18S_SD_Awareness_CXT-Complementary category_vcpm_20251230,,450,DAILY_BUDGET,PAUSED,USD,84506,71,459.66,4796.1,18,20,17,4625.15,19,295,27,27860,
"Feb 02, 2026","=""441244082318393""",B00429N18S_SD_Awareness_CXT-Complementary category_vcpm_20251230,,450,DAILY_BUDGET,PAUSED,USD,41220,34,223.19,1509.65,7,7,6,1269.7,6,161,20,13450,
"Feb 10, 2026","=""303378536736811""",B00429N18S_SD_Consideration_AUDT-Promoted brand views remarketing_cpc_20251230,,450,DAILY_BUDGET,PAUSED,USD,0,0,0.0,0.0,0,0,0,0.0,0,0,0,0,
"Jan 30, 2026","=""124438051163565""",C.SD.Product.UPS.PFCSinewave.CP1500PFCLCD.B00429N19W,,450,DAILY_BUDGET,ENABLED,USD,0,0,0.0,0.0,0,0,0,0.0,0,1,0,0,
"Jan 16, 2026","=""413728361555554""",B00429N18S_SD_Consideration_CXT-Competitive products recommended by Xnurta_cpc_20251230,,75,DAILY_BUDGET,PAUSED,USD,6998,9,56.08,0.0,0,0,0,0.0,0,13,0,0,
"Jan 21, 2026","=""441244082318393""",B00429N18S_SD_Awareness_CXT-Complementary category_vcpm_20251230,,450,DAILY_BUDGET,PAUSED,USD,27664,26,109.72,839.8,4,4,2,399.9,2,103,8,9346,
"Feb 09, 2026","=""339355478634336""",B00429N18S_SD_Consideration_AUDT-Competitive brands views remarketing_cpc_20251230,,450,DAILY_BUDGET,PAUSED,USD,0,0,0.0,0.0,0,0,0,0.0,0,1,0,0,
"Feb 11, 2026","=""520906012389097""",B00429N18S_SD_Consideration_CXT-Similar products_cpc_20251230,,450,DAILY_BUDGET,PAUSED,USD,0,0,0.0,0.0,0,0,0,0.0,0,0,0,0,
"Jan 04, 2026","=""170474248246250""",C.SD.Product.UPS.IntelligentLCD.CP1500AVRLCD3.B0BCMLLSHL,,250,DAILY_BUDGET,ENABLED,USD,0,0,0.0,0.0,0,0,0,0.0,0,1,0,0,
"Jan 06, 2026","=""263494384088815""",C.SD.Product.UPS.Ecologic.EC850LCD.B00DBAA696,,250,DAILY_BUDGET,ENABLED,USD,0,0,0.0,0.0,0,0,0,0.0,0,0,0,0,
"Jan 30, 2026","=""520906012389097""",B00429N18S_SD_Consideration_CXT-Similar products_cpc_20251230,,450,DAILY_BUDGET,PAUSED,USD,139165,144,915.57,0.0,0,0,0,0.0,0,118,6,0,
"Jan 03, 2026","=""263494384088815""",C.SD.Product.UPS.Ecologic.EC850LCD.B00DBAA696,,250,DAILY_BUDGET,ENABLED,USD,0,0,0.0,0.0,0,0,0,0.0,0,0,0,0,
"Jan 09, 2026","=""401081905525372""",C.Competitor.Consumer.SD.UPS.PFCSineWave.CP1500PFCRM2U.B0B354X985,,250,DAILY_BUDGET,ENABLED,USD,0,0,0.0,0.0,0,0,0,0.0,0,3,0,0,
"Feb 10, 2026","=""462435011616528""",B00429N18S_SD_Consideration_AUDT-Promoted category views remarketing_cpc_20251230,,450,DAILY_BUDGET,PAUSED,USD,0,0,0.0,0.0,0,0,0,0.0,0,1,0,0,
"Mar 15, 2026","=""414479380999065""",B00429N18S_SD_Defense_CXT-Category-Segmented category brand_vcpm_20251230,,530,DAILY_BUDGET,PAUSED,USD,0,0,0.0,0.0,0,0,0,0.0,0,1,0,0,
"Mar 03, 2026","=""170474248246250""",C.SD.Product.UPS.IntelligentLCD.CP1500AVRLCD3.B0BCMLLSHL,,250,DAILY_BUDGET,ENABLED,USD,101033,92,212.11,2104.28,10,13,5,344.08,5,252,14,30235,
"Jan 06, 2026","=""462435011616528""",B00429N18S_SD_Consideration_AUDT-Promoted category views remarketing_cpc_20251230,,450,DAILY_BUDGET,PAUSED,USD,64914,108,174.13,0.0,0,0,0,0.0,0,85,0,0,
"Feb 12, 2026","=""382929702717487""",B00429N18S_SD_Awareness_AUDT-Complementary category views remarketing_vcpm_20251230,,450,DAILY_BUDGET,PAUSED,USD,0,0,0.0,0.0,0,0,0,0.0,0,0,0,0,
"Mar 07, 2026","=""263494384088815""",C.SD.Product.UPS.Ecologic.EC850LCD.B00DBAA696,,250,DAILY_BUDGET,ENABLED,USD,81577,71,249.31,89.95,1,1,1,89.95,1,150,9,26299,
"Mar 18, 2026","=""170474248246250""",C.SD.Product.UPS.IntelligentLCD.CP1500AVRLCD3.B0BCMLLSHL,,250,DAILY_BUDGET,ENABLED,USD,111058,114,253.05,2295.04,7,20,5,1285.3,14,190,8,31455,
"Jan 07, 2026","=""38365855708871""",C.SD.Product.UPS.SmartAppLCD.B000XJLLKG.OR700LCDRM1U,,250,DAILY_BUDGET,ENABLED,USD,0,0,0.0,0.0,0,0,0,0.0,0,0,0,0,
"Jan 16, 2026","=""170474248246250""",C.SD.Product.UPS.IntelligentLCD.CP1500AVRLCD3.B0BCMLLSHL,,250,DAILY_BUDGET,ENABLED,USD,0,0,0.0,0.0,0,0,0,0.0,0,2,0,0,
"Jan 27, 2026","=""288879984637562""",B00429N18S_SD_Consideration_CXT-Strong competitive ASIN_cpc_20251230,,75,DAILY_BUDGET,PAUSED,USD,14,1,17.15,0.0,0,0,0,0.0,0,9,0,0,
"Jan 29, 2026","=""520906012389097""",B00429N18S_SD_Consideration_CXT-Similar products_cpc_20251230,,450,DAILY_BUDGET,PAUSED,USD,167760,185,928.74,2007.65,3,8,1,1199.75,5,145,10,0,
"Feb 07, 2026","=""414479380999065""",B00429N18S_SD_Defense_CXT-Category-Segmented category brand_vcpm_20251230,,530,DAILY_BUDGET,PAUSED,USD,0,0,0.0,0.0,0,0,0,0.0,0,0,0,0,
"Feb 12, 2026","=""339355478634336""",B00429N18S_SD_Consideration_AUDT-Competitive brands views remarketing_cpc_20251230,,450,DAILY_BUDGET,PAUSED,USD,0,0,0.0,0.0,0,0,0,0.0,0,1,0,0,
"Jan 26, 2026","=""425759037435957""",B00429N18S_SD_Conversion_AUDT-Promoted product views remarketing_cpc_20251230,,450,DAILY_BUDGET,PAUSED,USD,0,0,0.0,0.0,0,0,0,0.0,0,1,0,0,
"Jan 07, 2026","=""382929702717487""",B00429N18S_SD_Awareness_AUDT-Complementary category views remarketing_vcpm_20251230,,450,DAILY_BUDGET,PAUSED,USD,30827,30,122.28,119.9,2,2,0,0.0,0,42,0,19301,
"Mar 14, 2026","=""170474248246250""",C.SD.Product.UPS.IntelligentLCD.CP1500AVRLCD3.B0BCMLLSHL,,250,DAILY_BUDGET,ENABLED,USD,76571,93,179.7,682.75,5,5,4,550.8,4,236,14,22509,
"Feb 28, 2026","=""124438051163565""",C.SD.Product.UPS.PFCSinewave.CP1500PFCLCD.B00429N19W,,450,DAILY_BUDGET,ENABLED,USD,0,0,0.0,0.0,0,0,0,0.0,0,1,0,0,
"Jan 06, 2026","=""170474248246250""",C.SD.Product.UPS.IntelligentLCD.CP1500AVRLCD3.B0BCMLLSHL,,250,DAILY_BUDGET,ENABLED,USD,0,0,0.0,0.0,0,0,0,0.0,0,0,0,0,
"Jan 26, 2026","=""378661668519490""",B00429N18S_SD_Consideration_AUDT-Similar products views remarketing_cpc_20251230,,450,DAILY_BUDGET,PAUSED,USD,0,0,0.0,0.0,0,0,0,0.0,0,0,0,0,
"Jan 13, 2026","=""560720574941385""",B00429N18S_SD_Conversion_AUDT-purchase remarketing-promoted products-key promoted products_cpc_20251230,,96,DAILY_BUDGET,PAUSED,USD,0,0,0.0,0.0,0,0,0,0.0,0,0,0,0,
"Mar 09, 2026","=""170474248246250""",C.SD.Product.UPS.IntelligentLCD.CP1500AVRLCD3.B0BCMLLSHL,,250,DAILY_BUDGET,ENABLED,USD,111261,91,238.77,1435.89,7,8,3,719.85,3,166,15,35648,
"Feb 02, 2026","=""339355478634336""",B00429N18S_SD_Consideration_AUDT-Competitive brands views remarketing_cpc_20251230,,450,DAILY_BUDGET,PAUSED,USD,154504,93,464.69,0.0,0,0,0,0.0,0,51,0,0,
"Feb 02, 2026","=""303378536736811""",B00429N18S_SD_Consideration_AUDT-Promoted brand views remarketing_cpc_20251230,,450,DAILY_BUDGET,PAUSED,USD,124214,100,262.62,359.9,2,2,2,359.9,2,86,3,0,
"Feb 06, 2026","=""414479380999065""",B00429N18S_SD_Defense_CXT-Category-Segmented category brand_vcpm_20251230,,530,DAILY_BUDGET,PAUSED,USD,0,0,0.0,0.0,0,0,0,0.0,0,0,0,0,
"Feb 06, 2026","=""339355478634336""",B00429N18S_SD_Consideration_AUDT-Competitive brands views remarketing_cpc_20251230,,450,DAILY_BUDGET,PAUSED,USD,0,0,0.0,0.0,0,0,0,0.0,0,7,0,0,
"Feb 15, 2026","=""170474248246250""",C.SD.Product.UPS.IntelligentLCD.CP1500AVRLCD3.B0BCMLLSHL,,250,DAILY_BUDGET,ENABLED,USD,26932,59,101.91,0.0,0,0,0,0.0,0,117,3,15767,
"Feb 03, 2026","=""303378536736811""",B00429N18S_SD_Consideration_AUDT-Promoted brand views remarketing_cpc_20251230,,450,DAILY_BUDGET,PAUSED,USD,0,0,0.0,0.0,0,0,0,0.0,0,4,0,0,
"Feb 11, 2026","=""462435011616528""",B00429N18S_SD_Consideration_AUDT-Promoted category views remarketing_cpc_20251230,,450,DAILY_BUDGET,PAUSED,USD,0,0,0.0,0.0,0,0,0,0.0,0,0,0,0,
"Jan 07, 2026","=""425759037435957""",B00429N18S_SD_Conversion_AUDT-Promoted product views remarketing_cpc_20251230,,450,DAILY_BUDGET,PAUSED,USD,8474,17,37.91,0.0,0,0,0,0.0,0,16,0,0,
"Jan 01, 2026","=""296198269696664""",C.SD.Keyword.UPS.IntelligentLCD.CP1500AVRLCD3.B0BCMLLSHL,,250,DAILY_BUDGET,ENABLED,USD,0,0,0.0,0.0,0,0,0,0.0,0,1,0,0,
"Feb 08, 2026","=""441244082318393""",B00429N18S_SD_Awareness_CXT-Complementary category_vcpm_20251230,,450,DAILY_BUDGET,PAUSED,USD,0,0,0.0,0.0,0,0,0,0.0,0,0,0,0,
"Feb 21, 2026","=""263494384088815""",C.SD.Product.UPS.Ecologic.EC850LCD.B00DBAA696,,250,DAILY_BUDGET,ENABLED,USD,72448,95,242.91,2139.45,10,11,9,1899.5,10,216,12,25869,
"Mar 23, 2026","=""263494384088815""",C.SD.Product.UPS.Ecologic.EC850LCD.B00DBAA696,,250,DAILY_BUDGET,ENABLED,USD,179893,176,498.78,3401.29,26,30,21,2804.54,25,461,46,52976,
"Feb 27, 2026","=""124438051163565""",C.SD.Product.UPS.PFCSinewave.CP1500PFCLCD.B00429N19W,,450,DAILY_BUDGET,ENABLED,USD,0,0,0.0,0.0,0,0,0,0.0,0,1,0,0,
"Jan 14, 2026","=""263494384088815""",C.SD.Product.UPS.Ecologic.EC850LCD.B00DBAA696,,250,DAILY_BUDGET,ENABLED,USD,0,0,0.0,0.0,0,0,0,0.0,0,0,0,0,
"Feb 10, 2026","=""378661668519490""",B00429N18S_SD_Consideration_AUDT-Similar products views remarketing_cpc_20251230,,450,DAILY_BUDGET,PAUSED,USD,0,0,0.0,0.0,0,0,0,0.0,0,1,0,0,
"Jan 03, 2026","=""170474248246250""",C.SD.Product.UPS.IntelligentLCD.CP1500AVRLCD3.B0BCMLLSHL,,250,DAILY_BUDGET,ENABLED,USD,0,0,0.0,0.0,0,0,0,0.0,0,1,0,0,
"Jan 31, 2026","=""425759037435957""",B00429N18S_SD_Conversion_AUDT-Promoted product views remarketing_cpc_20251230,,450,DAILY_BUDGET,PAUSED,USD,160197,253,903.11,0.0,0,0,0,0.0,0,270,3,0,
"Jan 22, 2026","=""382929702717487""",B00429N18S_SD_Awareness_AUDT-Complementary category views remarketing_vcpm_20251230,,450,DAILY_BUDGET,PAUSED,USD,99532,111,934.15,1021.68,7,8,4,481.83,5,200,16,63955,
"Jan 17, 2026","=""414479380999065""",B00429N18S_SD_Defense_CXT-Category-Segmented category brand_vcpm_20251230,,530,DAILY_BUDGET,PAUSED,USD,0,0,0.0,0.0,0,0,0,0.0,0,0,0,0,
"Jan 01, 2026","=""263494384088815""",C.SD.Product.UPS.Ecologic.EC850LCD.B00DBAA696,,250,DAILY_BUDGET,ENABLED,USD,0,0,0.0,0.0,0,0,0,0.0,0,0,0,0,
"Jan 05, 2026","=""263494384088815""",C.SD.Product.UPS.Ecologic.EC850LCD.B00DBAA696,,250,DAILY_BUDGET,ENABLED,USD,0,0,0.0,0.0,0,0,0,0.0,0,0,0,0,
"Jan 18, 2026","=""339355478634336""",B00429N18S_SD_Consideration_AUDT-Competitive brands views remarketing_cpc_20251230,,450,DAILY_BUDGET,PAUSED,USD,0,0,0.0,0.0,0,0,0,0.0,0,0,0,0,
"Jan 30, 2026","=""303378536736811""",B00429N18S_SD_Consideration_AUDT-Promoted brand views remarketing_cpc_20251230,,450,DAILY_BUDGET,PAUSED,USD,175722,240,558.42,239.95,1,1,1,239.95,1,218,4,0,
"Feb 07, 2026","=""263494384088815""",C.SD.Product.UPS.Ecologic.EC850LCD.B00DBAA696,,250,DAILY_BUDGET,ENABLED,USD,95124,85,499.03,1890.6,8,8,7,1189.65,7,186,20,29546,
"Mar 11, 2026","=""170474248246250""",C.SD.Product.UPS.IntelligentLCD.CP1500AVRLCD3.B0BCMLLSHL,,250,DAILY_BUDGET,ENABLED,USD,164419,159,386.22,1606.99,10,11,9,1517.04,10,305,17,57803,
"Feb 06, 2026","=""303378536736811""",B00429N18S_SD_Consideration_AUDT-Promoted brand views remarketing_cpc_20251230,,450,DAILY_BUDGET,PAUSED,USD,0,0,0.0,0.0,0,0,0,0.0,0,1,0,0,
"Feb 01, 2026","=""413728361555554""",B00429N18S_SD_Consideration_CXT-Competitive products recommended by Xnurta_cpc_20251230,,75,DAILY_BUDGET,PAUSED,USD,1981,3,12.63,0.0,0,0,0,0.0,0,2,0,0,
"Mar 16, 2026","=""263494384088815""",C.SD.Product.UPS.Ecologic.EC850LCD.B00DBAA696,,250,DAILY_BUDGET,ENABLED,USD,133812,122,418.49,4127.22,32,45,27,3230.17,35,480,48,43320,
"Jan 05, 2026","=""38365855708871""",C.SD.Product.UPS.SmartAppLCD.B000XJLLKG.OR700LCDRM1U,,250,DAILY_BUDGET,ENABLED,USD,0,0,0.0,0.0,0,0,0,0.0,0,0,0,0,
"Mar 07, 2026","=""339355478634336""",B00429N18S_SD_Consideration_AUDT-Competitive brands views remarketing_cpc_20251230,,450,DAILY_BUDGET,PAUSED,USD,0,0,0.0,0.0,0,0,0,0.0,0,1,0,0,
"Feb 09, 2026","=""378661668519490""",B00429N18S_SD_Consideration_AUDT-Similar products views remarketing_cpc_20251230,,450,DAILY_BUDGET,PAUSED,USD,0,0,0.0,0.0,0,0,0,0.0,0,0,0,0,
"Jan 14, 2026","=""425759037435957""",B00429N18S_SD_Conversion_AUDT-Promoted product views remarketing_cpc_20251230,,450,DAILY_BUDGET,PAUSED,USD,0,0,0.0,0.0,0,0,0,0.0,0,0,0,0,
"Jan 02, 2026","=""401081905525372""",C.Competitor.Consumer.SD.UPS.PFCSineWave.CP1500PFCRM2U.B0B354X985,,250,DAILY_BUDGET,ENABLED,USD,0,0,0.0,0.0,0,0,0,0.0,0,0,0,0,
"Jan 21, 2026","=""382929702717487""",B00429N18S_SD_Awareness_AUDT-Complementary category views remarketing_vcpm_20251230,,450,DAILY_BUDGET,PAUSED,USD,152054,179,923.12,2059.59,11,14,8,1567.65,8,331,22,98047,
"Jan 15, 2026","=""296198269696664""",C.SD.Keyword.UPS.IntelligentLCD.CP1500AVRLCD3.B0BCMLLSHL,,250,DAILY_BUDGET,ENABLED,USD,0,0,0.0,0.0,0,0,0,0.0,0,3,0,0,
"Jan 08, 2026","=""378661668519490""",B00429N18S_SD_Consideration_AUDT-Similar products views remarketing_cpc_20251230,,450,DAILY_BUDGET,PAUSED,USD,0,0,0.0,0.0,0,0,0,0.0,0,0,0,0,
"Mar 14, 2026","=""263494384088815""",C.SD.Product.UPS.Ecologic.EC850LCD.B00DBAA696,,250,DAILY_BUDGET,ENABLED,USD,129364,145,426.65,2493.81,20,21,17,2043.96,18,375,26,43941,
"Jan 04, 2026","=""38365855708871""",C.SD.Product.UPS.SmartAppLCD.B000XJLLKG.OR700LCDRM1U,,250,DAILY_BUDGET,ENABLED,USD,0,0,0.0,0.0,0,0,0,0.0,0,0,0,0,
"Feb 14, 2026","=""378661668519490""",B00429N18S_SD_Consideration_AUDT-Similar products views remarketing_cpc_20251230,,450,DAILY_BUDGET,PAUSED,USD,0,0,0.0,0.0,0,0,0,0.0,0,1,0,0,
"Feb 20, 2026","=""263494384088815""",C.SD.Product.UPS.Ecologic.EC850LCD.B00DBAA696,,250,DAILY_BUDGET,ENABLED,USD,69585,44,256.87,2080.63,10,10,5,1680.75,5,96,7,25471,
"Feb 01, 2026","=""288879984637562""",B00429N18S_SD_Consideration_CXT-Strong competitive ASIN_cpc_20251230,,75,DAILY_BUDGET,PAUSED,USD,61,0,0.0,0.0,0,0,0,0.0,0,0,0,0,
"Feb 11, 2026","=""263494384088815""",C.SD.Product.UPS.Ecologic.EC850LCD.B00DBAA696,,250,DAILY_BUDGET,ENABLED,USD,46242,40,154.63,1140.85,3,3,2,1060.9,2,73,5,17218,
"Feb 25, 2026","=""382929702717487""",B00429N18S_SD_Awareness_AUDT-Complementary category views remarketing_vcpm_20251230,,450,DAILY_BUDGET,PAUSED,USD,0,0,0.0,0.0,0,0,0,0.0,0,1,0,0,
"Jan 26, 2026","=""382929702717487""",B00429N18S_SD_Awareness_AUDT-Complementary category views remarketing_vcpm_20251230,,450,DAILY_BUDGET,PAUSED,USD,0,0,0.0,0.0,0,0,0,0.0,0,0,0,0,
"Jan 06, 2026","=""382929702717487""",B00429N18S_SD_Awareness_AUDT-Complementary category views remarketing_vcpm_20251230,,450,DAILY_BUDGET,PAUSED,USD,36105,39,127.64,139.95,1,1,1,139.95,1,83,4,23232,
"Jan 28, 2026","=""560720574941385""",B00429N18S_SD_Conversion_AUDT-purchase remarketing-promoted products-key promoted products_cpc_20251230,,96,DAILY_BUDGET,PAUSED,USD,11763,14,52.84,0.0,0,0,0,0.0,0,34,0,0,
"Jan 30, 2026","=""296198269696664""",C.SD.Keyword.UPS.IntelligentLCD.CP1500AVRLCD3.B0BCMLLSHL,,250,DAILY_BUDGET,ENABLED,USD,0,0,0.0,0.0,0,0,0,0.0,0,2,0,0,
"Jan 11, 2026","=""263494384088815""",C.SD.Product.UPS.Ecologic.EC850LCD.B00DBAA696,,250,DAILY_BUDGET,ENABLED,USD,0,0,0.0,0.0,0,0,0,0.0,0,0,0,0,
"Jan 30, 2026","=""378661668519490""",B00429N18S_SD_Consideration_AUDT-Similar products views remarketing_cpc_20251230,,450,DAILY_BUDGET,PAUSED,USD,268312,352,907.84,0.0,0,0,0,0.0,0,236,1,0,
"Feb 02, 2026","=""413728361555554""",B00429N18S_SD_Consideration_CXT-Competitive products recommended by Xnurta_cpc_20251230,,75,DAILY_BUDGET,PAUSED,USD,682,0,0.0,0.0,0,0,0,0.0,0,0,0,0,
"Feb 11, 2026","=""425759037435957""",B00429N18S_SD_Conversion_AUDT-Promoted product views remarketing_cpc_20251230,,450,DAILY_BUDGET,PAUSED,USD,0,0,0.0,0.0,0,0,0,0.0,0,0,0,0,
"Jan 08, 2026","=""339355478634336""",B00429N18S_SD_Consideration_AUDT-Competitive brands views remarketing_cpc_20251230,,450,DAILY_BUDGET,PAUSED,USD,0,0,0.0,0.0,0,0,0,0.0,0,1,0,0,
"Mar 06, 2026","=""382929702717487""",B00429N18S_SD_Awareness_AUDT-Complementary category views remarketing_vcpm_20251230,,450,DAILY_BUDGET,PAUSED,USD,0,0,0.0,0.0,0,0,0,0.0,0,1,0,0,
"Jan 23, 2026","=""560720574941385""",B00429N18S_SD_Conversion_AUDT-purchase remarketing-promoted products-key promoted products_cpc_20251230,,96,DAILY_BUDGET,PAUSED,USD,0,0,0.0,0.0,0,0,0,0.0,0,0,0,0,
"Jan 17, 2026","=""520906012389097""",B00429N18S_SD_Consideration_CXT-Similar products_cpc_20251230,,450,DAILY_BUDGET,PAUSED,USD,0,0,0.0,0.0,0,0,0,0.0,0,2,0,0,
"Mar 10, 2026","=""462435011616528""",B00429N18S_SD_Consideration_AUDT-Promoted category views remarketing_cpc_20251230,,450,DAILY_BUDGET,PAUSED,USD,0,0,0.0,0.0,0,0,0,0.0,0,1,0,0,
"Feb 24, 2026","=""339355478634336""",B00429N18S_SD_Consideration_AUDT-Competitive brands views remarketing_cpc_20251230,,450,DAILY_BUDGET,PAUSED,USD,0,0,0.0,0.0,0,0,0,0.0,0,1,0,0,
"Jan 24, 2026","=""560720574941385""",B00429N18S_SD_Conversion_AUDT-purchase remarketing-promoted products-key promoted products_cpc_20251230,,96,DAILY_BUDGET,PAUSED,USD,0,0,0.0,0.0,0,0,0,0.0,0,0,0,0,
"Jan 20, 2026","=""318904892472489""",B00429N18S_SD_Consideration_CXT-Category-Competitive brands_cpc_20251230,,450,DAILY_BUDGET,PAUSED,USD,0,0,0.0,0.0,0,0,0,0.0,0,0,0,0,
"Feb 09, 2026","=""263494384088815""",C.SD.Product.UPS.Ecologic.EC850LCD.B00DBAA696,,250,DAILY_BUDGET,ENABLED,USD,93889,57,499.52,1038.54,7,13,1,59.99,1,85,8,25356,
"Mar 21, 2026","=""401081905525372""",C.Competitor.Consumer.SD.UPS.PFCSineWave.CP1500PFCRM2U.B0B354X985,,250,DAILY_BUDGET,ENABLED,USD,0,0,0.0,0.0,0,0,0,0.0,0,1,0,0,
"Mar 10, 2026","=""263494384088815""",C.SD.Product.UPS.Ecologic.EC850LCD.B00DBAA696,,250,DAILY_BUDGET,ENABLED,USD,81395,78,249.59,2726.48,13,18,9,1941.59,9,174,13,30456,
"Jan 14, 2026","=""520906012389097""",B00429N18S_SD_Consideration_CXT-Similar products_cpc_20251230,,450,DAILY_BUDGET,PAUSED,USD,0,0,0.0,0.0,0,0,0,0.0,0,0,0,0,
"Feb 25, 2026","=""170474248246250""",C.SD.Product.UPS.IntelligentLCD.CP1500AVRLCD3.B0BCMLLSHL,,250,DAILY_BUDGET,ENABLED,USD,138042,157,253.39,3847.04,14,15,11,1554.34,11,333,20,40606,
"Feb 18, 2026","=""339355478634336""",B00429N18S_SD_Consideration_AUDT-Competitive brands views remarketing_cpc_20251230,,450,DAILY_BUDGET,PAUSED,USD,0,0,0.0,0.0,0,0,0,0.0,0,1,0,0,
"Jan 09, 2026","=""124438051163565""",C.SD.Product.UPS.PFCSinewave.CP1500PFCLCD.B00429N19W,,450,DAILY_BUDGET,ENABLED,USD,0,0,0.0,0.0,0,0,0,0.0,0,0,0,0,
"Mar 13, 2026","=""263494384088815""",C.SD.Product.UPS.Ecologic.EC850LCD.B00DBAA696,,250,DAILY_BUDGET,ENABLED,USD,167849,117,497.66,7674.97,33,40,15,1887.48,15,358,31,52706,
"Feb 15, 2026","=""414479380999065""",B00429N18S_SD_Defense_CXT-Category-Segmented category brand_vcpm_20251230,,530,DAILY_BUDGET,PAUSED,USD,0,0,0.0,0.0,0,0,0,0.0,0,1,0,0,
"Jan 17, 2026","=""382929702717487""",B00429N18S_SD_Awareness_AUDT-Complementary category views remarketing_vcpm_20251230,,450,DAILY_BUDGET,PAUSED,USD,0,0,0.0,0.0,0,0,0,0.0,0,0,0,0,
"Jan 24, 2026","=""425759037435957""",B00429N18S_SD_Conversion_AUDT-Promoted product views remarketing_cpc_20251230,,450,DAILY_BUDGET,PAUSED,USD,0,0,0.0,0.0,0,0,0,0.0,0,1,0,0,
"Jan 13, 2026","=""303378536736811""",B00429N18S_SD_Consideration_AUDT-Promoted brand views remarketing_cpc_20251230,,450,DAILY_BUDGET,PAUSED,USD,0,0,0.0,0.0,0,0,0,0.0,0,0,0,0,
"Mar 08, 2026","=""170474248246250""",C.SD.Product.UPS.IntelligentLCD.CP1500AVRLCD3.B0BCMLLSHL,,250,DAILY_BUDGET,ENABLED,USD,101368,96,250.21,1224.51,7,8,3,324.64,3,176,9,34062,
"Feb 08, 2026","=""303378536736811""",B00429N18S_SD_Consideration_AUDT-Promoted brand views remarketing_cpc_20251230,,450,DAILY_BUDGET,PAUSED,USD,0,0,0.0,0.0,0,0,0,0.0,0,0,0,0,
"Jan 08, 2026","=""414479380999065""",B00429N18S_SD_Defense_CXT-Category-Segmented category brand_vcpm_20251230,,530,DAILY_BUDGET,PAUSED,USD,0,0,0.0,0.0,0,0,0,0.0,0,0,0,0,
"Jan 27, 2026","=""413728361555554""",B00429N18S_SD_Consideration_CXT-Competitive products recommended by Xnurta_cpc_20251230,,75,DAILY_BUDGET,PAUSED,USD,756,1,2.66,0.0,0,0,0,0.0,0,4,0,0,
"Jan 11, 2026","=""378661668519490""",B00429N18S_SD_Consideration_AUDT-Similar products views remarketing_cpc_20251230,,450,DAILY_BUDGET,PAUSED,USD,0,0,0.0,0.0,0,0,0,0.0,0,0,0,0,
"Jan 26, 2026","=""441244082318393""",B00429N18S_SD_Awareness_CXT-Complementary category_vcpm_20251230,,450,DAILY_BUDGET,PAUSED,USD,0,0,0.0,0.0,0,0,0,0.0,0,2,0,0,
"Jan 09, 2026","=""170474248246250""",C.SD.Product.UPS.IntelligentLCD.CP1500AVRLCD3.B0BCMLLSHL,,250,DAILY_BUDGET,ENABLED,USD,0,0,0.0,0.0,0,0,0,0.0,0,1,0,0,
"Jan 23, 2026","=""441244082318393""",B00429N18S_SD_Awareness_CXT-Complementary category_vcpm_20251230,,450,DAILY_BUDGET,PAUSED,USD,0,0,0.0,0.0,0,0,0,0.0,0,0,0,0,
"Jan 24, 2026","=""441244082318393""",B00429N18S_SD_Awareness_CXT-Complementary category_vcpm_20251230,,450,DAILY_BUDGET,PAUSED,USD,0,0,0.0,0.0,0,0,0,0.0,0,1,0,0,
"Feb 08, 2026","=""462435011616528""",B00429N18S_SD_Consideration_AUDT-Promoted category views remarketing_cpc_20251230,,450,DAILY_BUDGET,PAUSED,USD,0,0,0.0,0.0,0,0,0,0.0,0,0,0,0,
"Feb 17, 2026","=""339355478634336""",B00429N18S_SD_Consideration_AUDT-Competitive brands views remarketing_cpc_20251230,,450,DAILY_BUDGET,PAUSED,USD,0,0,0.0,0.0,0,0,0,0.0,0,2,0,0,
"Feb 07, 2026","=""296198269696664""",C.SD.Keyword.UPS.IntelligentLCD.CP1500AVRLCD3.B0BCMLLSHL,,250,DAILY_BUDGET,ENABLED,USD,0,0,0.0,0.0,0,0,0,0.0,0,1,0,0,
"Feb 13, 2026","=""425759037435957""",B00429N18S_SD_Conversion_AUDT-Promoted product views remarketing_cpc_20251230,,450,DAILY_BUDGET,PAUSED,USD,0,0,0.0,0.0,0,0,0,0.0,0,2,0,0,
"Jan 23, 2026","=""378661668519490""",B00429N18S_SD_Consideration_AUDT-Similar products views remarketing_cpc_20251230,,450,DAILY_BUDGET,PAUSED,USD,0,0,0.0,0.0,0,0,0,0.0,0,1,0,0,
"Feb 02, 2026","=""462435011616528""",B00429N18S_SD_Consideration_AUDT-Promoted category views remarketing_cpc_20251230,,450,DAILY_BUDGET,PAUSED,USD,81759,75,455.82,479.9,2,2,1,239.95,1,39,3,0,
"Jan 07, 2026","=""287421757846510""",C.Keyword.Consumer.SD.UPS.PFCSineWave.CP1500PFCRM2U.B0B354X985,,250,DAILY_BUDGET,ENABLED,USD,0,0,0.0,0.0,0,0,0,0.0,0,0,0,0,
"Feb 06, 2026","=""170474248246250""",C.SD.Product.UPS.IntelligentLCD.CP1500AVRLCD3.B0BCMLLSHL,,250,DAILY_BUDGET,ENABLED,USD,12498,19,42.98,47.95,1,1,1,47.95,1,29,2,5864,
"Jan 11, 2026","=""124438051163565""",C.SD.Product.UPS.PFCSinewave.CP1500PFCLCD.B00429N19W,,450,DAILY_BUDGET,ENABLED,USD,0,0,0.0,0.0,0,0,0,0.0,0,0,0,0,
"Jan 22, 2026","=""441244082318393""",B00429N18S_SD_Awareness_CXT-Complementary category_vcpm_20251230,,450,DAILY_BUDGET,PAUSED,USD,15772,16,61.65,907.7,4,6,3,559.85,3,82,7,5238,
"Jan 16, 2026","=""560720574941385""",B00429N18S_SD_Conversion_AUDT-purchase remarketing-promoted products-key promoted products_cpc_20251230,,96,DAILY_BUDGET,PAUSED,USD,28754,39,81.78,0.0,0,0,0,0.0,0,29,0,0,
"Jan 11, 2026","=""462435011616528""",B00429N18S_SD_Consideration_AUDT-Promoted category views remarketing_cpc_20251230,,450,DAILY_BUDGET,PAUSED,USD,0,0,0.0,0.0,0,0,0,0.0,0,0,0,0,
"Mar 20, 2026","=""170474248246250""",C.SD.Product.UPS.IntelligentLCD.CP1500AVRLCD3.B0BCMLLSHL,,250,DAILY_BUDGET,ENABLED,USD,101428,152,266.0,3344.13,14,20,9,1567.35,13,326,17,33800,
"Feb 22, 2026","=""263494384088815""",C.SD.Product.UPS.Ecologic.EC850LCD.B00DBAA696,,250,DAILY_BUDGET,ENABLED,USD,74621,67,232.33,1287.3,10,11,9,1227.35,10,173,14,26858,
"Mar 12, 2026","=""170474248246250""",C.SD.Product.UPS.IntelligentLCD.CP1500AVRLCD3.B0BCMLLSHL,,250,DAILY_BUDGET,ENABLED,USD,257129,203,493.68,2599.33,11,15,10,2399.38,14,416,29,62913,
"Feb 15, 2026","=""263494384088815""",C.SD.Product.UPS.Ecologic.EC850LCD.B00DBAA696,,250,DAILY_BUDGET,ENABLED,USD,75094,79,293.48,2496.97,13,16,11,1547.12,13,196,26,33142,
"Mar 10, 2026","=""296198269696664""",C.SD.Keyword.UPS.IntelligentLCD.CP1500AVRLCD3.B0BCMLLSHL,,250,DAILY_BUDGET,ENABLED,USD,0,0,0.0,0.0,0,0,0,0.0,0,1,0,0,
"Feb 11, 2026","=""296198269696664""",C.SD.Keyword.UPS.IntelligentLCD.CP1500AVRLCD3.B0BCMLLSHL,,250,DAILY_BUDGET,ENABLED,USD,0,0,0.0,0.0,0,0,0,0.0,0,2,0,0,
"Jan 22, 2026","=""288879984637562""",B00429N18S_SD_Consideration_CXT-Strong competitive ASIN_cpc_20251230,,75,DAILY_BUDGET,PAUSED,USD,236,1,2.97,0.0,0,0,0,0.0,0,1,0,0,
"Jan 22, 2026","=""413728361555554""",B00429N18S_SD_Consideration_CXT-Competitive products recommended by Xnurta_cpc_20251230,,75,DAILY_BUDGET,PAUSED,USD,3295,4,35.86,0.0,0,0,0,0.0,0,7,2,0,
"Jan 31, 2026","=""560720574941385""",B00429N18S_SD_Conversion_AUDT-purchase remarketing-promoted products-key promoted products_cpc_20251230,,96,DAILY_BUDGET,PAUSED,USD,20956,25,58.02,115.95,1,1,0,0.0,0,28,2,0,
"Feb 12, 2026","=""414479380999065""",B00429N18S_SD_Defense_CXT-Category-Segmented category brand_vcpm_20251230,,530,DAILY_BUDGET,PAUSED,USD,0,0,0.0,0.0,0,0,0,0.0,0,1,0,0,
"Jan 20, 2026","=""382929702717487""",B00429N18S_SD_Awareness_AUDT-Complementary category views remarketing_vcpm_20251230,,450,DAILY_BUDGET,PAUSED,USD,0,0,0.0,0.0,0,0,0,0.0,0,0,0,0,
"Jan 06, 2026","=""124438051163565""",C.SD.Product.UPS.PFCSinewave.CP1500PFCLCD.B00429N19W,,450,DAILY_BUDGET,ENABLED,USD,118079,39,516.22,712.81,6,6,4,518.12,4,100,9,37212,
"Jan 02, 2026","=""296198269696664""",C.SD.Keyword.UPS.IntelligentLCD.CP1500AVRLCD3.B0BCMLLSHL,,250,DAILY_BUDGET,ENABLED,USD,0,0,0.0,0.0,0,0,0,0.0,0,1,0,0,
"Jan 28, 2026","=""296198269696664""",C.SD.Keyword.UPS.IntelligentLCD.CP1500AVRLCD3.B0BCMLLSHL,,250,DAILY_BUDGET,ENABLED,USD,0,0,0.0,0.0,0,0,0,0.0,0,1,0,0,
"Feb 01, 2026","=""378661668519490""",B00429N18S_SD_Consideration_AUDT-Similar products views remarketing_cpc_20251230,,450,DAILY_BUDGET,PAUSED,USD,96513,147,469.9,0.0,0,0,0,0.0,0,72,0,0,
"Jan 12, 2026","=""441244082318393""",B00429N18S_SD_Awareness_CXT-Complementary category_vcpm_20251230,,450,DAILY_BUDGET,PAUSED,USD,0,0,0.0,0.0,0,0,0,0.0,0,0,0,0,
"Jan 21, 2026","=""520906012389097""",B00429N18S_SD_Consideration_CXT-Similar products_cpc_20251230,,450,DAILY_BUDGET,PAUSED,USD,32649,53,172.62,0.0,0,0,0,0.0,0,57,1,0,
"Mar 05, 2026","=""170474248246250""",C.SD.Product.UPS.IntelligentLCD.CP1500AVRLCD3.B0BCMLLSHL,,250,DAILY_BUDGET,ENABLED,USD,136835,85,250.73,3101.3,10,14,5,908.33,5,189,20,38035,
"Jan 27, 2026","=""318904892472489""",B00429N18S_SD_Consideration_CXT-Category-Competitive brands_cpc_20251230,,450,DAILY_BUDGET,PAUSED,USD,5539,5,42.15,239.95,1,1,0,0.0,0,13,1,0,
"Mar 06, 2026","=""296198269696664""",C.SD.Keyword.UPS.IntelligentLCD.CP1500AVRLCD3.B0BCMLLSHL,,250,DAILY_BUDGET,ENABLED,USD,0,0,0.0,0.0,0,0,0,0.0,0,2,0,0,
"Jan 16, 2026","=""520906012389097""",B00429N18S_SD_Consideration_CXT-Similar products_cpc_20251230,,450,DAILY_BUDGET,PAUSED,USD,184442,214,847.35,479.9,2,2,2,479.9,2,233,5,0,
"Feb 03, 2026","=""441244082318393""",B00429N18S_SD_Awareness_CXT-Complementary category_vcpm_20251230,,450,DAILY_BUDGET,PAUSED,USD,0,0,0.0,0.0,0,0,0,0.0,0,2,0,0,
"Feb 01, 2026","=""520906012389097""",B00429N18S_SD_Consideration_CXT-Similar products_cpc_20251230,,450,DAILY_BUDGET,PAUSED,USD,59092,77,459.9,239.95,1,1,1,239.95,1,43,2,0,
"Feb 12, 2026","=""560720574941385""",B00429N18S_SD_Conversion_AUDT-purchase remarketing-promoted products-key promoted products_cpc_20251230,,96,DAILY_BUDGET,PAUSED,USD,0,0,0.0,0.0,0,0,0,0.0,0,0,0,0,
"Feb 18, 2026","=""263494384088815""",C.SD.Product.UPS.Ecologic.EC850LCD.B00DBAA696,,250,DAILY_BUDGET,ENABLED,USD,64368,53,239.52,799.75,5,5,2,319.9,2,112,6,25544,
"Feb 06, 2026","=""441244082318393""",B00429N18S_SD_Awareness_CXT-Complementary category_vcpm_20251230,,450,DAILY_BUDGET,PAUSED,USD,0,0,0.0,0.0,0,0,0,0.0,0,0,0,0,
"Jan 06, 2026","=""413728361555554""",B00429N18S_SD_Consideration_CXT-Competitive products recommended by Xnurta_cpc_20251230,,75,DAILY_BUDGET,PAUSED,USD,2202,3,9.64,0.0,0,0,0,0.0,0,4,0,0,
"Jan 28, 2026","=""339355478634336""",B00429N18S_SD_Consideration_AUDT-Competitive brands views remarketing_cpc_20251230,,450,DAILY_BUDGET,PAUSED,USD,213922,154,575.87,0.0,0,0,0,0.0,0,98,0,0,
"Jan 09, 2026","=""339355478634336""",B00429N18S_SD_Consideration_AUDT-Competitive brands views remarketing_cpc_20251230,,450,DAILY_BUDGET,PAUSED,USD,0,0,0.0,0.0,0,0,0,0.0,0,0,0,0,
"Feb 03, 2026","=""378661668519490""",B00429N18S_SD_Consideration_AUDT-Similar products views remarketing_cpc_20251230,,450,DAILY_BUDGET,PAUSED,USD,0,0,0.0,0.0,0,0,0,0.0,0,0,0,0,
"Jan 19, 2026","=""170474248246250""",C.SD.Product.UPS.IntelligentLCD.CP1500AVRLCD3.B0BCMLLSHL,,250,DAILY_BUDGET,ENABLED,USD,0,0,0.0,0.0,0,0,0,0.0,0,2,0,0,
"Jan 19, 2026","=""414479380999065""",B00429N18S_SD_Defense_CXT-Category-Segmented category brand_vcpm_20251230,,530,DAILY_BUDGET,PAUSED,USD,0,0,0.0,0.0,0,0,0,0.0,0,0,0,0,
"Jan 27, 2026","=""378661668519490""",B00429N18S_SD_Consideration_AUDT-Similar products views remarketing_cpc_20251230,,450,DAILY_BUDGET,PAUSED,USD,202033,177,1180.45,0.0,0,0,0,0.0,0,133,0,0,
"Mar 21, 2026","=""296198269696664""",C.SD.Keyword.UPS.IntelligentLCD.CP1500AVRLCD3.B0BCMLLSHL,,250,DAILY_BUDGET,ENABLED,USD,0,0,0.0,0.0,0,0,0,0.0,0,2,0,0,
"Feb 24, 2026","=""170474248246250""",C.SD.Product.UPS.IntelligentLCD.CP1500AVRLCD3.B0BCMLLSHL,,250,DAILY_BUDGET,ENABLED,USD,148354,154,280.84,2565.79,8,8,5,1775.94,5,313,14,40909,
"Jan 16, 2026","=""378661668519490""",B00429N18S_SD_Consideration_AUDT-Similar products views remarketing_cpc_20251230,,450,DAILY_BUDGET,PAUSED,USD,160867,181,975.43,0.0,0,0,0,0.0,0,146,1,0,
"Feb 02, 2026","=""520906012389097""",B00429N18S_SD_Consideration_CXT-Similar products_cpc_20251230,,450,DAILY_BUDGET,PAUSED,USD,80635,87,457.71,0.0,0,0,0,0.0,0,65,0,0,
"Jan 15, 2026","=""382929702717487""",B00429N18S_SD_Awareness_AUDT-Complementary category views remarketing_vcpm_20251230,,450,DAILY_BUDGET,PAUSED,USD,0,0,0.0,0.0,0,0,0,0.0,0,0,0,0,
"Feb 05, 2026","=""462435011616528""",B00429N18S_SD_Consideration_AUDT-Promoted category views remarketing_cpc_20251230,,450,DAILY_BUDGET,PAUSED,USD,0,0,0.0,0.0,0,0,0,0.0,0,0,0,0,
"Jan 16, 2026","=""339355478634336""",B00429N18S_SD_Consideration_AUDT-Competitive brands views remarketing_cpc_20251230,,450,DAILY_BUDGET,PAUSED,USD,150585,128,972.05,0.0,0,0,0,0.0,0,113,1,0,
"Jan 19, 2026","=""425759037435957""",B00429N18S_SD_Conversion_AUDT-Promoted product views remarketing_cpc_20251230,,450,DAILY_BUDGET,PAUSED,USD,0,0,0.0,0.0,0,0,0,0.0,0,0,0,0,
"Jan 28, 2026","=""382929702717487""",B00429N18S_SD_Awareness_AUDT-Complementary category views remarketing_vcpm_20251230,,450,DAILY_BUDGET,PAUSED,USD,216654,180,900.78,703.6,3,3,2,463.65,2,195,10,152440,
"Jan 31, 2026","=""414479380999065""",B00429N18S_SD_Defense_CXT-Category-Segmented category brand_vcpm_20251230,,530,DAILY_BUDGET,PAUSED,USD,19421,26,101.02,1459.55,8,9,6,1179.7,6,124,14,5843,
"Jan 07, 2026","=""414479380999065""",B00429N18S_SD_Defense_CXT-Category-Segmented category brand_vcpm_20251230,,530,DAILY_BUDGET,PAUSED,USD,124,0,0.93,0.0,0,0,0,0.0,0,0,0,34,
"Jan 13, 2026","=""263494384088815""",C.SD.Product.UPS.Ecologic.EC850LCD.B00DBAA696,,250,DAILY_BUDGET,ENABLED,USD,0,0,0.0,0.0,0,0,0,0.0,0,1,0,0,
"Jan 23, 2026","=""339355478634336""",B00429N18S_SD_Consideration_AUDT-Competitive brands views remarketing_cpc_20251230,,450,DAILY_BUDGET,PAUSED,USD,0,0,0.0,0.0,0,0,0,0.0,0,2,0,0,
"Jan 28, 2026","=""288879984637562""",B00429N18S_SD_Consideration_CXT-Strong competitive ASIN_cpc_20251230,,75,DAILY_BUDGET,PAUSED,USD,22,0,0.0,0.0,0,0,0,0.0,0,0,0,0,
"Feb 13, 2026","=""462435011616528""",B00429N18S_SD_Consideration_AUDT-Promoted category views remarketing_cpc_20251230,,450,DAILY_BUDGET,PAUSED,USD,0,0,0.0,0.0,0,0,0,0.0,0,1,0,0,
"Mar 19, 2026","=""170474248246250""",C.SD.Product.UPS.IntelligentLCD.CP1500AVRLCD3.B0BCMLLSHL,,250,DAILY_BUDGET,ENABLED,USD,63325,91,156.43,1509.69,9,9,9,1509.69,9,206,13,17533,
"Mar 06, 2026","=""38365855708871""",C.SD.Product.UPS.SmartAppLCD.B000XJLLKG.OR700LCDRM1U,,250,DAILY_BUDGET,ENABLED,USD,0,0,0.0,0.0,0,0,0,0.0,0,1,0,0,
"Jan 28, 2026","=""425759037435957""",B00429N18S_SD_Conversion_AUDT-Promoted product views remarketing_cpc_20251230,,450,DAILY_BUDGET,PAUSED,USD,129745,166,926.54,169.95,1,1,1,169.95,1,200,7,0,
"Feb 22, 2026","=""339355478634336""",B00429N18S_SD_Consideration_AUDT-Competitive brands views remarketing_cpc_20251230,,450,DAILY_BUDGET,PAUSED,USD,0,0,0.0,0.0,0,0,0,0.0,0,1,0,0,
"Jan 17, 2026","=""401081905525372""",C.Competitor.Consumer.SD.UPS.PFCSineWave.CP1500PFCRM2U.B0B354X985,,250,DAILY_BUDGET,ENABLED,USD,0,0,0.0,0.0,0,0,0,0.0,0,1,0,0,
"Jan 29, 2026","=""303378536736811""",B00429N18S_SD_Consideration_AUDT-Promoted brand views remarketing_cpc_20251230,,450,DAILY_BUDGET,PAUSED,USD,298151,405,883.98,839.8,4,4,2,479.9,2,356,7,0,
"Feb 07, 2026","=""170474248246250""",C.SD.Product.UPS.IntelligentLCD.CP1500AVRLCD3.B0BCMLLSHL,,250,DAILY_BUDGET,ENABLED,USD,32951,42,129.29,1490.45,11,11,8,1254.6,8,117,11,14773,
"Jan 17, 2026","=""425759037435957""",B00429N18S_SD_Conversion_AUDT-Promoted product views remarketing_cpc_20251230,,450,DAILY_BUDGET,PAUSED,USD,0,0,0.0,0.0,0,0,0,0.0,0,6,0,0,
"Feb 02, 2026","=""318904892472489""",B00429N18S_SD_Consideration_CXT-Category-Competitive brands_cpc_20251230,,450,DAILY_BUDGET,PAUSED,USD,2317,8,43.54,239.95,1,1,1,239.95,1,18,4,0,
"Jan 11, 2026","=""38365855708871""",C.SD.Product.UPS.SmartAppLCD.B000XJLLKG.OR700LCDRM1U,,250,DAILY_BUDGET,ENABLED,USD,0,0,0.0,0.0,0,0,0,0.0,0,0,0,0,
"Jan 16, 2026","=""382929702717487""",B00429N18S_SD_Awareness_AUDT-Complementary category views remarketing_vcpm_20251230,,450,DAILY_BUDGET,PAUSED,USD,117935,158,931.14,239.95,1,1,1,239.95,1,235,11,80894,
"Jan 12, 2026","=""170474248246250""",C.SD.Product.UPS.IntelligentLCD.CP1500AVRLCD3.B0BCMLLSHL,,250,DAILY_BUDGET,ENABLED,USD,0,0,0.0,0.0,0,0,0,0.0,0,1,0,0,
"Jan 06, 2026","=""38365855708871""",C.SD.Product.UPS.SmartAppLCD.B000XJLLKG.OR700LCDRM1U,,250,DAILY_BUDGET,ENABLED,USD,0,0,0.0,0.0,0,0,0,0.0,0,0,0,0,
"Jan 26, 2026","=""303378536736811""",B00429N18S_SD_Consideration_AUDT-Promoted brand views remarketing_cpc_20251230,,450,DAILY_BUDGET,PAUSED,USD,0,0,0.0,0.0,0,0,0,0.0,0,0,0,0,
"Jan 07, 2026","=""263494384088815""",C.SD.Product.UPS.Ecologic.EC850LCD.B00DBAA696,,250,DAILY_BUDGET,ENABLED,USD,0,0,0.0,0.0,0,0,0,0.0,0,0,0,0,
"Jan 10, 2026","=""303378536736811""",B00429N18S_SD_Consideration_AUDT-Promoted brand views remarketing_cpc_20251230,,450,DAILY_BUDGET,PAUSED,USD,0,0,0.0,0.0,0,0,0,0.0,0,0,0,0,
"Jan 31, 2026","=""318904892472489""",B00429N18S_SD_Consideration_CXT-Category-Competitive brands_cpc_20251230,,450,DAILY_BUDGET,PAUSED,USD,1288,0,0.0,0.0,0,0,0,0.0,0,0,0,0,
"Feb 13, 2026","=""303378536736811""",B00429N18S_SD_Consideration_AUDT-Promoted brand views remarketing_cpc_20251230,,450,DAILY_BUDGET,PAUSED,USD,0,0,0.0,0.0,0,0,0,0.0,0,2,0,0,
"Feb 25, 2026","=""425759037435957""",B00429N18S_SD_Conversion_AUDT-Promoted product views remarketing_cpc_20251230,,450,DAILY_BUDGET,PAUSED,USD,0,0,0.0,0.0,0,0,0,0.0,0,4,0,0,
"Jan 16, 2026","=""296198269696664""",C.SD.Keyword.UPS.IntelligentLCD.CP1500AVRLCD3.B0BCMLLSHL,,250,DAILY_BUDGET,ENABLED,USD,0,0,0.0,0.0,0,0,0,0.0,0,4,0,0,
"Jan 31, 2026","=""462435011616528""",B00429N18S_SD_Consideration_AUDT-Promoted category views remarketing_cpc_20251230,,450,DAILY_BUDGET,PAUSED,USD,135086,184,908.51,479.9,2,2,1,239.95,1,110,3,0,
"Feb 01, 2026","=""382929702717487""",B00429N18S_SD_Awareness_AUDT-Complementary category views remarketing_vcpm_20251230,,450,DAILY_BUDGET,PAUSED,USD,109776,108,450.76,357.85,3,3,1,59.95,1,161,4,75963,
"Jan 27, 2026","=""520906012389097""",B00429N18S_SD_Consideration_CXT-Similar products_cpc_20251230,,450,DAILY_BUDGET,PAUSED,USD,189417,176,813.76,479.9,2,2,2,479.9,2,199,3,0,
"Feb 12, 2026","=""263494384088815""",C.SD.Product.UPS.Ecologic.EC850LCD.B00DBAA696,,250,DAILY_BUDGET,ENABLED,USD,52328,41,232.65,304.64,4,4,2,239.9,2,89,5,24200,
"Feb 20, 2026","=""170474248246250""",C.SD.Product.UPS.IntelligentLCD.CP1500AVRLCD3.B0BCMLLSHL,,250,DAILY_BUDGET,ENABLED,USD,23653,27,84.02,359.8,3,4,3,359.8,4,58,3,9517,
"Jan 24, 2026","=""303378536736811""",B00429N18S_SD_Consideration_AUDT-Promoted brand views remarketing_cpc_20251230,,450,DAILY_BUDGET,PAUSED,USD,0,0,0.0,0.0,0,0,0,0.0,0,0,0,0,
"Feb 14, 2026","=""441244082318393""",B00429N18S_SD_Awareness_CXT-Complementary category_vcpm_20251230,,450,DAILY_BUDGET,PAUSED,USD,0,0,0.0,0.0,0,0,0,0.0,0,0,0,0,
"Jan 17, 2026","=""170474248246250""",C.SD.Product.UPS.IntelligentLCD.CP1500AVRLCD3.B0BCMLLSHL,,250,DAILY_BUDGET,ENABLED,USD,0,0,0.0,0.0,0,0,0,0.0,0,1,0,0,
"Mar 17, 2026","=""414479380999065""",B00429N18S_SD_Defense_CXT-Category-Segmented category brand_vcpm_20251230,,530,DAILY_BUDGET,PAUSED,USD,0,0,0.0,0.0,0,0,0,0.0,0,4,0,0,
"Feb 07, 2026","=""520906012389097""",B00429N18S_SD_Consideration_CXT-Similar products_cpc_20251230,,450,DAILY_BUDGET,PAUSED,USD,0,0,0.0,0.0,0,0,0,0.0,0,0,0,0,
"Jan 14, 2026","=""303378536736811""",B00429N18S_SD_Consideration_AUDT-Promoted brand views remarketing_cpc_20251230,,450,DAILY_BUDGET,PAUSED,USD,0,0,0.0,0.0,0,0,0,0.0,0,0,0,0,
"Mar 17, 2026","=""170474248246250""",C.SD.Product.UPS.IntelligentLCD.CP1500AVRLCD3.B0BCMLLSHL,,250,DAILY_BUDGET,ENABLED,USD,67410,81,155.39,2706.75,7,9,6,1476.85,7,198,20,19585,
"Jan 17, 2026","=""441244082318393""",B00429N18S_SD_Awareness_CXT-Complementary category_vcpm_20251230,,450,DAILY_BUDGET,PAUSED,USD,0,0,0.0,0.0,0,0,0,0.0,0,1,0,0,
"Jan 24, 2026","=""414479380999065""",B00429N18S_SD_Defense_CXT-Category-Segmented category brand_vcpm_20251230,,530,DAILY_BUDGET,PAUSED,USD,0,0,0.0,0.0,0,0,0,0.0,0,0,0,0,
"Jan 18, 2026","=""425759037435957""",B00429N18S_SD_Conversion_AUDT-Promoted product views remarketing_cpc_20251230,,450,DAILY_BUDGET,PAUSED,USD,0,0,0.0,0.0,0,0,0,0.0,0,0,0,0,
"Jan 22, 2026","=""263494384088815""",C.SD.Product.UPS.Ecologic.EC850LCD.B00DBAA696,,250,DAILY_BUDGET,ENABLED,USD,0,0,0.0,0.0,0,0,0,0.0,0,1,0,0,
"Feb 18, 2026","=""378661668519490""",B00429N18S_SD_Consideration_AUDT-Similar products views remarketing_cpc_20251230,,450,DAILY_BUDGET,PAUSED,USD,0,0,0.0,0.0,0,0,0,0.0,0,1,0,0,
"Mar 22, 2026","=""287421757846510""",C.Keyword.Consumer.SD.UPS.PFCSineWave.CP1500PFCRM2U.B0B354X985,,250,DAILY_BUDGET,ENABLED,USD,0,0,0.0,0.0,0,0,0,0.0,0,1,0,0,
"Jan 17, 2026","=""378661668519490""",B00429N18S_SD_Consideration_AUDT-Similar products views remarketing_cpc_20251230,,450,DAILY_BUDGET,PAUSED,USD,0,0,0.0,0.0,0,0,0,0.0,0,1,0,0,
"Mar 05, 2026","=""263494384088815""",C.SD.Product.UPS.Ecologic.EC850LCD.B00DBAA696,,250,DAILY_BUDGET,ENABLED,USD,96131,51,250.49,436.75,4,5,3,396.85,3,141,14,26548,
"Feb 02, 2026","=""288879984637562""",B00429N18S_SD_Consideration_CXT-Strong competitive ASIN_cpc_20251230,,75,DAILY_BUDGET,PAUSED,USD,16,0,0.0,0.0,0,0,0,0.0,0,0,0,0,
"Feb 06, 2026","=""425759037435957""",B00429N18S_SD_Conversion_AUDT-Promoted product views remarketing_cpc_20251230,,450,DAILY_BUDGET,PAUSED,USD,0,0,0.0,0.0,0,0,0,0.0,0,0,0,0,
"Feb 27, 2026","=""296198269696664""",C.SD.Keyword.UPS.IntelligentLCD.CP1500AVRLCD3.B0BCMLLSHL,,250,DAILY_BUDGET,ENABLED,USD,0,0,0.0,0.0,0,0,0,0.0,0,1,0,0,
"Feb 11, 2026","=""124438051163565""",C.SD.Product.UPS.PFCSinewave.CP1500PFCLCD.B00429N19W,,450,DAILY_BUDGET,ENABLED,USD,0,0,0.0,0.0,0,0,0,0.0,0,2,0,0,
"Jan 16, 2026","=""425759037435957""",B00429N18S_SD_Conversion_AUDT-Promoted product views remarketing_cpc_20251230,,450,DAILY_BUDGET,PAUSED,USD,258645,492,905.11,479.9,2,2,2,479.9,2,558,5,0,
"Jan 25, 2026","=""303378536736811""",B00429N18S_SD_Consideration_AUDT-Promoted brand views remarketing_cpc_20251230,,450,DAILY_BUDGET,PAUSED,USD,0,0,0.0,0.0,0,0,0,0.0,0,0,0,0,
"Jan 28, 2026","=""318904892472489""",B00429N18S_SD_Consideration_CXT-Category-Competitive brands_cpc_20251230,,450,DAILY_BUDGET,PAUSED,USD,12446,19,180.91,239.95,1,1,1,239.95,1,26,0,0,
"Jan 29, 2026","=""318904892472489""",B00429N18S_SD_Consideration_CXT-Category-Competitive brands_cpc_20251230,,450,DAILY_BUDGET,PAUSED,USD,10358,16,177.86,719.85,3,3,3,719.85,3,33,4,0,
"Mar 07, 2026","=""296198269696664""",C.SD.Keyword.UPS.IntelligentLCD.CP1500AVRLCD3.B0BCMLLSHL,,250,DAILY_BUDGET,ENABLED,USD,0,0,0.0,0.0,0,0,0,0.0,0,4,0,0,
"Jan 11, 2026","=""296198269696664""",C.SD.Keyword.UPS.IntelligentLCD.CP1500AVRLCD3.B0BCMLLSHL,,250,DAILY_BUDGET,ENABLED,USD,0,0,0.0,0.0,0,0,0,0.0,0,1,0,0,
"Mar 01, 2026","=""263494384088815""",C.SD.Product.UPS.Ecologic.EC850LCD.B00DBAA696,,250,DAILY_BUDGET,ENABLED,USD,89523,89,248.77,1313.22,11,11,8,1043.33,8,262,19,26765,
"Jan 11, 2026","=""560720574941385""",B00429N18S_SD_Conversion_AUDT-purchase remarketing-promoted products-key promoted products_cpc_20251230,,96,DAILY_BUDGET,PAUSED,USD,0,0,0.0,0.0,0,0,0,0.0,0,0,0,0,
"Feb 26, 2026","=""382929702717487""",B00429N18S_SD_Awareness_AUDT-Complementary category views remarketing_vcpm_20251230,,450,DAILY_BUDGET,PAUSED,USD,0,0,0.0,0.0,0,0,0,0.0,0,3,0,0,
"Feb 01, 2026","=""414479380999065""",B00429N18S_SD_Defense_CXT-Category-Segmented category brand_vcpm_20251230,,530,DAILY_BUDGET,PAUSED,USD,19786,21,92.2,1216.05,6,7,4,638.8,4,128,13,6040,
"Feb 03, 2026","=""318904892472489""",B00429N18S_SD_Consideration_CXT-Category-Competitive brands_cpc_20251230,,450,DAILY_BUDGET,PAUSED,USD,0,0,0.0,0.0,0,0,0,0.0,0,0,0,0,
"Jan 29, 2026","=""414479380999065""",B00429N18S_SD_Defense_CXT-Category-Segmented category brand_vcpm_20251230,,530,DAILY_BUDGET,PAUSED,USD,27172,22,150.32,555.74,4,6,3,321.89,3,102,8,8000,
"Mar 02, 2026","=""263494384088815""",C.SD.Product.UPS.Ecologic.EC850LCD.B00DBAA696,,250,DAILY_BUDGET,ENABLED,USD,111822,83,248.64,1113.75,11,12,8,839.63,9,223,19,32939,
"Mar 23, 2026","=""170474248246250""",C.SD.Product.UPS.IntelligentLCD.CP1500AVRLCD3.B0BCMLLSHL,,250,DAILY_BUDGET,ENABLED,USD,160549,206,341.61,4876.74,29,36,21,3540.39,23,627,58,50841,
"Jan 09, 2026","=""462435011616528""",B00429N18S_SD_Consideration_AUDT-Promoted category views remarketing_cpc_20251230,,450,DAILY_BUDGET,PAUSED,USD,0,0,0.0,0.0,0,0,0,0.0,0,0,0,0,
"Mar 16, 2026","=""170474248246250""",C.SD.Product.UPS.IntelligentLCD.CP1500AVRLCD3.B0BCMLLSHL,,250,DAILY_BUDGET,ENABLED,USD,78566,94,174.9,3953.27,15,16,11,2075.58,11,335,33,23190,
"Feb 11, 2026","=""378661668519490""",B00429N18S_SD_Consideration_AUDT-Similar products views remarketing_cpc_20251230,,450,DAILY_BUDGET,PAUSED,USD,0,0,0.0,0.0,0,0,0,0.0,0,2,0,0,
"Feb 21, 2026","=""296198269696664""",C.SD.Keyword.UPS.IntelligentLCD.CP1500AVRLCD3.B0BCMLLSHL,,250,DAILY_BUDGET,ENABLED,USD,0,0,0.0,0.0,0,0,0,0.0,0,1,0,0,
"Jan 06, 2026","=""303378536736811""",B00429N18S_SD_Consideration_AUDT-Promoted brand views remarketing_cpc_20251230,,450,DAILY_BUDGET,PAUSED,USD,47530,93,246.39,0.0,0,0,0,0.0,0,83,0,0,
"Feb 01, 2026","=""425759037435957""",B00429N18S_SD_Conversion_AUDT-Promoted product views remarketing_cpc_20251230,,450,DAILY_BUDGET,PAUSED,USD,32385,61,468.77,0.0,0,0,0,0.0,0,51,1,0,
"Jan 28, 2026","=""413728361555554""",B00429N18S_SD_Consideration_CXT-Competitive products recommended by Xnurta_cpc_20251230,,75,DAILY_BUDGET,PAUSED,USD,908,3,12.22,0.0,0,0,0,0.0,0,3,0,0,
"Feb 19, 2026","=""339355478634336""",B00429N18S_SD_Consideration_AUDT-Competitive brands views remarketing_cpc_20251230,,450,DAILY_BUDGET,PAUSED,USD,0,0,0.0,0.0,0,0,0,0.0,0,2,0,0,
"Feb 07, 2026","=""339355478634336""",B00429N18S_SD_Consideration_AUDT-Competitive brands views remarketing_cpc_20251230,,450,DAILY_BUDGET,PAUSED,USD,0,0,0.0,0.0,0,0,0,0.0,0,0,0,0,
"Jan 08, 2026","=""296198269696664""",C.SD.Keyword.UPS.IntelligentLCD.CP1500AVRLCD3.B0BCMLLSHL,,250,DAILY_BUDGET,ENABLED,USD,0,0,0.0,0.0,0,0,0,0.0,0,2,0,0,
"Jan 01, 2026","=""170474248246250""",C.SD.Product.UPS.IntelligentLCD.CP1500AVRLCD3.B0BCMLLSHL,,250,DAILY_BUDGET,ENABLED,USD,0,0,0.0,0.0,0,0,0,0.0,0,0,0,0,
"Jan 18, 2026","=""382929702717487""",B00429N18S_SD_Awareness_AUDT-Complementary category views remarketing_vcpm_20251230,,450,DAILY_BUDGET,PAUSED,USD,0,0,0.0,0.0,0,0,0,0.0,0,0,0,0,
"Feb 08, 2026","=""425759037435957""",B00429N18S_SD_Conversion_AUDT-Promoted product views remarketing_cpc_20251230,,450,DAILY_BUDGET,PAUSED,USD,0,0,0.0,0.0,0,0,0,0.0,0,4,0,0,
"Jan 16, 2026","=""414479380999065""",B00429N18S_SD_Defense_CXT-Category-Segmented category brand_vcpm_20251230,,530,DAILY_BUDGET,PAUSED,USD,27427,11,99.86,1438.47,11,15,8,884.77,9,125,23,8110,
"Jan 07, 2026","=""401081905525372""",C.Competitor.Consumer.SD.UPS.PFCSineWave.CP1500PFCRM2U.B0B354X985,,250,DAILY_BUDGET,ENABLED,USD,0,0,0.0,0.0,0,0,0,0.0,0,0,0,0,
"Feb 23, 2026","=""287421757846510""",C.Keyword.Consumer.SD.UPS.PFCSineWave.CP1500PFCRM2U.B0B354X985,,250,DAILY_BUDGET,ENABLED,USD,0,0,0.0,0.0,0,0,0,0.0,0,1,0,0,
"Feb 14, 2026","=""382929702717487""",B00429N18S_SD_Awareness_AUDT-Complementary category views remarketing_vcpm_20251230,,450,DAILY_BUDGET,PAUSED,USD,0,0,0.0,0.0,0,0,0,0.0,0,0,0,0,
"Mar 24, 2026","=""296198269696664""",C.SD.Keyword.UPS.IntelligentLCD.CP1500AVRLCD3.B0BCMLLSHL,,250,DAILY_BUDGET,ENABLED,USD,0,0,0.0,0.0,0,0,0,0.0,0,2,0,0,
"Mar 09, 2026","=""263494384088815""",C.SD.Product.UPS.Ecologic.EC850LCD.B00DBAA696,,250,DAILY_BUDGET,ENABLED,USD,89054,59,238.53,591.85,4,4,4,591.85,4,131,9,26968,
"Feb 02, 2026","=""560720574941385""",B00429N18S_SD_Conversion_AUDT-purchase remarketing-promoted products-key promoted products_cpc_20251230,,96,DAILY_BUDGET,PAUSED,USD,10253,10,12.01,399.94,2,2,0,0.0,0,47,2,0,
"Feb 01, 2026","=""441244082318393""",B00429N18S_SD_Awareness_CXT-Complementary category_vcpm_20251230,,450,DAILY_BUDGET,PAUSED,USD,87695,89,449.14,2805.02,17,22,14,2040.22,18,430,35,28918,
"Jan 14, 2026","=""124438051163565""",C.SD.Product.UPS.PFCSinewave.CP1500PFCLCD.B00429N19W,,450,DAILY_BUDGET,ENABLED,USD,0,0,0.0,0.0,0,0,0,0.0,0,0,0,0,
"Feb 03, 2026","=""425759037435957""",B00429N18S_SD_Conversion_AUDT-Promoted product views remarketing_cpc_20251230,,450,DAILY_BUDGET,PAUSED,USD,0,0,0.0,0.0,0,0,0,0.0,0,1,0,0,
"Feb 26, 2026","=""339355478634336""",B00429N18S_SD_Consideration_AUDT-Competitive brands views remarketing_cpc_20251230,,450,DAILY_BUDGET,PAUSED,USD,0,0,0.0,0.0,0,0,0,0.0,0,1,0,0,
"Feb 12, 2026","=""425759037435957""",B00429N18S_SD_Conversion_AUDT-Promoted product views remarketing_cpc_20251230,,450,DAILY_BUDGET,PAUSED,USD,0,0,0.0,0.0,0,0,0,0.0,0,0,0,0,
"Mar 04, 2026","=""170474248246250""",C.SD.Product.UPS.IntelligentLCD.CP1500AVRLCD3.B0BCMLLSHL,,250,DAILY_BUDGET,ENABLED,USD,157184,111,291.58,1686.55,13,20,7,898.97,8,236,23,42746,
"Jan 01, 2026","=""38365855708871""",C.SD.Product.UPS.SmartAppLCD.B000XJLLKG.OR700LCDRM1U,,250,DAILY_BUDGET,ENABLED,USD,0,0,0.0,0.0,0,0,0,0.0,0,0,0,0,
"Feb 03, 2026","=""414479380999065""",B00429N18S_SD_Defense_CXT-Category-Segmented category brand_vcpm_20251230,,530,DAILY_BUDGET,PAUSED,USD,0,0,0.0,0.0,0,0,0,0.0,0,0,0,0,
"Feb 16, 2026","=""339355478634336""",B00429N18S_SD_Consideration_AUDT-Competitive brands views remarketing_cpc_20251230,,450,DAILY_BUDGET,PAUSED,USD,0,0,0.0,0.0,0,0,0,0.0,0,1,0,0,
"Feb 12, 2026","=""303378536736811""",B00429N18S_SD_Consideration_AUDT-Promoted brand views remarketing_cpc_20251230,,450,DAILY_BUDGET,PAUSED,USD,0,0,0.0,0.0,0,0,0,0.0,0,0,0,0,
"Feb 09, 2026","=""560720574941385""",B00429N18S_SD_Conversion_AUDT-purchase remarketing-promoted products-key promoted products_cpc_20251230,,96,DAILY_BUDGET,PAUSED,USD,0,0,0.0,0.0,0,0,0,0.0,0,0,0,0,
"Jan 27, 2026","=""441244082318393""",B00429N18S_SD_Awareness_CXT-Complementary category_vcpm_20251230,,450,DAILY_BUDGET,PAUSED,USD,83286,62,373.79,1374.39,8,8,8,1374.39,8,296,20,25211,
"Feb 26, 2026","=""296198269696664""",C.SD.Keyword.UPS.IntelligentLCD.CP1500AVRLCD3.B0BCMLLSHL,,250,DAILY_BUDGET,ENABLED,USD,0,0,0.0,0.0,0,0,0,0.0,0,1,0,0,
"Feb 12, 2026","=""441244082318393""",B00429N18S_SD_Awareness_CXT-Complementary category_vcpm_20251230,,450,DAILY_BUDGET,PAUSED,USD,0,0,0.0,0.0,0,0,0,0.0,0,0,0,0,
"Jan 28, 2026","=""441244082318393""",B00429N18S_SD_Awareness_CXT-Complementary category_vcpm_20251230,,450,DAILY_BUDGET,PAUSED,USD,68771,47,288.85,1039.7,6,6,6,1039.7,6,169,14,19735,
"Mar 19, 2026","=""287421757846510""",C.Keyword.Consumer.SD.UPS.PFCSineWave.CP1500PFCRM2U.B0B354X985,,250,DAILY_BUDGET,ENABLED,USD,0,0,0.0,0.0,0,0,0,0.0,0,3,0,0,
"Jan 16, 2026","=""288879984637562""",B00429N18S_SD_Consideration_CXT-Strong competitive ASIN_cpc_20251230,,75,DAILY_BUDGET,PAUSED,USD,2,0,0.0,0.0,0,0,0,0.0,0,0,0,0,
"Jan 27, 2026","=""560720574941385""",B00429N18S_SD_Conversion_AUDT-purchase remarketing-promoted products-key promoted products_cpc_20251230,,96,DAILY_BUDGET,PAUSED,USD,18068,13,18.31,0.0,0,0,0,0.0,0,4,0,0,
"Feb 03, 2026","=""462435011616528""",B00429N18S_SD_Consideration_AUDT-Promoted category views remarketing_cpc_20251230,,450,DAILY_BUDGET,PAUSED,USD,0,0,0.0,0.0,0,0,0,0.0,0,0,0,0,
"Jan 13, 2026","=""170474248246250""",C.SD.Product.UPS.IntelligentLCD.CP1500AVRLCD3.B0BCMLLSHL,,250,DAILY_BUDGET,ENABLED,USD,0,0,0.0,0.0,0,0,0,0.0,0,2,0,0,
"Jan 28, 2026","=""303378536736811""",B00429N18S_SD_Consideration_AUDT-Promoted brand views remarketing_cpc_20251230,,450,DAILY_BUDGET,PAUSED,USD,130693,115,1016.17,79.95,1,1,0,0.0,0,91,1,0,
"Jan 09, 2026","=""38365855708871""",C.SD.Product.UPS.SmartAppLCD.B000XJLLKG.OR700LCDRM1U,,250,DAILY_BUDGET,ENABLED,USD,0,0,0.0,0.0,0,0,0,0.0,0,0,0,0,
"Mar 19, 2026","=""462435011616528""",B00429N18S_SD_Consideration_AUDT-Promoted category views remarketing_cpc_20251230,,450,DAILY_BUDGET,PAUSED,USD,0,0,0.0,0.0,0,0,0,0.0,0,1,0,0,
"Feb 03, 2026","=""382929702717487""",B00429N18S_SD_Awareness_AUDT-Complementary category views remarketing_vcpm_20251230,,450,DAILY_BUDGET,PAUSED,USD,0,0,0.0,0.0,0,0,0,0.0,0,0,0,0,
"Jan 10, 2026","=""170474248246250""",C.SD.Product.UPS.IntelligentLCD.CP1500AVRLCD3.B0BCMLLSHL,,250,DAILY_BUDGET,ENABLED,USD,0,0,0.0,0.0,0,0,0,0.0,0,0,0,0,
"Feb 24, 2026","=""263494384088815""",C.SD.Product.UPS.Ecologic.EC850LCD.B00DBAA696,,250,DAILY_BUDGET,ENABLED,USD,157662,128,359.69,3299.46,16,19,12,2657.71,14,385,22,48721,
"Jan 20, 2026","=""414479380999065""",B00429N18S_SD_Defense_CXT-Category-Segmented category brand_vcpm_20251230,,530,DAILY_BUDGET,PAUSED,USD,0,0,0.0,0.0,0,0,0,0.0,0,0,0,0,
"Jan 17, 2026","=""303378536736811""",B00429N18S_SD_Consideration_AUDT-Promoted brand views remarketing_cpc_20251230,,450,DAILY_BUDGET,PAUSED,USD,0,0,0.0,0.0,0,0,0,0.0,0,0,0,0,
"Feb 14, 2026","=""339355478634336""",B00429N18S_SD_Consideration_AUDT-Competitive brands views remarketing_cpc_20251230,,450,DAILY_BUDGET,PAUSED,USD,0,0,0.0,0.0,0,0,0,0.0,0,2,0,0,
"Feb 10, 2026","=""560720574941385""",B00429N18S_SD_Conversion_AUDT-purchase remarketing-promoted products-key promoted products_cpc_20251230,,96,DAILY_BUDGET,PAUSED,USD,0,0,0.0,0.0,0,0,0,0.0,0,0,0,0,
"Feb 06, 2026","=""382929702717487""",B00429N18S_SD_Awareness_AUDT-Complementary category views remarketing_vcpm_20251230,,450,DAILY_BUDGET,PAUSED,USD,0,0,0.0,0.0,0,0,0,0.0,0,1,0,0,
"Jan 24, 2026","=""339355478634336""",B00429N18S_SD_Consideration_AUDT-Competitive brands views remarketing_cpc_20251230,,450,DAILY_BUDGET,PAUSED,USD,0,0,0.0,0.0,0,0,0,0.0,0,0,0,0,
"Jan 30, 2026","=""382929702717487""",B00429N18S_SD_Awareness_AUDT-Complementary category views remarketing_vcpm_20251230,,450,DAILY_BUDGET,PAUSED,USD,252601,207,897.4,1067.33,8,13,5,687.51,7,267,14,174385,
"Jan 20, 2026","=""339355478634336""",B00429N18S_SD_Consideration_AUDT-Competitive brands views remarketing_cpc_20251230,,450,DAILY_BUDGET,PAUSED,USD,0,0,0.0,0.0,0,0,0,0.0,0,0,0,0,
"Jan 19, 2026","=""441244082318393""",B00429N18S_SD_Awareness_CXT-Complementary category_vcpm_20251230,,450,DAILY_BUDGET,PAUSED,USD,0,0,0.0,0.0,0,0,0,0.0,0,0,0,0,
"Jan 06, 2026","=""339355478634336""",B00429N18S_SD_Consideration_AUDT-Competitive brands views remarketing_cpc_20251230,,450,DAILY_BUDGET,PAUSED,USD,74229,84,163.09,0.0,0,0,0,0.0,0,94,1,0,
"Mar 15, 2026","=""263494384088815""",C.SD.Product.UPS.Ecologic.EC850LCD.B00DBAA696,,250,DAILY_BUDGET,ENABLED,USD,135601,147,466.36,3094.12,19,20,14,2063.29,15,371,32,45055,
"Jan 27, 2026","=""303378536736811""",B00429N18S_SD_Consideration_AUDT-Promoted brand views remarketing_cpc_20251230,,450,DAILY_BUDGET,PAUSED,USD,96294,106,913.88,239.95,1,1,1,239.95,1,75,2,0,
"Feb 28, 2026","=""425759037435957""",B00429N18S_SD_Conversion_AUDT-Promoted product views remarketing_cpc_20251230,,450,DAILY_BUDGET,PAUSED,USD,0,0,0.0,0.0,0,0,0,0.0,0,1,0,0,
"Jan 23, 2026","=""425759037435957""",B00429N18S_SD_Conversion_AUDT-Promoted product views remarketing_cpc_20251230,,450,DAILY_BUDGET,PAUSED,USD,0,0,0.0,0.0,0,0,0,0.0,0,1,0,0,
"Mar 25, 2026","=""170474248246250""",C.SD.Product.UPS.IntelligentLCD.CP1500AVRLCD3.B0BCMLLSHL,,250,DAILY_BUDGET,ENABLED,USD,118840,162,277.59,3738.25,13,14,8,1767.05,8,315,21,37486,
"Jan 29, 2026","=""413728361555554""",B00429N18S_SD_Consideration_CXT-Competitive products recommended by Xnurta_cpc_20251230,,75,DAILY_BUDGET,PAUSED,USD,334,0,0.0,0.0,0,0,0,0.0,0,0,0,0,
"Jan 01, 2026","=""401081905525372""",C.Competitor.Consumer.SD.UPS.PFCSineWave.CP1500PFCRM2U.B0B354X985,,250,DAILY_BUDGET,ENABLED,USD,0,0,0.0,0.0,0,0,0,0.0,0,0,0,0,
"Jan 09, 2026","=""520906012389097""",B00429N18S_SD_Consideration_CXT-Similar products_cpc_20251230,,450,DAILY_BUDGET,PAUSED,USD,0,0,0.0,0.0,0,0,0,0.0,0,0,0,0,
"Jan 14, 2026","=""382929702717487""",B00429N18S_SD_Awareness_AUDT-Complementary category views remarketing_vcpm_20251230,,450,DAILY_BUDGET,PAUSED,USD,0,0,0.0,0.0,0,0,0,0.0,0,0,0,0,
"Jan 31, 2026","=""441244082318393""",B00429N18S_SD_Awareness_CXT-Complementary category_vcpm_20251230,,450,DAILY_BUDGET,PAUSED,USD,86782,89,520.76,4379.1,18,18,15,3659.25,15,399,27,29012,
"Feb 14, 2026","=""425759037435957""",B00429N18S_SD_Conversion_AUDT-Promoted product views remarketing_cpc_20251230,,450,DAILY_BUDGET,PAUSED,USD,0,0,0.0,0.0,0,0,0,0.0,0,4,0,0,
"Jan 17, 2026","=""339355478634336""",B00429N18S_SD_Consideration_AUDT-Competitive brands views remarketing_cpc_20251230,,450,DAILY_BUDGET,PAUSED,USD,0,0,0.0,0.0,0,0,0,0.0,0,0,0,0,
"Jan 20, 2026","=""378661668519490""",B00429N18S_SD_Consideration_AUDT-Similar products views remarketing_cpc_20251230,,450,DAILY_BUDGET,PAUSED,USD,0,0,0.0,0.0,0,0,0,0.0,0,0,0,0,
"Jan 21, 2026","=""303378536736811""",B00429N18S_SD_Consideration_AUDT-Promoted brand views remarketing_cpc_20251230,,450,DAILY_BUDGET,PAUSED,USD,118449,150,1013.97,719.85,2,3,2,719.85,3,207,2,0,
"Jan 09, 2026","=""441244082318393""",B00429N18S_SD_Awareness_CXT-Complementary category_vcpm_20251230,,450,DAILY_BUDGET,PAUSED,USD,0,0,0.0,0.0,0,0,0,0.0,0,1,0,0,
"Feb 04, 2026","=""339355478634336""",B00429N18S_SD_Consideration_AUDT-Competitive brands views remarketing_cpc_20251230,,450,DAILY_BUDGET,PAUSED,USD,0,0,0.0,0.0,0,0,0,0.0,0,0,0,0,
"Feb 04, 2026","=""303378536736811""",B00429N18S_SD_Consideration_AUDT-Promoted brand views remarketing_cpc_20251230,,450,DAILY_BUDGET,PAUSED,USD,0,0,0.0,0.0,0,0,0,0.0,0,3,0,0,
"Jan 09, 2026","=""378661668519490""",B00429N18S_SD_Consideration_AUDT-Similar products views remarketing_cpc_20251230,,450,DAILY_BUDGET,PAUSED,USD,0,0,0.0,0.0,0,0,0,0.0,0,0,0,0,
"Feb 03, 2026","=""560720574941385""",B00429N18S_SD_Conversion_AUDT-purchase remarketing-promoted products-key promoted products_cpc_20251230,,96,DAILY_BUDGET,PAUSED,USD,0,0,0.0,0.0,0,0,0,0.0,0,0,0,0,
"Mar 15, 2026","=""170474248246250""",C.SD.Product.UPS.IntelligentLCD.CP1500AVRLCD3.B0BCMLLSHL,,250,DAILY_BUDGET,ENABLED,USD,99302,132,214.83,2259.4,10,12,7,1599.6,8,344,21,29321,
"Jan 08, 2026","=""382929702717487""",B00429N18S_SD_Awareness_AUDT-Complementary category views remarketing_vcpm_20251230,,450,DAILY_BUDGET,PAUSED,USD,0,0,0.0,0.0,0,0,0,0.0,0,0,0,0,
"Mar 19, 2026","=""263494384088815""",C.SD.Product.UPS.Ecologic.EC850LCD.B00DBAA696,,250,DAILY_BUDGET,ENABLED,USD,80410,72,248.81,1682.44,12,12,7,878.65,7,237,22,22883,
"Jan 27, 2026","=""296198269696664""",C.SD.Keyword.UPS.IntelligentLCD.CP1500AVRLCD3.B0BCMLLSHL,,250,DAILY_BUDGET,ENABLED,USD,0,0,0.0,0.0,0,0,0,0.0,0,1,0,0,
"Jan 15, 2026","=""560720574941385""",B00429N18S_SD_Conversion_AUDT-purchase remarketing-promoted products-key promoted products_cpc_20251230,,96,DAILY_BUDGET,PAUSED,USD,0,0,0.0,0.0,0,0,0,0.0,0,2,0,0,
"Jan 10, 2026","=""414479380999065""",B00429N18S_SD_Defense_CXT-Category-Segmented category brand_vcpm_20251230,,530,DAILY_BUDGET,PAUSED,USD,0,0,0.0,0.0,0,0,0,0.0,0,0,0,0,
"Feb 25, 2026","=""263494384088815""",C.SD.Product.UPS.Ecologic.EC850LCD.B00DBAA696,,250,DAILY_BUDGET,ENABLED,USD,176354,133,412.49,1898.98,13,17,8,994.39,8,371,23,55852,
"Mar 11, 2026","=""296198269696664""",C.SD.Keyword.UPS.IntelligentLCD.CP1500AVRLCD3.B0BCMLLSHL,,250,DAILY_BUDGET,ENABLED,USD,0,0,0.0,0.0,0,0,0,0.0,0,1,0,0,
"Jan 19, 2026","=""382929702717487""",B00429N18S_SD_Awareness_AUDT-Complementary category views remarketing_vcpm_20251230,,450,DAILY_BUDGET,PAUSED,USD,0,0,0.0,0.0,0,0,0,0.0,0,0,0,0,
"Feb 09, 2026","=""382929702717487""",B00429N18S_SD_Awareness_AUDT-Complementary category views remarketing_vcpm_20251230,,450,DAILY_BUDGET,PAUSED,USD,0,0,0.0,0.0,0,0,0,0.0,0,0,0,0,
"Jan 29, 2026","=""288879984637562""",B00429N18S_SD_Consideration_CXT-Strong competitive ASIN_cpc_20251230,,75,DAILY_BUDGET,PAUSED,USD,12,0,0.0,0.0,0,0,0,0.0,0,0,0,0,
"Feb 04, 2026","=""414479380999065""",B00429N18S_SD_Defense_CXT-Category-Segmented category brand_vcpm_20251230,,530,DAILY_BUDGET,PAUSED,USD,0,0,0.0,0.0,0,0,0,0.0,0,0,0,0,
"Jan 29, 2026","=""441244082318393""",B00429N18S_SD_Awareness_CXT-Complementary category_vcpm_20251230,,450,DAILY_BUDGET,PAUSED,USD,84367,76,443.22,3010.4,12,12,11,2770.45,11,263,25,27215,
"Jan 09, 2026","=""560720574941385""",B00429N18S_SD_Conversion_AUDT-purchase remarketing-promoted products-key promoted products_cpc_20251230,,96,DAILY_BUDGET,PAUSED,USD,0,0,0.0,0.0,0,0,0,0.0,0,0,0,0,
"Mar 22, 2026","=""263494384088815""",C.SD.Product.UPS.Ecologic.EC850LCD.B00DBAA696,,250,DAILY_BUDGET,ENABLED,USD,166992,205,498.26,2865.59,22,23,19,2485.74,20,608,38,49801,
"Feb 11, 2026","=""339355478634336""",B00429N18S_SD_Consideration_AUDT-Competitive brands views remarketing_cpc_20251230,,450,DAILY_BUDGET,PAUSED,USD,0,0,0.0,0.0,0,0,0,0.0,0,0,0,0,
"Feb 06, 2026","=""520906012389097""",B00429N18S_SD_Consideration_CXT-Similar products_cpc_20251230,,450,DAILY_BUDGET,PAUSED,USD,0,0,0.0,0.0,0,0,0,0.0,0,1,0,0,
"Jan 21, 2026","=""560720574941385""",B00429N18S_SD_Conversion_AUDT-purchase remarketing-promoted products-key promoted products_cpc_20251230,,96,DAILY_BUDGET,PAUSED,USD,3784,7,27.23,0.0,0,0,0,0.0,0,33,0,0,
"Mar 18, 2026","=""401081905525372""",C.Competitor.Consumer.SD.UPS.PFCSineWave.CP1500PFCRM2U.B0B354X985,,250,DAILY_BUDGET,ENABLED,USD,0,0,0.0,0.0,0,0,0,0.0,0,1,0,0,
"Feb 04, 2026","=""378661668519490""",B00429N18S_SD_Consideration_AUDT-Similar products views remarketing_cpc_20251230,,450,DAILY_BUDGET,PAUSED,USD,0,0,0.0,0.0,0,0,0,0.0,0,1,0,0,
"Feb 27, 2026","=""263494384088815""",C.SD.Product.UPS.Ecologic.EC850LCD.B00DBAA696,,250,DAILY_BUDGET,ENABLED,USD,166712,162,418.52,2086.03,13,13,11,1886.13,11,360,20,49752,
"Jan 25, 2026","=""339355478634336""",B00429N18S_SD_Consideration_AUDT-Competitive brands views remarketing_cpc_20251230,,450,DAILY_BUDGET,PAUSED,USD,0,0,0.0,0.0,0,0,0,0.0,0,0,0,0,
"Jan 21, 2026","=""318904892472489""",B00429N18S_SD_Consideration_CXT-Category-Competitive brands_cpc_20251230,,450,DAILY_BUDGET,PAUSED,USD,6360,7,13.2,239.95,1,1,1,239.95,1,12,1,0,
"Jan 27, 2026","=""462435011616528""",B00429N18S_SD_Consideration_AUDT-Promoted category views remarketing_cpc_20251230,,450,DAILY_BUDGET,PAUSED,USD,310282,289,916.97,329.95,1,1,0,0.0,0,226,5,0,
"Jan 02, 2026","=""287421757846510""",C.Keyword.Consumer.SD.UPS.PFCSineWave.CP1500PFCRM2U.B0B354X985,,250,DAILY_BUDGET,ENABLED,USD,0,0,0.0,0.0,0,0,0,0.0,0,0,0,0,
"Mar 04, 2026","=""296198269696664""",C.SD.Keyword.UPS.IntelligentLCD.CP1500AVRLCD3.B0BCMLLSHL,,250,DAILY_BUDGET,ENABLED,USD,0,0,0.0,0.0,0,0,0,0.0,0,2,0,0,
"Feb 08, 2026","=""263494384088815""",C.SD.Product.UPS.Ecologic.EC850LCD.B00DBAA696,,250,DAILY_BUDGET,ENABLED,USD,90944,81,499.73,1547.79,5,5,3,436.89,3,192,15,28881,
"Feb 16, 2026","=""170474248246250""",C.SD.Product.UPS.IntelligentLCD.CP1500AVRLCD3.B0BCMLLSHL,,250,DAILY_BUDGET,ENABLED,USD,43714,70,106.9,379.9,2,2,2,379.9,2,124,2,18404,
"Mar 02, 2026","=""296198269696664""",C.SD.Keyword.UPS.IntelligentLCD.CP1500AVRLCD3.B0BCMLLSHL,,250,DAILY_BUDGET,ENABLED,USD,0,0,0.0,0.0,0,0,0,0.0,0,2,0,0,
"Jan 22, 2026","=""462435011616528""",B00429N18S_SD_Consideration_AUDT-Promoted category views remarketing_cpc_20251230,,450,DAILY_BUDGET,PAUSED,USD,84928,82,1079.74,0.0,0,0,0,0.0,0,51,0,0,
"Mar 22, 2026","=""170474248246250""",C.SD.Product.UPS.IntelligentLCD.CP1500AVRLCD3.B0BCMLLSHL,,250,DAILY_BUDGET,ENABLED,USD,168481,259,377.09,3092.25,14,15,11,2414.45,11,515,30,52786,
"Jan 07, 2026","=""170474248246250""",C.SD.Product.UPS.IntelligentLCD.CP1500AVRLCD3.B0BCMLLSHL,,250,DAILY_BUDGET,ENABLED,USD,0,0,0.0,0.0,0,0,0,0.0,0,0,0,0,
"Jan 05, 2026","=""170474248246250""",C.SD.Product.UPS.IntelligentLCD.CP1500AVRLCD3.B0BCMLLSHL,,250,DAILY_BUDGET,ENABLED,USD,0,0,0.0,0.0,0,0,0,0.0,0,0,0,0,
"Feb 02, 2026","=""414479380999065""",B00429N18S_SD_Defense_CXT-Category-Segmented category brand_vcpm_20251230,,530,DAILY_BUDGET,PAUSED,USD,9680,6,52.55,336.34,4,4,3,136.39,3,93,7,2775,
"Jan 16, 2026","=""441244082318393""",B00429N18S_SD_Awareness_CXT-Complementary category_vcpm_20251230,,450,DAILY_BUDGET,PAUSED,USD,128514,92,502.46,2245.33,14,15,12,1945.43,13,271,29,42822,
"Mar 25, 2026","=""263494384088815""",C.SD.Product.UPS.Ecologic.EC850LCD.B00DBAA696,,250,DAILY_BUDGET,ENABLED,USD,106633,122,324.7,2333.24,11,16,5,861.75,5,271,9,33928,
"Jan 30, 2026","=""318904892472489""",B00429N18S_SD_Consideration_CXT-Category-Competitive brands_cpc_20251230,,450,DAILY_BUDGET,PAUSED,USD,4492,5,54.72,239.95,1,1,1,239.95,1,7,2,0,
"Jan 10, 2026","=""560720574941385""",B00429N18S_SD_Conversion_AUDT-purchase remarketing-promoted products-key promoted products_cpc_20251230,,96,DAILY_BUDGET,PAUSED,USD,0,0,0.0,0.0,0,0,0,0.0,0,0,0,0,
"Feb 19, 2026","=""170474248246250""",C.SD.Product.UPS.IntelligentLCD.CP1500AVRLCD3.B0BCMLLSHL,,250,DAILY_BUDGET,ENABLED,USD,23273,23,73.24,164.95,1,1,0,0.0,0,38,1,11011,
"Feb 07, 2026","=""425759037435957""",B00429N18S_SD_Conversion_AUDT-Promoted product views remarketing_cpc_20251230,,450,DAILY_BUDGET,PAUSED,USD,0,0,0.0,0.0,0,0,0,0.0,0,4,0,0,
"Jan 10, 2026","=""124438051163565""",C.SD.Product.UPS.PFCSinewave.CP1500PFCLCD.B00429N19W,,450,DAILY_BUDGET,ENABLED,USD,0,0,0.0,0.0,0,0,0,0.0,0,0,0,0,
"Feb 14, 2026","=""303378536736811""",B00429N18S_SD_Consideration_AUDT-Promoted brand views remarketing_cpc_20251230,,450,DAILY_BUDGET,PAUSED,USD,0,0,0.0,0.0,0,0,0,0.0,0,0,0,0,
"Mar 22, 2026","=""296198269696664""",C.SD.Keyword.UPS.IntelligentLCD.CP1500AVRLCD3.B0BCMLLSHL,,250,DAILY_BUDGET,ENABLED,USD,0,0,0.0,0.0,0,0,0,0.0,0,1,0,0,
"Mar 08, 2026","=""296198269696664""",C.SD.Keyword.UPS.IntelligentLCD.CP1500AVRLCD3.B0BCMLLSHL,,250,DAILY_BUDGET,ENABLED,USD,0,0,0.0,0.0,0,0,0,0.0,0,1,0,0,
"Mar 15, 2026","=""378661668519490""",B00429N18S_SD_Consideration_AUDT-Similar products views remarketing_cpc_20251230,,450,DAILY_BUDGET,PAUSED,USD,0,0,0.0,0.0,0,0,0,0.0,0,1,0,0,
"Feb 06, 2026","=""378661668519490""",B00429N18S_SD_Consideration_AUDT-Similar products views remarketing_cpc_20251230,,450,DAILY_BUDGET,PAUSED,USD,0,0,0.0,0.0,0,0,0,0.0,0,0,0,0,
"Feb 08, 2026","=""339355478634336""",B00429N18S_SD_Consideration_AUDT-Competitive brands views remarketing_cpc_20251230,,450,DAILY_BUDGET,PAUSED,USD,0,0,0.0,0.0,0,0,0,0.0,0,2,0,0,
"Jan 08, 2026","=""520906012389097""",B00429N18S_SD_Consideration_CXT-Similar products_cpc_20251230,,450,DAILY_BUDGET,PAUSED,USD,0,0,0.0,0.0,0,0,0,0.0,0,0,0,0,
"Feb 19, 2026","=""296198269696664""",C.SD.Keyword.UPS.IntelligentLCD.CP1500AVRLCD3.B0BCMLLSHL,,250,DAILY_BUDGET,ENABLED,USD,0,0,0.0,0.0,0,0,0,0.0,0,2,0,0,
"Feb 08, 2026","=""414479380999065""",B00429N18S_SD_Defense_CXT-Category-Segmented category brand_vcpm_20251230,,530,DAILY_BUDGET,PAUSED,USD,0,0,0.0,0.0,0,0,0,0.0,0,0,0,0,
"Jan 23, 2026","=""303378536736811""",B00429N18S_SD_Consideration_AUDT-Promoted brand views remarketing_cpc_20251230,,450,DAILY_BUDGET,PAUSED,USD,0,0,0.0,0.0,0,0,0,0.0,0,1,0,0,
"Mar 07, 2026","=""170474248246250""",C.SD.Product.UPS.IntelligentLCD.CP1500AVRLCD3.B0BCMLLSHL,,250,DAILY_BUDGET,ENABLED,USD,112783,98,249.0,1836.27,8,8,6,1091.37,6,188,10,35440,
"Feb 03, 2026","=""263494384088815""",C.SD.Product.UPS.Ecologic.EC850LCD.B00DBAA696,,250,DAILY_BUDGET,ENABLED,USD,0,0,0.0,0.0,0,0,0,0.0,0,1,0,0,
"Jan 23, 2026","=""414479380999065""",B00429N18S_SD_Defense_CXT-Category-Segmented category brand_vcpm_20251230,,530,DAILY_BUDGET,PAUSED,USD,0,0,0.0,0.0,0,0,0,0.0,0,0,0,0,
"Jan 27, 2026","=""339355478634336""",B00429N18S_SD_Consideration_AUDT-Competitive brands views remarketing_cpc_20251230,,450,DAILY_BUDGET,PAUSED,USD,205814,198,467.23,0.0,0,0,0,0.0,0,144,2,0,
"Jan 28, 2026","=""520906012389097""",B00429N18S_SD_Consideration_CXT-Similar products_cpc_20251230,,450,DAILY_BUDGET,PAUSED,USD,146149,134,931.09,239.95,1,1,0,0.0,0,148,3,0,
"Jan 25, 2026","=""425759037435957""",B00429N18S_SD_Conversion_AUDT-Promoted product views remarketing_cpc_20251230,,450,DAILY_BUDGET,PAUSED,USD,0,0,0.0,0.0,0,0,0,0.0,0,1,0,0,
"Mar 05, 2026","=""339355478634336""",B00429N18S_SD_Consideration_AUDT-Competitive brands views remarketing_cpc_20251230,,450,DAILY_BUDGET,PAUSED,USD,0,0,0.0,0.0,0,0,0,0.0,0,1,0,0,
"Feb 14, 2026","=""263494384088815""",C.SD.Product.UPS.Ecologic.EC850LCD.B00DBAA696,,250,DAILY_BUDGET,ENABLED,USD,36753,42,152.33,323.7,4,4,2,83.8,2,113,5,17061,
"Jan 15, 2026","=""170474248246250""",C.SD.Product.UPS.IntelligentLCD.CP1500AVRLCD3.B0BCMLLSHL,,250,DAILY_BUDGET,ENABLED,USD,0,0,0.0,0.0,0,0,0,0.0,0,1,0,0,
"Feb 13, 2026","=""560720574941385""",B00429N18S_SD_Conversion_AUDT-purchase remarketing-promoted products-key promoted products_cpc_20251230,,96,DAILY_BUDGET,PAUSED,USD,0,0,0.0,0.0,0,0,0,0.0,0,0,0,0,
"Mar 01, 2026","=""296198269696664""",C.SD.Keyword.UPS.IntelligentLCD.CP1500AVRLCD3.B0BCMLLSHL,,250,DAILY_BUDGET,ENABLED,USD,0,0,0.0,0.0,0,0,0,0.0,0,2,0,0,
"Jan 18, 2026","=""520906012389097""",B00429N18S_SD_Consideration_CXT-Similar products_cpc_20251230,,450,DAILY_BUDGET,PAUSED,USD,0,0,0.0,0.0,0,0,0,0.0,0,2,0,0,
"Jan 23, 2026","=""382929702717487""",B00429N18S_SD_Awareness_AUDT-Complementary category views remarketing_vcpm_20251230,,450,DAILY_BUDGET,PAUSED,USD,0,0,0.0,0.0,0,0,0,0.0,0,1,0,0,
"Jan 18, 2026","=""378661668519490""",B00429N18S_SD_Consideration_AUDT-Similar products views remarketing_cpc_20251230,,450,DAILY_BUDGET,PAUSED,USD,0,0,0.0,0.0,0,0,0,0.0,0,0,0,0,
"Jan 23, 2026","=""462435011616528""",B00429N18S_SD_Consideration_AUDT-Promoted category views remarketing_cpc_20251230,,450,DAILY_BUDGET,PAUSED,USD,0,0,0.0,0.0,0,0,0,0.0,0,1,0,0,
"Feb 20, 2026","=""462435011616528""",B00429N18S_SD_Consideration_AUDT-Promoted category views remarketing_cpc_20251230,,450,DAILY_BUDGET,PAUSED,USD,0,0,0.0,0.0,0,0,0,0.0,0,1,0,0,
"Feb 05, 2026","=""339355478634336""",B00429N18S_SD_Consideration_AUDT-Competitive brands views remarketing_cpc_20251230,,450,DAILY_BUDGET,PAUSED,USD,0,0,0.0,0.0,0,0,0,0.0,0,4,0,0,
"Feb 15, 2026","=""378661668519490""",B00429N18S_SD_Consideration_AUDT-Similar products views remarketing_cpc_20251230,,450,DAILY_BUDGET,PAUSED,USD,0,0,0.0,0.0,0,0,0,0.0,0,0,0,0,
"Jan 06, 2026","=""296198269696664""",C.SD.Keyword.UPS.IntelligentLCD.CP1500AVRLCD3.B0BCMLLSHL,,250,DAILY_BUDGET,ENABLED,USD,0,0,0.0,0.0,0,0,0,0.0,0,0,0,0,
"Feb 10, 2026","=""425759037435957""",B00429N18S_SD_Conversion_AUDT-Promoted product views remarketing_cpc_20251230,,450,DAILY_BUDGET,PAUSED,USD,0,0,0.0,0.0,0,0,0,0.0,0,0,0,0,
"Jan 06, 2026","=""318904892472489""",B00429N18S_SD_Consideration_CXT-Category-Competitive brands_cpc_20251230,,450,DAILY_BUDGET,PAUSED,USD,6113,13,48.9,0.0,0,0,0,0.0,0,17,1,0,
"Feb 01, 2026","=""318904892472489""",B00429N18S_SD_Consideration_CXT-Category-Competitive brands_cpc_20251230,,450,DAILY_BUDGET,PAUSED,USD,4156,13,75.73,391.9,1,2,1,391.9,2,25,2,0,
"Jan 08, 2026","=""425759037435957""",B00429N18S_SD_Conversion_AUDT-Promoted product views remarketing_cpc_20251230,,450,DAILY_BUDGET,PAUSED,USD,0,0,0.0,0.0,0,0,0,0.0,0,0,0,0,
"Jan 24, 2026","=""296198269696664""",C.SD.Keyword.UPS.IntelligentLCD.CP1500AVRLCD3.B0BCMLLSHL,,250,DAILY_BUDGET,ENABLED,USD,0,0,0.0,0.0,0,0,0,0.0,0,1,0,0,
"Feb 04, 2026","=""382929702717487""",B00429N18S_SD_Awareness_AUDT-Complementary category views remarketing_vcpm_20251230,,450,DAILY_BUDGET,PAUSED,USD,0,0,0.0,0.0,0,0,0,0.0,0,0,0,0,
"Jan 08, 2026","=""38365855708871""",C.SD.Product.UPS.SmartAppLCD.B000XJLLKG.OR700LCDRM1U,,250,DAILY_BUDGET,ENABLED,USD,0,0,0.0,0.0,0,0,0,0.0,0,0,0,0,
"Mar 02, 2026","=""170474248246250""",C.SD.Product.UPS.IntelligentLCD.CP1500AVRLCD3.B0BCMLLSHL,,250,DAILY_BUDGET,ENABLED,USD,150002,134,286.35,2335.73,7,10,4,516.03,4,275,9,44116,
"Jan 31, 2026","=""288879984637562""",B00429N18S_SD_Consideration_CXT-Strong competitive ASIN_cpc_20251230,,75,DAILY_BUDGET,PAUSED,USD,9,0,0.0,0.0,0,0,0,0.0,0,0,0,0,
"Jan 01, 2026","=""287421757846510""",C.Keyword.Consumer.SD.UPS.PFCSineWave.CP1500PFCRM2U.B0B354X985,,250,DAILY_BUDGET,ENABLED,USD,0,0,0.0,0.0,0,0,0,0.0,0,0,0,0,
"Jan 21, 2026","=""462435011616528""",B00429N18S_SD_Consideration_AUDT-Promoted category views remarketing_cpc_20251230,,450,DAILY_BUDGET,PAUSED,USD,159872,209,1025.74,0.0,0,0,0,0.0,0,168,3,0,
"Jan 07, 2026","=""520906012389097""",B00429N18S_SD_Consideration_CXT-Similar products_cpc_20251230,,450,DAILY_BUDGET,PAUSED,USD,14774,23,71.97,199.95,1,1,1,199.95,1,37,2,0,
"Feb 17, 2026","=""263494384088815""",C.SD.Product.UPS.Ecologic.EC850LCD.B00DBAA696,,250,DAILY_BUDGET,ENABLED,USD,58369,59,218.18,1676.65,7,7,4,845.8,4,120,9,23892,
"Jan 02, 2026","=""382929702717487""",B00429N18S_SD_Awareness_AUDT-Complementary category views remarketing_vcpm_20251230,,450,DAILY_BUDGET,PAUSED,USD,0,0,0.0,0.0,0,0,0,0.0,0,1,0,0,
"Jan 14, 2026","=""441244082318393""",B00429N18S_SD_Awareness_CXT-Complementary category_vcpm_20251230,,450,DAILY_BUDGET,PAUSED,USD,0,0,0.0,0.0,0,0,0,0.0,0,0,0,0,
"Feb 06, 2026","=""263494384088815""",C.SD.Product.UPS.Ecologic.EC850LCD.B00DBAA696,,250,DAILY_BUDGET,ENABLED,USD,70370,59,312.12,859.7,5,6,4,449.75,5,125,5,21667,
"Jan 08, 2026","=""560720574941385""",B00429N18S_SD_Conversion_AUDT-purchase remarketing-promoted products-key promoted products_cpc_20251230,,96,DAILY_BUDGET,PAUSED,USD,0,0,0.0,0.0,0,0,0,0.0,0,0,0,0,
"Mar 25, 2026","=""296198269696664""",C.SD.Keyword.UPS.IntelligentLCD.CP1500AVRLCD3.B0BCMLLSHL,,250,DAILY_BUDGET,ENABLED,USD,0,0,0.0,0.0,0,0,0,0.0,0,1,0,0,
"Jan 25, 2026","=""462435011616528""",B00429N18S_SD_Consideration_AUDT-Promoted category views remarketing_cpc_20251230,,450,DAILY_BUDGET,PAUSED,USD,0,0,0.0,0.0,0,0,0,0.0,0,0,0,0,
"Mar 11, 2026","=""425759037435957""",B00429N18S_SD_Conversion_AUDT-Promoted product views remarketing_cpc_20251230,,450,DAILY_BUDGET,PAUSED,USD,0,0,0.0,0.0,0,0,0,0.0,0,1,0,0,
"Jan 05, 2026","=""296198269696664""",C.SD.Keyword.UPS.IntelligentLCD.CP1500AVRLCD3.B0BCMLLSHL,,250,DAILY_BUDGET,ENABLED,USD,0,0,0.0,0.0,0,0,0,0.0,0,0,0,0,
"Feb 11, 2026","=""560720574941385""",B00429N18S_SD_Conversion_AUDT-purchase remarketing-promoted products-key promoted products_cpc_20251230,,96,DAILY_BUDGET,PAUSED,USD,0,0,0.0,0.0,0,0,0,0.0,0,1,0,0,
"Jan 10, 2026","=""520906012389097""",B00429N18S_SD_Consideration_CXT-Similar products_cpc_20251230,,450,DAILY_BUDGET,PAUSED,USD,0,0,0.0,0.0,0,0,0,0.0,0,0,0,0,
"Jan 22, 2026","=""425759037435957""",B00429N18S_SD_Conversion_AUDT-Promoted product views remarketing_cpc_20251230,,450,DAILY_BUDGET,PAUSED,USD,24685,34,132.97,0.0,0,0,0,0.0,0,51,0,0,
"Jan 09, 2026","=""425759037435957""",B00429N18S_SD_Conversion_AUDT-Promoted product views remarketing_cpc_20251230,,450,DAILY_BUDGET,PAUSED,USD,0,0,0.0,0.0,0,0,0,0.0,0,1,0,0,
"Feb 07, 2026","=""303378536736811""",B00429N18S_SD_Consideration_AUDT-Promoted brand views remarketing_cpc_20251230,,450,DAILY_BUDGET,PAUSED,USD,0,0,0.0,0.0,0,0,0,0.0,0,1,0,0,
"Jan 14, 2026","=""560720574941385""",B00429N18S_SD_Conversion_AUDT-purchase remarketing-promoted products-key promoted products_cpc_20251230,,96,DAILY_BUDGET,PAUSED,USD,0,0,0.0,0.0,0,0,0,0.0,0,0,0,0,
"Feb 05, 2026","=""560720574941385""",B00429N18S_SD_Conversion_AUDT-purchase remarketing-promoted products-key promoted products_cpc_20251230,,96,DAILY_BUDGET,PAUSED,USD,0,0,0.0,0.0,0,0,0,0.0,0,0,0,0,
"Jan 15, 2026","=""124438051163565""",C.SD.Product.UPS.PFCSinewave.CP1500PFCLCD.B00429N19W,,450,DAILY_BUDGET,ENABLED,USD,0,0,0.0,0.0,0,0,0,0.0,0,0,0,0,
"Jan 09, 2026","=""414479380999065""",B00429N18S_SD_Defense_CXT-Category-Segmented category brand_vcpm_20251230,,530,DAILY_BUDGET,PAUSED,USD,0,0,0.0,0.0,0,0,0,0.0,0,0,0,0,
"Jan 04, 2026","=""287421757846510""",C.Keyword.Consumer.SD.UPS.PFCSineWave.CP1500PFCRM2U.B0B354X985,,250,DAILY_BUDGET,ENABLED,USD,0,0,0.0,0.0,0,0,0,0.0,0,0,0,0,
"Jan 30, 2026","=""414479380999065""",B00429N18S_SD_Defense_CXT-Category-Segmented category brand_vcpm_20251230,,530,DAILY_BUDGET,PAUSED,USD,23357,28,108.66,2428.57,11,14,8,1808.77,10,146,10,6980,
"Feb 26, 2026","=""170474248246250""",C.SD.Product.UPS.IntelligentLCD.CP1500AVRLCD3.B0BCMLLSHL,,250,DAILY_BUDGET,ENABLED,USD,113918,167,233.37,2289.16,17,19,12,1601.42,14,358,27,35454,
"Feb 14, 2026","=""124438051163565""",C.SD.Product.UPS.PFCSinewave.CP1500PFCLCD.B00429N19W,,450,DAILY_BUDGET,ENABLED,USD,0,0,0.0,0.0,0,0,0,0.0,0,1,0,0,
"Feb 03, 2026","=""520906012389097""",B00429N18S_SD_Consideration_CXT-Similar products_cpc_20251230,,450,DAILY_BUDGET,PAUSED,USD,0,0,0.0,0.0,0,0,0,0.0,0,3,0,0,
"Jan 22, 2026","=""560720574941385""",B00429N18S_SD_Conversion_AUDT-purchase remarketing-promoted products-key promoted products_cpc_20251230,,96,DAILY_BUDGET,PAUSED,USD,3343,2,1.35,0.0,0,0,0,0.0,0,2,0,0,
"Jan 09, 2026","=""382929702717487""",B00429N18S_SD_Awareness_AUDT-Complementary category views remarketing_vcpm_20251230,,450,DAILY_BUDGET,PAUSED,USD,0,0,0.0,0.0,0,0,0,0.0,0,0,0,0,
"Jan 06, 2026","=""520906012389097""",B00429N18S_SD_Consideration_CXT-Similar products_cpc_20251230,,450,DAILY_BUDGET,PAUSED,USD,44513,54,156.59,212.5,1,1,1,212.5,1,65,3,0,
"Jan 17, 2026","=""124438051163565""",C.SD.Product.UPS.PFCSinewave.CP1500PFCLCD.B00429N19W,,450,DAILY_BUDGET,ENABLED,USD,0,0,0.0,0.0,0,0,0,0.0,0,0,0,0,
"Feb 11, 2026","=""303378536736811""",B00429N18S_SD_Consideration_AUDT-Promoted brand views remarketing_cpc_20251230,,450,DAILY_BUDGET,PAUSED,USD,0,0,0.0,0.0,0,0,0,0.0,0,0,0,0,
"Jan 30, 2026","=""413728361555554""",B00429N18S_SD_Consideration_CXT-Competitive products recommended by Xnurta_cpc_20251230,,75,DAILY_BUDGET,PAUSED,USD,485,3,11.11,0.0,0,0,0,0.0,0,4,0,0,
"Feb 02, 2026","=""382929702717487""",B00429N18S_SD_Awareness_AUDT-Complementary category views remarketing_vcpm_20251230,,450,DAILY_BUDGET,PAUSED,USD,111537,98,446.27,1895.13,12,19,2,299.9,2,134,14,64927,
"Jan 10, 2026","=""425759037435957""",B00429N18S_SD_Conversion_AUDT-Promoted product views remarketing_cpc_20251230,,450,DAILY_BUDGET,PAUSED,USD,0,0,0.0,0.0,0,0,0,0.0,0,0,0,0,
"Mar 08, 2026","=""414479380999065""",B00429N18S_SD_Defense_CXT-Category-Segmented category brand_vcpm_20251230,,530,DAILY_BUDGET,PAUSED,USD,0,0,0.0,0.0,0,0,0,0.0,0,1,0,0,
